[{"committee":"Республика Адыгея (Адыгея)","vibid":"100100163596970","voters":327821,"total":269620,"voted":269473,"spoiled":2134,"yays":227915,"nays":39424},{"committee":"Республика Алтай","vibid":"100100163596971","voters":162415,"total":83571,"voted":83566,"spoiled":842,"yays":55291,"nays":27433},{"committee":"Республика Башкортостан","vibid":"100100163598012","voters":3042183,"total":2763098,"voted":2761274,"spoiled":19888,"yays":2448685,"nays":292701},{"committee":"Республика Бурятия","vibid":"100100163598013","voters":709411,"total":458277,"voted":457582,"spoiled":7169,"yays":329208,"nays":121205},{"committee":"Республика Дагестан","vibid":"100100163598014","voters":1171537,"total":1056683,"voted":1055239,"spoiled":6378,"yays":952605,"nays":96256},{"committee":"Республика Ингушетия","vibid":"100100163598015","voters":228553,"total":174852,"voted":174852,"spoiled":2888,"yays":153392,"nays":18572},{"committee":"Кабардино-Балкарская Республика","vibid":"100100163598016","voters":494436,"total":393622,"voted":387592,"spoiled":6834,"yays":347258,"nays":33500},{"committee":"Республика Калмыкия","vibid":"100100163598017","voters":200606,"total":147780,"voted":147777,"spoiled":1526,"yays":124265,"nays":21986},{"committee":"Карачаево-Черкесская Республика","vibid":"100100163598018","voters":226406,"total":191444,"voted":191434,"spoiled":400,"yays":163585,"nays":27449},{"committee":"Республика Карелия","vibid":"100100163598019","voters":515165,"total":237317,"voted":237225,"spoiled":2281,"yays":167230,"nays":67714},{"committee":"Республика Коми","vibid":"100100163598020","voters":654315,"total":339615,"voted":339295,"spoiled":3331,"yays":220804,"nays":115160},{"committee":"Республика Крым","vibid":"100100163598093","voters":1361606,"total":1110267,"voted":1109682,"spoiled":9370,"yays":997952,"nays":102360},{"committee":"Республика Марий Эл","vibid":"100100163598021","voters":522324,"total":321144,"voted":321105,"spoiled":2584,"yays":243219,"nays":75302},{"committee":"Республика Мордовия","vibid":"100100163598022","voters":537078,"total":428804,"voted":427264,"spoiled":2168,"yays":367990,"nays":57106},{"committee":"Республика Саха (Якутия)","vibid":"100100163598023","voters":631206,"total":350707,"voted":350427,"spoiled":3528,"yays":204435,"nays":142464},{"committee":"Республика Северная Осетия - Алания","vibid":"100100163598024","voters":436239,"total":361537,"voted":360811,"spoiled":1053,"yays":292499,"nays":67259},{"committee":"Республика Татарстан (Татарстан)","vibid":"100100163598025","voters":2708696,"total":2180623,"voted":2179684,"spoiled":11985,"yays":1811110,"nays":356589},{"committee":"Республика Тыва","vibid":"100100163598026","voters":195623,"total":181536,"voted":181532,"spoiled":408,"yays":175698,"nays":5426},{"committee":"Удмуртская Республика","vibid":"100100163598027","voters":1176406,"total":661721,"voted":661521,"spoiled":6492,"yays":455908,"nays":199121},{"committee":"Республика Хакасия","vibid":"100100163598028","voters":395321,"total":203523,"voted":203364,"spoiled":2225,"yays":141381,"nays":59758},{"committee":"Чеченская Республика","vibid":"100100163598029","voters":589655,"total":560689,"voted":559980,"spoiled":794,"yays":545911,"nays":13275},{"committee":"Чувашская Республика - Чувашия","vibid":"100100163598030","voters":902043,"total":580960,"voted":580782,"spoiled":6864,"yays":422284,"nays":151634},{"committee":"Алтайский край","vibid":"100100163598031","voters":1814478,"total":897951,"voted":897797,"spoiled":11062,"yays":645603,"nays":241132},{"committee":"Забайкальский край","vibid":"100100163598092","voters":784130,"total":471093,"voted":470739,"spoiled":4059,"yays":352670,"nays":114010},{"committee":"Камчатский край","vibid":"100100163598091","voters":240670,"total":106091,"voted":106035,"spoiled":1144,"yays":65485,"nays":39406},{"committee":"Краснодарский край","vibid":"100100163598032","voters":3676392,"total":3179597,"voted":3176631,"spoiled":15712,"yays":2838702,"nays":322217},{"committee":"Красноярский край","vibid":"100100163598033","voters":2054219,"total":1212367,"voted":1210610,"spoiled":11285,"yays":848638,"nays":350687},{"committee":"Пермский край","vibid":"100100163598090","voters":1904445,"total":993978,"voted":991627,"spoiled":9932,"yays":702226,"nays":279469},{"committee":"Приморский край","vibid":"100100163598034","voters":1464166,"total":917209,"voted":916922,"spoiled":8204,"yays":723089,"nays":185629},{"committee":"Ставропольский край","vibid":"100100163598035","voters":1594127,"total":1297320,"voted":1295929,"spoiled":15301,"yays":1104343,"nays":176285},{"committee":"Хабаровский край","vibid":"100100163598036","voters":985430,"total":435944,"voted":435804,"spoiled":4721,"yays":271421,"nays":159662},{"committee":"Амурская область","vibid":"100100163598037","voters":621327,"total":367667,"voted":367150,"spoiled":4876,"yays":258548,"nays":103726},{"committee":"Архангельская область","vibid":"100100163598038","voters":884712,"total":448177,"voted":447986,"spoiled":3787,"yays":294925,"nays":149274},{"committee":"Астраханская область","vibid":"100100163598039","voters":728680,"total":534916,"voted":534846,"spoiled":2893,"yays":463866,"nays":68087},{"committee":"Белгородская область","vibid":"100100163598040","voters":1221698,"total":974515,"voted":973585,"spoiled":7928,"yays":796147,"nays":169510},{"committee":"Брянская область","vibid":"100100163598041","voters":926779,"total":826458,"voted":825781,"spoiled":9354,"yays":712506,"nays":103921},{"committee":"Владимирская область","vibid":"100100163598042","voters":1074766,"total":566215,"voted":566098,"spoiled":5778,"yays":401030,"nays":159290},{"committee":"Волгоградская область","vibid":"100100163598043","voters":1790362,"total":1437420,"voted":1437136,"spoiled":10909,"yays":1197808,"nays":228419},{"committee":"Вологодская область","vibid":"100100163598044","voters":846860,"total":506792,"voted":505833,"spoiled":4264,"yays":361897,"nays":139672},{"committee":"Воронежская область","vibid":"100100163598045","voters":1718067,"total":1251680,"voted":1251193,"spoiled":9272,"yays":1008014,"nays":233907},{"committee":"Ивановская область","vibid":"100100163598046","voters":794065,"total":510090,"voted":509979,"spoiled":3848,"yays":388886,"nays":117245},{"committee":"Иркутская область","vibid":"100100163598047","voters":1866073,"total":824573,"voted":824115,"spoiled":7214,"yays":529770,"nays":287131},{"committee":"Калининградская область","vibid":"100100163598048","voters":658777,"total":382846,"voted":380809,"spoiled":3222,"yays":274875,"nays":102712},{"committee":"Калужская область","vibid":"100100163598049","voters":747177,"total":460210,"voted":458295,"spoiled":3859,"yays":322182,"nays":132254},{"committee":"Кемеровская область - Кузбасс","vibid":"100100163598050","voters":1973566,"total":1745741,"voted":1743734,"spoiled":11841,"yays":1522151,"nays":209742},{"committee":"Кировская область","vibid":"100100163598051","voters":954370,"total":540899,"voted":539134,"spoiled":4684,"yays":384580,"nays":149870},{"committee":"Костромская область","vibid":"100100163598052","voters":512258,"total":261381,"voted":261347,"spoiled":2315,"yays":177598,"nays":81434},{"committee":"Курганская область","vibid":"100100163598053","voters":686888,"total":397258,"voted":397187,"spoiled":3515,"yays":276378,"nays":117294},{"committee":"Курская область","vibid":"100100163598054","voters":911563,"total":527068,"voted":526615,"spoiled":3844,"yays":389300,"nays":133471},{"committee":"Ленинградская область","vibid":"100100163598055","voters":1074702,"total":787767,"voted":787152,"spoiled":5884,"yays":621597,"nays":159671},{"committee":"Липецкая область","vibid":"100100163598056","voters":891996,"total":586283,"voted":586224,"spoiled":6098,"yays":457674,"nays":122452},{"committee":"Магаданская область","vibid":"100100163598057","voters":98633,"total":54911,"voted":54866,"spoiled":741,"yays":34035,"nays":20090},{"committee":"Московская область","vibid":"100100163598058","voters":5188610,"total":3943885,"voted":3937729,"spoiled":34513,"yays":3109253,"nays":793963},{"committee":"Мурманская область","vibid":"100100163598059","voters":574301,"total":259490,"voted":259392,"spoiled":2937,"yays":162141,"nays":94314},{"committee":"Нижегородская область","vibid":"100100163598060","voters":2353518,"total":1741683,"voted":1735737,"spoiled":9024,"yays":1375690,"nays":351023},{"committee":"Новгородская область","vibid":"100100163598061","voters":483787,"total":239195,"voted":238442,"spoiled":2511,"yays":170436,"nays":65495},{"committee":"Новосибирская область","vibid":"100100163598062","voters":2164441,"total":1034355,"voted":1034082,"spoiled":11551,"yays":698857,"nays":323674},{"committee":"Омская область","vibid":"100100163598063","voters":1516968,"total":985663,"voted":982884,"spoiled":12258,"yays":610278,"nays":360348},{"committee":"Оренбургская область","vibid":"100100163598064","voters":1538541,"total":1131645,"voted":1130295,"spoiled":13028,"yays":831623,"nays":285644},{"committee":"Орловская область","vibid":"100100163598065","voters":616193,"total":466355,"voted":466251,"spoiled":5553,"yays":371857,"nays":88841},{"committee":"Пензенская область","vibid":"100100163598066","voters":1026403,"total":784323,"voted":783969,"spoiled":3513,"yays":668871,"nays":111585},{"committee":"Псковская область","vibid":"100100163598067","voters":523605,"total":297252,"voted":294413,"spoiled":2103,"yays":231684,"nays":60626},{"committee":"Ростовская область","vibid":"100100163598068","voters":2919571,"total":2295849,"voted":2293801,"spoiled":12446,"yays":1910860,"nays":370495},{"committee":"Рязанская область","vibid":"100100163598069","voters":834196,"total":590420,"voted":589013,"spoiled":4865,"yays":464382,"nays":119766},{"committee":"Самарская область","vibid":"100100163598070","voters":2101284,"total":1452053,"voted":1451590,"spoiled":11219,"yays":1169933,"nays":270438},{"committee":"Саратовская область","vibid":"100100163598071","voters":1876088,"total":1444046,"voted":1442126,"spoiled":11550,"yays":1185955,"nays":244621},{"committee":"Сахалинская область","vibid":"100100163598072","voters":374325,"total":254486,"voted":253163,"spoiled":2844,"yays":189466,"nays":60853},{"committee":"Свердловская область","vibid":"100100163598073","voters":3327028,"total":1715300,"voted":1715034,"spoiled":18290,"yays":1131751,"nays":564993},{"committee":"Смоленская область","vibid":"100100163598074","voters":751664,"total":408029,"voted":407667,"spoiled":4331,"yays":293373,"nays":109963},{"committee":"Тамбовская область","vibid":"100100163598075","voters":818712,"total":659405,"voted":659194,"spoiled":3559,"yays":577195,"nays":78440},{"committee":"Тверская область","vibid":"100100163598076","voters":993667,"total":545815,"voted":545498,"spoiled":4981,"yays":392631,"nays":147886},{"committee":"Томская область","vibid":"100100163598077","voters":771907,"total":344033,"voted":343913,"spoiled":3635,"yays":223046,"nays":117232},{"committee":"Тульская область","vibid":"100100163598078","voters":1154876,"total":845240,"voted":844529,"spoiled":5894,"yays":701742,"nays":136893},{"committee":"Тюменская область","vibid":"100100163598079","voters":1130302,"total":874570,"voted":874435,"spoiled":3386,"yays":748290,"nays":122759},{"committee":"Ульяновская область","vibid":"100100163598080","voters":979790,"total":531885,"voted":531489,"spoiled":5301,"yays":378425,"nays":147763},{"committee":"Челябинская область","vibid":"100100163598081","voters":2594032,"total":1708327,"voted":1708036,"spoiled":15540,"yays":1187669,"nays":504827},{"committee":"Ярославская область","vibid":"100100163598082","voters":928399,"total":519261,"voted":518186,"spoiled":4481,"yays":353524,"nays":160181},{"committee":"город Москва","vibid":"100100163598083","voters":4977282,"total":2891111,"voted":2871151,"spoiled":17143,"yays":1847490,"nays":1006518},{"committee":"город Санкт-Петербург","vibid":"100100163598084","voters":3045045,"total":2270998,"voted":2263526,"spoiled":13309,"yays":1791612,"nays":458605},{"committee":"город Севастополь","vibid":"100100163598094","voters":284039,"total":184827,"voted":184803,"spoiled":1365,"yays":156373,"nays":27065},{"committee":"Еврейская автономная область","vibid":"100100163598085","voters":125998,"total":90853,"voted":90827,"spoiled":1184,"yays":70213,"nays":19430},{"committee":"Ненецкий автономный округ","vibid":"100100163598086","voters":37490,"total":21879,"voted":21853,"spoiled":212,"yays":9567,"nays":12074},{"committee":"Ханты-Мансийский автономный округ - Югра","vibid":"100100163598087","voters":982105,"total":629491,"voted":628836,"spoiled":6130,"yays":437847,"nays":184859},{"committee":"Чукотский автономный округ","vibid":"100100163598088","voters":29908,"total":22604,"voted":22599,"spoiled":250,"yays":18146,"nays":4203},{"committee":"Ямало-Ненецкий автономный округ","vibid":"100100163598089","voters":368727,"total":297772,"voted":297468,"spoiled":1626,"yays":265237,"nays":30605},{"committee":"Территория за пределами РФ","vibid":"100100164050020","voters":12670,"total":12046,"voted":12038,"spoiled":63,"yays":6521,"nays":5454}]