[{"committee":"Бондарская","vibid":"2682000784309","voters":7032,"total":6464,"voted":6464,"spoiled":37,"yays":6104,"nays":323},{"committee":"Гавриловская","vibid":"2682000784308","voters":7998,"total":7001,"voted":7001,"spoiled":11,"yays":6453,"nays":537},{"committee":"Жердевская","vibid":"2682000784307","voters":17148,"total":14875,"voted":14875,"spoiled":50,"yays":12944,"nays":1881},{"committee":"Знаменская","vibid":"2682000784306","voters":9382,"total":8292,"voted":8292,"spoiled":35,"yays":7379,"nays":878},{"committee":"Инжавинская","vibid":"2682000784305","voters":10708,"total":9314,"voted":9275,"spoiled":268,"yays":7922,"nays":1085},{"committee":"Кирсановская","vibid":"2682000784304","voters":14010,"total":12214,"voted":12214,"spoiled":69,"yays":10996,"nays":1149},{"committee":"Кирсановская городская","vibid":"2682000784303","voters":7359,"total":6443,"voted":6443,"spoiled":6,"yays":6052,"nays":385},{"committee":"Котовская городская","vibid":"2682000784302","voters":5170,"total":4786,"voted":4786,"spoiled":3,"yays":4689,"nays":94},{"committee":"Мичуринская","vibid":"2682000784301","voters":19660,"total":18524,"voted":18524,"spoiled":37,"yays":17608,"nays":879},{"committee":"Мичуринская городская","vibid":"2682000784300","voters":61861,"total":55415,"voted":55415,"spoiled":89,"yays":53321,"nays":2005},{"committee":"Мордовская","vibid":"2682000784299","voters":8978,"total":7869,"voted":7869,"spoiled":54,"yays":6904,"nays":911},{"committee":"Моршанская","vibid":"2682000784298","voters":16261,"total":15557,"voted":15557,"spoiled":35,"yays":14459,"nays":1063},{"committee":"Моршанская городская","vibid":"2682000784297","voters":25711,"total":23592,"voted":23581,"spoiled":46,"yays":20624,"nays":2911},{"committee":"Мучкапская","vibid":"2682000784296","voters":5960,"total":5008,"voted":5008,"spoiled":24,"yays":4464,"nays":520},{"committee":"Никифоровская","vibid":"2682000784295","voters":7716,"total":6768,"voted":6768,"spoiled":15,"yays":6143,"nays":610},{"committee":"Первомайская","vibid":"2682000784294","voters":10472,"total":9155,"voted":9155,"spoiled":56,"yays":7877,"nays":1222},{"committee":"Петровская","vibid":"2682000784293","voters":11107,"total":9758,"voted":9758,"spoiled":20,"yays":8883,"nays":855},{"committee":"Пичаевская","vibid":"2682000784292","voters":4507,"total":3472,"voted":3472,"spoiled":23,"yays":2655,"nays":794},{"committee":"Рассказовская","vibid":"2682000784291","voters":13858,"total":13170,"voted":13170,"spoiled":39,"yays":12525,"nays":606},{"committee":"Рассказовская городская","vibid":"2682000784290","voters":17483,"total":15989,"voted":15989,"spoiled":35,"yays":15303,"nays":651},{"committee":"Ржаксинская","vibid":"2682000784289","voters":11539,"total":10276,"voted":10276,"spoiled":61,"yays":9111,"nays":1104},{"committee":"Сампурская","vibid":"2682000784288","voters":10561,"total":9583,"voted":9583,"spoiled":47,"yays":8337,"nays":1199},{"committee":"Сосновская","vibid":"2682000784287","voters":13247,"total":11903,"voted":11902,"spoiled":59,"yays":11287,"nays":556},{"committee":"Староюрьевская","vibid":"2682000784286","voters":10739,"total":9248,"voted":9248,"spoiled":59,"yays":7979,"nays":1210},{"committee":"Тамбов, Ленинская","vibid":"2682000784285","voters":2834,"total":1993,"voted":1993,"spoiled":9,"yays":1613,"nays":371},{"committee":"Тамбов, Октябрьская","vibid":"2682000784284","voters":69492,"total":45110,"voted":45082,"spoiled":386,"yays":34370,"nays":10326},{"committee":"Тамбов, Советская","vibid":"2682000784283","voters":38405,"total":24245,"voted":24235,"spoiled":151,"yays":18616,"nays":5468},{"committee":"Тамбовская","vibid":"2682000784282","voters":41689,"total":32775,"voted":32775,"spoiled":82,"yays":28174,"nays":4519},{"committee":"Токаревская","vibid":"2682000784281","voters":4673,"total":4321,"voted":4321,"spoiled":37,"yays":4150,"nays":134},{"committee":"Уваровская","vibid":"2682000784280","voters":3830,"total":3525,"voted":3525,"spoiled":14,"yays":3057,"nays":454},{"committee":"Уваровская городская","vibid":"2682000784279","voters":7573,"total":6356,"voted":6356,"spoiled":44,"yays":6230,"nays":82},{"committee":"Уметская","vibid":"2682000784278","voters":7745,"total":7130,"voted":7130,"spoiled":18,"yays":6516,"nays":596}]