[{"committee":"Антроповская","vibid":"24420001022279","voters":5498,"total":3348,"voted":3348,"spoiled":12,"yays":2365,"nays":971},{"committee":"Буйская","vibid":"24420001022281","voters":8202,"total":4951,"voted":4951,"spoiled":32,"yays":3591,"nays":1328},{"committee":"Буйская городская","vibid":"24420001022270","voters":19015,"total":8065,"voted":8064,"spoiled":68,"yays":5235,"nays":2761},{"committee":"Волгореченская городская","vibid":"24420001022276","voters":13103,"total":6430,"voted":6427,"spoiled":63,"yays":4129,"nays":2235},{"committee":"Вохомская","vibid":"24420001022284","voters":7660,"total":5766,"voted":5766,"spoiled":54,"yays":4084,"nays":1628},{"committee":"Галичская","vibid":"24420001022297","voters":6694,"total":4709,"voted":4709,"spoiled":25,"yays":3664,"nays":1020},{"committee":"Галичская городская","vibid":"24420001022289","voters":13503,"total":6842,"voted":6842,"spoiled":78,"yays":4593,"nays":2171},{"committee":"Кадыйская","vibid":"24420001022285","voters":6674,"total":4139,"voted":4138,"spoiled":31,"yays":2829,"nays":1278},{"committee":"Кологривская","vibid":"24420001022292","voters":4976,"total":2872,"voted":2872,"spoiled":29,"yays":1882,"nays":961},{"committee":"Костромская","vibid":"24420001022273","voters":34477,"total":17138,"voted":17133,"spoiled":178,"yays":11264,"nays":5691},{"committee":"Костромская городская 1","vibid":"24420001022296","voters":98671,"total":40184,"voted":40175,"spoiled":317,"yays":26673,"nays":13185},{"committee":"Красносельская","vibid":"24420001022286","voters":15830,"total":8278,"voted":8278,"spoiled":47,"yays":5710,"nays":2521},{"committee":"Макарьевская","vibid":"24420001022293","voters":9561,"total":5137,"voted":5137,"spoiled":48,"yays":3670,"nays":1419},{"committee":"Мантуровская городская","vibid":"24420001022271","voters":16539,"total":8374,"voted":8373,"spoiled":75,"yays":5867,"nays":2431},{"committee":"Межевская","vibid":"24420001022291","voters":1338,"total":966,"voted":966,"spoiled":6,"yays":747,"nays":213},{"committee":"Нейская","vibid":"24420001022288","voters":11180,"total":7648,"voted":7648,"spoiled":52,"yays":5097,"nays":2499},{"committee":"Нерехтская","vibid":"24420001022274","voters":27904,"total":20891,"voted":20889,"spoiled":269,"yays":15040,"nays":5580},{"committee":"Октябрьская","vibid":"24420001022287","voters":3608,"total":2421,"voted":2421,"spoiled":22,"yays":1696,"nays":703},{"committee":"Островская","vibid":"24420001022295","voters":9272,"total":6173,"voted":6173,"spoiled":37,"yays":4280,"nays":1856},{"committee":"Павинская","vibid":"24420001022272","voters":3523,"total":2236,"voted":2236,"spoiled":15,"yays":1598,"nays":623},{"committee":"Парфеньевская","vibid":"24420001022294","voters":4847,"total":3213,"voted":3213,"spoiled":24,"yays":2405,"nays":784},{"committee":"Поназыревская","vibid":"24420001022278","voters":5149,"total":3570,"voted":3570,"spoiled":46,"yays":2434,"nays":1090},{"committee":"Пыщугская","vibid":"24420001022282","voters":3757,"total":2623,"voted":2623,"spoiled":35,"yays":1826,"nays":762},{"committee":"Солигаличская","vibid":"24420001022280","voters":7885,"total":4130,"voted":4130,"spoiled":39,"yays":2790,"nays":1301},{"committee":"Судиславская","vibid":"24420001022269","voters":10801,"total":6608,"voted":6608,"spoiled":54,"yays":4599,"nays":1955},{"committee":"Сусанинская","vibid":"24420001022299","voters":5784,"total":3935,"voted":3935,"spoiled":41,"yays":2924,"nays":970},{"committee":"Чухломская","vibid":"24420001022277","voters":8512,"total":5294,"voted":5294,"spoiled":65,"yays":3616,"nays":1613},{"committee":"Шарьинская","vibid":"24420001022298","voters":7350,"total":5247,"voted":5247,"spoiled":62,"yays":3747,"nays":1438},{"committee":"Шарьинская городская","vibid":"24420001022275","voters":28863,"total":11967,"voted":11967,"spoiled":102,"yays":7665,"nays":4200},{"committee":"Костромская городская 2","vibid":"24420001031468","voters":104258,"total":44673,"voted":44662,"spoiled":351,"yays":29227,"nays":15084}]