[{"committee":"Ардатовская","vibid":"25220001948874","voters":19405,"total":16160,"voted":16160,"spoiled":174,"yays":13381,"nays":2605},{"committee":"Арзамасская","vibid":"25220001948875","voters":32567,"total":27557,"voted":27557,"spoiled":206,"yays":23503,"nays":3848},{"committee":"Арзамас округ","vibid":"25220001948864","voters":75963,"total":55669,"voted":55665,"spoiled":176,"yays":45536,"nays":9953},{"committee":"Балахнинская","vibid":"25220001948871","voters":53813,"total":36232,"voted":36232,"spoiled":304,"yays":27871,"nays":8057},{"committee":"Богородская","vibid":"25220001948846","voters":47529,"total":37453,"voted":37453,"spoiled":100,"yays":32269,"nays":5084},{"committee":"Большеболдинская","vibid":"25220001948857","voters":8282,"total":7280,"voted":7280,"spoiled":29,"yays":5951,"nays":1300},{"committee":"Большемурашкинская","vibid":"25220001948886","voters":8210,"total":6843,"voted":6843,"spoiled":18,"yays":5780,"nays":1045},{"committee":"Бор округ","vibid":"25220001948848","voters":94612,"total":74059,"voted":74054,"spoiled":277,"yays":62698,"nays":11079},{"committee":"Бутурлинская","vibid":"25220001948890","voters":10558,"total":9650,"voted":9650,"spoiled":33,"yays":8068,"nays":1549},{"committee":"Вадская","vibid":"25220001948867","voters":10758,"total":8891,"voted":8887,"spoiled":54,"yays":7319,"nays":1514},{"committee":"Варнавинская","vibid":"25220001948856","voters":7276,"total":6540,"voted":6540,"spoiled":134,"yays":5238,"nays":1168},{"committee":"Вачская","vibid":"25220001948881","voters":14303,"total":12026,"voted":12026,"spoiled":28,"yays":9966,"nays":2032},{"committee":"Ветлужская","vibid":"25220001948851","voters":10858,"total":8878,"voted":8878,"spoiled":18,"yays":7312,"nays":1548},{"committee":"Вознесенская","vibid":"25220001948888","voters":11466,"total":9273,"voted":9273,"spoiled":58,"yays":7722,"nays":1493},{"committee":"Володарская","vibid":"25220001948865","voters":39861,"total":28137,"voted":28137,"spoiled":230,"yays":19541,"nays":8366},{"committee":"Воротынский округ","vibid":"25220001948850","voters":13320,"total":10721,"voted":10721,"spoiled":31,"yays":8669,"nays":2021},{"committee":"Воскресенская","vibid":"25220001948884","voters":14652,"total":10637,"voted":10637,"spoiled":45,"yays":8726,"nays":1866},{"committee":"Выкса округ","vibid":"25220001948868","voters":50262,"total":39308,"voted":39308,"spoiled":281,"yays":28925,"nays":10102},{"committee":"Гагинская","vibid":"25220001948883","voters":8913,"total":7220,"voted":7219,"spoiled":37,"yays":6052,"nays":1130},{"committee":"Городецкая","vibid":"25220001948853","voters":67763,"total":49028,"voted":49027,"spoiled":176,"yays":38681,"nays":10170},{"committee":"Дальнеконстантиновская","vibid":"25220001948866","voters":16487,"total":14506,"voted":14506,"spoiled":30,"yays":12583,"nays":1893},{"committee":"Дзержинск, Свердловская","vibid":"25220001948892","voters":74678,"total":42596,"voted":42591,"spoiled":307,"yays":32866,"nays":9418},{"committee":"Дивеевская","vibid":"25220001948872","voters":12214,"total":11846,"voted":11846,"spoiled":13,"yays":11489,"nays":344},{"committee":"Саров округ","vibid":"25220001948842","voters":69064,"total":39826,"voted":39818,"spoiled":491,"yays":26326,"nays":13001},{"committee":"Княгининская","vibid":"25220001948841","voters":8556,"total":7504,"voted":7504,"spoiled":28,"yays":6160,"nays":1316},{"committee":"Ковернинская","vibid":"25220001948863","voters":14566,"total":11963,"voted":11963,"spoiled":28,"yays":10020,"nays":1915},{"committee":"Краснобаковская","vibid":"25220001948860","voters":14321,"total":11448,"voted":11448,"spoiled":28,"yays":9178,"nays":2242},{"committee":"Краснооктябрьская","vibid":"25220001948838","voters":7630,"total":6446,"voted":6446,"spoiled":31,"yays":5437,"nays":978},{"committee":"Кстовская","vibid":"25220001948858","voters":94694,"total":70224,"voted":70195,"spoiled":496,"yays":54530,"nays":15169},{"committee":"Кулебаки округ","vibid":"25220001948870","voters":38347,"total":24983,"voted":24981,"spoiled":153,"yays":18194,"nays":6634},{"committee":"Лукояновская","vibid":"25220001948844","voters":18667,"total":17249,"voted":17249,"spoiled":26,"yays":14635,"nays":2588},{"committee":"Лысковская","vibid":"25220001948849","voters":27762,"total":21518,"voted":21518,"spoiled":75,"yays":17551,"nays":3892},{"committee":"Навашинский округ","vibid":"25220001948852","voters":17583,"total":15183,"voted":15153,"spoiled":34,"yays":13243,"nays":1876},{"committee":"Сокольский округ","vibid":"25220001948859","voters":10247,"total":8797,"voted":8797,"spoiled":44,"yays":7140,"nays":1613},{"committee":"Нижний Новгород, Автозаводская Северная","vibid":"25220001948895","voters":106720,"total":72926,"voted":72923,"spoiled":459,"yays":59261,"nays":13203},{"committee":"Нижний Новгород, Канавинская","vibid":"25220001948847","voters":83974,"total":61907,"voted":61899,"spoiled":374,"yays":52365,"nays":9160},{"committee":"Нижний Новгород, Ленинская","vibid":"25220001948877","voters":103564,"total":62166,"voted":61333,"spoiled":317,"yays":48161,"nays":12855},{"committee":"Нижний Новгород, Московская","vibid":"25220001948891","voters":94740,"total":54878,"voted":54846,"spoiled":224,"yays":45294,"nays":9328},{"committee":"Нижний Новгород, Нижегородская","vibid":"25220001948854","voters":100164,"total":60059,"voted":59914,"spoiled":629,"yays":44188,"nays":15097},{"committee":"Нижний Новгород, Приокская","vibid":"25220001948894","voters":83644,"total":69515,"voted":68408,"spoiled":382,"yays":53755,"nays":14271},{"committee":"Нижний Новгород, Советская","vibid":"25220001948836","voters":98395,"total":74304,"voted":74288,"spoiled":656,"yays":59799,"nays":13833},{"committee":"Нижний Новгород, Сормовская","vibid":"25220001948845","voters":121705,"total":80794,"voted":80767,"spoiled":624,"yays":65292,"nays":14851},{"committee":"Павловская","vibid":"25220001948893","voters":74120,"total":59688,"voted":59687,"spoiled":192,"yays":51869,"nays":7626},{"committee":"Первомайск округ","vibid":"25220001948835","voters":13862,"total":11983,"voted":11983,"spoiled":37,"yays":10220,"nays":1726},{"committee":"Перевозский округ","vibid":"25220001948887","voters":11475,"total":9574,"voted":9574,"spoiled":65,"yays":7941,"nays":1568},{"committee":"Пильнинская","vibid":"25220001948873","voters":14680,"total":11270,"voted":11270,"spoiled":62,"yays":9330,"nays":1878},{"committee":"Починковская","vibid":"25220001948889","voters":17958,"total":16665,"voted":16665,"spoiled":49,"yays":14831,"nays":1785},{"committee":"Семеновский округ","vibid":"25220001948879","voters":32316,"total":26235,"voted":26234,"spoiled":39,"yays":21550,"nays":4645},{"committee":"Сергачская","vibid":"25220001948839","voters":22406,"total":18263,"voted":18263,"spoiled":71,"yays":15838,"nays":2354},{"committee":"Сеченовская","vibid":"25220001948878","voters":10988,"total":10052,"voted":10052,"spoiled":11,"yays":8595,"nays":1446},{"committee":"Сосновская","vibid":"25220001948869","voters":13576,"total":12444,"voted":12443,"spoiled":10,"yays":11064,"nays":1369},{"committee":"Спасская","vibid":"25220001948885","voters":8022,"total":6883,"voted":6883,"spoiled":40,"yays":5883,"nays":960},{"committee":"Тонкинская","vibid":"25220001948880","voters":5949,"total":5376,"voted":5376,"spoiled":40,"yays":4194,"nays":1142},{"committee":"Тоншаевская","vibid":"25220001948837","voters":10145,"total":9173,"voted":9173,"spoiled":54,"yays":7388,"nays":1731},{"committee":"Уренская","vibid":"25220001948843","voters":20829,"total":16098,"voted":16098,"spoiled":44,"yays":12618,"nays":3436},{"committee":"Чкаловск округ","vibid":"25220001948876","voters":17263,"total":14324,"voted":14324,"spoiled":52,"yays":12144,"nays":2128},{"committee":"Шарангская","vibid":"25220001948855","voters":8652,"total":7650,"voted":7650,"spoiled":17,"yays":6387,"nays":1246},{"committee":"Шатковская","vibid":"25220001948840","voters":18194,"total":14533,"voted":14533,"spoiled":140,"yays":11674,"nays":2719},{"committee":"Шахунья округ","vibid":"25220001948882","voters":20866,"total":15326,"voted":15326,"spoiled":69,"yays":12309,"nays":2948},{"committee":"Нижний Новгород, Автозаводская Южная","vibid":"25220001948862","voters":115447,"total":85757,"voted":85750,"spoiled":460,"yays":69014,"nays":16276},{"committee":"Дзержинск, Калининская","vibid":"25220001948861","voters":70849,"total":41519,"voted":40590,"spoiled":363,"yays":30520,"nays":9707}]