[{"committee":"Воркутинская городская","vibid":"21120001114090","voters":58308,"total":16693,"voted":16686,"spoiled":127,"yays":10231,"nays":6328},{"committee":"Вуктыльская городская","vibid":"21120001114110","voters":10661,"total":5918,"voted":5918,"spoiled":54,"yays":3865,"nays":1999},{"committee":"Ижемская","vibid":"21120001114109","voters":14640,"total":7728,"voted":7726,"spoiled":76,"yays":5129,"nays":2521},{"committee":"Интинская городская","vibid":"21120001114108","voters":24529,"total":8190,"voted":8187,"spoiled":98,"yays":5369,"nays":2720},{"committee":"Княжпогостская","vibid":"21120001114107","voters":15675,"total":9317,"voted":9317,"spoiled":93,"yays":5838,"nays":3386},{"committee":"Койгородская","vibid":"21120001114106","voters":6976,"total":4597,"voted":4597,"spoiled":33,"yays":3378,"nays":1186},{"committee":"Корткеросская","vibid":"21120001114105","voters":17176,"total":8913,"voted":8912,"spoiled":133,"yays":6393,"nays":2386},{"committee":"Печорская городская","vibid":"21120001114104","voters":42330,"total":23639,"voted":23638,"spoiled":279,"yays":15166,"nays":8193},{"committee":"Прилузская","vibid":"21120001114103","voters":16845,"total":11085,"voted":11085,"spoiled":115,"yays":8450,"nays":2520},{"committee":"Сосногорская городская","vibid":"21120001114102","voters":34359,"total":15281,"voted":15278,"spoiled":191,"yays":9944,"nays":5143},{"committee":"Сыктывдинская","vibid":"21120001114101","voters":18613,"total":9507,"voted":9506,"spoiled":78,"yays":6627,"nays":2801},{"committee":"Сыктывкарская городская","vibid":"21120001114100","voters":148324,"total":85793,"voted":85517,"spoiled":829,"yays":50877,"nays":33811},{"committee":"Сысольская","vibid":"21120001114099","voters":11352,"total":6888,"voted":6888,"spoiled":53,"yays":5262,"nays":1573},{"committee":"Троицко-Печорская","vibid":"21120001114098","voters":10617,"total":5895,"voted":5895,"spoiled":54,"yays":4481,"nays":1360},{"committee":"Удорская","vibid":"21120001114097","voters":12811,"total":6969,"voted":6969,"spoiled":46,"yays":5184,"nays":1739},{"committee":"Усинская городская","vibid":"21120001114096","voters":33012,"total":14561,"voted":14555,"spoiled":153,"yays":8877,"nays":5525},{"committee":"Усть-Вымская","vibid":"21120001114095","voters":21823,"total":14532,"voted":14532,"spoiled":74,"yays":10070,"nays":4388},{"committee":"Усть-Куломская","vibid":"21120001114094","voters":21542,"total":13320,"voted":13320,"spoiled":90,"yays":9649,"nays":3581},{"committee":"Усть-Цилемская","vibid":"21120001114093","voters":10471,"total":5274,"voted":5274,"spoiled":53,"yays":3822,"nays":1399},{"committee":"Ухтинская городская","vibid":"21120001114092","voters":84118,"total":41673,"voted":41666,"spoiled":420,"yays":26129,"nays":15117},{"committee":"Сыктывкар, Эжвинская","vibid":"21120001114091","voters":38798,"total":23471,"voted":23458,"spoiled":276,"yays":15820,"nays":7362}]