[{"committee":"Агаповская","vibid":"27420001722514","voters":24935,"total":19831,"voted":19831,"spoiled":141,"yays":13540,"nays":6150},{"committee":"Аргаяшская","vibid":"27420001722515","voters":32331,"total":23025,"voted":23025,"spoiled":218,"yays":16722,"nays":6085},{"committee":"Ашинская городская","vibid":"27420001722504","voters":46867,"total":31767,"voted":31767,"spoiled":461,"yays":20653,"nays":10653},{"committee":"Брединская","vibid":"27420001722511","voters":17572,"total":12817,"voted":12817,"spoiled":75,"yays":8782,"nays":3960},{"committee":"Варненская","vibid":"27420001722489","voters":20119,"total":14256,"voted":14256,"spoiled":86,"yays":10221,"nays":3949},{"committee":"Верхнеуральская","vibid":"27420001722498","voters":26263,"total":19531,"voted":19531,"spoiled":187,"yays":13002,"nays":6342},{"committee":"Верхнеуфалейская городская","vibid":"27420001722522","voters":24079,"total":16348,"voted":16348,"spoiled":123,"yays":11574,"nays":4651},{"committee":"Еманжелинская ","vibid":"27420001722491","voters":36055,"total":22732,"voted":22732,"spoiled":153,"yays":16060,"nays":6519},{"committee":"Еткульская","vibid":"27420001722526","voters":21117,"total":14784,"voted":14784,"spoiled":155,"yays":10467,"nays":4162},{"committee":"Златоустовская городская","vibid":"27420001722507","voters":120973,"total":59044,"voted":59041,"spoiled":537,"yays":41333,"nays":17171},{"committee":"Карабашская городская","vibid":"27420001722499","voters":9641,"total":6321,"voted":6321,"spoiled":54,"yays":4180,"nays":2087},{"committee":"Локомотивная поселковая","vibid":"27420001722519","voters":3765,"total":2895,"voted":2895,"spoiled":52,"yays":2209,"nays":634},{"committee":"Карталинская","vibid":"27420001722494","voters":34127,"total":19972,"voted":19972,"spoiled":163,"yays":13915,"nays":5894},{"committee":"Каслинская","vibid":"27420001722524","voters":24309,"total":16904,"voted":16900,"spoiled":137,"yays":12232,"nays":4531},{"committee":"Снежинская городская","vibid":"27420001722505","voters":41749,"total":27633,"voted":27627,"spoiled":289,"yays":18423,"nays":8915},{"committee":"Катав-Ивановская","vibid":"27420001722493","voters":24241,"total":16602,"voted":16602,"spoiled":182,"yays":11167,"nays":5253},{"committee":"Трехгорная городская","vibid":"27420001722521","voters":26120,"total":17084,"voted":17083,"spoiled":248,"yays":10320,"nays":6515},{"committee":"Кизильская","vibid":"27420001722508","voters":17002,"total":14748,"voted":14748,"spoiled":92,"yays":12400,"nays":2256},{"committee":"Копейская городская","vibid":"27420001722520","voters":111106,"total":76245,"voted":76242,"spoiled":647,"yays":53055,"nays":22540},{"committee":"Коркинская","vibid":"27420001722496","voters":45600,"total":32259,"voted":32259,"spoiled":436,"yays":22925,"nays":8898},{"committee":"Красноармейская","vibid":"27420001722506","voters":33092,"total":20105,"voted":20105,"spoiled":113,"yays":14943,"nays":5049},{"committee":"Кунашакская","vibid":"27420001722528","voters":21204,"total":15663,"voted":15663,"spoiled":119,"yays":11899,"nays":3645},{"committee":"Кусинская","vibid":"27420001722512","voters":20478,"total":14351,"voted":14348,"spoiled":87,"yays":9915,"nays":4346},{"committee":"Кыштымская городская","vibid":"27420001722486","voters":28412,"total":19952,"voted":19952,"spoiled":141,"yays":14042,"nays":5769},{"committee":"Озерская городская","vibid":"27420001722485","voters":70784,"total":41736,"voted":41728,"spoiled":457,"yays":27779,"nays":13492},{"committee":"Магнитогорск, Ленинская","vibid":"27420001722503","voters":74329,"total":43503,"voted":43486,"spoiled":373,"yays":27776,"nays":15337},{"committee":"Магнитогорск, Орджоникидзевская","vibid":"27420001722502","voters":154205,"total":92330,"voted":92323,"spoiled":955,"yays":58242,"nays":33126},{"committee":"Магнитогорск, Правобережная","vibid":"27420001722483","voters":83187,"total":50091,"voted":50085,"spoiled":460,"yays":32842,"nays":16783},{"committee":"Миасская городская","vibid":"27420001722500","voters":133867,"total":74083,"voted":74072,"spoiled":727,"yays":51408,"nays":21937},{"committee":"Нагайбакская","vibid":"27420001722510","voters":15576,"total":12126,"voted":12113,"spoiled":93,"yays":8874,"nays":3146},{"committee":"Нязепетровская","vibid":"27420001722487","voters":13943,"total":8953,"voted":8953,"spoiled":73,"yays":6293,"nays":2587},{"committee":"Октябрьская","vibid":"27420001722492","voters":14761,"total":12027,"voted":12026,"spoiled":69,"yays":8704,"nays":3253},{"committee":"Пластовская","vibid":"27420001722495","voters":19282,"total":14292,"voted":14291,"spoiled":127,"yays":9364,"nays":4800},{"committee":"Саткинская","vibid":"27420001722501","voters":57767,"total":48479,"voted":48479,"spoiled":409,"yays":35756,"nays":12314},{"committee":"Сосновская","vibid":"27420001722531","voters":62613,"total":44369,"voted":44360,"spoiled":387,"yays":30139,"nays":13834},{"committee":"Троицкая городская","vibid":"27420001722490","voters":48096,"total":39450,"voted":39449,"spoiled":295,"yays":29252,"nays":9902},{"committee":"Увельская","vibid":"27420001722516","voters":22439,"total":19044,"voted":19044,"spoiled":205,"yays":13209,"nays":5630},{"committee":"Уйская","vibid":"27420001722527","voters":17243,"total":13563,"voted":13563,"spoiled":82,"yays":9914,"nays":3567},{"committee":"Усть-Катавская городская","vibid":"27420001722497","voters":19511,"total":11898,"voted":11892,"spoiled":133,"yays":7616,"nays":4143},{"committee":"Чебаркульская городская","vibid":"27420001722530","voters":34971,"total":19696,"voted":19695,"spoiled":209,"yays":12037,"nays":7449},{"committee":"Челябинск, Калининская","vibid":"27420001722482","voters":159186,"total":107847,"voted":107707,"spoiled":1209,"yays":74546,"nays":31952},{"committee":"Челябинск, Курчатовская","vibid":"27420001722488","voters":157518,"total":112893,"voted":112887,"spoiled":1042,"yays":78681,"nays":33164},{"committee":"Челябинск, Ленинская","vibid":"27420001722529","voters":134396,"total":99415,"voted":99403,"spoiled":868,"yays":72680,"nays":25855},{"committee":"Челябинск, Металлургическая","vibid":"27420001722481","voters":99295,"total":73989,"voted":73988,"spoiled":772,"yays":53596,"nays":19620},{"committee":"Челябинск, Советская","vibid":"27420001722523","voters":103295,"total":75797,"voted":75788,"spoiled":532,"yays":57604,"nays":17652},{"committee":"Челябинск, Тракторозаводская","vibid":"27420001722513","voters":129334,"total":64518,"voted":64502,"spoiled":597,"yays":45028,"nays":18877},{"committee":"Челябинск, Центральная","vibid":"27420001722525","voters":77309,"total":33211,"voted":33206,"spoiled":179,"yays":20761,"nays":12266},{"committee":"Чесменская","vibid":"27420001722518","voters":13841,"total":9735,"voted":9734,"spoiled":75,"yays":6432,"nays":3227},{"committee":"Южноуральская городская","vibid":"27420001722484","voters":28243,"total":21019,"voted":21019,"spoiled":146,"yays":15056,"nays":5817},{"committee":"Троицкая","vibid":"27420001722517","voters":20713,"total":16778,"voted":16778,"spoiled":91,"yays":11660,"nays":5027},{"committee":"Чебаркульская","vibid":"27420001722509","voters":21141,"total":15845,"voted":15844,"spoiled":109,"yays":10869,"nays":4866}]