[{"committee":"Гаврилов-Ямская","vibid":"2762000799690","voters":1529,"total":1357,"voted":1357,"spoiled":4,"yays":1040,"nays":313},{"committee":"Даниловская","vibid":"2762000799698","voters":6398,"total":4314,"voted":4314,"spoiled":18,"yays":3188,"nays":1108},{"committee":"Любимская","vibid":"2762000799713","voters":4806,"total":3057,"voted":3057,"spoiled":17,"yays":2146,"nays":894},{"committee":"Мышкинская","vibid":"2762000799703","voters":3190,"total":2350,"voted":2350,"spoiled":11,"yays":1656,"nays":683},{"committee":"Некоузская","vibid":"2762000799699","voters":1860,"total":1511,"voted":1511,"spoiled":22,"yays":1153,"nays":336},{"committee":"Некрасовская","vibid":"2762000799708","voters":2794,"total":1856,"voted":1856,"spoiled":6,"yays":1439,"nays":411},{"committee":"Рыбинская","vibid":"2762000799704","voters":2408,"total":1445,"voted":1445,"spoiled":9,"yays":1055,"nays":381},{"committee":"Ярославль, Дзержинская","vibid":"2762000799702","voters":20464,"total":8856,"voted":8852,"spoiled":91,"yays":5922,"nays":2839},{"committee":"Ярославль, Заволжская","vibid":"2762000799689","voters":331,"total":304,"voted":304,"spoiled":5,"yays":200,"nays":99},{"committee":"Ярославль, Кировская","vibid":"2762000799701","voters":62,"total":61,"voted":61,"spoiled":1,"yays":24,"nays":36},{"committee":"Ярославль, Красноперекопская","vibid":"2762000799711","voters":1496,"total":527,"voted":527,"spoiled":3,"yays":332,"nays":192},{"committee":"Ярославль, Ленинская","vibid":"2762000799687","voters":8277,"total":4530,"voted":4530,"spoiled":19,"yays":3169,"nays":1342}]