[{"committee":"Багратионовская","vibid":"2392000835891","voters":20752,"total":12824,"voted":12383,"spoiled":109,"yays":9114,"nays":3160},{"committee":"Балтийская","vibid":"2392000835893","voters":28517,"total":16316,"voted":16296,"spoiled":135,"yays":10339,"nays":5822},{"committee":"Гвардейская","vibid":"2392000835884","voters":21586,"total":17717,"voted":17713,"spoiled":144,"yays":13443,"nays":4126},{"committee":"Гурьевская","vibid":"2392000835889","voters":63700,"total":51268,"voted":51268,"spoiled":271,"yays":38073,"nays":12924},{"committee":"Гусевская","vibid":"2392000835895","voters":26385,"total":20007,"voted":19982,"spoiled":502,"yays":15441,"nays":4039},{"committee":"Зеленоградская","vibid":"2392000835908","voters":29600,"total":24226,"voted":24224,"spoiled":329,"yays":17829,"nays":6066},{"committee":"Калининград, Ленинградская","vibid":"2392000835896","voters":147576,"total":61031,"voted":59898,"spoiled":389,"yays":39336,"nays":20173},{"committee":"Калининград, Московская","vibid":"2392000835902","voters":59267,"total":25455,"voted":25438,"spoiled":164,"yays":17571,"nays":7703},{"committee":"Калининград, Центральная","vibid":"2392000835907","voters":107635,"total":42929,"voted":42905,"spoiled":308,"yays":28009,"nays":14588},{"committee":"Краснознаменская","vibid":"2392000835897","voters":6020,"total":4222,"voted":4222,"spoiled":25,"yays":3375,"nays":822},{"committee":"Неманская","vibid":"2392000835903","voters":11639,"total":8701,"voted":8701,"spoiled":44,"yays":6646,"nays":2011},{"committee":"Нестеровская","vibid":"2392000835900","voters":11279,"total":8070,"voted":8070,"spoiled":78,"yays":6357,"nays":1635},{"committee":"Озерская","vibid":"2392000835885","voters":10571,"total":7503,"voted":7242,"spoiled":42,"yays":5719,"nays":1481},{"committee":"Пионерская ","vibid":"2392000835901","voters":10962,"total":6172,"voted":6170,"spoiled":31,"yays":4222,"nays":1917},{"committee":"Полесская","vibid":"2392000835899","voters":13589,"total":7139,"voted":7138,"spoiled":53,"yays":5334,"nays":1751},{"committee":"Правдинская","vibid":"2392000835887","voters":14415,"total":9692,"voted":9691,"spoiled":86,"yays":7251,"nays":2354},{"committee":"Светлогорская","vibid":"2392000835898","voters":14345,"total":11148,"voted":11148,"spoiled":119,"yays":8472,"nays":2557},{"committee":"Светловская","vibid":"2392000835906","voters":22199,"total":15917,"voted":15913,"spoiled":207,"yays":10902,"nays":4804},{"committee":"Славская","vibid":"2392000835886","voters":8674,"total":5608,"voted":5532,"spoiled":40,"yays":4357,"nays":1135},{"committee":"Советская ","vibid":"2392000835905","voters":27428,"total":21608,"voted":21607,"spoiled":97,"yays":18358,"nays":3152},{"committee":"Черняховская","vibid":"2392000835890","voters":38199,"total":26067,"voted":26066,"spoiled":183,"yays":19783,"nays":6100},{"committee":"Ладушкинская","vibid":"2392000835894","voters":3209,"total":2261,"voted":2260,"spoiled":23,"yays":1721,"nays":516},{"committee":"Мамоновская","vibid":"2392000835892","voters":6079,"total":4394,"voted":4394,"spoiled":25,"yays":3767,"nays":602},{"committee":"Янтарнинская","vibid":"2392000835883","voters":4674,"total":3809,"voted":3807,"spoiled":50,"yays":3046,"nays":711}]