[{"committee":"Магаданская","vibid":"2492000335732","voters":68114,"total":31649,"voted":31605,"spoiled":344,"yays":18834,"nays":12427},{"committee":"Ольская","vibid":"2492000335733","voters":4259,"total":3015,"voted":3015,"spoiled":35,"yays":1910,"nays":1070},{"committee":"Омсукчанская","vibid":"2492000335719","voters":2338,"total":1665,"voted":1664,"spoiled":8,"yays":1069,"nays":587},{"committee":"Северо-Эвенская","vibid":"2492000335727","voters":1824,"total":1327,"voted":1327,"spoiled":62,"yays":868,"nays":397},{"committee":"Среднеканская","vibid":"2492000335717","voters":2165,"total":1660,"voted":1660,"spoiled":24,"yays":1371,"nays":265},{"committee":"Сусуманская","vibid":"2492000335735","voters":4144,"total":3336,"voted":3336,"spoiled":106,"yays":2213,"nays":1017},{"committee":"Тенькинская","vibid":"2492000335726","voters":4546,"total":3425,"voted":3425,"spoiled":54,"yays":1812,"nays":1559},{"committee":"Хасынская","vibid":"2492000335718","voters":4460,"total":3946,"voted":3946,"spoiled":42,"yays":2808,"nays":1096},{"committee":"Ягоднинская","vibid":"2492000335730","voters":5159,"total":3585,"voted":3585,"spoiled":52,"yays":2214,"nays":1319},{"committee":"Арманская","vibid":"2492000335723","voters":1624,"total":1303,"voted":1303,"spoiled":14,"yays":936,"nays":353}]