[{"committee":"район Богородское","vibid":"27720002420503","voters":20920,"total":8607,"voted":8600,"spoiled":66,"yays":4934,"nays":3600},{"committee":"район Вешняки ","vibid":"27720002420505","voters":38270,"total":20205,"voted":20177,"spoiled":179,"yays":14627,"nays":5371},{"committee":"район Восточное Измайлово ","vibid":"27720002420428","voters":19915,"total":10007,"voted":10000,"spoiled":90,"yays":6425,"nays":3485},{"committee":"район Гольяново ","vibid":"27720002420498","voters":9081,"total":5306,"voted":5306,"spoiled":14,"yays":3850,"nays":1442},{"committee":"район Ивановское ","vibid":"27720002420476","voters":18990,"total":8374,"voted":8368,"spoiled":83,"yays":5673,"nays":2612},{"committee":"район Измайлово ","vibid":"27720002420422","voters":22067,"total":10862,"voted":10860,"spoiled":89,"yays":7281,"nays":3490},{"committee":"район Косино-Ухтомский ","vibid":"27720002420519","voters":19210,"total":9552,"voted":9535,"spoiled":118,"yays":5481,"nays":3936},{"committee":"район Метрогородок ","vibid":"27720002420477","voters":10162,"total":4597,"voted":4594,"spoiled":47,"yays":2804,"nays":1743},{"committee":"район Новокосино ","vibid":"27720002420454","voters":30059,"total":13582,"voted":13577,"spoiled":117,"yays":8992,"nays":4468},{"committee":"район Новогиреево ","vibid":"27720002420433","voters":29166,"total":18046,"voted":18034,"spoiled":182,"yays":13234,"nays":4618},{"committee":"район Перово","vibid":"27720002420482","voters":47439,"total":21023,"voted":21012,"spoiled":186,"yays":13562,"nays":7264},{"committee":"район Восточный","vibid":"27720002420513","voters":6705,"total":3476,"voted":3465,"spoiled":46,"yays":2375,"nays":1044},{"committee":"район Преображенское","vibid":"27720002420480","voters":39710,"total":15920,"voted":15890,"spoiled":108,"yays":8971,"nays":6811},{"committee":"район Северное Измайлово","vibid":"27720002420452","voters":34907,"total":16354,"voted":16330,"spoiled":162,"yays":10202,"nays":5966},{"committee":"район Соколиная гора","vibid":"27720002420492","voters":25,"total":25,"voted":25,"spoiled":0,"yays":13,"nays":12},{"committee":"район Сокольники","vibid":"27720002420418","voters":10222,"total":5671,"voted":5670,"spoiled":71,"yays":3506,"nays":2093},{"committee":"район Внуково","vibid":"27720002420447","voters":1991,"total":1438,"voted":1438,"spoiled":8,"yays":1124,"nays":306},{"committee":"район Дорогомилово","vibid":"27720002420495","voters":8089,"total":3609,"voted":3603,"spoiled":35,"yays":2165,"nays":1403},{"committee":"район Крылатское","vibid":"27720002420514","voters":20757,"total":13676,"voted":13657,"spoiled":65,"yays":9343,"nays":4249},{"committee":"район Кунцево","vibid":"27720002420420","voters":33021,"total":20296,"voted":20101,"spoiled":150,"yays":14458,"nays":5493},{"committee":"Можайский район","vibid":"27720002420458","voters":44408,"total":22182,"voted":21781,"spoiled":155,"yays":14965,"nays":6661},{"committee":"район Ново-Переделкино","vibid":"27720002420471","voters":22777,"total":11044,"voted":11033,"spoiled":98,"yays":7460,"nays":3475},{"committee":"район Очаково-Матвеевское","vibid":"27720002420411","voters":54247,"total":25236,"voted":25177,"spoiled":454,"yays":15092,"nays":9631},{"committee":"район Проспект Вернадского","vibid":"27720002420490","voters":25956,"total":17078,"voted":17068,"spoiled":184,"yays":12025,"nays":4859},{"committee":"район Раменки","vibid":"27720002420423","voters":40693,"total":16703,"voted":16425,"spoiled":162,"yays":10365,"nays":5898},{"committee":"район Солнцево","vibid":"27720002420408","voters":43706,"total":21317,"voted":21300,"spoiled":189,"yays":14523,"nays":6588},{"committee":"район Тропарево-Никулино","vibid":"27720002420485","voters":52376,"total":20987,"voted":20954,"spoiled":153,"yays":12482,"nays":8319},{"committee":"район Филевский парк","vibid":"27720002420497","voters":16517,"total":7180,"voted":7178,"spoiled":89,"yays":4165,"nays":2924},{"committee":"район Фили-Давыдково","vibid":"27720002420413","voters":25721,"total":10334,"voted":10302,"spoiled":124,"yays":6134,"nays":4044},{"committee":"район Силино","vibid":"27720002420416","voters":25577,"total":14907,"voted":14898,"spoiled":123,"yays":10293,"nays":4482},{"committee":"район Крюково","vibid":"27720002420419","voters":51871,"total":33738,"voted":33705,"spoiled":458,"yays":23343,"nays":9904},{"committee":"район Старое Крюково","vibid":"27720002420487","voters":19692,"total":10590,"voted":10577,"spoiled":102,"yays":7176,"nays":3299},{"committee":"район Матушкино","vibid":"27720002420528","voters":22887,"total":12662,"voted":12649,"spoiled":95,"yays":8686,"nays":3868},{"committee":"район Аэропорт","vibid":"27720002420442","voters":32053,"total":16709,"voted":16688,"spoiled":324,"yays":10443,"nays":5921},{"committee":"район Беговой ","vibid":"27720002420456","voters":25757,"total":12426,"voted":12422,"spoiled":102,"yays":7309,"nays":5011},{"committee":"Бескудниковский район ","vibid":"27720002420481","voters":43902,"total":26479,"voted":26448,"spoiled":187,"yays":18245,"nays":8016},{"committee":"район Савелки","vibid":"27720002420527","voters":17211,"total":9873,"voted":9863,"spoiled":149,"yays":6980,"nays":2734},{"committee":"Войковский район","vibid":"27720002420406","voters":27241,"total":12013,"voted":12004,"spoiled":115,"yays":7936,"nays":3953},{"committee":"район Восточное Дегунино","vibid":"27720002420475","voters":32014,"total":17057,"voted":17049,"spoiled":134,"yays":12226,"nays":4689},{"committee":"Головинский район","vibid":"27720002420459","voters":45019,"total":22301,"voted":22211,"spoiled":274,"yays":14674,"nays":7263},{"committee":"Дмитровский район","vibid":"27720002420462","voters":42861,"total":25189,"voted":25110,"spoiled":187,"yays":18275,"nays":6648},{"committee":"район Западное Дегунино","vibid":"27720002420450","voters":45041,"total":20985,"voted":20943,"spoiled":200,"yays":13865,"nays":6878},{"committee":"район Коптево","vibid":"27720002420502","voters":47873,"total":20117,"voted":20097,"spoiled":152,"yays":14118,"nays":5827},{"committee":"Левобережный район","vibid":"27720002420522","voters":21007,"total":12153,"voted":12143,"spoiled":97,"yays":8724,"nays":3322},{"committee":"Молжаниновский район","vibid":"27720002420510","voters":7572,"total":3438,"voted":3438,"spoiled":25,"yays":2003,"nays":1410},{"committee":"Савеловский район","vibid":"27720002420466","voters":22362,"total":10163,"voted":10156,"spoiled":84,"yays":6586,"nays":3486},{"committee":"район Сокол","vibid":"27720002420508","voters":12173,"total":5380,"voted":5332,"spoiled":34,"yays":3153,"nays":2145},{"committee":"Тимирязевский район","vibid":"27720002420496","voters":23055,"total":10968,"voted":10955,"spoiled":80,"yays":6886,"nays":3989},{"committee":"район Ховрино","vibid":"27720002420448","voters":48439,"total":21028,"voted":20984,"spoiled":155,"yays":12612,"nays":8217},{"committee":"Хорошевский район","vibid":"27720002420444","voters":30797,"total":16464,"voted":16418,"spoiled":112,"yays":10815,"nays":5491},{"committee":"Алексеевский район","vibid":"27720002420463","voters":37262,"total":16533,"voted":16510,"spoiled":165,"yays":9199,"nays":7146},{"committee":"Алтуфьевский район","vibid":"27720002420474","voters":19335,"total":8901,"voted":8883,"spoiled":70,"yays":5692,"nays":3121},{"committee":"Бабушкинский район","vibid":"27720002420507","voters":21697,"total":9857,"voted":9822,"spoiled":108,"yays":5885,"nays":3829},{"committee":"район Бибирево","vibid":"27720002420421","voters":64221,"total":25608,"voted":25574,"spoiled":411,"yays":15709,"nays":9454},{"committee":"Бутырский район","vibid":"27720002420469","voters":27399,"total":13211,"voted":13202,"spoiled":107,"yays":8288,"nays":4807},{"committee":"район Лианозово","vibid":"27720002420445","voters":35015,"total":16651,"voted":16633,"spoiled":166,"yays":10806,"nays":5661},{"committee":"Лосиноостровский район","vibid":"27720002420426","voters":44365,"total":17907,"voted":17850,"spoiled":193,"yays":10737,"nays":6920},{"committee":"район Марфино","vibid":"27720002420424","voters":20194,"total":9470,"voted":9443,"spoiled":102,"yays":5914,"nays":3427},{"committee":"район Марьина Роща","vibid":"27720002420472","voters":28707,"total":11712,"voted":11667,"spoiled":105,"yays":6511,"nays":5051},{"committee":"Останкинский район","vibid":"27720002420449","voters":30505,"total":12425,"voted":12404,"spoiled":95,"yays":6769,"nays":5540},{"committee":"район Отрадное","vibid":"27720002420511","voters":92344,"total":37415,"voted":37258,"spoiled":348,"yays":22217,"nays":14693},{"committee":"район Ростокино","vibid":"27720002420432","voters":10624,"total":5450,"voted":5450,"spoiled":31,"yays":3657,"nays":1762},{"committee":"район Свиблово","vibid":"27720002420486","voters":23975,"total":10303,"voted":10249,"spoiled":86,"yays":5973,"nays":4190},{"committee":"район Северное Медведково","vibid":"27720002420525","voters":32639,"total":13951,"voted":13945,"spoiled":170,"yays":8568,"nays":5207},{"committee":"район Северный","vibid":"27720002420439","voters":13499,"total":5588,"voted":5587,"spoiled":43,"yays":3111,"nays":2433},{"committee":"район Южное Медведково","vibid":"27720002420478","voters":43358,"total":18887,"voted":18873,"spoiled":144,"yays":11640,"nays":7089},{"committee":"Ярославский район","vibid":"27720002420464","voters":28432,"total":13664,"voted":12871,"spoiled":128,"yays":7997,"nays":4746},{"committee":"район Куркино","vibid":"27720002420523","voters":10295,"total":4923,"voted":4921,"spoiled":25,"yays":2917,"nays":1979},{"committee":"район Митино","vibid":"27720002420499","voters":85133,"total":41223,"voted":40366,"spoiled":285,"yays":27057,"nays":13024},{"committee":"район Покровское-Стрешнево","vibid":"27720002420438","voters":13713,"total":6312,"voted":6304,"spoiled":76,"yays":3744,"nays":2484},{"committee":"район Северное Тушино","vibid":"27720002420526","voters":75065,"total":31100,"voted":30964,"spoiled":275,"yays":18900,"nays":11789},{"committee":"район Строгино","vibid":"27720002420493","voters":44978,"total":19000,"voted":18971,"spoiled":167,"yays":11982,"nays":6822},{"committee":"район Хорошево-Мневники","vibid":"27720002420409","voters":62710,"total":27154,"voted":27105,"spoiled":226,"yays":17347,"nays":9532},{"committee":"район Щукино","vibid":"27720002420427","voters":25029,"total":11346,"voted":11338,"spoiled":116,"yays":6514,"nays":4708},{"committee":"район Южное Тушино","vibid":"27720002420455","voters":56395,"total":24395,"voted":24347,"spoiled":225,"yays":15388,"nays":8734},{"committee":"район Арбат","vibid":"27720002420435","voters":2115,"total":780,"voted":779,"spoiled":5,"yays":407,"nays":367},{"committee":"Басманный район","vibid":"27720002420479","voters":22005,"total":10278,"voted":10266,"spoiled":79,"yays":6100,"nays":4087},{"committee":"район Замоскворечье","vibid":"27720002420529","voters":10881,"total":5562,"voted":5555,"spoiled":44,"yays":3175,"nays":2336},{"committee":"Красносельский район","vibid":"27720002420430","voters":10841,"total":7560,"voted":7555,"spoiled":86,"yays":5170,"nays":2299},{"committee":"Мещанский район","vibid":"27720002420504","voters":17373,"total":11583,"voted":11449,"spoiled":71,"yays":7930,"nays":3448},{"committee":"Пресненский район","vibid":"27720002420461","voters":42277,"total":20723,"voted":20551,"spoiled":161,"yays":12421,"nays":7969},{"committee":"Таганский район","vibid":"27720002420443","voters":68218,"total":32077,"voted":32028,"spoiled":252,"yays":18958,"nays":12818},{"committee":"Тверской район","vibid":"27720002420405","voters":22074,"total":10125,"voted":10109,"spoiled":64,"yays":5278,"nays":4767},{"committee":"район Хамовники","vibid":"27720002420512","voters":31608,"total":14556,"voted":14495,"spoiled":111,"yays":7818,"nays":6566},{"committee":"район Выхино-Жулебино","vibid":"27720002420417","voters":41090,"total":22078,"voted":22062,"spoiled":220,"yays":14348,"nays":7494},{"committee":"район Кузьминки","vibid":"27720002420488","voters":18434,"total":11083,"voted":11041,"spoiled":133,"yays":8165,"nays":2743},{"committee":"район Лефортово","vibid":"27720002420500","voters":26204,"total":19106,"voted":19075,"spoiled":131,"yays":13363,"nays":5581},{"committee":"район Люблино","vibid":"27720002420516","voters":47238,"total":24476,"voted":24454,"spoiled":265,"yays":16541,"nays":7648},{"committee":"район Марьино","vibid":"27720002420517","voters":58903,"total":26815,"voted":26776,"spoiled":237,"yays":17757,"nays":8782},{"committee":"район Некрасовка","vibid":"27720002420436","voters":24048,"total":16570,"voted":16544,"spoiled":96,"yays":11968,"nays":4480},{"committee":"Нижегородский район","vibid":"27720002420518","voters":2109,"total":1173,"voted":1172,"spoiled":14,"yays":588,"nays":570},{"committee":"район Печатники","vibid":"27720002420530","voters":19917,"total":9902,"voted":9891,"spoiled":70,"yays":6787,"nays":3034},{"committee":"Рязанский район","vibid":"27720002420470","voters":19299,"total":14663,"voted":14661,"spoiled":91,"yays":11576,"nays":2994},{"committee":"район Текстильщики","vibid":"27720002420410","voters":28340,"total":16536,"voted":16529,"spoiled":128,"yays":11731,"nays":4670},{"committee":"Южнопортовый район","vibid":"27720002420524","voters":28660,"total":17846,"voted":17834,"spoiled":100,"yays":12850,"nays":4884},{"committee":"Академический район","vibid":"27720002420429","voters":43164,"total":18625,"voted":18617,"spoiled":160,"yays":10695,"nays":7762},{"committee":"Гагаринский район","vibid":"27720002420465","voters":40054,"total":16128,"voted":16056,"spoiled":128,"yays":8873,"nays":7055},{"committee":"район Зюзино","vibid":"27720002420414","voters":26890,"total":11662,"voted":11640,"spoiled":122,"yays":7321,"nays":4197},{"committee":"район Коньково","vibid":"27720002420407","voters":36986,"total":14077,"voted":14064,"spoiled":137,"yays":8182,"nays":5745},{"committee":"район Котловка","vibid":"27720002420437","voters":9356,"total":4006,"voted":3971,"spoiled":30,"yays":2402,"nays":1539},{"committee":"Ломоносовский район","vibid":"27720002420506","voters":22484,"total":11152,"voted":11116,"spoiled":75,"yays":7371,"nays":3670},{"committee":"Обручевский район","vibid":"27720002420467","voters":19913,"total":8425,"voted":8419,"spoiled":141,"yays":4850,"nays":3428},{"committee":"район Северное Бутово","vibid":"27720002420451","voters":24615,"total":11948,"voted":11867,"spoiled":67,"yays":7568,"nays":4232},{"committee":"район Теплый Стан","vibid":"27720002420501","voters":29809,"total":11664,"voted":11654,"spoiled":138,"yays":7032,"nays":4484},{"committee":"район Черемушки","vibid":"27720002420491","voters":33487,"total":14571,"voted":14539,"spoiled":135,"yays":8927,"nays":5477},{"committee":"район Южное Бутово","vibid":"27720002420509","voters":94445,"total":38841,"voted":38797,"spoiled":329,"yays":22550,"nays":15918},{"committee":"район Ясенево","vibid":"27720002420489","voters":92707,"total":36855,"voted":36809,"spoiled":348,"yays":22860,"nays":13601},{"committee":"район Бирюлево Восточное","vibid":"27720002420520","voters":50172,"total":30804,"voted":30787,"spoiled":293,"yays":22351,"nays":8143},{"committee":"район Бирюлево Западное","vibid":"27720002420483","voters":23720,"total":12817,"voted":12812,"spoiled":123,"yays":9314,"nays":3375},{"committee":"район Братеево","vibid":"27720002420441","voters":32610,"total":18476,"voted":18459,"spoiled":149,"yays":13374,"nays":4936},{"committee":"Даниловский район","vibid":"27720002420440","voters":36950,"total":19658,"voted":19644,"spoiled":106,"yays":13666,"nays":5872},{"committee":"Донской район","vibid":"27720002420457","voters":19196,"total":9235,"voted":9226,"spoiled":87,"yays":5373,"nays":3766},{"committee":"район Зябликово","vibid":"27720002420415","voters":26506,"total":12274,"voted":12262,"spoiled":88,"yays":9208,"nays":2966},{"committee":"район Москворечье-Сабурово","vibid":"27720002420453","voters":11682,"total":7150,"voted":7146,"spoiled":58,"yays":5373,"nays":1715},{"committee":"район Нагатино-Садовники","vibid":"27720002420403","voters":35041,"total":21118,"voted":21103,"spoiled":156,"yays":15055,"nays":5892},{"committee":"район Нагатинский затон","vibid":"27720002420494","voters":29022,"total":18841,"voted":18837,"spoiled":84,"yays":14316,"nays":4437},{"committee":"Нагорный район","vibid":"27720002420431","voters":20395,"total":10694,"voted":10688,"spoiled":68,"yays":6992,"nays":3628},{"committee":"район Орехово-Борисово Северное","vibid":"27720002420484","voters":40167,"total":20172,"voted":20164,"spoiled":176,"yays":14143,"nays":5845},{"committee":"район Орехово-Борисово Южное","vibid":"27720002420425","voters":58645,"total":36418,"voted":36399,"spoiled":273,"yays":28471,"nays":7655},{"committee":"район Царицыно","vibid":"27720002420468","voters":64241,"total":25925,"voted":25907,"spoiled":303,"yays":15773,"nays":9831},{"committee":"район Чертаново Северное","vibid":"27720002420434","voters":11358,"total":4476,"voted":4474,"spoiled":35,"yays":2608,"nays":1831},{"committee":"район Чертаново Центральное","vibid":"27720002420521","voters":28065,"total":17821,"voted":17786,"spoiled":147,"yays":12736,"nays":4903},{"committee":"район Чертаново Южное","vibid":"27720002420460","voters":18448,"total":10622,"voted":10599,"spoiled":82,"yays":7703,"nays":2814},{"committee":"Новомосковская","vibid":"27720002420515","voters":35731,"total":20389,"voted":20387,"spoiled":138,"yays":15140,"nays":5109},{"committee":"Троицкий административный округ","vibid":"27720002420404","voters":73718,"total":35308,"voted":35304,"spoiled":347,"yays":23409,"nays":11548},{"committee":"Сосенская","vibid":"27720002420473","voters":29518,"total":12263,"voted":12253,"spoiled":81,"yays":8469,"nays":3703}]