[{"committee":"Чита, Центральная ","vibid":"27520001291605","voters":93557,"total":55316,"voted":55304,"spoiled":431,"yays":42568,"nays":12305},{"committee":"Чита, Ингодинская ","vibid":"27520001291606","voters":50913,"total":36078,"voted":36078,"spoiled":566,"yays":27290,"nays":8222},{"committee":"Чита, Железнодорожная","vibid":"27520001291594","voters":38062,"total":20935,"voted":20894,"spoiled":242,"yays":15282,"nays":5370},{"committee":"Чита, Черновская ","vibid":"27520001291602","voters":60914,"total":33500,"voted":33493,"spoiled":388,"yays":25029,"nays":8076},{"committee":"Агинская городская","vibid":"27520001291575","voters":11793,"total":6604,"voted":6604,"spoiled":46,"yays":4513,"nays":2045},{"committee":"ЗАТО п. Горный","vibid":"27520001291585","voters":4582,"total":2845,"voted":2844,"spoiled":30,"yays":1779,"nays":1035},{"committee":"Петровск-Забайкальская городская","vibid":"27520001291614","voters":12749,"total":10302,"voted":10302,"spoiled":80,"yays":7853,"nays":2369},{"committee":"Агинская","vibid":"27520001291578","voters":11639,"total":8636,"voted":8636,"spoiled":45,"yays":6216,"nays":2375},{"committee":"Акшинская   ","vibid":"27520001291616","voters":8009,"total":5065,"voted":5065,"spoiled":28,"yays":4142,"nays":895},{"committee":"Александрово-Заводская ","vibid":"27520001291597","voters":6192,"total":3807,"voted":3807,"spoiled":21,"yays":3339,"nays":447},{"committee":"Балейская","vibid":"27520001291586","voters":14159,"total":8994,"voted":8994,"spoiled":47,"yays":6780,"nays":2167},{"committee":"Борзинская","vibid":"27520001291610","voters":36493,"total":24287,"voted":24287,"spoiled":147,"yays":18055,"nays":6085},{"committee":"Газимуро-Заводская ","vibid":"27520001291581","voters":7773,"total":5293,"voted":5293,"spoiled":45,"yays":3822,"nays":1426},{"committee":"Дульдургинская ","vibid":"27520001291615","voters":10804,"total":7692,"voted":7692,"spoiled":40,"yays":6362,"nays":1290},{"committee":"Забайкальская","vibid":"27520001291595","voters":14641,"total":7027,"voted":7027,"spoiled":50,"yays":4401,"nays":2576},{"committee":"Каларская","vibid":"27520001291580","voters":6228,"total":2633,"voted":2633,"spoiled":18,"yays":1537,"nays":1078},{"committee":"Калганская","vibid":"27520001291613","voters":5967,"total":4371,"voted":4371,"spoiled":25,"yays":3536,"nays":810},{"committee":"Карымская","vibid":"27520001291599","voters":24388,"total":15993,"voted":15993,"spoiled":198,"yays":11632,"nays":4163},{"committee":"Краснокаменская","vibid":"27520001291612","voters":43819,"total":19873,"voted":19851,"spoiled":273,"yays":13218,"nays":6360},{"committee":"Красночикойская ","vibid":"27520001291583","voters":13976,"total":9298,"voted":9298,"spoiled":45,"yays":7796,"nays":1457},{"committee":"Кыринская ","vibid":"27520001291596","voters":10342,"total":5996,"voted":5995,"spoiled":34,"yays":4801,"nays":1160},{"committee":"Могойтуйская","vibid":"27520001291618","voters":18688,"total":13003,"voted":13003,"spoiled":76,"yays":8465,"nays":4462},{"committee":"Могочинская ","vibid":"27520001291603","voters":18536,"total":12695,"voted":12502,"spoiled":94,"yays":9888,"nays":2520},{"committee":"Нерчинская ","vibid":"27520001291573","voters":19115,"total":10591,"voted":10591,"spoiled":56,"yays":8053,"nays":2482},{"committee":"Нерчинско-Заводская","vibid":"27520001291572","voters":7252,"total":4962,"voted":4962,"spoiled":35,"yays":4103,"nays":824},{"committee":"Оловяннинская","vibid":"27520001291591","voters":24120,"total":15819,"voted":15819,"spoiled":195,"yays":12318,"nays":3306},{"committee":"Ононская ","vibid":"27520001291590","voters":8632,"total":5579,"voted":5579,"spoiled":32,"yays":4260,"nays":1287},{"committee":"Петровск-Забайкальская","vibid":"27520001291571","voters":12871,"total":8504,"voted":8504,"spoiled":50,"yays":6311,"nays":2143},{"committee":"Приаргунская ","vibid":"27520001291587","voters":14562,"total":9353,"voted":9293,"spoiled":110,"yays":6889,"nays":2294},{"committee":"Сретенская ","vibid":"27520001291600","voters":16463,"total":8936,"voted":8936,"spoiled":58,"yays":6693,"nays":2185},{"committee":"Тунгиро-Олекминская","vibid":"27520001291574","voters":1057,"total":799,"voted":799,"spoiled":7,"yays":718,"nays":74},{"committee":"Тунгокоченская ","vibid":"27520001291579","voters":8878,"total":5685,"voted":5685,"spoiled":35,"yays":4548,"nays":1102},{"committee":"Улетовская","vibid":"27520001291582","voters":14725,"total":9128,"voted":9128,"spoiled":52,"yays":7226,"nays":1850},{"committee":"Хилокская","vibid":"27520001291589","voters":21228,"total":11588,"voted":11573,"spoiled":50,"yays":8299,"nays":3224},{"committee":"Чернышевская","vibid":"27520001291620","voters":24587,"total":16838,"voted":16838,"spoiled":105,"yays":12640,"nays":4093},{"committee":"Читинская","vibid":"27520001291577","voters":49740,"total":22921,"voted":22919,"spoiled":184,"yays":17199,"nays":5536},{"committee":"Шелопугинская","vibid":"27520001291608","voters":5734,"total":3773,"voted":3773,"spoiled":10,"yays":3046,"nays":717},{"committee":"Шилкинская ","vibid":"27520001291617","voters":30942,"total":16374,"voted":16374,"spoiled":111,"yays":12063,"nays":4200}]