[{"committee":"Биробиджанская","vibid":"2792000418491","voters":9216,"total":7096,"voted":7096,"spoiled":118,"yays":5660,"nays":1318},{"committee":"Биробиджанская городская","vibid":"2792000418492","voters":56850,"total":37373,"voted":37353,"spoiled":539,"yays":27087,"nays":9727},{"committee":"Ленинская","vibid":"2792000418490","voters":13140,"total":9943,"voted":9940,"spoiled":97,"yays":8116,"nays":1727},{"committee":"Облученская","vibid":"2792000418489","voters":20356,"total":14523,"voted":14523,"spoiled":119,"yays":10837,"nays":3567},{"committee":"Октябрьская","vibid":"2792000418488","voters":7355,"total":5886,"voted":5886,"spoiled":50,"yays":5024,"nays":812},{"committee":"Смидовичская","vibid":"2792000418487","voters":19081,"total":16032,"voted":16029,"spoiled":261,"yays":13489,"nays":2279}]