[{"committee":"Ардатовская","vibid":"2132000988506","voters":18976,"total":16599,"voted":16598,"spoiled":28,"yays":14761,"nays":1809},{"committee":"Атюрьевская","vibid":"2132000988508","voters":7552,"total":6980,"voted":6980,"spoiled":11,"yays":6418,"nays":551},{"committee":"Атяшевская","vibid":"2132000988499","voters":14832,"total":13676,"voted":13676,"spoiled":5,"yays":11438,"nays":2233},{"committee":"Большеберезниковская","vibid":"2132000988504","voters":9335,"total":8148,"voted":8148,"spoiled":4,"yays":7408,"nays":736},{"committee":"Большеигнатовская","vibid":"2132000988510","voters":5596,"total":4852,"voted":4841,"spoiled":4,"yays":4402,"nays":435},{"committee":"Дубенская","vibid":"2132000988523","voters":10042,"total":9317,"voted":9316,"spoiled":4,"yays":8640,"nays":672},{"committee":"Ельниковская","vibid":"2132000988515","voters":8243,"total":6983,"voted":6983,"spoiled":6,"yays":6089,"nays":888},{"committee":"Зубово-Полянская","vibid":"2132000988511","voters":30464,"total":27200,"voted":27192,"spoiled":17,"yays":25153,"nays":2022},{"committee":"Инсарская","vibid":"2132000988518","voters":10267,"total":9434,"voted":9434,"spoiled":22,"yays":8521,"nays":891},{"committee":"Ичалковская","vibid":"2132000988502","voters":14206,"total":12372,"voted":12372,"spoiled":6,"yays":11367,"nays":999},{"committee":"Кадошкинская","vibid":"2132000988522","voters":6004,"total":5076,"voted":5076,"spoiled":8,"yays":4611,"nays":457},{"committee":"Ковылкинская","vibid":"2132000988512","voters":29977,"total":27601,"voted":27601,"spoiled":0,"yays":24576,"nays":3025},{"committee":"Кочкуровская","vibid":"2132000988519","voters":7354,"total":6595,"voted":6595,"spoiled":41,"yays":5818,"nays":736},{"committee":"Краснослободская","vibid":"2132000988516","voters":18153,"total":16663,"voted":16658,"spoiled":36,"yays":15561,"nays":1061},{"committee":"Лямбирская","vibid":"2132000988500","voters":24927,"total":22473,"voted":22473,"spoiled":58,"yays":20389,"nays":2026},{"committee":"Ромодановская","vibid":"2132000988517","voters":14610,"total":13111,"voted":13098,"spoiled":114,"yays":11855,"nays":1129},{"committee":"Рузаевская","vibid":"2132000988514","voters":23620,"total":17967,"voted":17962,"spoiled":181,"yays":14281,"nays":3500},{"committee":"Ленинская","vibid":"2132000988503","voters":74305,"total":49840,"voted":49819,"spoiled":362,"yays":38477,"nays":10980},{"committee":"Октябрьская","vibid":"2132000988513","voters":102629,"total":71633,"voted":70637,"spoiled":648,"yays":56085,"nays":13904},{"committee":"Пролетарская","vibid":"2132000988521","voters":71880,"total":50040,"voted":49556,"spoiled":333,"yays":40781,"nays":8442},{"committee":"Старошайговская","vibid":"2132000988501","voters":9309,"total":8537,"voted":8537,"spoiled":71,"yays":7875,"nays":591},{"committee":"Темниковская","vibid":"2132000988520","voters":11753,"total":10527,"voted":10527,"spoiled":20,"yays":9564,"nays":943},{"committee":"Теньгушевская","vibid":"2132000988505","voters":7644,"total":6752,"voted":6752,"spoiled":7,"yays":6247,"nays":498},{"committee":"Торбеевская","vibid":"2132000988509","voters":8131,"total":7233,"voted":7233,"spoiled":38,"yays":6635,"nays":560},{"committee":"Чамзинская","vibid":"2132000988507","voters":23709,"total":20246,"voted":20245,"spoiled":218,"yays":18056,"nays":1971}]