[{"committee":"Александровская","vibid":"22620001200018","voters":27621,"total":23842,"voted":23742,"spoiled":90,"yays":20435,"nays":3217},{"committee":"Андроповская","vibid":"22620001200020","voters":15690,"total":13208,"voted":13208,"spoiled":39,"yays":11139,"nays":2030},{"committee":"Апанасенковская","vibid":"22620001200009","voters":22826,"total":18238,"voted":18237,"spoiled":111,"yays":15808,"nays":2318},{"committee":"Арзгирская","vibid":"22620001200015","voters":17725,"total":13737,"voted":13736,"spoiled":125,"yays":12694,"nays":917},{"committee":"Благодарненская","vibid":"22620001200024","voters":40110,"total":34296,"voted":34295,"spoiled":511,"yays":30551,"nays":3233},{"committee":"Буденновская","vibid":"22620001200039","voters":72116,"total":55193,"voted":55165,"spoiled":1230,"yays":45796,"nays":8139},{"committee":"Георгиевская","vibid":"22620001200030","voters":63151,"total":51614,"voted":51613,"spoiled":1030,"yays":44100,"nays":6483},{"committee":"Грачевская","vibid":"22620001200025","voters":25208,"total":21040,"voted":21038,"spoiled":361,"yays":19684,"nays":993},{"committee":"Ессентукская городская","vibid":"22620001200033","voters":60060,"total":50647,"voted":50645,"spoiled":3342,"yays":44765,"nays":2538},{"committee":"Железноводская городская","vibid":"22620001200012","voters":36977,"total":31294,"voted":31294,"spoiled":175,"yays":25721,"nays":5398},{"committee":"Изобильненская","vibid":"22620001200038","voters":70312,"total":58651,"voted":58395,"spoiled":601,"yays":51659,"nays":6135},{"committee":"Ипатовская","vibid":"22620001200026","voters":43864,"total":36802,"voted":36802,"spoiled":170,"yays":31094,"nays":5538},{"committee":"Кировская","vibid":"22620001200034","voters":45499,"total":36416,"voted":36407,"spoiled":370,"yays":31117,"nays":4920},{"committee":"Кисловодская городская","vibid":"22620001200031","voters":45867,"total":35795,"voted":35795,"spoiled":782,"yays":31567,"nays":3446},{"committee":"Кочубеевская","vibid":"22620001200010","voters":52876,"total":41544,"voted":41544,"spoiled":181,"yays":35286,"nays":6077},{"committee":"Красногвардейская","vibid":"22620001200032","voters":27365,"total":22434,"voted":22434,"spoiled":166,"yays":20186,"nays":2082},{"committee":"Курская","vibid":"22620001203312","voters":34432,"total":27786,"voted":27786,"spoiled":155,"yays":25519,"nays":2112},{"committee":"Левокумская","vibid":"22620001200013","voters":26529,"total":22343,"voted":22338,"spoiled":1083,"yays":19195,"nays":2060},{"committee":"Лермонтовская городская","vibid":"22620001200027","voters":17650,"total":13306,"voted":13306,"spoiled":111,"yays":11787,"nays":1408},{"committee":"Минераловодская","vibid":"22620001200037","voters":87060,"total":70676,"voted":70674,"spoiled":305,"yays":58611,"nays":11758},{"committee":"Невинномысская городская","vibid":"22620001200011","voters":52096,"total":43313,"voted":43242,"spoiled":145,"yays":33865,"nays":9232},{"committee":"Нефтекумская","vibid":"22620001200036","voters":39640,"total":32893,"voted":32892,"spoiled":603,"yays":29548,"nays":2741},{"committee":"Новоалександровская","vibid":"22620001200017","voters":29505,"total":24955,"voted":24864,"spoiled":110,"yays":23613,"nays":1141},{"committee":"Новоселицкая","vibid":"22620001200021","voters":16735,"total":14079,"voted":14077,"spoiled":75,"yays":12761,"nays":1241},{"committee":"Петровская","vibid":"22620001200019","voters":51200,"total":42069,"voted":42058,"spoiled":229,"yays":36083,"nays":5746},{"committee":"Предгорная","vibid":"22620001200008","voters":73532,"total":59826,"voted":59821,"spoiled":672,"yays":46244,"nays":12905},{"committee":"Пятигорская городская","vibid":"22620001200043","voters":75434,"total":61805,"voted":61303,"spoiled":631,"yays":49088,"nays":11584},{"committee":"Советская","vibid":"22620001200016","voters":35480,"total":28200,"voted":28200,"spoiled":396,"yays":24226,"nays":3578},{"committee":"Ставрополь, Ленинская","vibid":"22620001200040","voters":44688,"total":34926,"voted":34925,"spoiled":0,"yays":29590,"nays":5335},{"committee":"Ставрополь, Октябрьская","vibid":"22620001200014","voters":65325,"total":51663,"voted":51660,"spoiled":121,"yays":41732,"nays":9807},{"committee":"Ставрополь, Промышленная","vibid":"22620001200022","voters":118080,"total":92911,"voted":92660,"spoiled":364,"yays":75912,"nays":16384},{"committee":"Степновская","vibid":"22620001200028","voters":13949,"total":11427,"voted":11427,"spoiled":85,"yays":10395,"nays":947},{"committee":"Труновская","vibid":"22620001200035","voters":23795,"total":19213,"voted":19213,"spoiled":291,"yays":16445,"nays":2477},{"committee":"Туркменская","vibid":"22620001200041","voters":17574,"total":13600,"voted":13555,"spoiled":121,"yays":11422,"nays":2012},{"committee":"Шпаковская","vibid":"22620001200042","voters":58948,"total":49933,"voted":49933,"spoiled":112,"yays":42963,"nays":6858},{"committee":"Георгиевская городская","vibid":"22620001200023","voters":39335,"total":32873,"voted":32873,"spoiled":385,"yays":29130,"nays":3358}]