[{"committee":"Баксанская","vibid":"2072000493542","voters":31747,"total":24612,"voted":24314,"spoiled":357,"yays":21907,"nays":2050},{"committee":"Баксанская городская","vibid":"2072000493543","voters":21855,"total":16869,"voted":16526,"spoiled":289,"yays":14941,"nays":1296},{"committee":"Лескенская","vibid":"2072000493539","voters":5734,"total":4552,"voted":4480,"spoiled":102,"yays":3979,"nays":399},{"committee":"Нальчикская городская","vibid":"2072000493544","voters":52019,"total":41267,"voted":40383,"spoiled":831,"yays":36680,"nays":2872},{"committee":"Прохладненская","vibid":"2072000493538","voters":11724,"total":8943,"voted":8812,"spoiled":179,"yays":8028,"nays":605},{"committee":"Чегемская","vibid":"2072000493545","voters":18939,"total":15077,"voted":14904,"spoiled":224,"yays":13478,"nays":1202},{"committee":"Эльбрусская","vibid":"2072000493541","voters":1778,"total":1399,"voted":1395,"spoiled":20,"yays":1255,"nays":120}]