[{"committee":"Абаканская городская","vibid":"2192000644083","voters":130580,"total":51503,"voted":51482,"spoiled":379,"yays":32831,"nays":18272},{"committee":"Алтайская","vibid":"2192000644082","voters":18290,"total":10447,"voted":10447,"spoiled":94,"yays":7018,"nays":3335},{"committee":"Аскизская","vibid":"2192000644081","voters":29347,"total":15889,"voted":15889,"spoiled":210,"yays":12119,"nays":3560},{"committee":"Бейская","vibid":"2192000644080","voters":14943,"total":10522,"voted":10522,"spoiled":84,"yays":7884,"nays":2554},{"committee":"Боградская","vibid":"2192000644079","voters":10455,"total":5949,"voted":5949,"spoiled":64,"yays":4136,"nays":1749},{"committee":"Орджоникидзевская","vibid":"2192000644078","voters":9282,"total":6105,"voted":6105,"spoiled":187,"yays":3871,"nays":2047},{"committee":"Саяногорская городская","vibid":"2192000644077","voters":47469,"total":20861,"voted":20839,"spoiled":202,"yays":14570,"nays":6067},{"committee":"Таштыпская","vibid":"2192000644076","voters":10718,"total":8041,"voted":7928,"spoiled":150,"yays":6163,"nays":1615},{"committee":"Усть-Абаканская","vibid":"2192000644075","voters":31982,"total":16719,"voted":16716,"spoiled":125,"yays":10976,"nays":5615},{"committee":"Черногорская городская","vibid":"2192000644074","voters":52539,"total":29123,"voted":29123,"spoiled":414,"yays":18852,"nays":9857},{"committee":"Ширинская","vibid":"2192000644073","voters":21161,"total":18342,"voted":18342,"spoiled":168,"yays":16195,"nays":1979},{"committee":"Абазинская городская","vibid":"2192000644072","voters":10456,"total":5836,"voted":5836,"spoiled":117,"yays":3825,"nays":1894},{"committee":"Сорская городская","vibid":"2192000644071","voters":8099,"total":4186,"voted":4186,"spoiled":31,"yays":2941,"nays":1214}]