[{"committee":"Городовиковская","vibid":"2082000562186","voters":12088,"total":8370,"voted":8370,"spoiled":77,"yays":7003,"nays":1290},{"committee":"Ики-Бурульская","vibid":"2082000562187","voters":7176,"total":6126,"voted":6126,"spoiled":17,"yays":5516,"nays":593},{"committee":"Лаганская","vibid":"2082000562178","voters":12781,"total":11120,"voted":11120,"spoiled":47,"yays":10152,"nays":921},{"committee":"Кетченеровская","vibid":"2082000562182","voters":7330,"total":6252,"voted":6252,"spoiled":5,"yays":5533,"nays":714},{"committee":"Малодербетовская","vibid":"2082000562176","voters":7264,"total":5461,"voted":5461,"spoiled":116,"yays":4584,"nays":761},{"committee":"Октябрьская","vibid":"2082000562189","voters":5813,"total":4834,"voted":4834,"spoiled":41,"yays":4315,"nays":478},{"committee":"Приютненская","vibid":"2082000562181","voters":7518,"total":6787,"voted":6787,"spoiled":27,"yays":6146,"nays":614},{"committee":"Сарпинская","vibid":"2082000562177","voters":8544,"total":6587,"voted":6587,"spoiled":28,"yays":5769,"nays":790},{"committee":"Целинная","vibid":"2082000562184","voters":12497,"total":10485,"voted":10485,"spoiled":138,"yays":9088,"nays":1259},{"committee":"Черноземельская","vibid":"2082000562180","voters":7879,"total":6769,"voted":6769,"spoiled":35,"yays":6020,"nays":714},{"committee":"Элистинская","vibid":"2082000562188","voters":83213,"total":51950,"voted":51947,"spoiled":883,"yays":40310,"nays":10754},{"committee":"Юстинская","vibid":"2082000562179","voters":6707,"total":5694,"voted":5694,"spoiled":17,"yays":5129,"nays":548},{"committee":"Яшалтинская","vibid":"2082000562185","voters":10593,"total":8457,"voted":8457,"spoiled":69,"yays":7002,"nays":1386},{"committee":"Яшкульская","vibid":"2082000562183","voters":9880,"total":7751,"voted":7751,"spoiled":16,"yays":6635,"nays":1100}]