[{"committee":"Адамовская","vibid":"25620001400111","voters":1534,"total":826,"voted":826,"spoiled":12,"yays":555,"nays":259},{"committee":"Акбулакская","vibid":"25620001400095","voters":3892,"total":3020,"voted":3020,"spoiled":36,"yays":2233,"nays":751},{"committee":"Александровская","vibid":"25620001400104","voters":290,"total":221,"voted":221,"spoiled":1,"yays":168,"nays":52},{"committee":"Асекеевская","vibid":"25620001400119","voters":11255,"total":8103,"voted":8103,"spoiled":25,"yays":6536,"nays":1542},{"committee":"Беляевская","vibid":"25620001400138","voters":1326,"total":1034,"voted":1034,"spoiled":4,"yays":837,"nays":193},{"committee":"Бугурусланская","vibid":"25620001400126","voters":9748,"total":7906,"voted":7906,"spoiled":35,"yays":6298,"nays":1573},{"committee":"Бугурусланская городская","vibid":"25620001400121","voters":3085,"total":2187,"voted":2187,"spoiled":16,"yays":1624,"nays":547},{"committee":"Бузулукская","vibid":"25620001400131","voters":5988,"total":4322,"voted":4322,"spoiled":24,"yays":3002,"nays":1296},{"committee":"Бузулукская городская","vibid":"25620001400099","voters":21742,"total":16051,"voted":16051,"spoiled":131,"yays":12202,"nays":3718},{"committee":"Гайская городская","vibid":"25620001400122","voters":8423,"total":6314,"voted":6314,"spoiled":96,"yays":5032,"nays":1186},{"committee":"Домбаровская","vibid":"25620001400128","voters":979,"total":723,"voted":723,"spoiled":1,"yays":575,"nays":147},{"committee":"Илекская","vibid":"25620001400096","voters":2932,"total":2510,"voted":2510,"spoiled":31,"yays":2099,"nays":380},{"committee":"Кваркенская","vibid":"25620001400129","voters":1623,"total":1291,"voted":1291,"spoiled":11,"yays":928,"nays":352},{"committee":"Кувандыкская городская","vibid":"25620001400123","voters":14096,"total":8490,"voted":8490,"spoiled":41,"yays":6012,"nays":2437},{"committee":"Курманаевская","vibid":"25620001400136","voters":127,"total":98,"voted":98,"spoiled":1,"yays":62,"nays":35},{"committee":"Матвеевская","vibid":"25620001400098","voters":8269,"total":5806,"voted":5805,"spoiled":33,"yays":4113,"nays":1659},{"committee":"Новосергиевская","vibid":"25620001400112","voters":8437,"total":5621,"voted":5621,"spoiled":37,"yays":4065,"nays":1519},{"committee":"Новотроицкая городская","vibid":"25620001400110","voters":28205,"total":18732,"voted":18720,"spoiled":207,"yays":14107,"nays":4406},{"committee":"Оренбург, Дзержинская","vibid":"25620001400143","voters":1300,"total":987,"voted":987,"spoiled":7,"yays":791,"nays":189},{"committee":"Оренбург, Ленинская","vibid":"25620001400105","voters":3002,"total":1788,"voted":1788,"spoiled":18,"yays":1247,"nays":523},{"committee":"Оренбург, Промышленная","vibid":"25620001400139","voters":2111,"total":1719,"voted":1719,"spoiled":12,"yays":1251,"nays":456},{"committee":"Оренбург, Центральная","vibid":"25620001400101","voters":4215,"total":1984,"voted":1984,"spoiled":21,"yays":1245,"nays":718},{"committee":"Оренбургская","vibid":"25620001400113","voters":11004,"total":8224,"voted":8192,"spoiled":39,"yays":6481,"nays":1672},{"committee":"Орск, Ленинская","vibid":"25620001400124","voters":4147,"total":3492,"voted":3492,"spoiled":48,"yays":2686,"nays":758},{"committee":"Орск, Октябрьская","vibid":"25620001400134","voters":10179,"total":6793,"voted":6790,"spoiled":96,"yays":4591,"nays":2103},{"committee":"Орск, Советская","vibid":"25620001400141","voters":3967,"total":3557,"voted":3557,"spoiled":40,"yays":2631,"nays":886},{"committee":"Первомайская","vibid":"25620001400142","voters":11489,"total":7642,"voted":7642,"spoiled":42,"yays":5454,"nays":2146},{"committee":"Переволоцкая","vibid":"25620001400120","voters":8382,"total":5463,"voted":5463,"spoiled":52,"yays":3967,"nays":1444},{"committee":"Пономаревская","vibid":"25620001400115","voters":3032,"total":2706,"voted":2706,"spoiled":7,"yays":2416,"nays":283},{"committee":"Сакмарская","vibid":"25620001400133","voters":6350,"total":4714,"voted":4714,"spoiled":62,"yays":3443,"nays":1209},{"committee":"Саракташская","vibid":"25620001400137","voters":6659,"total":5175,"voted":5175,"spoiled":27,"yays":3678,"nays":1470},{"committee":"Светлинская","vibid":"25620001400140","voters":7677,"total":5457,"voted":5457,"spoiled":87,"yays":4167,"nays":1203},{"committee":"Северная","vibid":"25620001400097","voters":2989,"total":2434,"voted":2434,"spoiled":43,"yays":2105,"nays":286},{"committee":"Соль-Илецкая городская","vibid":"25620001400114","voters":24324,"total":14452,"voted":14452,"spoiled":101,"yays":9626,"nays":4725},{"committee":"Ташлинская","vibid":"25620001400108","voters":897,"total":700,"voted":700,"spoiled":14,"yays":546,"nays":140},{"committee":"Тоцкая","vibid":"25620001400130","voters":4867,"total":3844,"voted":3844,"spoiled":18,"yays":2862,"nays":964},{"committee":"Шарлыкская","vibid":"25620001400106","voters":4269,"total":3625,"voted":3625,"spoiled":25,"yays":3125,"nays":475},{"committee":"ЗАТО Комаровская","vibid":"25620001400100","voters":3111,"total":2064,"voted":2064,"spoiled":14,"yays":1071,"nays":979}]