[{"committee":"Бабынинская","vibid":"2402000946533","voters":6147,"total":5369,"voted":5369,"spoiled":56,"yays":3855,"nays":1458},{"committee":"Барятинская","vibid":"2402000946560","voters":3665,"total":2959,"voted":2959,"spoiled":24,"yays":2183,"nays":752},{"committee":"Боровская","vibid":"2402000946559","voters":31341,"total":24145,"voted":24145,"spoiled":155,"yays":16678,"nays":7312},{"committee":"Дзержинская","vibid":"2402000946558","voters":1515,"total":1171,"voted":1171,"spoiled":6,"yays":757,"nays":408},{"committee":"Думиничская","vibid":"2402000946557","voters":10003,"total":6701,"voted":6701,"spoiled":62,"yays":5176,"nays":1463},{"committee":"Жиздринская","vibid":"2402000946556","voters":3002,"total":2470,"voted":2470,"spoiled":28,"yays":1767,"nays":675},{"committee":"Жуковская","vibid":"2402000946555","voters":9598,"total":7528,"voted":7516,"spoiled":54,"yays":5290,"nays":2172},{"committee":"Износковская","vibid":"2402000946554","voters":2665,"total":2487,"voted":2487,"spoiled":25,"yays":1832,"nays":630},{"committee":"Калуга, Ленинская","vibid":"2402000946553","voters":2178,"total":1325,"voted":1324,"spoiled":20,"yays":971,"nays":333},{"committee":"Калуга, Московская","vibid":"2402000946552","voters":1660,"total":1074,"voted":1074,"spoiled":5,"yays":645,"nays":424},{"committee":"Калуга, Октябрьская","vibid":"2402000946551","voters":44120,"total":20517,"voted":20508,"spoiled":179,"yays":14199,"nays":6130},{"committee":"Кировская","vibid":"2402000946550","voters":9782,"total":7820,"voted":7820,"spoiled":76,"yays":5683,"nays":2061},{"committee":"Козельская","vibid":"2402000946549","voters":10629,"total":7701,"voted":7701,"spoiled":43,"yays":5880,"nays":1778},{"committee":"Куйбышевская","vibid":"2402000946548","voters":5665,"total":4521,"voted":4521,"spoiled":33,"yays":3228,"nays":1260},{"committee":"Людиновская","vibid":"2402000946547","voters":5728,"total":4060,"voted":4060,"spoiled":22,"yays":3053,"nays":985},{"committee":"Малоярославецкая","vibid":"2402000946546","voters":7159,"total":4028,"voted":4022,"spoiled":21,"yays":2859,"nays":1142},{"committee":"Медынская","vibid":"2402000946545","voters":1653,"total":1624,"voted":1624,"spoiled":22,"yays":1156,"nays":446},{"committee":"Мещовская","vibid":"2402000946544","voters":8397,"total":7061,"voted":7061,"spoiled":36,"yays":5464,"nays":1561},{"committee":"Мосальская","vibid":"2402000946543","voters":3179,"total":2870,"voted":2870,"spoiled":9,"yays":2309,"nays":552},{"committee":"Обнинская городская","vibid":"2402000946542","voters":26004,"total":12025,"voted":12023,"spoiled":87,"yays":8047,"nays":3889},{"committee":"Перемышльская","vibid":"2402000946541","voters":6186,"total":5478,"voted":5478,"spoiled":24,"yays":4174,"nays":1280},{"committee":"Спас-Деменская","vibid":"2402000946540","voters":6294,"total":5229,"voted":5229,"spoiled":40,"yays":4302,"nays":887},{"committee":"Сухиничская","vibid":"2402000946539","voters":4813,"total":4305,"voted":4305,"spoiled":25,"yays":3379,"nays":901},{"committee":"Тарусская","vibid":"2402000946538","voters":5453,"total":4657,"voted":4656,"spoiled":31,"yays":3210,"nays":1415},{"committee":"Ульяновская","vibid":"2402000946537","voters":5561,"total":4158,"voted":4158,"spoiled":27,"yays":3230,"nays":901},{"committee":"Ферзиковская","vibid":"2402000946536","voters":3402,"total":3018,"voted":3018,"spoiled":14,"yays":2281,"nays":723},{"committee":"Хвастовичская","vibid":"2402000946535","voters":5236,"total":4604,"voted":4604,"spoiled":36,"yays":3403,"nays":1165},{"committee":"Юхновская","vibid":"2402000946534","voters":6425,"total":5476,"voted":5476,"spoiled":37,"yays":3929,"nays":1510}]