[{"committee":"Алексинская","vibid":"27120001198244","voters":56678,"total":41297,"voted":41297,"spoiled":346,"yays":34233,"nays":6718},{"committee":"Арсеньевская","vibid":"27120001198246","voters":9359,"total":6454,"voted":6454,"spoiled":40,"yays":5074,"nays":1340},{"committee":"Белевская","vibid":"27120001198236","voters":16387,"total":11783,"voted":11782,"spoiled":63,"yays":9193,"nays":2526},{"committee":"Богородицкая","vibid":"27120001198241","voters":38849,"total":31907,"voted":31801,"spoiled":210,"yays":29399,"nays":2192},{"committee":"Веневская","vibid":"27120001198248","voters":23835,"total":19929,"voted":19928,"spoiled":126,"yays":17145,"nays":2657},{"committee":"Воловская","vibid":"27120001198261","voters":10304,"total":7799,"voted":7799,"spoiled":26,"yays":6557,"nays":1216},{"committee":"Донская","vibid":"27120001198253","voters":44856,"total":33390,"voted":33390,"spoiled":124,"yays":28115,"nays":5151},{"committee":"Дубенская","vibid":"27120001198249","voters":10155,"total":8565,"voted":8565,"spoiled":100,"yays":7158,"nays":1307},{"committee":"Ефремовская","vibid":"27120001198256","voters":46463,"total":26980,"voted":26798,"spoiled":145,"yays":21961,"nays":4692},{"committee":"Заокская","vibid":"27120001198239","voters":14455,"total":10464,"voted":10463,"spoiled":73,"yays":8402,"nays":1988},{"committee":"Каменская","vibid":"27120001198260","voters":6591,"total":5511,"voted":5511,"spoiled":17,"yays":4560,"nays":934},{"committee":"Кимовская","vibid":"27120001198250","voters":32208,"total":24254,"voted":24253,"spoiled":257,"yays":20955,"nays":3041},{"committee":"Киреевская","vibid":"27120001198257","voters":55998,"total":43730,"voted":43622,"spoiled":285,"yays":35260,"nays":8077},{"committee":"Куркинская","vibid":"27120001198254","voters":8212,"total":6728,"voted":6728,"spoiled":24,"yays":5620,"nays":1084},{"committee":"Ленинская","vibid":"27120001198237","voters":30877,"total":23046,"voted":23046,"spoiled":124,"yays":19294,"nays":3628},{"committee":"Новомосковская","vibid":"27120001198255","voters":111854,"total":86210,"voted":86210,"spoiled":818,"yays":72784,"nays":12608},{"committee":"Одоевская","vibid":"27120001198252","voters":9173,"total":6601,"voted":6601,"spoiled":19,"yays":4873,"nays":1709},{"committee":"Плавская","vibid":"27120001198240","voters":19462,"total":16582,"voted":16581,"spoiled":78,"yays":14566,"nays":1937},{"committee":"Суворовская","vibid":"27120001198251","voters":26151,"total":19487,"voted":19487,"spoiled":196,"yays":15722,"nays":3569},{"committee":"Тепло-Огаревская","vibid":"27120001198259","voters":9934,"total":7670,"voted":7670,"spoiled":35,"yays":6436,"nays":1199},{"committee":"Тула, Зареченская","vibid":"27120001198238","voters":72232,"total":51696,"voted":51679,"spoiled":374,"yays":42092,"nays":9213},{"committee":"Тула, Привокзальная","vibid":"27120001198258","voters":64323,"total":45923,"voted":45890,"spoiled":302,"yays":37384,"nays":8204},{"committee":"Тула, Пролетарская","vibid":"27120001198243","voters":118396,"total":83303,"voted":83296,"spoiled":353,"yays":70171,"nays":12772},{"committee":"Тула, Советская","vibid":"27120001198247","voters":51449,"total":32849,"voted":32832,"spoiled":200,"yays":26967,"nays":5665},{"committee":"Тула, Центральная","vibid":"27120001198245","voters":73692,"total":46594,"voted":46582,"spoiled":403,"yays":36764,"nays":9415},{"committee":"Узловская","vibid":"27120001198235","voters":63645,"total":50670,"voted":50668,"spoiled":580,"yays":41598,"nays":8490},{"committee":"Чернская","vibid":"27120001198263","voters":14806,"total":11152,"voted":11152,"spoiled":30,"yays":9082,"nays":2040},{"committee":"Щекинская","vibid":"27120001198242","voters":78883,"total":57701,"voted":57701,"spoiled":380,"yays":48114,"nays":9207},{"committee":"Ясногорская","vibid":"27120001198262","voters":23581,"total":17410,"voted":17295,"spoiled":111,"yays":14180,"nays":3004}]