[{"committee":"Бабаевская","vibid":"23520001329234","voters":16965,"total":10958,"voted":10956,"spoiled":98,"yays":8147,"nays":2711},{"committee":"Бабушкинская","vibid":"23520001329236","voters":9825,"total":6927,"voted":6927,"spoiled":39,"yays":5164,"nays":1724},{"committee":"Белозерская","vibid":"23520001329226","voters":13743,"total":8847,"voted":8847,"spoiled":57,"yays":6888,"nays":1902},{"committee":"Вашкинская","vibid":"23520001329231","voters":6647,"total":4418,"voted":4418,"spoiled":50,"yays":3508,"nays":860},{"committee":"Великоустюгская","vibid":"23520001329238","voters":42307,"total":29101,"voted":29100,"spoiled":245,"yays":19976,"nays":8879},{"committee":"Верховажская","vibid":"23520001329251","voters":11184,"total":7537,"voted":7537,"spoiled":64,"yays":5643,"nays":1830},{"committee":"Вожегодская","vibid":"23520001329243","voters":11388,"total":7954,"voted":7954,"spoiled":49,"yays":6308,"nays":1597},{"committee":"Вологодская городская","vibid":"23520001329239","voters":226534,"total":129095,"voted":129037,"spoiled":945,"yays":90796,"nays":37296},{"committee":"Вологодская","vibid":"23520001329246","voters":39731,"total":26286,"voted":26285,"spoiled":249,"yays":18276,"nays":7760},{"committee":"Вытегорская","vibid":"23520001329229","voters":19794,"total":11846,"voted":11846,"spoiled":88,"yays":8884,"nays":2874},{"committee":"Грязовецкая","vibid":"23520001329250","voters":27169,"total":16717,"voted":16717,"spoiled":152,"yays":12175,"nays":4390},{"committee":"Кадуйская","vibid":"23520001329240","voters":13507,"total":8141,"voted":8141,"spoiled":80,"yays":5828,"nays":2233},{"committee":"Кирилловская","vibid":"23520001329247","voters":11986,"total":8220,"voted":8220,"spoiled":90,"yays":5972,"nays":2158},{"committee":"Кичменгско-Городецкая","vibid":"23520001329244","voters":13597,"total":9658,"voted":9658,"spoiled":76,"yays":7331,"nays":2251},{"committee":"Междуреченская","vibid":"23520001329227","voters":4641,"total":3551,"voted":3551,"spoiled":47,"yays":2680,"nays":824},{"committee":"Никольская","vibid":"23520001329245","voters":16578,"total":12157,"voted":12157,"spoiled":155,"yays":9319,"nays":2683},{"committee":"Нюксенская","vibid":"23520001329242","voters":7679,"total":5873,"voted":5871,"spoiled":53,"yays":3924,"nays":1894},{"committee":"Сокольская","vibid":"23520001329230","voters":38552,"total":23212,"voted":23211,"spoiled":310,"yays":17051,"nays":5850},{"committee":"Сямженская","vibid":"23520001329241","voters":7067,"total":5277,"voted":5277,"spoiled":42,"yays":4097,"nays":1138},{"committee":"Тарногская","vibid":"23520001329249","voters":9716,"total":6710,"voted":6709,"spoiled":67,"yays":4830,"nays":1812},{"committee":"Тотемская","vibid":"23520001329228","voters":16632,"total":11001,"voted":11001,"spoiled":146,"yays":7827,"nays":3028},{"committee":"Усть-Кубинская","vibid":"23520001329248","voters":6656,"total":5025,"voted":5025,"spoiled":49,"yays":3979,"nays":997},{"committee":"Устюженская","vibid":"23520001329233","voters":13611,"total":9168,"voted":9168,"spoiled":78,"yays":6873,"nays":2217},{"committee":"Харовская","vibid":"23520001329237","voters":11424,"total":8273,"voted":8273,"spoiled":77,"yays":6460,"nays":1736},{"committee":"Чагодощенская","vibid":"23520001329235","voters":9932,"total":6729,"voted":6726,"spoiled":63,"yays":4761,"nays":1902},{"committee":"Череповецкая городская","vibid":"23520001329225","voters":142653,"total":72106,"voted":71223,"spoiled":508,"yays":48222,"nays":22493},{"committee":"Череповецкая","vibid":"23520001329252","voters":32376,"total":17364,"voted":17364,"spoiled":132,"yays":12872,"nays":4360},{"committee":"Шекснинская","vibid":"23520001329232","voters":22907,"total":14305,"voted":14305,"spoiled":112,"yays":10215,"nays":3978}]