[{"committee":"Абинская","vibid":"22320002649338","voters":63906,"total":57320,"voted":57317,"spoiled":425,"yays":50769,"nays":6123},{"committee":"Анапская","vibid":"22320002649339","voters":136883,"total":124684,"voted":124584,"spoiled":682,"yays":111746,"nays":12156},{"committee":"Апшеронская","vibid":"22320002649328","voters":59284,"total":55687,"voted":55631,"spoiled":269,"yays":51801,"nays":3561},{"committee":"Армавирская","vibid":"22320002649335","voters":114878,"total":101752,"voted":101731,"spoiled":862,"yays":92690,"nays":8179},{"committee":"Белоглинская","vibid":"22320002649311","voters":23666,"total":21537,"voted":21537,"spoiled":109,"yays":19485,"nays":1943},{"committee":"Белореченская","vibid":"22320002649321","voters":78475,"total":69575,"voted":69243,"spoiled":355,"yays":59234,"nays":9654},{"committee":"Брюховецкая","vibid":"22320002649350","voters":39043,"total":35950,"voted":35950,"spoiled":159,"yays":32389,"nays":3402},{"committee":"Выселковская","vibid":"22320002649313","voters":46845,"total":41725,"voted":41724,"spoiled":206,"yays":36374,"nays":5144},{"committee":"Геленджикская","vibid":"22320002649354","voters":58070,"total":47633,"voted":47621,"spoiled":224,"yays":43423,"nays":3974},{"committee":"Горячеключевская","vibid":"22320002649331","voters":48006,"total":39895,"voted":39895,"spoiled":161,"yays":34858,"nays":4876},{"committee":"Гулькевичская","vibid":"22320002649322","voters":70741,"total":63036,"voted":63036,"spoiled":222,"yays":58323,"nays":4491},{"committee":"Динская","vibid":"22320002649345","voters":84678,"total":78028,"voted":77833,"spoiled":287,"yays":69509,"nays":8037},{"committee":"Ейская районная","vibid":"22320002649316","voters":31712,"total":27844,"voted":27842,"spoiled":121,"yays":24863,"nays":2858},{"committee":"Ейская городская","vibid":"22320002649352","voters":69498,"total":48929,"voted":48874,"spoiled":431,"yays":39909,"nays":8534},{"committee":"Кавказская","vibid":"22320002649329","voters":24541,"total":23363,"voted":23363,"spoiled":28,"yays":20879,"nays":2456},{"committee":"Калининская","vibid":"22320002649315","voters":29298,"total":25829,"voted":25829,"spoiled":129,"yays":23100,"nays":2600},{"committee":"Каневская","vibid":"22320002649348","voters":66136,"total":63458,"voted":63458,"spoiled":192,"yays":60156,"nays":3110},{"committee":"Кореновская","vibid":"22320002649332","voters":64357,"total":59627,"voted":59580,"spoiled":260,"yays":53889,"nays":5431},{"committee":"Красноармейская","vibid":"22320002649347","voters":75752,"total":68081,"voted":68080,"spoiled":265,"yays":61891,"nays":5924},{"committee":"Краснодар, Западная","vibid":"22320002649318","voters":118477,"total":82994,"voted":82980,"spoiled":530,"yays":69107,"nays":13343},{"committee":"Краснодар, Карасунская","vibid":"22320002649330","voters":83479,"total":62805,"voted":62775,"spoiled":224,"yays":49230,"nays":13321},{"committee":"Краснодар, Прикубанская","vibid":"22320002649356","voters":41435,"total":28028,"voted":28027,"spoiled":98,"yays":22088,"nays":5841},{"committee":"Краснодар, Центральная","vibid":"22320002649336","voters":66499,"total":47923,"voted":47900,"spoiled":207,"yays":37392,"nays":10301},{"committee":"Кропоткинская","vibid":"22320002649307","voters":55843,"total":52897,"voted":52897,"spoiled":23,"yays":47288,"nays":5586},{"committee":"Крыловская","vibid":"22320002649306","voters":22727,"total":20095,"voted":20094,"spoiled":187,"yays":17095,"nays":2812},{"committee":"Крымская","vibid":"22320002649327","voters":95170,"total":87535,"voted":87535,"spoiled":253,"yays":80940,"nays":6342},{"committee":"Курганинская","vibid":"22320002649325","voters":68784,"total":60764,"voted":60764,"spoiled":323,"yays":54483,"nays":5958},{"committee":"Кущевская","vibid":"22320002649303","voters":51220,"total":42951,"voted":42949,"spoiled":265,"yays":37441,"nays":5243},{"committee":"Лабинская","vibid":"22320002649323","voters":73427,"total":65471,"voted":65248,"spoiled":412,"yays":59937,"nays":4899},{"committee":"Ленинградская","vibid":"22320002649334","voters":48700,"total":40937,"voted":40935,"spoiled":227,"yays":33921,"nays":6787},{"committee":"Мостовская","vibid":"22320002649309","voters":38822,"total":34264,"voted":34263,"spoiled":148,"yays":31993,"nays":2122},{"committee":"Новокубанская","vibid":"22320002649314","voters":34797,"total":31193,"voted":31071,"spoiled":148,"yays":27316,"nays":3607},{"committee":"Новопокровская","vibid":"22320002649317","voters":33045,"total":27614,"voted":27614,"spoiled":71,"yays":24286,"nays":3257},{"committee":"Новороссийск, Восточная","vibid":"22320002649324","voters":17810,"total":17147,"voted":17147,"spoiled":42,"yays":16503,"nays":602},{"committee":"Новороссийск, Приморская","vibid":"22320002649359","voters":30020,"total":28872,"voted":28872,"spoiled":79,"yays":27851,"nays":942},{"committee":"Новороссийск, Судовая","vibid":"22320002649312","voters":116,"total":116,"voted":116,"spoiled":1,"yays":64,"nays":51},{"committee":"Новороссийск, Центральная","vibid":"22320002649341","voters":44241,"total":41244,"voted":41168,"spoiled":94,"yays":39794,"nays":1280},{"committee":"Отрадненская","vibid":"22320002649355","voters":30875,"total":26865,"voted":26865,"spoiled":128,"yays":24484,"nays":2253},{"committee":"Павловская","vibid":"22320002649319","voters":50673,"total":48137,"voted":48132,"spoiled":108,"yays":46343,"nays":1681},{"committee":"Приморско-Ахтарская","vibid":"22320002649358","voters":42584,"total":39942,"voted":39942,"spoiled":155,"yays":36592,"nays":3195},{"committee":"Северская","vibid":"22320002649301","voters":71851,"total":65099,"voted":65095,"spoiled":443,"yays":58736,"nays":5916},{"committee":"Славянская","vibid":"22320002649310","voters":41634,"total":37500,"voted":37345,"spoiled":151,"yays":33844,"nays":3350},{"committee":"Сочи, Адлерская","vibid":"22320002649357","voters":13636,"total":11975,"voted":11973,"spoiled":86,"yays":10960,"nays":927},{"committee":"Сочи, Лазаревская","vibid":"22320002649300","voters":67040,"total":61277,"voted":61277,"spoiled":189,"yays":56893,"nays":4195},{"committee":"Сочи, Хостинская","vibid":"22320002649351","voters":55776,"total":50107,"voted":50037,"spoiled":154,"yays":46567,"nays":3316},{"committee":"Сочи, Центральная","vibid":"22320002649337","voters":83733,"total":75216,"voted":75085,"spoiled":465,"yays":69197,"nays":5423},{"committee":"Староминская","vibid":"22320002649353","voters":31002,"total":28367,"voted":28363,"spoiled":163,"yays":24800,"nays":3400},{"committee":"Тбилисская","vibid":"22320002649343","voters":35508,"total":28412,"voted":28408,"spoiled":346,"yays":25200,"nays":2862},{"committee":"Темрюкская","vibid":"22320002649304","voters":29708,"total":27339,"voted":27339,"spoiled":323,"yays":25752,"nays":1264},{"committee":"Тимашевская","vibid":"22320002649342","voters":71810,"total":63372,"voted":62943,"spoiled":286,"yays":58121,"nays":4536},{"committee":"Тихорецкая районная","vibid":"22320002649333","voters":42591,"total":40578,"voted":40514,"spoiled":79,"yays":37853,"nays":2582},{"committee":"Тихорецкая городская","vibid":"22320002649349","voters":23772,"total":22529,"voted":22529,"spoiled":52,"yays":21657,"nays":820},{"committee":"Туапсинская районная","vibid":"22320002649344","voters":20658,"total":18190,"voted":18184,"spoiled":70,"yays":16106,"nays":2008},{"committee":"Туапсинская городская","vibid":"22320002649302","voters":47467,"total":40876,"voted":40874,"spoiled":264,"yays":35255,"nays":5355},{"committee":"Успенская","vibid":"22320002649308","voters":29562,"total":28110,"voted":28110,"spoiled":127,"yays":26097,"nays":1886},{"committee":"Усть-Лабинская","vibid":"22320002649340","voters":36903,"total":32496,"voted":32495,"spoiled":263,"yays":28879,"nays":3353},{"committee":"Щербиновская","vibid":"22320002649320","voters":23933,"total":19042,"voted":19041,"spoiled":263,"yays":15825,"nays":2953},{"committee":"Новороссийск, Южная","vibid":"22320002649305","voters":42331,"total":39218,"voted":39218,"spoiled":202,"yays":37240,"nays":1776},{"committee":"Новороссийск, Пригородная","vibid":"22320002649346","voters":34984,"total":33752,"voted":33752,"spoiled":31,"yays":32657,"nays":1064},{"committee":"Краснодар, Калининская","vibid":"22320002649326","voters":29638,"total":20097,"voted":20092,"spoiled":123,"yays":16029,"nays":3940}]