[{"committee":"Ермишинская","vibid":"2622000937342","voters":6634,"total":4905,"voted":4905,"spoiled":98,"yays":3438,"nays":1369},{"committee":"Захаровская","vibid":"2622000937344","voters":7088,"total":5322,"voted":5322,"spoiled":27,"yays":4196,"nays":1099},{"committee":"Кадомская","vibid":"2622000937333","voters":6305,"total":4819,"voted":4819,"spoiled":26,"yays":3711,"nays":1082},{"committee":"Касимовская","vibid":"2622000937339","voters":12844,"total":8253,"voted":8253,"spoiled":65,"yays":6141,"nays":2047},{"committee":"Касимовская городская","vibid":"2622000937349","voters":23864,"total":19349,"voted":19349,"spoiled":58,"yays":16225,"nays":3066},{"committee":"Kлепиковская","vibid":"2622000937365","voters":7998,"total":6794,"voted":6794,"spoiled":40,"yays":5770,"nays":984},{"committee":"Кораблинская","vibid":"2622000937356","voters":11813,"total":8760,"voted":8760,"spoiled":78,"yays":7387,"nays":1295},{"committee":"Милославская","vibid":"2622000937351","voters":556,"total":430,"voted":430,"spoiled":2,"yays":324,"nays":104},{"committee":"Mихайловская","vibid":"2622000937359","voters":16765,"total":15152,"voted":15152,"spoiled":149,"yays":13334,"nays":1669},{"committee":"Александро-Невская","vibid":"2622000937336","voters":1589,"total":1248,"voted":1248,"spoiled":90,"yays":961,"nays":197},{"committee":"Пителинская","vibid":"2622000937364","voters":2297,"total":1701,"voted":1701,"spoiled":4,"yays":1243,"nays":454},{"committee":"Пронская","vibid":"2622000937352","voters":4797,"total":4322,"voted":4322,"spoiled":38,"yays":3581,"nays":703},{"committee":"Путятинская","vibid":"2622000937360","voters":5635,"total":4195,"voted":4195,"spoiled":29,"yays":3442,"nays":724},{"committee":"Рыбновская","vibid":"2622000937357","voters":30431,"total":22413,"voted":22413,"spoiled":102,"yays":16815,"nays":5496},{"committee":"Ряжская","vibid":"2622000937334","voters":17287,"total":13142,"voted":13138,"spoiled":88,"yays":11174,"nays":1876},{"committee":"Рязанская","vibid":"2622000937358","voters":21644,"total":14303,"voted":14302,"spoiled":118,"yays":10809,"nays":3375},{"committee":"Рязань, Железнодорожная","vibid":"2622000937355","voters":55659,"total":37157,"voted":36019,"spoiled":421,"yays":27707,"nays":7891},{"committee":"Рязань, Московская","vibid":"2622000937337","voters":80199,"total":47055,"voted":46576,"spoiled":428,"yays":33442,"nays":12706},{"committee":"Рязань, Октябрьская","vibid":"2622000937353","voters":5729,"total":3307,"voted":3307,"spoiled":10,"yays":2186,"nays":1111},{"committee":"Рязань, Советская","vibid":"2622000937363","voters":39401,"total":28338,"voted":27823,"spoiled":272,"yays":21941,"nays":5610},{"committee":"Сапожковская","vibid":"2622000937335","voters":6110,"total":4420,"voted":4420,"spoiled":18,"yays":3411,"nays":991},{"committee":"Cараевская","vibid":"2622000937362","voters":12984,"total":10859,"voted":10496,"spoiled":53,"yays":8541,"nays":1902},{"committee":"Cacовская","vibid":"2622000937341","voters":8504,"total":6538,"voted":6538,"spoiled":137,"yays":5007,"nays":1394},{"committee":"Сасовская городская","vibid":"2622000937345","voters":4221,"total":3441,"voted":3441,"spoiled":5,"yays":3008,"nays":428},{"committee":"Скопинская","vibid":"2622000937343","voters":7240,"total":6441,"voted":6441,"spoiled":23,"yays":6022,"nays":396},{"committee":"Скопинская городская","vibid":"2622000937332","voters":19297,"total":15508,"voted":15508,"spoiled":108,"yays":12653,"nays":2747},{"committee":"Спасская","vibid":"2622000937369","voters":9628,"total":6511,"voted":6511,"spoiled":30,"yays":5060,"nays":1421},{"committee":"Старожиловская","vibid":"2622000937340","voters":9824,"total":7654,"voted":7654,"spoiled":53,"yays":6225,"nays":1376},{"committee":"Ухоловская","vibid":"2622000937366","voters":7468,"total":5977,"voted":5976,"spoiled":135,"yays":4789,"nays":1052},{"committee":"Чучковская","vibid":"2622000937338","voters":2683,"total":2023,"voted":2023,"spoiled":9,"yays":1528,"nays":486},{"committee":"Шацкая","vibid":"2622000937346","voters":4690,"total":3595,"voted":3595,"spoiled":8,"yays":3066,"nays":521},{"committee":"Шиловская","vibid":"2622000937354","voters":17589,"total":14369,"voted":14368,"spoiled":53,"yays":12488,"nays":1827}]