[{"committee":"Адыгейская","vibid":"2012000434180","voters":11669,"total":9810,"voted":9810,"spoiled":30,"yays":8637,"nays":1143},{"committee":"Гиагинская","vibid":"2012000434179","voters":18364,"total":16074,"voted":16074,"spoiled":358,"yays":12906,"nays":2810},{"committee":"Кошехабльская","vibid":"2012000434178","voters":21809,"total":19278,"voted":19278,"spoiled":56,"yays":17209,"nays":2013},{"committee":"Красногвардейская","vibid":"2012000434177","voters":21110,"total":18855,"voted":18855,"spoiled":47,"yays":16330,"nays":2478},{"committee":"Майкопская районная ","vibid":"2012000434176","voters":42780,"total":33419,"voted":33407,"spoiled":521,"yays":25660,"nays":7226},{"committee":"Майкопская городская","vibid":"2012000434175","voters":128615,"total":100638,"voted":100631,"spoiled":840,"yays":85545,"nays":14246},{"committee":"Тахтамукайская ","vibid":"2012000434174","voters":58443,"total":48954,"voted":48954,"spoiled":252,"yays":41388,"nays":7314},{"committee":"Теучежская","vibid":"2012000434173","voters":13223,"total":12088,"voted":11960,"spoiled":10,"yays":10780,"nays":1170},{"committee":"Шовгеновская","vibid":"2012000434172","voters":11808,"total":10504,"voted":10504,"spoiled":20,"yays":9460,"nays":1024}]