[{"committee":"Брянск, Бежицкая","vibid":"23220001314895","voters":4732,"total":4382,"voted":4382,"spoiled":42,"yays":3896,"nays":444},{"committee":"Брянск, Володарская","vibid":"23220001314884","voters":1684,"total":1431,"voted":1431,"spoiled":5,"yays":1200,"nays":226},{"committee":"Брянск, Советская","vibid":"23220001314890","voters":16634,"total":14843,"voted":14842,"spoiled":72,"yays":12783,"nays":1987},{"committee":"Брянск, Фокинская","vibid":"23220001314898","voters":3860,"total":3461,"voted":3461,"spoiled":0,"yays":2939,"nays":522},{"committee":"Брянская","vibid":"23220001314912","voters":549,"total":485,"voted":485,"spoiled":3,"yays":443,"nays":39},{"committee":"Выгоничская","vibid":"23220001314904","voters":217,"total":208,"voted":208,"spoiled":6,"yays":179,"nays":23},{"committee":"Гордеевская","vibid":"23220001314899","voters":273,"total":270,"voted":270,"spoiled":0,"yays":268,"nays":2},{"committee":"Дубровская","vibid":"23220001314907","voters":3019,"total":2768,"voted":2768,"spoiled":5,"yays":2397,"nays":366},{"committee":"Дятьковская","vibid":"23220001314887","voters":3788,"total":3416,"voted":3416,"spoiled":5,"yays":2904,"nays":507},{"committee":"Жирятинская","vibid":"23220001314913","voters":2899,"total":2689,"voted":2688,"spoiled":10,"yays":2364,"nays":314},{"committee":"Жуковская","vibid":"23220001314900","voters":4652,"total":4332,"voted":4332,"spoiled":36,"yays":3770,"nays":526},{"committee":"Злынковская","vibid":"23220001314908","voters":566,"total":534,"voted":534,"spoiled":0,"yays":455,"nays":79},{"committee":"Карачевская","vibid":"23220001314905","voters":3338,"total":2974,"voted":2974,"spoiled":7,"yays":2641,"nays":326},{"committee":"Клетнянская","vibid":"23220001314885","voters":5897,"total":5445,"voted":5445,"spoiled":18,"yays":5111,"nays":316},{"committee":"Климовская","vibid":"23220001314906","voters":726,"total":683,"voted":683,"spoiled":24,"yays":618,"nays":41},{"committee":"Клинцовская","vibid":"23220001314903","voters":3106,"total":2861,"voted":2861,"spoiled":0,"yays":2495,"nays":366},{"committee":"Клинцовская городская","vibid":"23220001314888","voters":7386,"total":6665,"voted":6665,"spoiled":324,"yays":5647,"nays":694},{"committee":"Комаричская","vibid":"23220001314901","voters":3660,"total":3463,"voted":3463,"spoiled":16,"yays":3083,"nays":364},{"committee":"Красногорская","vibid":"23220001314911","voters":2284,"total":2200,"voted":2200,"spoiled":1,"yays":1964,"nays":235},{"committee":"Навлинская","vibid":"23220001314910","voters":4060,"total":3705,"voted":3664,"spoiled":42,"yays":3140,"nays":482},{"committee":"Новозыбковская городская","vibid":"23220001314892","voters":3215,"total":2945,"voted":2945,"spoiled":21,"yays":2578,"nays":346},{"committee":"Погарская","vibid":"23220001314896","voters":3815,"total":3697,"voted":3617,"spoiled":34,"yays":3291,"nays":292},{"committee":"Рогнединская","vibid":"23220001314883","voters":656,"total":613,"voted":613,"spoiled":3,"yays":561,"nays":49},{"committee":"Севская","vibid":"23220001314915","voters":1811,"total":1703,"voted":1703,"spoiled":21,"yays":1517,"nays":165},{"committee":"Стародубская","vibid":"23220001314914","voters":2994,"total":2860,"voted":2860,"spoiled":16,"yays":2654,"nays":190},{"committee":"Суземская","vibid":"23220001314889","voters":282,"total":268,"voted":268,"spoiled":0,"yays":233,"nays":35},{"committee":"Суражская","vibid":"23220001314897","voters":1232,"total":1082,"voted":1082,"spoiled":2,"yays":964,"nays":116},{"committee":"Трубчевская","vibid":"23220001314902","voters":2544,"total":2048,"voted":2048,"spoiled":8,"yays":1785,"nays":255},{"committee":"Унечская","vibid":"23220001314909","voters":1291,"total":1184,"voted":1183,"spoiled":31,"yays":868,"nays":284}]