[{"committee":"Велижская","vibid":"26720001134822","voters":9549,"total":5219,"voted":5219,"spoiled":56,"yays":3950,"nays":1213},{"committee":"Вяземская","vibid":"26720001134824","voters":61230,"total":31308,"voted":31306,"spoiled":446,"yays":21761,"nays":9099},{"committee":"Гагаринская","vibid":"26720001134814","voters":33986,"total":19899,"voted":19890,"spoiled":244,"yays":15311,"nays":4335},{"committee":"Глинковская","vibid":"26720001134819","voters":3554,"total":2282,"voted":2282,"spoiled":5,"yays":1855,"nays":422},{"committee":"Демидовская","vibid":"26720001134826","voters":10941,"total":6968,"voted":6968,"spoiled":65,"yays":5290,"nays":1613},{"committee":"Десногорская","vibid":"26720001134839","voters":21777,"total":12876,"voted":12868,"spoiled":117,"yays":8732,"nays":4019},{"committee":"Дорогобужская","vibid":"26720001134831","voters":22182,"total":14183,"voted":13928,"spoiled":176,"yays":10315,"nays":3437},{"committee":"Духовщинская","vibid":"26720001134827","voters":12298,"total":7498,"voted":7498,"spoiled":87,"yays":5528,"nays":1883},{"committee":"Ельнинская","vibid":"26720001134834","voters":11101,"total":6197,"voted":6197,"spoiled":91,"yays":4228,"nays":1878},{"committee":"Ершичская","vibid":"26720001134817","voters":5290,"total":3571,"voted":3571,"spoiled":31,"yays":2735,"nays":805},{"committee":"Кардымовская","vibid":"26720001134838","voters":8253,"total":4612,"voted":4612,"spoiled":32,"yays":3451,"nays":1129},{"committee":"Краснинская","vibid":"26720001134828","voters":10443,"total":5600,"voted":5600,"spoiled":34,"yays":4311,"nays":1255},{"committee":"Монастырщинская","vibid":"26720001134835","voters":8440,"total":4948,"voted":4948,"spoiled":55,"yays":3881,"nays":1012},{"committee":"Новодугинская","vibid":"26720001134832","voters":7134,"total":4551,"voted":4551,"spoiled":32,"yays":3454,"nays":1065},{"committee":"Починковская","vibid":"26720001134815","voters":24216,"total":14376,"voted":14375,"spoiled":179,"yays":10487,"nays":3709},{"committee":"Рославльская","vibid":"26720001134833","voters":55830,"total":30695,"voted":30695,"spoiled":312,"yays":22888,"nays":7495},{"committee":"Руднянская","vibid":"26720001134830","voters":17774,"total":14131,"voted":14131,"spoiled":115,"yays":11306,"nays":2710},{"committee":"Сафоновская","vibid":"26720001134818","voters":42551,"total":21681,"voted":21680,"spoiled":308,"yays":15236,"nays":6136},{"committee":"Смоленск, Заднепровская","vibid":"26720001134829","voters":75351,"total":34461,"voted":34456,"spoiled":392,"yays":23992,"nays":10072},{"committee":"Смоленск, Ленинская","vibid":"26720001134837","voters":85218,"total":46321,"voted":46300,"spoiled":451,"yays":30718,"nays":15131},{"committee":"Смоленск, Промышленная","vibid":"26720001134816","voters":102605,"total":48181,"voted":48155,"spoiled":434,"yays":32514,"nays":15207},{"committee":"Смоленская","vibid":"26720001134836","voters":40384,"total":24163,"voted":24128,"spoiled":164,"yays":17450,"nays":6514},{"committee":"Сычевская","vibid":"26720001134821","voters":10122,"total":7958,"voted":7958,"spoiled":193,"yays":6573,"nays":1192},{"committee":"Темкинская","vibid":"26720001134825","voters":4313,"total":2843,"voted":2843,"spoiled":29,"yays":2178,"nays":636},{"committee":"Угранская","vibid":"26720001134823","voters":6607,"total":4071,"voted":4071,"spoiled":44,"yays":3183,"nays":844},{"committee":"Хиславичская","vibid":"26720001134813","voters":7331,"total":4725,"voted":4725,"spoiled":40,"yays":3535,"nays":1150},{"committee":"Холм-Жирковская","vibid":"26720001134841","voters":7879,"total":5862,"voted":5862,"spoiled":61,"yays":4445,"nays":1356},{"committee":"Шумячская","vibid":"26720001134820","voters":8651,"total":5768,"voted":5768,"spoiled":29,"yays":4613,"nays":1126},{"committee":"Ярцевская","vibid":"26720001134840","voters":43109,"total":16971,"voted":16969,"spoiled":139,"yays":12256,"nays":4574}]