[{"committee":"Альменевская","vibid":"24520001108500","voters":8443,"total":5608,"voted":5608,"spoiled":52,"yays":4010,"nays":1546},{"committee":"Белозерская","vibid":"24520001108499","voters":12480,"total":9370,"voted":9358,"spoiled":72,"yays":6764,"nays":2522},{"committee":"Варгашинская","vibid":"24520001108498","voters":14758,"total":10556,"voted":10556,"spoiled":66,"yays":7096,"nays":3394},{"committee":"Далматовская","vibid":"24520001108497","voters":22136,"total":16751,"voted":16751,"spoiled":197,"yays":11841,"nays":4713},{"committee":"Звериноголовская","vibid":"24520001108496","voters":7236,"total":4846,"voted":4846,"spoiled":49,"yays":3475,"nays":1322},{"committee":"Каргапольская","vibid":"24520001108495","voters":22581,"total":15860,"voted":15860,"spoiled":82,"yays":11474,"nays":4304},{"committee":"Катайская","vibid":"24520001108494","voters":17884,"total":11447,"voted":11447,"spoiled":119,"yays":8196,"nays":3132},{"committee":"Кетовская","vibid":"24520001108493","voters":43628,"total":23160,"voted":23159,"spoiled":177,"yays":15540,"nays":7442},{"committee":"Курган, Восточная","vibid":"24520001108492","voters":125559,"total":56774,"voted":56747,"spoiled":500,"yays":38150,"nays":18097},{"committee":"Курган, Западная","vibid":"24520001108491","voters":135487,"total":64460,"voted":64435,"spoiled":755,"yays":42904,"nays":20776},{"committee":"Куртамышская","vibid":"24520001108490","voters":24001,"total":15330,"voted":15330,"spoiled":95,"yays":10909,"nays":4326},{"committee":"Лебяжьевская","vibid":"24520001108489","voters":11995,"total":8021,"voted":8021,"spoiled":61,"yays":5940,"nays":2020},{"committee":"Макушинская","vibid":"24520001108488","voters":12670,"total":8709,"voted":8709,"spoiled":58,"yays":6099,"nays":2552},{"committee":"Мишкинская","vibid":"24520001108487","voters":13355,"total":9146,"voted":9146,"spoiled":91,"yays":6217,"nays":2838},{"committee":"Мокроусовская","vibid":"24520001108486","voters":8867,"total":6571,"voted":6571,"spoiled":34,"yays":4603,"nays":1934},{"committee":"Петуховская","vibid":"24520001108485","voters":13972,"total":9350,"voted":9350,"spoiled":58,"yays":6354,"nays":2938},{"committee":"Половинская","vibid":"24520001108484","voters":9126,"total":6349,"voted":6349,"spoiled":32,"yays":4501,"nays":1816},{"committee":"Притобольная","vibid":"24520001108483","voters":11124,"total":7324,"voted":7324,"spoiled":66,"yays":4820,"nays":2438},{"committee":"Сафакулевская","vibid":"24520001108482","voters":10043,"total":7718,"voted":7718,"spoiled":75,"yays":5917,"nays":1726},{"committee":"Целинная","vibid":"24520001108481","voters":12810,"total":8861,"voted":8861,"spoiled":56,"yays":6613,"nays":2192},{"committee":"Частоозерская","vibid":"24520001108480","voters":4264,"total":3379,"voted":3379,"spoiled":32,"yays":2465,"nays":882},{"committee":"Шадринская","vibid":"24520001108479","voters":21993,"total":15687,"voted":15687,"spoiled":84,"yays":11564,"nays":4039},{"committee":"Шадринская городская","vibid":"24520001108478","voters":54022,"total":26880,"voted":26875,"spoiled":299,"yays":19047,"nays":7529},{"committee":"Шатровская","vibid":"24520001108477","voters":13017,"total":10069,"voted":10069,"spoiled":75,"yays":7480,"nays":2514},{"committee":"Шумихинская","vibid":"24520001108476","voters":22425,"total":13496,"voted":13496,"spoiled":145,"yays":9324,"nays":4027},{"committee":"Щучанская","vibid":"24520001108475","voters":17603,"total":11267,"voted":11267,"spoiled":76,"yays":8007,"nays":3184},{"committee":"Юргамышская","vibid":"24520001108474","voters":15409,"total":10269,"voted":10268,"spoiled":109,"yays":7068,"nays":3091}]