[{"committee":"Абзелиловская","vibid":"20220002380864","voters":12911,"total":11983,"voted":11983,"spoiled":151,"yays":9560,"nays":2272},{"committee":"Агидельская городская","vibid":"20220002380866","voters":12352,"total":11007,"voted":11007,"spoiled":86,"yays":9850,"nays":1071},{"committee":"Альшеевская","vibid":"20220002380851","voters":31868,"total":31227,"voted":31219,"spoiled":131,"yays":30003,"nays":1085},{"committee":"Архангельская","vibid":"20220002380860","voters":15017,"total":14110,"voted":14110,"spoiled":122,"yays":12655,"nays":1333},{"committee":"Аскинская","vibid":"20220002380832","voters":15675,"total":14851,"voted":14851,"spoiled":78,"yays":13653,"nays":1120},{"committee":"Аургазинская","vibid":"20220002380842","voters":27463,"total":25553,"voted":25549,"spoiled":114,"yays":22101,"nays":3334},{"committee":"Баймакская","vibid":"20220002380877","voters":42113,"total":38449,"voted":38426,"spoiled":608,"yays":33894,"nays":3924},{"committee":"Бакалинская","vibid":"20220002380834","voters":21785,"total":21035,"voted":21035,"spoiled":61,"yays":19930,"nays":1044},{"committee":"Балтачевская","vibid":"20220002380881","voters":14856,"total":13963,"voted":13963,"spoiled":47,"yays":13161,"nays":755},{"committee":"Белебеевская","vibid":"20220002380856","voters":66354,"total":63224,"voted":63180,"spoiled":300,"yays":60144,"nays":2736},{"committee":"Белокатайская","vibid":"20220002380843","voters":14689,"total":13983,"voted":13983,"spoiled":64,"yays":12944,"nays":975},{"committee":"Белорецкая","vibid":"20220002380873","voters":47053,"total":43353,"voted":43353,"spoiled":283,"yays":40162,"nays":2908},{"committee":"Бижбулякская","vibid":"20220002380837","voters":18421,"total":17732,"voted":17732,"spoiled":90,"yays":16779,"nays":863},{"committee":"Благоварская","vibid":"20220002380852","voters":16497,"total":15418,"voted":15414,"spoiled":113,"yays":12707,"nays":2594},{"committee":"Благовещенская","vibid":"20220002380836","voters":34791,"total":30712,"voted":30710,"spoiled":333,"yays":26497,"nays":3880},{"committee":"Буздякская","vibid":"20220002380876","voters":22019,"total":20229,"voted":20229,"spoiled":328,"yays":16393,"nays":3508},{"committee":"Бураевская","vibid":"20220002380857","voters":18622,"total":17868,"voted":17868,"spoiled":87,"yays":17019,"nays":762},{"committee":"Бурзянская","vibid":"20220002380875","voters":12438,"total":11562,"voted":11559,"spoiled":147,"yays":10396,"nays":1016},{"committee":"Гафурийская","vibid":"20220002380839","voters":25667,"total":24875,"voted":24873,"spoiled":166,"yays":24132,"nays":575},{"committee":"Давлекановская","vibid":"20220002380855","voters":30767,"total":30126,"voted":30126,"spoiled":146,"yays":28659,"nays":1321},{"committee":"Дуванская","vibid":"20220002380882","voters":22232,"total":20756,"voted":20756,"spoiled":258,"yays":18920,"nays":1578},{"committee":"Дюртюлинская","vibid":"20220002380862","voters":47702,"total":45625,"voted":45623,"spoiled":296,"yays":41107,"nays":4220},{"committee":"Ермекеевская","vibid":"20220002380827","voters":11503,"total":10974,"voted":10974,"spoiled":41,"yays":10261,"nays":672},{"committee":"Зианчуринская","vibid":"20220002380826","voters":21376,"total":20372,"voted":20352,"spoiled":107,"yays":19166,"nays":1079},{"committee":"Зилаирская","vibid":"20220002380850","voters":11121,"total":10610,"voted":10610,"spoiled":59,"yays":9785,"nays":766},{"committee":"Иглинская","vibid":"20220002380847","voters":39024,"total":34702,"voted":34589,"spoiled":97,"yays":32323,"nays":2169},{"committee":"Илишевская","vibid":"20220002380823","voters":25556,"total":24468,"voted":24468,"spoiled":39,"yays":23409,"nays":1020},{"committee":"Ишимбайская","vibid":"20220002380844","voters":23265,"total":22870,"voted":22870,"spoiled":98,"yays":21455,"nays":1317},{"committee":"Калтасинская","vibid":"20220002380858","voters":19629,"total":18549,"voted":18549,"spoiled":100,"yays":16763,"nays":1686},{"committee":"Караидельская","vibid":"20220002380830","voters":18704,"total":18180,"voted":18180,"spoiled":99,"yays":16901,"nays":1180},{"committee":"Кармаскалинская","vibid":"20220002380835","voters":25424,"total":24481,"voted":24481,"spoiled":65,"yays":22910,"nays":1506},{"committee":"Кигинская","vibid":"20220002380838","voters":13546,"total":13101,"voted":13101,"spoiled":69,"yays":11570,"nays":1462},{"committee":"Краснокамская","vibid":"20220002380846","voters":18163,"total":16685,"voted":16685,"spoiled":82,"yays":15727,"nays":876},{"committee":"Кугарчинская","vibid":"20220002380887","voters":21034,"total":20096,"voted":20096,"spoiled":102,"yays":18584,"nays":1410},{"committee":"Кумертауская городская","vibid":"20220002380833","voters":48104,"total":40374,"voted":40374,"spoiled":242,"yays":36356,"nays":3776},{"committee":"Кушнаренковская","vibid":"20220002380868","voters":22615,"total":21589,"voted":21589,"spoiled":112,"yays":20320,"nays":1157},{"committee":"Мечетлинская","vibid":"20220002380840","voters":17611,"total":17174,"voted":17174,"spoiled":65,"yays":15892,"nays":1217},{"committee":"Мишкинская","vibid":"20220002380886","voters":18532,"total":17741,"voted":17740,"spoiled":125,"yays":16260,"nays":1355},{"committee":"Миякинская","vibid":"20220002380820","voters":21776,"total":21235,"voted":21235,"spoiled":60,"yays":20330,"nays":845},{"committee":"Нефтекамская городская","vibid":"20220002380831","voters":104234,"total":94684,"voted":94684,"spoiled":930,"yays":88533,"nays":5221},{"committee":"Нуримановская","vibid":"20220002380884","voters":9829,"total":9278,"voted":9278,"spoiled":37,"yays":8501,"nays":740},{"committee":"Октябрьская","vibid":"20220002380819","voters":78791,"total":68415,"voted":68413,"spoiled":200,"yays":63466,"nays":4747},{"committee":"Салаватская городская","vibid":"20220002380879","voters":50489,"total":43870,"voted":43869,"spoiled":211,"yays":39417,"nays":4241},{"committee":"Салаватская","vibid":"20220002380863","voters":20091,"total":19757,"voted":19757,"spoiled":321,"yays":18334,"nays":1102},{"committee":"Сибайская городская","vibid":"20220002380880","voters":42085,"total":39306,"voted":39304,"spoiled":179,"yays":36884,"nays":2241},{"committee":"Стерлибашевская","vibid":"20220002380870","voters":9291,"total":8586,"voted":8586,"spoiled":55,"yays":7810,"nays":721},{"committee":"Стерлитамакская городская","vibid":"20220002380824","voters":51678,"total":45747,"voted":45742,"spoiled":359,"yays":36602,"nays":8781},{"committee":"Стерлитамакская","vibid":"20220002380869","voters":33392,"total":31947,"voted":31947,"spoiled":71,"yays":30917,"nays":959},{"committee":"Татышлинская","vibid":"20220002380859","voters":18958,"total":18437,"voted":18437,"spoiled":11,"yays":17805,"nays":621},{"committee":"Уфа, Демская","vibid":"20220002380872","voters":52285,"total":45053,"voted":45050,"spoiled":544,"yays":36889,"nays":7617},{"committee":"Уфа, Калининская","vibid":"20220002380821","voters":136058,"total":119514,"voted":119455,"spoiled":1477,"yays":99858,"nays":18120},{"committee":"Уфа, Кировская","vibid":"20220002380829","voters":61325,"total":54220,"voted":54177,"spoiled":299,"yays":45103,"nays":8775},{"committee":"Уфа, Ленинская","vibid":"20220002380867","voters":56132,"total":48655,"voted":48012,"spoiled":173,"yays":39393,"nays":8446},{"committee":"Уфа, Октябрьская","vibid":"20220002380841","voters":96484,"total":84371,"voted":84094,"spoiled":1387,"yays":69773,"nays":12934},{"committee":"Уфа, Орджоникидзевская","vibid":"20220002380825","voters":85937,"total":73227,"voted":73193,"spoiled":465,"yays":60174,"nays":12554},{"committee":"Уфа, Советская","vibid":"20220002380874","voters":14371,"total":11737,"voted":11737,"spoiled":58,"yays":9682,"nays":1997},{"committee":"Уфимская","vibid":"20220002380849","voters":75979,"total":68274,"voted":68274,"spoiled":257,"yays":61740,"nays":6277},{"committee":"Учалинская","vibid":"20220002380848","voters":41828,"total":38706,"voted":38703,"spoiled":138,"yays":35969,"nays":2596},{"committee":"Федоровская","vibid":"20220002380828","voters":8861,"total":8434,"voted":8434,"spoiled":70,"yays":7875,"nays":489},{"committee":"Хайбуллинская","vibid":"20220002380878","voters":23559,"total":22381,"voted":22381,"spoiled":149,"yays":20993,"nays":1239},{"committee":"Чекмагушевская","vibid":"20220002380871","voters":23574,"total":20772,"voted":20772,"spoiled":139,"yays":18704,"nays":1929},{"committee":"Чишминская","vibid":"20220002380854","voters":40112,"total":37647,"voted":37647,"spoiled":260,"yays":34738,"nays":2649},{"committee":"Шаранская","vibid":"20220002380845","voters":16984,"total":15811,"voted":15811,"spoiled":323,"yays":14302,"nays":1186},{"committee":"Янаульская","vibid":"20220002380883","voters":36201,"total":34582,"voted":34582,"spoiled":195,"yays":31252,"nays":3135},{"committee":"Бирская","vibid":"20220002380822","voters":15286,"total":13235,"voted":13234,"spoiled":147,"yays":9935,"nays":3152},{"committee":"Куюргазинская","vibid":"20220002380861","voters":18291,"total":17229,"voted":17229,"spoiled":25,"yays":15903,"nays":1301},{"committee":"Межгорьевская городская","vibid":"20220002380865","voters":12036,"total":10254,"voted":10253,"spoiled":303,"yays":7037,"nays":2913},{"committee":"Мелеузовская","vibid":"20220002380885","voters":62447,"total":60222,"voted":60222,"spoiled":593,"yays":55237,"nays":4392},{"committee":"Туймазинская","vibid":"20220002380853","voters":96384,"total":82468,"voted":82415,"spoiled":374,"yays":75189,"nays":6852}]