[{"committee":"Территориальная избирательная комиссия №1","vibid":"27820001295445","voters":28802,"total":21479,"voted":21370,"spoiled":189,"yays":16874,"nays":4307},{"committee":"Территориальная избирательная комиссия №2","vibid":"27820001295444","voters":151552,"total":119553,"voted":118380,"spoiled":456,"yays":96948,"nays":20976},{"committee":"Территориальная избирательная комиссия №3","vibid":"27820001295443","voters":98059,"total":64891,"voted":64776,"spoiled":328,"yays":49177,"nays":15271},{"committee":"Территориальная избирательная комиссия №4","vibid":"27820001295442","voters":133575,"total":98743,"voted":98629,"spoiled":531,"yays":72513,"nays":25585},{"committee":"Территориальная избирательная комиссия №5","vibid":"27820001295441","voters":165193,"total":132734,"voted":132569,"spoiled":857,"yays":108870,"nays":22842},{"committee":"Территориальная избирательная комиссия №6","vibid":"27820001295440","voters":158242,"total":99578,"voted":98898,"spoiled":714,"yays":71390,"nays":26794},{"committee":"Территориальная избирательная комиссия №7","vibid":"27820001295439","voters":129154,"total":91696,"voted":91613,"spoiled":555,"yays":74094,"nays":16964},{"committee":"Территориальная избирательная комиссия №8","vibid":"27820001295438","voters":84306,"total":58246,"voted":58151,"spoiled":462,"yays":44680,"nays":13009},{"committee":"Территориальная избирательная комиссия №9","vibid":"27820001295437","voters":81456,"total":67526,"voted":67442,"spoiled":309,"yays":54384,"nays":12749},{"committee":"Территориальная избирательная комиссия №10","vibid":"27820001295436","voters":54161,"total":40776,"voted":40726,"spoiled":235,"yays":32113,"nays":8378},{"committee":"Территориальная избирательная комиссия №11","vibid":"27820001295435","voters":136471,"total":103912,"voted":103280,"spoiled":728,"yays":81674,"nays":20878},{"committee":"Территориальная избирательная комиссия №12","vibid":"27820001295434","voters":133588,"total":93880,"voted":93772,"spoiled":412,"yays":75402,"nays":17958},{"committee":"Территориальная избирательная комиссия №13","vibid":"27820001295433","voters":49111,"total":31427,"voted":31409,"spoiled":234,"yays":22883,"nays":8292},{"committee":"Территориальная избирательная комиссия №14","vibid":"27820001295432","voters":93102,"total":74853,"voted":74654,"spoiled":360,"yays":57748,"nays":16546},{"committee":"Территориальная избирательная комиссия №15","vibid":"27820001295431","voters":32825,"total":24152,"voted":24135,"spoiled":166,"yays":19246,"nays":4723},{"committee":"Территориальная избирательная комиссия №16","vibid":"27820001295430","voters":61633,"total":41917,"voted":41845,"spoiled":249,"yays":31331,"nays":10265},{"committee":"Территориальная избирательная комиссия №17","vibid":"27820001295429","voters":141850,"total":109911,"voted":109576,"spoiled":698,"yays":85429,"nays":23449},{"committee":"Территориальная избирательная комиссия №18","vibid":"27820001295428","voters":76076,"total":61733,"voted":61550,"spoiled":268,"yays":50086,"nays":11196},{"committee":"Территориальная избирательная комиссия №19","vibid":"27820001295427","voters":146876,"total":109951,"voted":109833,"spoiled":642,"yays":94125,"nays":15066},{"committee":"Территориальная избирательная комиссия №20","vibid":"27820001295426","voters":131714,"total":109805,"voted":109784,"spoiled":740,"yays":90655,"nays":18389},{"committee":"Территориальная избирательная комиссия №21","vibid":"27820001295425","voters":93098,"total":62882,"voted":62367,"spoiled":439,"yays":48130,"nays":13798},{"committee":"Территориальная избирательная комиссия №22","vibid":"27820001295424","voters":63986,"total":49399,"voted":49337,"spoiled":344,"yays":39085,"nays":9908},{"committee":"Территориальная избирательная комиссия №23","vibid":"27820001295423","voters":78235,"total":60055,"voted":59962,"spoiled":341,"yays":47941,"nays":11680},{"committee":"Территориальная избирательная комиссия №24","vibid":"27820001295422","voters":77940,"total":63605,"voted":63566,"spoiled":248,"yays":53438,"nays":9880},{"committee":"Территориальная избирательная комиссия №25","vibid":"27820001295421","voters":128509,"total":95395,"voted":94992,"spoiled":467,"yays":68354,"nays":26171},{"committee":"Территориальная избирательная комиссия №26","vibid":"27820001295420","voters":125316,"total":85818,"voted":85794,"spoiled":779,"yays":65142,"nays":19873},{"committee":"Территориальная избирательная комиссия №27","vibid":"27820001295419","voters":87510,"total":61912,"voted":61290,"spoiled":262,"yays":50821,"nays":10207},{"committee":"Территориальная избирательная комиссия №28","vibid":"27820001295418","voters":171433,"total":127109,"voted":126800,"spoiled":723,"yays":102412,"nays":23665},{"committee":"Территориальная избирательная комиссия №29","vibid":"27820001295417","voters":117361,"total":97316,"voted":96278,"spoiled":365,"yays":78295,"nays":17618},{"committee":"Территориальная избирательная комиссия №30","vibid":"27820001295416","voters":41889,"total":32119,"voted":32027,"spoiled":363,"yays":25305,"nays":6359}]