[{"committee":"Архаринского района","vibid":"22820001104800","voters":12217,"total":6965,"voted":6965,"spoiled":81,"yays":4724,"nays":2160},{"committee":"Белогорского района","vibid":"22820001104802","voters":13510,"total":9272,"voted":9272,"spoiled":108,"yays":6608,"nays":2556},{"committee":"города Белогорск ","vibid":"22820001104791","voters":52542,"total":32071,"voted":32069,"spoiled":333,"yays":22756,"nays":8980},{"committee":"Благовещенского района","vibid":"22820001104797","voters":22687,"total":10168,"voted":10166,"spoiled":112,"yays":7105,"nays":2949},{"committee":"города Благовещенск","vibid":"22820001104806","voters":167524,"total":93459,"voted":93407,"spoiled":860,"yays":65842,"nays":26705},{"committee":"Бурейского района","vibid":"22820001104824","voters":17783,"total":10183,"voted":10182,"spoiled":317,"yays":6698,"nays":3167},{"committee":"Завитинского района","vibid":"22820001104813","voters":12001,"total":5895,"voted":5893,"spoiled":111,"yays":3929,"nays":1853},{"committee":"Зейского района","vibid":"22820001104808","voters":12637,"total":9596,"voted":9596,"spoiled":89,"yays":6493,"nays":3014},{"committee":"города Зея","vibid":"22820001104816","voters":18549,"total":10605,"voted":10604,"spoiled":111,"yays":7461,"nays":3032},{"committee":"Ивановского района","vibid":"22820001104794","voters":18445,"total":12767,"voted":12766,"spoiled":100,"yays":9680,"nays":2986},{"committee":"Константиновского района","vibid":"22820001104823","voters":9988,"total":6652,"voted":6652,"spoiled":46,"yays":4647,"nays":1959},{"committee":"Магдагачинского района","vibid":"22820001104809","voters":17341,"total":9084,"voted":9083,"spoiled":185,"yays":5705,"nays":3193},{"committee":"Мазановского района","vibid":"22820001104817","voters":9417,"total":5705,"voted":5705,"spoiled":60,"yays":4107,"nays":1538},{"committee":"Михайловского района","vibid":"22820001104814","voters":10633,"total":6383,"voted":6363,"spoiled":117,"yays":4473,"nays":1773},{"committee":"Октябрьского района","vibid":"22820001104792","voters":14035,"total":8076,"voted":8074,"spoiled":272,"yays":5426,"nays":2376},{"committee":"города Райчихинск","vibid":"22820001104815","voters":16444,"total":7658,"voted":7654,"spoiled":97,"yays":5026,"nays":2531},{"committee":"Ромненского района","vibid":"22820001104812","voters":7011,"total":4735,"voted":4735,"spoiled":37,"yays":3739,"nays":959},{"committee":"Свободненского района","vibid":"22820001104795","voters":13111,"total":10111,"voted":10105,"spoiled":161,"yays":6249,"nays":3695},{"committee":"города Свободный","vibid":"22820001104810","voters":39604,"total":25999,"voted":25594,"spoiled":680,"yays":19377,"nays":5537},{"committee":"Селемджинского района","vibid":"22820001104821","voters":9060,"total":4240,"voted":4238,"spoiled":76,"yays":2697,"nays":1465},{"committee":"Серышевского района","vibid":"22820001104793","voters":17758,"total":13395,"voted":13387,"spoiled":129,"yays":9025,"nays":4233},{"committee":"Сковородинского района","vibid":"22820001104820","voters":21250,"total":13024,"voted":13023,"spoiled":170,"yays":9140,"nays":3713},{"committee":"Тамбовского района","vibid":"22820001104799","voters":18103,"total":10621,"voted":10621,"spoiled":139,"yays":7711,"nays":2771},{"committee":"Тындинского района","vibid":"22820001104803","voters":10753,"total":8852,"voted":8852,"spoiled":52,"yays":6831,"nays":1969},{"committee":"города Тында","vibid":"22820001104801","voters":25439,"total":9896,"voted":9893,"spoiled":88,"yays":6421,"nays":3384},{"committee":"ЗАТО Циолковский","vibid":"22820001104790","voters":4133,"total":2552,"voted":2548,"spoiled":46,"yays":1634,"nays":868},{"committee":"Шимановского района","vibid":"22820001104829","voters":4310,"total":3552,"voted":3552,"spoiled":99,"yays":2636,"nays":817},{"committee":"города Шимановск","vibid":"22820001104798","voters":14564,"total":10305,"voted":10305,"spoiled":159,"yays":8089,"nays":2057},{"committee":"рабочего поселка (п.г.т.) Прогресс","vibid":"22820001104825","voters":10478,"total":5846,"voted":5846,"spoiled":41,"yays":4319,"nays":1486}]