[{"committee":"Акушинская","vibid":"20520001437210","voters":29261,"total":26553,"voted":26553,"spoiled":26,"yays":24675,"nays":1852},{"committee":"Ахвахская","vibid":"20520001437209","voters":9542,"total":8424,"voted":8424,"spoiled":28,"yays":7275,"nays":1121},{"committee":"Бежтинская","vibid":"20520001437206","voters":3566,"total":3182,"voted":3182,"spoiled":6,"yays":2880,"nays":296},{"committee":"Гергебильская","vibid":"20520001437202","voters":13436,"total":12533,"voted":12533,"spoiled":89,"yays":11153,"nays":1291},{"committee":"Гумбетовская","vibid":"20520001437201","voters":3724,"total":2890,"voted":2890,"spoiled":9,"yays":2643,"nays":238},{"committee":"Гунибская","vibid":"20520001437200","voters":5038,"total":4237,"voted":4237,"spoiled":15,"yays":3715,"nays":507},{"committee":"Дагогнинская городская","vibid":"20520001437199","voters":22642,"total":20602,"voted":20602,"spoiled":25,"yays":18743,"nays":1834},{"committee":"Дахадаевская","vibid":"20520001437198","voters":20673,"total":17659,"voted":17659,"spoiled":87,"yays":16736,"nays":836},{"committee":"Дербентская городская","vibid":"20520001437196","voters":2945,"total":2791,"voted":2791,"spoiled":1,"yays":2718,"nays":72},{"committee":"Избербашская городская","vibid":"20520001437194","voters":23633,"total":21030,"voted":21030,"spoiled":40,"yays":19501,"nays":1489},{"committee":"Кайтагская","vibid":"20520001437192","voters":7941,"total":7393,"voted":7393,"spoiled":0,"yays":7038,"nays":355},{"committee":"Карабудахкентская","vibid":"20520001437191","voters":46811,"total":42367,"voted":42367,"spoiled":167,"yays":37236,"nays":4964},{"committee":"Каякентская","vibid":"20520001437189","voters":26443,"total":23051,"voted":23037,"spoiled":121,"yays":20293,"nays":2623},{"committee":"Кизилюртовская","vibid":"20520001437188","voters":2113,"total":2029,"voted":2029,"spoiled":3,"yays":1920,"nays":106},{"committee":"Кизилюртовская городская","vibid":"20520001437187","voters":18928,"total":18259,"voted":18259,"spoiled":10,"yays":16274,"nays":1975},{"committee":"Кизлярская","vibid":"20520001437186","voters":16285,"total":13838,"voted":13838,"spoiled":34,"yays":11844,"nays":1960},{"committee":"Кумторкалинская","vibid":"20520001437183","voters":16409,"total":14834,"voted":14821,"spoiled":35,"yays":13019,"nays":1767},{"committee":"Курахская","vibid":"20520001437182","voters":7511,"total":7298,"voted":7298,"spoiled":11,"yays":7208,"nays":79},{"committee":"Махачкала, Кировская","vibid":"20520001437178","voters":988,"total":815,"voted":815,"spoiled":1,"yays":774,"nays":40},{"committee":"Рутульская","vibid":"20520001437173","voters":2821,"total":2493,"voted":2493,"spoiled":0,"yays":2382,"nays":111},{"committee":"Цумадинская","vibid":"20520001437162","voters":4948,"total":4269,"voted":4179,"spoiled":41,"yays":3923,"nays":215},{"committee":"Цунтинская","vibid":"20520001437161","voters":6345,"total":4682,"voted":4682,"spoiled":17,"yays":4015,"nays":650},{"committee":"Южно-Сухокумская городская","vibid":"20520001437158","voters":2019,"total":1492,"voted":1492,"spoiled":7,"yays":1262,"nays":223}]