[{"committee":"Агрызская","vibid":"21620002480917","voters":24685,"total":22487,"voted":22482,"spoiled":138,"yays":19176,"nays":3168},{"committee":"Аксубаевская","vibid":"21620002480912","voters":20246,"total":19034,"voted":19034,"spoiled":5,"yays":17177,"nays":1852},{"committee":"Актанышская","vibid":"21620002480878","voters":22230,"total":21465,"voted":21465,"spoiled":5,"yays":20459,"nays":1001},{"committee":"Алексеевская","vibid":"21620002480892","voters":18823,"total":17979,"voted":17979,"spoiled":3,"yays":16251,"nays":1725},{"committee":"Алькеевская","vibid":"21620002480932","voters":14615,"total":13754,"voted":13754,"spoiled":7,"yays":12320,"nays":1427},{"committee":"Альметьевская","vibid":"21620002480880","voters":37207,"total":33109,"voted":33099,"spoiled":282,"yays":27755,"nays":5062},{"committee":"Альметьевская городская","vibid":"21620002480937","voters":102535,"total":83153,"voted":83150,"spoiled":316,"yays":65882,"nays":16952},{"committee":"Апастовская","vibid":"21620002480908","voters":15430,"total":14996,"voted":14996,"spoiled":15,"yays":14471,"nays":510},{"committee":"Арская","vibid":"21620002480893","voters":39515,"total":37999,"voted":37912,"spoiled":20,"yays":35592,"nays":2300},{"committee":"Атнинская","vibid":"21620002480927","voters":10015,"total":9689,"voted":9689,"spoiled":21,"yays":9194,"nays":474},{"committee":"Бавлинская","vibid":"21620002480885","voters":9772,"total":9189,"voted":9189,"spoiled":68,"yays":7726,"nays":1395},{"committee":"Бавлинская городская","vibid":"21620002480935","voters":16925,"total":13843,"voted":13843,"spoiled":179,"yays":10739,"nays":2925},{"committee":"Балтасинская","vibid":"21620002480905","voters":25581,"total":24410,"voted":24410,"spoiled":51,"yays":22206,"nays":2153},{"committee":"Бугульминская","vibid":"21620002480884","voters":15017,"total":13996,"voted":13996,"spoiled":15,"yays":11622,"nays":2359},{"committee":"Бугульминская городская","vibid":"21620002480930","voters":64865,"total":55450,"voted":55253,"spoiled":242,"yays":43901,"nays":11110},{"committee":"Буинская","vibid":"21620002480909","voters":9024,"total":8613,"voted":8612,"spoiled":3,"yays":8303,"nays":306},{"committee":"Буинская городская","vibid":"21620002480929","voters":16316,"total":14038,"voted":14038,"spoiled":9,"yays":11857,"nays":2172},{"committee":"Верхнеуслонская","vibid":"21620002480889","voters":14960,"total":13181,"voted":13180,"spoiled":83,"yays":11479,"nays":1618},{"committee":"Высокогорская","vibid":"21620002480907","voters":40355,"total":36333,"voted":36333,"spoiled":524,"yays":30818,"nays":4991},{"committee":"Дрожжановская","vibid":"21620002480939","voters":17599,"total":16996,"voted":16996,"spoiled":21,"yays":16052,"nays":923},{"committee":"Елабужская","vibid":"21620002480913","voters":8770,"total":8074,"voted":8074,"spoiled":12,"yays":6904,"nays":1158},{"committee":"Елабужская городская","vibid":"21620002480871","voters":12885,"total":11071,"voted":11071,"spoiled":28,"yays":9217,"nays":1826},{"committee":"Заинская городская","vibid":"21620002480903","voters":30082,"total":26191,"voted":26190,"spoiled":110,"yays":21489,"nays":4591},{"committee":"Зеленодольская","vibid":"21620002480898","voters":46016,"total":40272,"voted":40272,"spoiled":258,"yays":33358,"nays":6656},{"committee":"Зеленодольская городская","vibid":"21620002480867","voters":74357,"total":59072,"voted":59069,"spoiled":455,"yays":45876,"nays":12738},{"committee":"Казань, Авиастроительная","vibid":"21620002480896","voters":36947,"total":23685,"voted":23640,"spoiled":194,"yays":18476,"nays":4970},{"committee":"Казань, Вахитовская","vibid":"21620002480910","voters":24908,"total":16237,"voted":16227,"spoiled":161,"yays":12520,"nays":3546},{"committee":"Казань, Кировская","vibid":"21620002480876","voters":36749,"total":23630,"voted":23611,"spoiled":171,"yays":19212,"nays":4228},{"committee":"Казань, Московская","vibid":"21620002480883","voters":32072,"total":19749,"voted":19737,"spoiled":153,"yays":15970,"nays":3614},{"committee":"Казань, Ново-Савиновская","vibid":"21620002480888","voters":63400,"total":40286,"voted":40182,"spoiled":368,"yays":31145,"nays":8669},{"committee":"Казань, Приволжская","vibid":"21620002480897","voters":92535,"total":58872,"voted":58836,"spoiled":490,"yays":45345,"nays":13001},{"committee":"Казань, Советская","vibid":"21620002480942","voters":1689,"total":1666,"voted":1666,"spoiled":3,"yays":1347,"nays":316},{"committee":"Кайбицкая","vibid":"21620002480879","voters":10359,"total":9863,"voted":9863,"spoiled":21,"yays":9428,"nays":414},{"committee":"Камско-Устьинская","vibid":"21620002480920","voters":12793,"total":12167,"voted":12167,"spoiled":46,"yays":11135,"nays":986},{"committee":"Кукморская","vibid":"21620002480938","voters":39764,"total":36261,"voted":36261,"spoiled":130,"yays":32337,"nays":3794},{"committee":"Лаишевская","vibid":"21620002480890","voters":12829,"total":12113,"voted":12112,"spoiled":17,"yays":10768,"nays":1327},{"committee":"Лениногорская","vibid":"21620002480941","voters":15937,"total":14784,"voted":14784,"spoiled":50,"yays":12895,"nays":1839},{"committee":"Лениногорская городская","vibid":"21620002480865","voters":46835,"total":39981,"voted":39981,"spoiled":80,"yays":33076,"nays":6825},{"committee":"Мамадышская","vibid":"21620002480877","voters":31054,"total":29050,"voted":29049,"spoiled":96,"yays":25807,"nays":3146},{"committee":"Менделеевская","vibid":"21620002480940","voters":12254,"total":11285,"voted":11285,"spoiled":141,"yays":9844,"nays":1300},{"committee":"Мензелинская","vibid":"21620002480864","voters":21610,"total":19705,"voted":19705,"spoiled":9,"yays":17041,"nays":2655},{"committee":"Муслюмовская","vibid":"21620002480934","voters":15868,"total":14960,"voted":14960,"spoiled":15,"yays":12788,"nays":2157},{"committee":"Набережные Челны, Автозаводская","vibid":"21620002480916","voters":132982,"total":107172,"voted":107118,"spoiled":356,"yays":84635,"nays":22127},{"committee":"Набережные Челны, Комсомольская","vibid":"21620002480936","voters":111309,"total":90208,"voted":90193,"spoiled":677,"yays":73313,"nays":16203},{"committee":"Набережные Челны, Центральная","vibid":"21620002480924","voters":66011,"total":53135,"voted":53125,"spoiled":468,"yays":41791,"nays":10866},{"committee":"Нижнекамская","vibid":"21620002480868","voters":28507,"total":26414,"voted":26414,"spoiled":46,"yays":23210,"nays":3158},{"committee":"Нижнекамская городская","vibid":"21620002480921","voters":74185,"total":61028,"voted":61022,"spoiled":364,"yays":50060,"nays":10598},{"committee":"Новошешминская","vibid":"21620002480911","voters":10990,"total":10445,"voted":10445,"spoiled":1,"yays":9209,"nays":1235},{"committee":"Нурлатская","vibid":"21620002480931","voters":12609,"total":11716,"voted":11716,"spoiled":0,"yays":10788,"nays":928},{"committee":"Нурлатская городская","vibid":"21620002480926","voters":20821,"total":17780,"voted":17780,"spoiled":0,"yays":14754,"nays":3026},{"committee":"Пестречинская","vibid":"21620002480866","voters":29636,"total":26881,"voted":26881,"spoiled":62,"yays":23249,"nays":3570},{"committee":"Рыбно-Слободская","vibid":"21620002480873","voters":20559,"total":19642,"voted":19586,"spoiled":59,"yays":18048,"nays":1479},{"committee":"Сабинская","vibid":"21620002480919","voters":24308,"total":23105,"voted":23105,"spoiled":2,"yays":20592,"nays":2511},{"committee":"Сармановская","vibid":"21620002480891","voters":26756,"total":25434,"voted":25434,"spoiled":29,"yays":22937,"nays":2468},{"committee":"Спасская","vibid":"21620002480869","voters":14726,"total":13584,"voted":13584,"spoiled":9,"yays":12030,"nays":1545},{"committee":"Тетюшская","vibid":"21620002480928","voters":11768,"total":11104,"voted":11104,"spoiled":104,"yays":9727,"nays":1273},{"committee":"Тукаевская","vibid":"21620002480902","voters":33034,"total":31035,"voted":31028,"spoiled":83,"yays":26997,"nays":3948},{"committee":"Тюлячинская","vibid":"21620002480899","voters":10779,"total":10289,"voted":10289,"spoiled":6,"yays":9334,"nays":949},{"committee":"Черемшанская","vibid":"21620002480872","voters":14468,"total":13951,"voted":13951,"spoiled":27,"yays":13132,"nays":792},{"committee":"Чистопольская","vibid":"21620002480933","voters":9791,"total":9196,"voted":9196,"spoiled":19,"yays":8321,"nays":856},{"committee":"Чистопольская городская","vibid":"21620002480925","voters":46857,"total":39226,"voted":39226,"spoiled":173,"yays":33099,"nays":5954},{"committee":"Ютазинская","vibid":"21620002480906","voters":16555,"total":15730,"voted":15730,"spoiled":127,"yays":14679,"nays":924}]