[{"committee":"Адыге-Хабльская","vibid":"2092000562238","voters":5091,"total":4302,"voted":4302,"spoiled":24,"yays":3759,"nays":519},{"committee":"Зеленчукская","vibid":"2092000562237","voters":5306,"total":4391,"voted":4391,"spoiled":27,"yays":3720,"nays":644},{"committee":"Карачаевская","vibid":"2092000562236","voters":18894,"total":16020,"voted":16020,"spoiled":15,"yays":13923,"nays":2082},{"committee":"Карачаевская городская","vibid":"2092000562235","voters":15257,"total":13056,"voted":13056,"spoiled":26,"yays":11500,"nays":1530},{"committee":"Малокарачаевская","vibid":"2092000562234","voters":7018,"total":5992,"voted":5992,"spoiled":21,"yays":4981,"nays":990},{"committee":"Прикубанская","vibid":"2092000562233","voters":16812,"total":14521,"voted":14521,"spoiled":20,"yays":12127,"nays":2374},{"committee":"Урупская","vibid":"2092000562232","voters":12283,"total":10655,"voted":10655,"spoiled":21,"yays":9253,"nays":1381},{"committee":"Усть-Джегутинская","vibid":"2092000562231","voters":22385,"total":18802,"voted":18802,"spoiled":16,"yays":16239,"nays":2547},{"committee":"Хабезская","vibid":"2092000562230","voters":18376,"total":15738,"voted":15738,"spoiled":19,"yays":13551,"nays":2168},{"committee":"Черкесская городская","vibid":"2092000562229","voters":47286,"total":39329,"voted":39324,"spoiled":142,"yays":33331,"nays":5851},{"committee":"Абазинская","vibid":"2092000562228","voters":10303,"total":8705,"voted":8705,"spoiled":25,"yays":7711,"nays":969},{"committee":"Ногайская","vibid":"2092000562227","voters":9603,"total":8012,"voted":8012,"spoiled":6,"yays":7019,"nays":987}]