[{"committee":"Алапаевская городская","vibid":"26620002508334","voters":33360,"total":20368,"voted":20368,"spoiled":238,"yays":13904,"nays":6226},{"committee":"Алапаевская","vibid":"26620002508331","voters":25372,"total":17562,"voted":17561,"spoiled":161,"yays":11758,"nays":5642},{"committee":"Арамильская городская","vibid":"26620002508287","voters":17477,"total":7930,"voted":7929,"spoiled":95,"yays":5383,"nays":2451},{"committee":"Артемовская","vibid":"26620002508314","voters":46946,"total":20452,"voted":20449,"spoiled":246,"yays":14614,"nays":5589},{"committee":"Артинская","vibid":"26620002508282","voters":23189,"total":14956,"voted":14955,"spoiled":143,"yays":10423,"nays":4389},{"committee":"Асбестовская городская","vibid":"26620002508290","voters":54247,"total":27686,"voted":27681,"spoiled":346,"yays":18616,"nays":8719},{"committee":"Ачитская","vibid":"26620002508345","voters":13316,"total":8197,"voted":8197,"spoiled":77,"yays":5896,"nays":2224},{"committee":"Байкаловская","vibid":"26620002508366","voters":12521,"total":7339,"voted":7339,"spoiled":61,"yays":5321,"nays":1957},{"committee":"Белоярская","vibid":"26620002508320","voters":31328,"total":17658,"voted":17658,"spoiled":142,"yays":12083,"nays":5433},{"committee":"Березовская городская","vibid":"26620002508360","voters":58722,"total":27503,"voted":27501,"spoiled":209,"yays":18381,"nays":8911},{"committee":"Бисертская поселковая","vibid":"26620002508312","voters":8366,"total":5686,"voted":5686,"spoiled":62,"yays":3827,"nays":1797},{"committee":"Богдановичская ","vibid":"26620002508303","voters":36674,"total":18769,"voted":18766,"spoiled":166,"yays":12708,"nays":5892},{"committee":"Верхнедубровская поселковая","vibid":"26620002508344","voters":4065,"total":2368,"voted":2368,"spoiled":26,"yays":1570,"nays":772},{"committee":"Верх-Нейвинская поселковая","vibid":"26620002508362","voters":3503,"total":1902,"voted":1900,"spoiled":47,"yays":1244,"nays":609},{"committee":"Верхнепышминская городская","vibid":"26620002508328","voters":65698,"total":31666,"voted":31663,"spoiled":253,"yays":20492,"nays":10918},{"committee":"Верхнесалдинская","vibid":"26620002508341","voters":36867,"total":20274,"voted":20272,"spoiled":266,"yays":12756,"nays":7250},{"committee":"Верхнетагильская городская","vibid":"26620002508335","voters":10446,"total":6275,"voted":6275,"spoiled":87,"yays":4471,"nays":1717},{"committee":"Верхнетуринская городская","vibid":"26620002508343","voters":7553,"total":5196,"voted":5196,"spoiled":96,"yays":3305,"nays":1795},{"committee":"Верхотурская","vibid":"26620002508365","voters":11116,"total":6585,"voted":6585,"spoiled":110,"yays":4668,"nays":1807},{"committee":"Волчанская городская","vibid":"26620002508355","voters":7344,"total":6215,"voted":6215,"spoiled":75,"yays":5470,"nays":670},{"committee":"Гаринская","vibid":"26620002508340","voters":2689,"total":1882,"voted":1882,"spoiled":32,"yays":1275,"nays":575},{"committee":"Дегтярская городская","vibid":"26620002508296","voters":11732,"total":5567,"voted":5565,"spoiled":43,"yays":3965,"nays":1557},{"committee":"Екатеринбург, Верх-Исетская","vibid":"26620002508283","voters":176224,"total":79036,"voted":79025,"spoiled":546,"yays":49131,"nays":29348},{"committee":"Екатеринбург, Железнодорожная","vibid":"26620002508308","voters":112377,"total":49039,"voted":49019,"spoiled":491,"yays":32212,"nays":16316},{"committee":"Екатеринбург, Кировская","vibid":"26620002508279","voters":158680,"total":72968,"voted":72936,"spoiled":576,"yays":45512,"nays":26848},{"committee":"Екатеринбург, Ленинская","vibid":"26620002508323","voters":154413,"total":75453,"voted":75434,"spoiled":570,"yays":46409,"nays":28455},{"committee":"Екатеринбург, Октябрьская","vibid":"26620002508293","voters":110254,"total":49338,"voted":49331,"spoiled":409,"yays":31146,"nays":17776},{"committee":"Екатеринбург, Орджоникидзевская","vibid":"26620002508299","voters":195659,"total":86161,"voted":86135,"spoiled":709,"yays":55829,"nays":29597},{"committee":"Екатеринбург, Чкаловская","vibid":"26620002508307","voters":202577,"total":87813,"voted":87793,"spoiled":789,"yays":55712,"nays":31292},{"committee":"Заречная городская","vibid":"26620002508298","voters":24920,"total":14346,"voted":14342,"spoiled":142,"yays":9332,"nays":4868},{"committee":"Ивдельская городская","vibid":"26620002508339","voters":13816,"total":10400,"voted":10400,"spoiled":95,"yays":6838,"nays":3467},{"committee":"Ирбитская городская","vibid":"26620002508291","voters":30614,"total":17782,"voted":17781,"spoiled":183,"yays":12258,"nays":5340},{"committee":"Ирбитская","vibid":"26620002508337","voters":23190,"total":15763,"voted":15763,"spoiled":124,"yays":11232,"nays":4407},{"committee":"Каменская","vibid":"26620002508354","voters":23249,"total":13729,"voted":13729,"spoiled":109,"yays":9387,"nays":4233},{"committee":"Каменск-Уральская городская","vibid":"26620002508289","voters":134521,"total":73788,"voted":73776,"spoiled":738,"yays":48536,"nays":24502},{"committee":"Камышловская городская","vibid":"26620002508321","voters":21064,"total":10840,"voted":10840,"spoiled":107,"yays":7420,"nays":3313},{"committee":"Камышловская ","vibid":"26620002508348","voters":17633,"total":12350,"voted":12350,"spoiled":419,"yays":8480,"nays":3451},{"committee":"Карпинская городская","vibid":"26620002508280","voters":23231,"total":12570,"voted":12570,"spoiled":155,"yays":8120,"nays":4295},{"committee":"Качканарская городская","vibid":"26620002508277","voters":32223,"total":22084,"voted":22084,"spoiled":168,"yays":14536,"nays":7380},{"committee":"Кировградская городская","vibid":"26620002508274","voters":21952,"total":11066,"voted":11063,"spoiled":152,"yays":6997,"nays":3914},{"committee":"Краснотурьинская городская","vibid":"26620002508338","voters":45503,"total":25326,"voted":25326,"spoiled":319,"yays":16096,"nays":8911},{"committee":"Красноуральская городская","vibid":"26620002508286","voters":19152,"total":12694,"voted":12694,"spoiled":212,"yays":8175,"nays":4307},{"committee":"Красноуфимская городская","vibid":"26620002508311","voters":29828,"total":15381,"voted":15378,"spoiled":197,"yays":10060,"nays":5121},{"committee":"Красноуфимская","vibid":"26620002508310","voters":21595,"total":14263,"voted":14263,"spoiled":125,"yays":9551,"nays":4587},{"committee":"Кушвинская городская","vibid":"26620002508336","voters":33256,"total":16777,"voted":16776,"spoiled":168,"yays":11634,"nays":4974},{"committee":"Лесная городская","vibid":"26620002508302","voters":41762,"total":25627,"voted":25617,"spoiled":293,"yays":16533,"nays":8791},{"committee":"Малышевская поселковая","vibid":"26620002508304","voters":8564,"total":4331,"voted":4331,"spoiled":74,"yays":2780,"nays":1477},{"committee":"Невьянская","vibid":"26620002508353","voters":32581,"total":16808,"voted":16807,"spoiled":206,"yays":10836,"nays":5765},{"committee":"Нижнесалдинская городская","vibid":"26620002508361","voters":13337,"total":6788,"voted":6788,"spoiled":89,"yays":4269,"nays":2430},{"committee":"Нижнесергинская","vibid":"26620002508367","voters":33634,"total":22054,"voted":22054,"spoiled":163,"yays":15681,"nays":6210},{"committee":"Нижнетуринская","vibid":"26620002508275","voters":20785,"total":12815,"voted":12812,"spoiled":173,"yays":8440,"nays":4199},{"committee":"Нижний Тагил, Дзержинская","vibid":"26620002508306","voters":88823,"total":42173,"voted":42160,"spoiled":760,"yays":27484,"nays":13916},{"committee":"Нижний Тагил, Ленинская","vibid":"26620002508278","voters":84778,"total":39869,"voted":39858,"spoiled":476,"yays":26295,"nays":13087},{"committee":"Нижний Тагил, Тагилстроевская","vibid":"26620002508281","voters":94929,"total":41408,"voted":41406,"spoiled":588,"yays":26915,"nays":13903},{"committee":"Новолялинская","vibid":"26620002508342","voters":15494,"total":9616,"voted":9616,"spoiled":98,"yays":6674,"nays":2844},{"committee":"Новоуральская городская","vibid":"26620002508330","voters":72935,"total":36603,"voted":36599,"spoiled":387,"yays":23841,"nays":12371},{"committee":"Пелымская поселковая","vibid":"26620002508322","voters":2612,"total":2079,"voted":2079,"spoiled":41,"yays":1146,"nays":892},{"committee":"Первоуральская городская","vibid":"26620002508358","voters":116778,"total":57285,"voted":57277,"spoiled":664,"yays":37400,"nays":19213},{"committee":"Полевская городская","vibid":"26620002508316","voters":56800,"total":28680,"voted":28680,"spoiled":274,"yays":19642,"nays":8764},{"committee":"Пригородная","vibid":"26620002508333","voters":26597,"total":19070,"voted":19070,"spoiled":148,"yays":13341,"nays":5581},{"committee":"Пышминская ","vibid":"26620002508300","voters":15633,"total":11299,"voted":11296,"spoiled":134,"yays":7331,"nays":3831},{"committee":"Ревдинская","vibid":"26620002508332","voters":47995,"total":22861,"voted":22847,"spoiled":214,"yays":15099,"nays":7534},{"committee":"Режевская","vibid":"26620002508317","voters":36909,"total":16107,"voted":16104,"spoiled":194,"yays":11396,"nays":4514},{"committee":"Рефтинская поселковая","vibid":"26620002508292","voters":12329,"total":6653,"voted":6651,"spoiled":66,"yays":4336,"nays":2249},{"committee":"Свободненская поселковая","vibid":"26620002508326","voters":6335,"total":4226,"voted":4226,"spoiled":31,"yays":2229,"nays":1966},{"committee":"Североуральская городская","vibid":"26620002508350","voters":31824,"total":24033,"voted":24033,"spoiled":782,"yays":15316,"nays":7935},{"committee":"Серовская городская","vibid":"26620002508347","voters":66708,"total":37670,"voted":37669,"spoiled":491,"yays":24808,"nays":12370},{"committee":"Серовская","vibid":"26620002508295","voters":9107,"total":5674,"voted":5674,"spoiled":95,"yays":3858,"nays":1721},{"committee":"Слободо-Туринская","vibid":"26620002508359","voters":11484,"total":7451,"voted":7451,"spoiled":87,"yays":5464,"nays":1900},{"committee":"Среднеуральская городская","vibid":"26620002508284","voters":18324,"total":8544,"voted":8543,"spoiled":90,"yays":5772,"nays":2681},{"committee":"Староуткинская поселковая","vibid":"26620002508324","voters":2302,"total":1359,"voted":1359,"spoiled":18,"yays":1075,"nays":266},{"committee":"Сухоложская городская","vibid":"26620002508356","voters":35872,"total":18327,"voted":18325,"spoiled":226,"yays":12604,"nays":5495},{"committee":"Сысертская","vibid":"26620002508309","voters":50836,"total":30203,"voted":30203,"spoiled":262,"yays":20423,"nays":9518},{"committee":"Таборинская","vibid":"26620002508301","voters":2732,"total":1736,"voted":1736,"spoiled":13,"yays":1294,"nays":429},{"committee":"Тавдинская","vibid":"26620002508364","voters":28905,"total":14756,"voted":14756,"spoiled":119,"yays":10281,"nays":4356},{"committee":"Талицкая ","vibid":"26620002508319","voters":37297,"total":26166,"voted":26166,"spoiled":277,"yays":19292,"nays":6597},{"committee":"Тугулымская","vibid":"26620002508276","voters":17166,"total":10639,"voted":10638,"spoiled":81,"yays":7979,"nays":2578},{"committee":"Туринская","vibid":"26620002508325","voters":20727,"total":11410,"voted":11410,"spoiled":92,"yays":8412,"nays":2906},{"committee":"Уральская поселковая","vibid":"26620002508297","voters":1767,"total":1133,"voted":1133,"spoiled":10,"yays":645,"nays":478},{"committee":"Шалинская","vibid":"26620002508352","voters":15637,"total":9532,"voted":9529,"spoiled":98,"yays":6558,"nays":2873}]