[{"committee":"Болховская","vibid":"25720001168562","voters":14709,"total":13116,"voted":13116,"spoiled":100,"yays":11393,"nays":1623},{"committee":"Верховская","vibid":"25720001168564","voters":14141,"total":11334,"voted":11334,"spoiled":108,"yays":8515,"nays":2711},{"committee":"Глазуновская","vibid":"25720001168553","voters":10252,"total":9153,"voted":9152,"spoiled":14,"yays":8808,"nays":330},{"committee":"Дмитровская","vibid":"25720001168559","voters":9937,"total":8320,"voted":8319,"spoiled":98,"yays":6202,"nays":2019},{"committee":"Должанская","vibid":"25720001168566","voters":8635,"total":6686,"voted":6686,"spoiled":32,"yays":5522,"nays":1132},{"committee":"Залегощенская","vibid":"25720001168578","voters":11612,"total":9941,"voted":9941,"spoiled":131,"yays":8163,"nays":1647},{"committee":"Знаменская","vibid":"25720001168571","voters":3906,"total":3608,"voted":3608,"spoiled":3,"yays":3397,"nays":208},{"committee":"Колпнянская","vibid":"25720001168567","voters":11414,"total":10845,"voted":10845,"spoiled":10,"yays":9733,"nays":1102},{"committee":"Корсаковская","vibid":"25720001168574","voters":3366,"total":2757,"voted":2757,"spoiled":12,"yays":2238,"nays":507},{"committee":"Краснозоренская","vibid":"25720001168556","voters":5013,"total":4400,"voted":4400,"spoiled":18,"yays":3628,"nays":754},{"committee":"Кромская","vibid":"25720001168579","voters":16263,"total":13776,"voted":13776,"spoiled":75,"yays":11495,"nays":2206},{"committee":"Ливенская","vibid":"25720001168568","voters":23961,"total":20348,"voted":20348,"spoiled":253,"yays":16452,"nays":3643},{"committee":"Ливенская городская","vibid":"25720001168575","voters":37119,"total":30154,"voted":30154,"spoiled":326,"yays":21625,"nays":8203},{"committee":"Малоархангельская","vibid":"25720001168572","voters":9353,"total":7952,"voted":7952,"spoiled":44,"yays":6195,"nays":1713},{"committee":"Мценская","vibid":"25720001168554","voters":15882,"total":13379,"voted":13379,"spoiled":38,"yays":11436,"nays":1905},{"committee":"Мценская городская","vibid":"25720001168573","voters":33374,"total":23027,"voted":23025,"spoiled":432,"yays":18077,"nays":4516},{"committee":"Новодеревеньковская","vibid":"25720001168570","voters":8433,"total":7158,"voted":7158,"spoiled":55,"yays":5799,"nays":1304},{"committee":"Новосильская","vibid":"25720001168557","voters":6628,"total":5368,"voted":5368,"spoiled":14,"yays":4377,"nays":977},{"committee":"Орел, Железнодорожная","vibid":"25720001168569","voters":49584,"total":37128,"voted":37121,"spoiled":844,"yays":29259,"nays":7018},{"committee":"Орел, Заводская","vibid":"25720001168577","voters":85886,"total":44265,"voted":44259,"spoiled":460,"yays":31500,"nays":12299},{"committee":"Орел, Советская","vibid":"25720001168555","voters":61614,"total":44668,"voted":44654,"spoiled":1356,"yays":33921,"nays":9377},{"committee":"Орловская","vibid":"25720001168576","voters":57571,"total":46219,"voted":46207,"spoiled":387,"yays":37147,"nays":8673},{"committee":"Покровская","vibid":"25720001168561","voters":11222,"total":8716,"voted":8707,"spoiled":103,"yays":6463,"nays":2141},{"committee":"Свердловская","vibid":"25720001168565","voters":12461,"total":10902,"voted":10902,"spoiled":98,"yays":9989,"nays":815},{"committee":"Сосковская","vibid":"25720001168563","voters":4706,"total":4403,"voted":4403,"spoiled":27,"yays":4026,"nays":350},{"committee":"Троснянская","vibid":"25720001168552","voters":7554,"total":6800,"voted":6800,"spoiled":29,"yays":5740,"nays":1031},{"committee":"Урицкая","vibid":"25720001168581","voters":14092,"total":12562,"voted":12562,"spoiled":131,"yays":10657,"nays":1774},{"committee":"Хотынецкая","vibid":"25720001168560","voters":7702,"total":6844,"voted":6810,"spoiled":46,"yays":5872,"nays":892},{"committee":"Шаблыкинская","vibid":"25720001168580","voters":5849,"total":5296,"voted":5296,"spoiled":20,"yays":4460,"nays":816},{"committee":"Орел, Северная ","vibid":"25720001168558","voters":54957,"total":38018,"voted":38000,"spoiled":394,"yays":30322,"nays":7284}]