[{"committee":"Бежаницкая","vibid":"2602000809994","voters":9659,"total":6413,"voted":6413,"spoiled":46,"yays":5102,"nays":1265},{"committee":"Великолукская","vibid":"2602000809996","voters":16551,"total":11807,"voted":11807,"spoiled":134,"yays":9449,"nays":2224},{"committee":"Великолукская городская","vibid":"2602000809984","voters":77094,"total":33033,"voted":33031,"spoiled":237,"yays":24123,"nays":8671},{"committee":"Гдовская","vibid":"2602000809990","voters":9718,"total":5332,"voted":5332,"spoiled":40,"yays":4165,"nays":1127},{"committee":"Дедовичская","vibid":"2602000809998","voters":10889,"total":8138,"voted":8138,"spoiled":53,"yays":6440,"nays":1645},{"committee":"Дновская","vibid":"2602000810017","voters":10094,"total":7246,"voted":7246,"spoiled":32,"yays":6005,"nays":1209},{"committee":"Красногородская","vibid":"2602000810007","voters":5872,"total":4032,"voted":4032,"spoiled":38,"yays":3366,"nays":628},{"committee":"Куньинская","vibid":"2602000809999","voters":3205,"total":2362,"voted":2362,"spoiled":16,"yays":1962,"nays":384},{"committee":"Локнянская","vibid":"2602000810010","voters":7472,"total":4971,"voted":4971,"spoiled":29,"yays":3971,"nays":971},{"committee":"Невельская","vibid":"2602000809987","voters":18414,"total":13121,"voted":13120,"spoiled":107,"yays":10845,"nays":2168},{"committee":"Новоржевская","vibid":"2602000810016","voters":6903,"total":4242,"voted":4242,"spoiled":24,"yays":3490,"nays":728},{"committee":"Новосокольническая","vibid":"2602000810001","voters":10320,"total":6778,"voted":6778,"spoiled":47,"yays":5573,"nays":1158},{"committee":"Опочецкая","vibid":"2602000810011","voters":14024,"total":9056,"voted":9056,"spoiled":43,"yays":7376,"nays":1637},{"committee":"Островская","vibid":"2602000810008","voters":23086,"total":15340,"voted":15340,"spoiled":60,"yays":13061,"nays":2219},{"committee":"Палкинская","vibid":"2602000809985","voters":6723,"total":4585,"voted":4585,"spoiled":24,"yays":3790,"nays":771},{"committee":"Печорская","vibid":"2602000810009","voters":16183,"total":10791,"voted":10790,"spoiled":140,"yays":8741,"nays":1909},{"committee":"Плюсская","vibid":"2602000810006","voters":6980,"total":3821,"voted":3821,"spoiled":8,"yays":3150,"nays":663},{"committee":"Порховская","vibid":"2602000809989","voters":17077,"total":10192,"voted":10191,"spoiled":39,"yays":8747,"nays":1405},{"committee":"Псковская","vibid":"2602000810003","voters":33266,"total":23653,"voted":23651,"spoiled":103,"yays":19430,"nays":4118},{"committee":"Псковская городская","vibid":"2602000810014","voters":164843,"total":73722,"voted":70902,"spoiled":586,"yays":51282,"nays":19034},{"committee":"Пустошкинская","vibid":"2602000809986","voters":7181,"total":3927,"voted":3927,"spoiled":56,"yays":3144,"nays":727},{"committee":"Пушкиногорская","vibid":"2602000810012","voters":7330,"total":5142,"voted":5142,"spoiled":44,"yays":4461,"nays":637},{"committee":"Пыталовская","vibid":"2602000809992","voters":8768,"total":5762,"voted":5762,"spoiled":24,"yays":4832,"nays":906},{"committee":"Себежская","vibid":"2602000809997","voters":11077,"total":7842,"voted":7831,"spoiled":70,"yays":5994,"nays":1767},{"committee":"Струго-Красненская","vibid":"2602000809995","voters":8323,"total":7085,"voted":7085,"spoiled":67,"yays":6020,"nays":998},{"committee":"Усвятская","vibid":"2602000809983","voters":3794,"total":2802,"voted":2802,"spoiled":4,"yays":2538,"nays":260}]