[{"committee":"Архангельск, Исакогорская ","vibid":"22920001229373","voters":25290,"total":10398,"voted":10398,"spoiled":114,"yays":7037,"nays":3247},{"committee":"Архангельск, Ломоносовская","vibid":"22920001229375","voters":51355,"total":24614,"voted":24604,"spoiled":195,"yays":15117,"nays":9292},{"committee":"Архангельск, Октябрьская","vibid":"22920001229362","voters":64183,"total":31550,"voted":31476,"spoiled":233,"yays":19327,"nays":11916},{"committee":"Архангельск, Соломбальская","vibid":"22920001229368","voters":60404,"total":26228,"voted":26201,"spoiled":246,"yays":17051,"nays":8904},{"committee":"Архангельск, Южная","vibid":"22920001229378","voters":58094,"total":26936,"voted":26926,"spoiled":207,"yays":16938,"nays":9781},{"committee":"Коряжемская городская","vibid":"22920001229391","voters":29376,"total":14236,"voted":14233,"spoiled":154,"yays":8885,"nays":5194},{"committee":"Котласская городская","vibid":"22920001229384","voters":56498,"total":28996,"voted":28989,"spoiled":242,"yays":17025,"nays":11722},{"committee":"Мирнинская городская","vibid":"22920001229379","voters":17844,"total":11656,"voted":11654,"spoiled":198,"yays":7535,"nays":3921},{"committee":"Новодвинская городская","vibid":"22920001229387","voters":29801,"total":15479,"voted":15469,"spoiled":142,"yays":10022,"nays":5305},{"committee":"Новая Земля","vibid":"22920001229365","voters":1666,"total":1642,"voted":1640,"spoiled":15,"yays":1189,"nays":436},{"committee":"Северодвинская городская № 1","vibid":"22920001229392","voters":72884,"total":36271,"voted":36261,"spoiled":260,"yays":22245,"nays":13756},{"committee":"Северодвинская городская № 2","vibid":"22920001229380","voters":70761,"total":34438,"voted":34423,"spoiled":284,"yays":20864,"nays":13275},{"committee":"Вельская","vibid":"22920001229388","voters":42718,"total":21147,"voted":21144,"spoiled":132,"yays":13984,"nays":7028},{"committee":"Верхнетоемская","vibid":"22920001229385","voters":12205,"total":6114,"voted":6112,"spoiled":55,"yays":4670,"nays":1387},{"committee":"Вилегодская","vibid":"22920001229363","voters":9205,"total":5808,"voted":5807,"spoiled":54,"yays":4022,"nays":1731},{"committee":"Виноградовская","vibid":"22920001229386","voters":14297,"total":8449,"voted":8448,"spoiled":76,"yays":6272,"nays":2100},{"committee":"Каргопольская","vibid":"22920001229383","voters":15041,"total":8432,"voted":8431,"spoiled":74,"yays":6052,"nays":2305},{"committee":"Коношская","vibid":"22920001229366","voters":18456,"total":9667,"voted":9665,"spoiled":78,"yays":7195,"nays":2392},{"committee":"Котласская","vibid":"22920001229381","voters":14460,"total":7568,"voted":7567,"spoiled":51,"yays":4853,"nays":2663},{"committee":"Красноборская","vibid":"22920001229390","voters":11406,"total":6520,"voted":6520,"spoiled":53,"yays":4484,"nays":1983},{"committee":"Ленская","vibid":"22920001229364","voters":10598,"total":5931,"voted":5931,"spoiled":47,"yays":2835,"nays":3049},{"committee":"Лешуконская","vibid":"22920001229389","voters":6869,"total":3783,"voted":3783,"spoiled":29,"yays":3081,"nays":673},{"committee":"Мезенская","vibid":"22920001229372","voters":9368,"total":5422,"voted":5421,"spoiled":32,"yays":3866,"nays":1523},{"committee":"Няндомская","vibid":"22920001229376","voters":22917,"total":11373,"voted":11373,"spoiled":99,"yays":8068,"nays":3206},{"committee":"Онежская","vibid":"22920001229374","voters":25538,"total":11962,"voted":11959,"spoiled":87,"yays":8625,"nays":3247},{"committee":"Пинежская","vibid":"22920001229361","voters":21733,"total":12110,"voted":12107,"spoiled":101,"yays":9298,"nays":2708},{"committee":"Плесецкая","vibid":"22920001229394","voters":35005,"total":17514,"voted":17514,"spoiled":160,"yays":12618,"nays":4736},{"committee":"Приморская","vibid":"22920001229369","voters":23647,"total":13559,"voted":13558,"spoiled":133,"yays":9239,"nays":4186},{"committee":"Устьянская","vibid":"22920001229393","voters":25157,"total":14148,"voted":14148,"spoiled":109,"yays":10151,"nays":3888},{"committee":"Холмогорская","vibid":"22920001229367","voters":20687,"total":11983,"voted":11983,"spoiled":95,"yays":8729,"nays":3159},{"committee":"Шенкурская","vibid":"22920001229377","voters":12420,"total":7001,"voted":6999,"spoiled":50,"yays":5143,"nays":1806}]