[{"committee":"УИК №8009","vibid":"499400180528","voters":98,"total":98,"voted":98,"spoiled":0,"yays":50,"nays":48},{"committee":"УИК №8010","vibid":"499400180529","voters":445,"total":445,"voted":443,"spoiled":1,"yays":203,"nays":239},{"committee":"УИК №8017","vibid":"499400180532","voters":273,"total":273,"voted":273,"spoiled":3,"yays":207,"nays":63},{"committee":"УИК №8024","vibid":"499400180537","voters":146,"total":124,"voted":124,"spoiled":1,"yays":91,"nays":32},{"committee":"УИК №8025","vibid":"499400180538","voters":43,"total":43,"voted":43,"spoiled":0,"yays":39,"nays":4},{"committee":"УИК №8028","vibid":"499400180541","voters":66,"total":66,"voted":66,"spoiled":0,"yays":44,"nays":22},{"committee":"УИК №8031","vibid":"499400180543","voters":371,"total":371,"voted":371,"spoiled":3,"yays":274,"nays":94},{"committee":"УИК №8036","vibid":"499400180547","voters":1554,"total":1346,"voted":1346,"spoiled":23,"yays":516,"nays":807},{"committee":"УИК №8038","vibid":"499400180548","voters":58,"total":58,"voted":58,"spoiled":1,"yays":30,"nays":27},{"committee":"УИК №8046","vibid":"499400190050","voters":424,"total":424,"voted":424,"spoiled":3,"yays":346,"nays":75},{"committee":"УИК №8047","vibid":"499400190051","voters":335,"total":335,"voted":335,"spoiled":0,"yays":289,"nays":46},{"committee":"УИК №8059","vibid":"499400180564","voters":20,"total":20,"voted":20,"spoiled":1,"yays":12,"nays":7},{"committee":"УИК №8065","vibid":"499400180569","voters":65,"total":65,"voted":65,"spoiled":1,"yays":56,"nays":8},{"committee":"УИК №8067","vibid":"499400180571","voters":231,"total":219,"voted":219,"spoiled":1,"yays":120,"nays":98},{"committee":"УИК №8068","vibid":"499400180572","voters":645,"total":645,"voted":645,"spoiled":4,"yays":309,"nays":332},{"committee":"УИК №8069","vibid":"499400180573","voters":51,"total":51,"voted":51,"spoiled":0,"yays":21,"nays":30},{"committee":"УИК №8094","vibid":"499400180825","voters":1112,"total":1112,"voted":1110,"spoiled":7,"yays":387,"nays":716},{"committee":"УИК №8096","vibid":"499400180826","voters":694,"total":694,"voted":694,"spoiled":6,"yays":318,"nays":370},{"committee":"УИК №8098","vibid":"499400180827","voters":59,"total":59,"voted":59,"spoiled":0,"yays":49,"nays":10},{"committee":"УИК №8099","vibid":"499400180828","voters":358,"total":358,"voted":358,"spoiled":2,"yays":240,"nays":116},{"committee":"УИК №8100","vibid":"499400180829","voters":66,"total":66,"voted":66,"spoiled":0,"yays":44,"nays":22},{"committee":"УИК №8101","vibid":"499400180830","voters":25,"total":25,"voted":25,"spoiled":0,"yays":10,"nays":15},{"committee":"УИК №8102","vibid":"499400180831","voters":96,"total":96,"voted":96,"spoiled":1,"yays":49,"nays":46},{"committee":"УИК №8103","vibid":"499400180832","voters":156,"total":156,"voted":156,"spoiled":0,"yays":102,"nays":54},{"committee":"УИК №8108","vibid":"499400180837","voters":215,"total":215,"voted":215,"spoiled":2,"yays":124,"nays":89},{"committee":"УИК №8109","vibid":"499400180838","voters":6,"total":6,"voted":6,"spoiled":0,"yays":6,"nays":0},{"committee":"УИК №8110","vibid":"499400180839","voters":12,"total":12,"voted":12,"spoiled":0,"yays":8,"nays":4},{"committee":"УИК №8111","vibid":"499400190052","voters":161,"total":161,"voted":161,"spoiled":1,"yays":98,"nays":62},{"committee":"УИК №8119","vibid":"499400180845","voters":495,"total":495,"voted":495,"spoiled":0,"yays":223,"nays":272},{"committee":"УИК №8120","vibid":"499400180846","voters":97,"total":97,"voted":97,"spoiled":0,"yays":62,"nays":35},{"committee":"УИК №8125","vibid":"499400180849","voters":373,"total":373,"voted":373,"spoiled":2,"yays":279,"nays":92},{"committee":"УИК №8128","vibid":"499400180850","voters":218,"total":218,"voted":218,"spoiled":0,"yays":176,"nays":42},{"committee":"УИК №8131","vibid":"499400180851","voters":272,"total":272,"voted":272,"spoiled":2,"yays":183,"nays":87},{"committee":"УИК №8132","vibid":"499400180852","voters":938,"total":928,"voted":928,"spoiled":12,"yays":592,"nays":324},{"committee":"УИК №8133","vibid":"499400180853","voters":628,"total":628,"voted":628,"spoiled":4,"yays":498,"nays":126},{"committee":"УИК №8152","vibid":"499400180858","voters":103,"total":103,"voted":103,"spoiled":1,"yays":61,"nays":41},{"committee":"УИК №8156","vibid":"499400180860","voters":132,"total":132,"voted":132,"spoiled":1,"yays":57,"nays":74},{"committee":"УИК №8159","vibid":"499400180863","voters":1184,"total":1184,"voted":1184,"spoiled":11,"yays":1028,"nays":145},{"committee":"УИК №8160","vibid":"499400180864","voters":1278,"total":1278,"voted":1278,"spoiled":2,"yays":1266,"nays":10},{"committee":"УИК №8162","vibid":"499400180866","voters":452,"total":452,"voted":452,"spoiled":5,"yays":392,"nays":55},{"committee":"УИК №8163","vibid":"499400180867","voters":126,"total":125,"voted":125,"spoiled":3,"yays":75,"nays":47},{"committee":"УИК №8164","vibid":"499400180868","voters":37,"total":36,"voted":36,"spoiled":0,"yays":21,"nays":15},{"committee":"УИК №8165","vibid":"499400180869","voters":644,"total":644,"voted":644,"spoiled":5,"yays":376,"nays":263},{"committee":"УИК №8166","vibid":"499400180870","voters":408,"total":408,"voted":408,"spoiled":5,"yays":118,"nays":285},{"committee":"УИК №8167","vibid":"499400180871","voters":71,"total":71,"voted":71,"spoiled":0,"yays":25,"nays":46},{"committee":"УИК №8168","vibid":"499400180872","voters":204,"total":201,"voted":201,"spoiled":0,"yays":40,"nays":161},{"committee":"УИК №8169","vibid":"499400180873","voters":270,"total":270,"voted":270,"spoiled":1,"yays":92,"nays":177},{"committee":"УИК №8173","vibid":"499400180877","voters":435,"total":435,"voted":435,"spoiled":0,"yays":174,"nays":261},{"committee":"УИК №8174","vibid":"499400180878","voters":244,"total":232,"voted":232,"spoiled":3,"yays":124,"nays":105},{"committee":"УИК №8178","vibid":"499400180882","voters":128,"total":128,"voted":128,"spoiled":0,"yays":81,"nays":47},{"committee":"УИК №8180","vibid":"499400180884","voters":3621,"total":3621,"voted":3610,"spoiled":23,"yays":3257,"nays":330},{"committee":"УИК №8190","vibid":"499400180890","voters":380,"total":380,"voted":380,"spoiled":1,"yays":317,"nays":62},{"committee":"УИК №8191","vibid":"499400180891","voters":158,"total":143,"voted":143,"spoiled":0,"yays":73,"nays":70},{"committee":"УИК №8197","vibid":"499400180897","voters":151,"total":151,"voted":151,"spoiled":0,"yays":68,"nays":83},{"committee":"УИК №8203","vibid":"499400180903","voters":110,"total":110,"voted":110,"spoiled":0,"yays":75,"nays":35},{"committee":"УИК №8204","vibid":"499400180904","voters":889,"total":889,"voted":889,"spoiled":5,"yays":820,"nays":64},{"committee":"УИК №8229","vibid":"499400180907","voters":882,"total":455,"voted":453,"spoiled":2,"yays":339,"nays":112},{"committee":"УИК №8230","vibid":"499400180908","voters":282,"total":166,"voted":164,"spoiled":0,"yays":124,"nays":40},{"committee":"УИК №8233","vibid":"499400180909","voters":79,"total":79,"voted":79,"spoiled":0,"yays":50,"nays":29},{"committee":"УИК №8235","vibid":"499400180911","voters":73,"total":73,"voted":73,"spoiled":0,"yays":34,"nays":39},{"committee":"УИК №8241","vibid":"499400180915","voters":116,"total":116,"voted":116,"spoiled":0,"yays":55,"nays":61},{"committee":"УИК №8244","vibid":"499400180916","voters":420,"total":420,"voted":420,"spoiled":1,"yays":201,"nays":218},{"committee":"УИК №8245","vibid":"499400180917","voters":86,"total":86,"voted":86,"spoiled":0,"yays":47,"nays":39},{"committee":"УИК №8247","vibid":"499400180919","voters":183,"total":183,"voted":183,"spoiled":0,"yays":106,"nays":77},{"committee":"УИК №8248","vibid":"499400180920","voters":795,"total":795,"voted":795,"spoiled":16,"yays":411,"nays":368},{"committee":"УИК №8249","vibid":"499400180921","voters":113,"total":113,"voted":113,"spoiled":0,"yays":67,"nays":46},{"committee":"УИК №8250","vibid":"499400180922","voters":138,"total":138,"voted":138,"spoiled":1,"yays":85,"nays":52},{"committee":"УИК №8251","vibid":"499400180923","voters":56,"total":56,"voted":56,"spoiled":1,"yays":39,"nays":16},{"committee":"УИК №8256","vibid":"499400180927","voters":157,"total":157,"voted":157,"spoiled":0,"yays":33,"nays":124},{"committee":"УИК №8258","vibid":"499400180929","voters":59,"total":59,"voted":59,"spoiled":1,"yays":19,"nays":39},{"committee":"УИК №8261","vibid":"499400180932","voters":238,"total":238,"voted":238,"spoiled":1,"yays":162,"nays":75},{"committee":"УИК №8262","vibid":"499400180933","voters":50,"total":50,"voted":50,"spoiled":0,"yays":32,"nays":18},{"committee":"УИК №8263","vibid":"499400180934","voters":83,"total":82,"voted":82,"spoiled":1,"yays":57,"nays":24},{"committee":"УИК №8268","vibid":"499400180938","voters":394,"total":394,"voted":394,"spoiled":1,"yays":114,"nays":279},{"committee":"УИК №8270","vibid":"499400180940","voters":292,"total":292,"voted":292,"spoiled":2,"yays":149,"nays":141},{"committee":"УИК №8278","vibid":"499400180945","voters":916,"total":916,"voted":916,"spoiled":5,"yays":793,"nays":118},{"committee":"УИК №8279","vibid":"499400180946","voters":2164,"total":2164,"voted":2164,"spoiled":144,"yays":2008,"nays":12},{"committee":"УИК №8280","vibid":"499400180947","voters":832,"total":795,"voted":795,"spoiled":0,"yays":781,"nays":14},{"committee":"УИК №8281","vibid":"499400180948","voters":1320,"total":1320,"voted":1320,"spoiled":29,"yays":1281,"nays":10},{"committee":"УИК №8283","vibid":"499400180950","voters":559,"total":559,"voted":559,"spoiled":4,"yays":545,"nays":10},{"committee":"УИК №8284","vibid":"499400180951","voters":412,"total":412,"voted":411,"spoiled":6,"yays":164,"nays":241},{"committee":"УИК №8287","vibid":"499400180954","voters":839,"total":839,"voted":837,"spoiled":14,"yays":759,"nays":64},{"committee":"УИК №8288","vibid":"499400180955","voters":127,"total":127,"voted":127,"spoiled":1,"yays":122,"nays":4},{"committee":"УИК №8292","vibid":"499400180956","voters":1796,"total":1796,"voted":1796,"spoiled":17,"yays":903,"nays":876},{"committee":"УИК №8295","vibid":"499400180959","voters":524,"total":524,"voted":524,"spoiled":2,"yays":237,"nays":285},{"committee":"УИК №8298","vibid":"499400180962","voters":188,"total":188,"voted":188,"spoiled":2,"yays":126,"nays":60},{"committee":"УИК №8299","vibid":"499400180963","voters":31,"total":31,"voted":31,"spoiled":0,"yays":24,"nays":7},{"committee":"УИК №8300","vibid":"499400180964","voters":105,"total":105,"voted":105,"spoiled":1,"yays":80,"nays":24},{"committee":"УИК №8303","vibid":"499400180967","voters":85,"total":84,"voted":84,"spoiled":0,"yays":48,"nays":36},{"committee":"УИК №8305","vibid":"499400180969","voters":247,"total":247,"voted":247,"spoiled":0,"yays":136,"nays":111},{"committee":"УИК №8306","vibid":"499400180970","voters":22,"total":22,"voted":22,"spoiled":0,"yays":12,"nays":10},{"committee":"УИК №8307","vibid":"499400180971","voters":271,"total":271,"voted":271,"spoiled":0,"yays":153,"nays":118},{"committee":"УИК №8334","vibid":"499400180989","voters":464,"total":464,"voted":464,"spoiled":6,"yays":198,"nays":260},{"committee":"УИК №8336","vibid":"499400180991","voters":588,"total":588,"voted":588,"spoiled":1,"yays":232,"nays":355},{"committee":"УИК №8337","vibid":"499400180992","voters":230,"total":230,"voted":230,"spoiled":0,"yays":93,"nays":137},{"committee":"УИК №8338","vibid":"499400180993","voters":61,"total":61,"voted":61,"spoiled":0,"yays":39,"nays":22},{"committee":"УИК №8342","vibid":"499400180996","voters":4245,"total":4245,"voted":4245,"spoiled":25,"yays":3650,"nays":570},{"committee":"УИК №8352","vibid":"499400180999","voters":203,"total":203,"voted":203,"spoiled":0,"yays":162,"nays":41},{"committee":"УИК №8353","vibid":"499400181000","voters":91,"total":91,"voted":91,"spoiled":0,"yays":44,"nays":47},{"committee":"УИК №8367","vibid":"499400181005","voters":592,"total":556,"voted":556,"spoiled":0,"yays":219,"nays":337},{"committee":"УИК №8368","vibid":"499400181006","voters":138,"total":138,"voted":138,"spoiled":2,"yays":58,"nays":78},{"committee":"УИК №8369","vibid":"499400181007","voters":90,"total":90,"voted":90,"spoiled":0,"yays":33,"nays":57},{"committee":"УИК №8370","vibid":"499400181008","voters":66,"total":66,"voted":66,"spoiled":0,"yays":36,"nays":30},{"committee":"УИК №8380","vibid":"499400181010","voters":371,"total":371,"voted":370,"spoiled":0,"yays":87,"nays":283},{"committee":"УИК №8383","vibid":"499400181011","voters":45,"total":45,"voted":45,"spoiled":0,"yays":37,"nays":8},{"committee":"УИК №8407","vibid":"499400181013","voters":79,"total":79,"voted":79,"spoiled":0,"yays":46,"nays":33}]