[{"committee":"Аларская","vibid":"23820002071485","voters":18716,"total":13126,"voted":12984,"spoiled":78,"yays":8755,"nays":4151},{"committee":"Ангарская","vibid":"23820002071487","voters":182030,"total":74565,"voted":74553,"spoiled":580,"yays":45962,"nays":28011},{"committee":"Балаганская","vibid":"23820002071475","voters":6774,"total":3590,"voted":3590,"spoiled":31,"yays":2384,"nays":1175},{"committee":"Баяндаевская","vibid":"23820002071482","voters":9267,"total":6983,"voted":6983,"spoiled":46,"yays":4512,"nays":2425},{"committee":"Бодайбинская","vibid":"23820002071492","voters":16381,"total":5570,"voted":5570,"spoiled":62,"yays":3191,"nays":2317},{"committee":"Боханская","vibid":"23820002071511","voters":17795,"total":10715,"voted":10715,"spoiled":74,"yays":6787,"nays":3854},{"committee":"Братская городская","vibid":"23820002071499","voters":169372,"total":72509,"voted":72506,"spoiled":706,"yays":52836,"nays":18964},{"committee":"Братская районная","vibid":"23820002071494","voters":41990,"total":20881,"voted":20880,"spoiled":185,"yays":14999,"nays":5696},{"committee":"Жигаловская","vibid":"23820002071503","voters":7648,"total":5069,"voted":5069,"spoiled":34,"yays":3115,"nays":1920},{"committee":"Заларинская","vibid":"23820002071479","voters":22009,"total":13280,"voted":13280,"spoiled":91,"yays":8748,"nays":4441},{"committee":"Зиминская городская","vibid":"23820002071512","voters":23835,"total":12120,"voted":12120,"spoiled":135,"yays":7366,"nays":4619},{"committee":"Зиминская районная","vibid":"23820002071495","voters":10062,"total":5788,"voted":5787,"spoiled":43,"yays":3969,"nays":1775},{"committee":"Иркутская городская N 1","vibid":"23820002071504","voters":115878,"total":44420,"voted":44410,"spoiled":313,"yays":26883,"nays":17214},{"committee":"Иркутская городская N 2","vibid":"23820002071501","voters":111717,"total":44437,"voted":44427,"spoiled":252,"yays":25112,"nays":19063},{"committee":"Иркутская городская N 3 ","vibid":"23820002071476","voters":83299,"total":30868,"voted":30865,"spoiled":218,"yays":18089,"nays":12558},{"committee":"Иркутская городская N 4","vibid":"23820002071502","voters":150262,"total":59578,"voted":59567,"spoiled":460,"yays":35208,"nays":23899},{"committee":"Иркутская районная","vibid":"23820002071498","voters":105432,"total":47932,"voted":45610,"spoiled":261,"yays":30445,"nays":14904},{"committee":"Казачинско-Ленская","vibid":"23820002071480","voters":13845,"total":5088,"voted":5085,"spoiled":57,"yays":3186,"nays":1842},{"committee":"Катангская","vibid":"23820002071496","voters":3999,"total":2125,"voted":2125,"spoiled":24,"yays":1272,"nays":829},{"committee":"Качугская","vibid":"23820002071508","voters":13923,"total":6632,"voted":6631,"spoiled":91,"yays":4392,"nays":2148},{"committee":"Киренская","vibid":"23820002071478","voters":15196,"total":6631,"voted":6631,"spoiled":89,"yays":4195,"nays":2347},{"committee":"Куйтунская","vibid":"23820002071507","voters":23831,"total":10270,"voted":10270,"spoiled":113,"yays":7094,"nays":3063},{"committee":"Мамско-Чуйская","vibid":"23820002071484","voters":3637,"total":1245,"voted":1245,"spoiled":15,"yays":765,"nays":465},{"committee":"Нижнеилимская","vibid":"23820002071488","voters":40538,"total":16483,"voted":16482,"spoiled":120,"yays":11060,"nays":5302},{"committee":"Нижнеудинская","vibid":"23820002071486","voters":49421,"total":21291,"voted":21288,"spoiled":149,"yays":15438,"nays":5701},{"committee":"Нукутская ","vibid":"23820002071474","voters":11786,"total":7624,"voted":7624,"spoiled":49,"yays":4568,"nays":3007},{"committee":"Ольхонская","vibid":"23820002071517","voters":7226,"total":4204,"voted":4204,"spoiled":36,"yays":1878,"nays":2290},{"committee":"Осинская","vibid":"23820002071483","voters":15711,"total":9617,"voted":9617,"spoiled":47,"yays":5206,"nays":4364},{"committee":"Саянская","vibid":"23820002071513","voters":30272,"total":15266,"voted":15265,"spoiled":129,"yays":9432,"nays":5704},{"committee":"Свирская","vibid":"23820002071481","voters":10964,"total":6652,"voted":6652,"spoiled":101,"yays":4289,"nays":2262},{"committee":"Слюдянская","vibid":"23820002071489","voters":33047,"total":12976,"voted":12973,"spoiled":104,"yays":8343,"nays":4526},{"committee":"Тайшетская","vibid":"23820002071497","voters":57192,"total":24812,"voted":24599,"spoiled":195,"yays":16280,"nays":8124},{"committee":"Тулунская городская","vibid":"23820002071506","voters":32304,"total":20273,"voted":20273,"spoiled":143,"yays":14664,"nays":5466},{"committee":"Тулунская районная","vibid":"23820002071515","voters":18603,"total":12224,"voted":12224,"spoiled":45,"yays":9682,"nays":2497},{"committee":"Усолье-Сибирская городская","vibid":"23820002071516","voters":62985,"total":29555,"voted":29551,"spoiled":244,"yays":19615,"nays":9692},{"committee":"Усольская районная","vibid":"23820002071493","voters":36135,"total":15106,"voted":15106,"spoiled":170,"yays":9676,"nays":5260},{"committee":"Усть-Илимская городская","vibid":"23820002071491","voters":62002,"total":20063,"voted":20062,"spoiled":200,"yays":13152,"nays":6710},{"committee":"Усть-Илимская районная","vibid":"23820002071505","voters":12953,"total":4416,"voted":4416,"spoiled":56,"yays":3121,"nays":1239},{"committee":"Усть-Кутская","vibid":"23820002071509","voters":40578,"total":14301,"voted":14297,"spoiled":126,"yays":8672,"nays":5499},{"committee":"Усть-Удинская","vibid":"23820002071514","voters":10966,"total":6439,"voted":6439,"spoiled":72,"yays":4354,"nays":2013},{"committee":"Черемховская городская","vibid":"23820002071477","voters":40080,"total":21403,"voted":21402,"spoiled":652,"yays":12921,"nays":7829},{"committee":"Черемховская районная","vibid":"23820002071490","voters":22063,"total":12231,"voted":12206,"spoiled":188,"yays":8240,"nays":3778},{"committee":"Чунская","vibid":"23820002071510","voters":26561,"total":11791,"voted":11791,"spoiled":107,"yays":8215,"nays":3469},{"committee":"Шелеховская","vibid":"23820002071473","voters":54052,"total":22654,"voted":22650,"spoiled":186,"yays":13309,"nays":9155},{"committee":"Эхирит-Булагатская","vibid":"23820002071500","voters":23736,"total":14090,"voted":14090,"spoiled":137,"yays":8389,"nays":5564}]