[{"committee":"Беловская","vibid":"24620001119134","voters":14270,"total":10816,"voted":10816,"spoiled":66,"yays":8645,"nays":2105},{"committee":"Большесолдатская","vibid":"24620001119133","voters":9047,"total":6992,"voted":6992,"spoiled":67,"yays":5493,"nays":1432},{"committee":"Глушковская","vibid":"24620001119132","voters":18300,"total":16843,"voted":16843,"spoiled":60,"yays":15637,"nays":1146},{"committee":"Горшеченская","vibid":"24620001119131","voters":13765,"total":12360,"voted":12360,"spoiled":62,"yays":11256,"nays":1042},{"committee":"Дмитриевская","vibid":"24620001119130","voters":12984,"total":9565,"voted":9565,"spoiled":165,"yays":7777,"nays":1623},{"committee":"Железногорская городская","vibid":"24620001119129","voters":82619,"total":36758,"voted":36753,"spoiled":356,"yays":24330,"nays":12067},{"committee":"Золотухинская","vibid":"24620001119128","voters":17496,"total":12865,"voted":12865,"spoiled":80,"yays":10362,"nays":2423},{"committee":"Касторенская","vibid":"24620001119127","voters":14333,"total":9311,"voted":9310,"spoiled":57,"yays":6931,"nays":2322},{"committee":"Конышевская","vibid":"24620001119126","voters":8099,"total":6071,"voted":6070,"spoiled":38,"yays":4809,"nays":1223},{"committee":"Кореневская","vibid":"24620001119125","voters":14165,"total":9738,"voted":9738,"spoiled":76,"yays":6875,"nays":2787},{"committee":"Курск, Железнодорожная","vibid":"24620001119124","voters":52878,"total":27715,"voted":27713,"spoiled":198,"yays":20065,"nays":7450},{"committee":"Курск, Сеймская","vibid":"24620001119123","voters":111547,"total":51046,"voted":51029,"spoiled":394,"yays":37243,"nays":13392},{"committee":"Курск, Центральная","vibid":"24620001119122","voters":183619,"total":84662,"voted":84611,"spoiled":625,"yays":56055,"nays":27931},{"committee":"Курская","vibid":"24620001119121","voters":44841,"total":27633,"voted":27564,"spoiled":172,"yays":20538,"nays":6854},{"committee":"Курчатовская","vibid":"24620001119120","voters":13442,"total":9178,"voted":9177,"spoiled":56,"yays":7033,"nays":2088},{"committee":"Льговская","vibid":"24620001119119","voters":10834,"total":7118,"voted":7118,"spoiled":39,"yays":5503,"nays":1576},{"committee":"Мантуровская","vibid":"24620001119118","voters":10262,"total":6913,"voted":6913,"spoiled":68,"yays":5134,"nays":1711},{"committee":"Медвенская","vibid":"24620001119117","voters":13695,"total":11191,"voted":11191,"spoiled":47,"yays":9223,"nays":1921},{"committee":"Обоянская","vibid":"24620001119116","voters":24410,"total":14869,"voted":14869,"spoiled":63,"yays":11785,"nays":3021},{"committee":"Октябрьская","vibid":"24620001119115","voters":18170,"total":11784,"voted":11784,"spoiled":63,"yays":8877,"nays":2844},{"committee":"Поныровская","vibid":"24620001119114","voters":9082,"total":7082,"voted":7082,"spoiled":37,"yays":5728,"nays":1317},{"committee":"Пристенская","vibid":"24620001119113","voters":13000,"total":10033,"voted":9976,"spoiled":71,"yays":7476,"nays":2429},{"committee":"Рыльская","vibid":"24620001119112","voters":25288,"total":14929,"voted":14927,"spoiled":141,"yays":10946,"nays":3840},{"committee":" Советская","vibid":"24620001119111","voters":14990,"total":10547,"voted":10547,"spoiled":50,"yays":7984,"nays":2513},{"committee":"Солнцевская","vibid":"24620001119110","voters":11598,"total":8395,"voted":8395,"spoiled":65,"yays":6390,"nays":1940},{"committee":"Cуджанская","vibid":"24620001119109","voters":21995,"total":14049,"voted":14049,"spoiled":106,"yays":10106,"nays":3837},{"committee":"Тимская","vibid":"24620001119108","voters":9112,"total":6110,"voted":6110,"spoiled":48,"yays":4255,"nays":1807},{"committee":"Фатежская","vibid":"24620001119107","voters":15391,"total":10574,"voted":10574,"spoiled":46,"yays":8502,"nays":2026},{"committee":"Хомутовская","vibid":"24620001119106","voters":8776,"total":5517,"voted":5517,"spoiled":33,"yays":4247,"nays":1237},{"committee":"Черемисиновская","vibid":"24620001119105","voters":8081,"total":5720,"voted":5720,"spoiled":51,"yays":4227,"nays":1442},{"committee":"Щигровская","vibid":"24620001119104","voters":9203,"total":6849,"voted":6849,"spoiled":30,"yays":5440,"nays":1379},{"committee":"Железногорская","vibid":"24620001119103","voters":12399,"total":7624,"voted":7624,"spoiled":54,"yays":6084,"nays":1486},{"committee":"Курчатовская городская","vibid":"24620001119102","voters":34347,"total":18575,"voted":18572,"spoiled":196,"yays":12270,"nays":6106},{"committee":"Льговская городская","vibid":"24620001119101","voters":15729,"total":9621,"voted":9377,"spoiled":81,"yays":6484,"nays":2812},{"committee":"Щигровская городская","vibid":"24620001119100","voters":13796,"total":8015,"voted":8015,"spoiled":83,"yays":5590,"nays":2342}]