[{"committee":"Белоярская ","vibid":"2862000858232","voters":19367,"total":17319,"voted":17319,"spoiled":116,"yays":14442,"nays":2761},{"committee":"Березовская","vibid":"2862000858231","voters":15461,"total":11614,"voted":11611,"spoiled":147,"yays":7557,"nays":3907},{"committee":"Когалымская городская","vibid":"2862000858230","voters":39818,"total":21167,"voted":21158,"spoiled":210,"yays":12647,"nays":8301},{"committee":"Кондинская","vibid":"2862000858229","voters":25687,"total":20451,"voted":20451,"spoiled":239,"yays":16175,"nays":4037},{"committee":"Лангепасская городская","vibid":"2862000858228","voters":25821,"total":16706,"voted":16704,"spoiled":202,"yays":10625,"nays":5877},{"committee":"Мегионская городская","vibid":"2862000858227","voters":37395,"total":22692,"voted":22686,"spoiled":244,"yays":14742,"nays":7700},{"committee":"Нефтеюганская","vibid":"2862000858226","voters":29119,"total":26950,"voted":26950,"spoiled":277,"yays":25218,"nays":1455},{"committee":"Нефтеюганская городская","vibid":"2862000858225","voters":78391,"total":46577,"voted":46575,"spoiled":350,"yays":33323,"nays":12902},{"committee":"Нижневартовская","vibid":"2862000858224","voters":6274,"total":5207,"voted":5207,"spoiled":34,"yays":3842,"nays":1331},{"committee":"Нижневартовская городская","vibid":"2862000858223","voters":183070,"total":118168,"voted":117630,"spoiled":1383,"yays":76789,"nays":39458},{"committee":"Няганьская городская","vibid":"2862000858222","voters":44465,"total":25874,"voted":25873,"spoiled":290,"yays":16687,"nays":8896},{"committee":"Октябрьская","vibid":"2862000858221","voters":24948,"total":18496,"voted":18496,"spoiled":167,"yays":14068,"nays":4261},{"committee":"Покачевская городская","vibid":"2862000858220","voters":11532,"total":7037,"voted":7037,"spoiled":78,"yays":4082,"nays":2877},{"committee":"Пыть-Яхская городская","vibid":"2862000858219","voters":27303,"total":16012,"voted":16009,"spoiled":159,"yays":10878,"nays":4972},{"committee":"Радужнинская городская","vibid":"2862000858218","voters":28762,"total":13023,"voted":13022,"spoiled":139,"yays":8240,"nays":4643},{"committee":"Советская","vibid":"2862000858217","voters":35609,"total":22505,"voted":22504,"spoiled":353,"yays":14563,"nays":7588},{"committee":"Сургутская","vibid":"2862000858216","voters":89854,"total":66064,"voted":66057,"spoiled":610,"yays":46529,"nays":18918},{"committee":"Сургутская городская","vibid":"2862000858215","voters":135967,"total":59154,"voted":59128,"spoiled":442,"yays":35901,"nays":22785},{"committee":"Урайская городская","vibid":"2862000858214","voters":27949,"total":17377,"voted":17374,"spoiled":174,"yays":10883,"nays":6317},{"committee":"Ханты-Мансийская","vibid":"2862000858213","voters":18138,"total":12750,"voted":12747,"spoiled":201,"yays":7482,"nays":5064},{"committee":"Ханты-Мансийская городская","vibid":"2862000858212","voters":51567,"total":47253,"voted":47204,"spoiled":141,"yays":43179,"nays":3884},{"committee":"Югорская городская","vibid":"2862000858211","voters":24931,"total":16600,"voted":16599,"spoiled":165,"yays":9712,"nays":6722}]