[{"committee":"Абанская","vibid":"22420001913747","voters":14972,"total":9670,"voted":9556,"spoiled":78,"yays":6739,"nays":2739},{"committee":"Ачинская","vibid":"22420001913748","voters":12034,"total":5957,"voted":5957,"spoiled":53,"yays":3948,"nays":1956},{"committee":"Ачинская городская","vibid":"22420001913736","voters":80826,"total":37117,"voted":37106,"spoiled":323,"yays":23839,"nays":12944},{"committee":"Балахтинская","vibid":"22420001913744","voters":15990,"total":12619,"voted":12619,"spoiled":100,"yays":9518,"nays":3001},{"committee":"Березовская","vibid":"22420001913716","voters":28246,"total":16820,"voted":16820,"spoiled":105,"yays":12234,"nays":4481},{"committee":"Бирилюсская","vibid":"22420001913727","voters":7549,"total":4417,"voted":4417,"spoiled":35,"yays":3318,"nays":1064},{"committee":"Боготольская","vibid":"22420001913761","voters":6058,"total":4968,"voted":4968,"spoiled":36,"yays":3675,"nays":1257},{"committee":"Боготольская городская","vibid":"22420001913718","voters":16323,"total":8570,"voted":8187,"spoiled":69,"yays":5450,"nays":2668},{"committee":"Богучанская","vibid":"22420001913766","voters":29306,"total":16306,"voted":16306,"spoiled":238,"yays":10260,"nays":5808},{"committee":"Большемуртинская","vibid":"22420001913740","voters":14850,"total":9546,"voted":9543,"spoiled":84,"yays":6860,"nays":2599},{"committee":"Большеулуйская","vibid":"22420001913728","voters":5782,"total":4413,"voted":4412,"spoiled":24,"yays":3309,"nays":1079},{"committee":"Бородинская городская","vibid":"22420001913756","voters":13818,"total":7307,"voted":7307,"spoiled":35,"yays":4835,"nays":2437},{"committee":"Дзержинская","vibid":"22420001913722","voters":10865,"total":7457,"voted":7457,"spoiled":69,"yays":5514,"nays":1874},{"committee":"Дивногорская городская","vibid":"22420001913764","voters":24691,"total":12210,"voted":12210,"spoiled":95,"yays":7681,"nays":4434},{"committee":"Емельяновская","vibid":"22420001913737","voters":38290,"total":19750,"voted":19750,"spoiled":119,"yays":12861,"nays":6770},{"committee":"Енисейская","vibid":"22420001913721","voters":16999,"total":11695,"voted":11101,"spoiled":128,"yays":8261,"nays":2712},{"committee":"Енисейская городская","vibid":"22420001913759","voters":13599,"total":8013,"voted":8011,"spoiled":48,"yays":5347,"nays":2616},{"committee":"Ермаковская","vibid":"22420001913741","voters":15350,"total":9664,"voted":9664,"spoiled":95,"yays":6763,"nays":2806},{"committee":"Железногорская городская","vibid":"22420001913758","voters":73413,"total":41025,"voted":41006,"spoiled":410,"yays":24418,"nays":16178},{"committee":"Зеленогорская городская","vibid":"22420001913724","voters":50323,"total":27464,"voted":27461,"spoiled":290,"yays":17413,"nays":9758},{"committee":"Идринская","vibid":"22420001913739","voters":8732,"total":5362,"voted":5362,"spoiled":42,"yays":4011,"nays":1309},{"committee":"Иланская","vibid":"22420001913768","voters":17247,"total":12297,"voted":12297,"spoiled":79,"yays":9250,"nays":2968},{"committee":"Ирбейская","vibid":"22420001913745","voters":12328,"total":6287,"voted":6287,"spoiled":44,"yays":4452,"nays":1791},{"committee":"Казачинская","vibid":"22420001913711","voters":5720,"total":4086,"voted":4086,"spoiled":35,"yays":2925,"nays":1126},{"committee":"Канская","vibid":"22420001913710","voters":15919,"total":10308,"voted":10308,"spoiled":77,"yays":7650,"nays":2581},{"committee":"Канская городская","vibid":"22420001913735","voters":61189,"total":26817,"voted":26816,"spoiled":231,"yays":17943,"nays":8642},{"committee":"Каратузская","vibid":"22420001913732","voters":11386,"total":8403,"voted":8403,"spoiled":82,"yays":6266,"nays":2055},{"committee":"Кедровая поселковая","vibid":"22420001913707","voters":3066,"total":1732,"voted":1732,"spoiled":22,"yays":1107,"nays":603},{"committee":"Кежемская","vibid":"22420001913729","voters":14060,"total":7024,"voted":7024,"spoiled":57,"yays":4671,"nays":2296},{"committee":"Козульская","vibid":"22420001913742","voters":11611,"total":6049,"voted":6049,"spoiled":48,"yays":4013,"nays":1988},{"committee":"Краснотуранская","vibid":"22420001913714","voters":11228,"total":7472,"voted":7472,"spoiled":56,"yays":5402,"nays":2014},{"committee":"Красноярск, Железнодорожная","vibid":"22420001913719","voters":62652,"total":35001,"voted":34985,"spoiled":268,"yays":23590,"nays":11127},{"committee":"Красноярск, Кировская","vibid":"22420001913723","voters":80617,"total":62924,"voted":62893,"spoiled":495,"yays":49369,"nays":13029},{"committee":"Красноярск, Ленинская","vibid":"22420001913731","voters":97544,"total":74657,"voted":74645,"spoiled":1361,"yays":59756,"nays":13528},{"committee":"Красноярск, Октябрьская","vibid":"22420001913772","voters":121690,"total":61923,"voted":61878,"spoiled":458,"yays":40262,"nays":21158},{"committee":"Красноярск, Свердловская","vibid":"22420001913717","voters":102510,"total":50589,"voted":50579,"spoiled":506,"yays":34512,"nays":15561},{"committee":"Красноярск, Советская","vibid":"22420001913751","voters":219734,"total":121762,"voted":121360,"spoiled":908,"yays":78260,"nays":42192},{"committee":"Красноярск, Центральная","vibid":"22420001913767","voters":57150,"total":25036,"voted":25021,"spoiled":153,"yays":15217,"nays":9651},{"committee":"Курагинская","vibid":"22420001913725","voters":34886,"total":17619,"voted":17619,"spoiled":279,"yays":12187,"nays":5153},{"committee":"Лесосибирская городская","vibid":"22420001913771","voters":46925,"total":23737,"voted":23733,"spoiled":203,"yays":15980,"nays":7550},{"committee":"Манская","vibid":"22420001913704","voters":13198,"total":6541,"voted":6540,"spoiled":50,"yays":4613,"nays":1877},{"committee":"Минусинская","vibid":"22420001913715","voters":18870,"total":13151,"voted":13147,"spoiled":163,"yays":8969,"nays":4015},{"committee":"Минусинская городская","vibid":"22420001913770","voters":54281,"total":30415,"voted":30412,"spoiled":308,"yays":19991,"nays":10113},{"committee":"Мотыгинская","vibid":"22420001913703","voters":10414,"total":5890,"voted":5890,"spoiled":53,"yays":3745,"nays":2092},{"committee":"Назаровская","vibid":"22420001913763","voters":14664,"total":12346,"voted":12321,"spoiled":175,"yays":10547,"nays":1599},{"committee":"Назаровская городская","vibid":"22420001913746","voters":39906,"total":20144,"voted":20139,"spoiled":257,"yays":14632,"nays":5250},{"committee":"Нижнеингашская","vibid":"22420001913765","voters":18198,"total":12722,"voted":12721,"spoiled":89,"yays":8974,"nays":3658},{"committee":"Новоселовская","vibid":"22420001913753","voters":9780,"total":6419,"voted":6419,"spoiled":38,"yays":4421,"nays":1960},{"committee":"Норильская городская","vibid":"22420001913708","voters":109440,"total":87235,"voted":87223,"spoiled":858,"yays":72209,"nays":14156},{"committee":"Партизанская","vibid":"22420001913752","voters":7816,"total":4887,"voted":4887,"spoiled":57,"yays":3435,"nays":1395},{"committee":"Пировская","vibid":"22420001913743","voters":5066,"total":3426,"voted":3426,"spoiled":25,"yays":2428,"nays":973},{"committee":"Рыбинская","vibid":"22420001913760","voters":21726,"total":13788,"voted":13787,"spoiled":109,"yays":9449,"nays":4229},{"committee":"Саянская","vibid":"22420001913755","voters":8624,"total":5574,"voted":5574,"spoiled":51,"yays":4033,"nays":1490},{"committee":"Северо-Енисейская","vibid":"22420001913705","voters":10245,"total":9411,"voted":9410,"spoiled":79,"yays":6809,"nays":2522},{"committee":"ТИК п. Солнечный","vibid":"22420001913713","voters":6128,"total":4317,"voted":4301,"spoiled":34,"yays":2389,"nays":1878},{"committee":"Сосновоборская городская","vibid":"22420001913750","voters":29333,"total":15588,"voted":15584,"spoiled":120,"yays":10668,"nays":4796},{"committee":"Сухобузимская","vibid":"22420001913726","voters":15784,"total":9289,"voted":9288,"spoiled":72,"yays":6887,"nays":2329},{"committee":"Тасеевская","vibid":"22420001913709","voters":8461,"total":4842,"voted":4842,"spoiled":26,"yays":3462,"nays":1354},{"committee":"Туруханская","vibid":"22420001913757","voters":12047,"total":9086,"voted":9086,"spoiled":63,"yays":5608,"nays":3415},{"committee":"Тюхтетская","vibid":"22420001913734","voters":5426,"total":4088,"voted":4088,"spoiled":21,"yays":3226,"nays":841},{"committee":"Ужурская","vibid":"22420001913733","voters":23633,"total":14889,"voted":14889,"spoiled":130,"yays":10015,"nays":4744},{"committee":"Уярская","vibid":"22420001913712","voters":15186,"total":9374,"voted":9374,"spoiled":62,"yays":6714,"nays":2598},{"committee":"Шарыповская","vibid":"22420001913762","voters":11586,"total":10269,"voted":10269,"spoiled":65,"yays":8592,"nays":1612},{"committee":"Шарыповская городская","vibid":"22420001913754","voters":30229,"total":15699,"voted":15695,"spoiled":128,"yays":10511,"nays":5056},{"committee":"Шушенская","vibid":"22420001913738","voters":26750,"total":12416,"voted":12409,"spoiled":148,"yays":8528,"nays":3733},{"committee":"Таймырская Долгано-Ненецкая №1","vibid":"22420001913730","voters":16741,"total":9962,"voted":9959,"spoiled":66,"yays":6632,"nays":3261},{"committee":"Таймырская Долгано-Ненецкая №2","vibid":"22420001913769","voters":3590,"total":2268,"voted":2268,"spoiled":6,"yays":1940,"nays":322},{"committee":"Байкитская","vibid":"22420001913749","voters":7410,"total":5002,"voted":4999,"spoiled":116,"yays":3119,"nays":1764},{"committee":"Илимпийская","vibid":"22420001913720","voters":5604,"total":3461,"voted":3461,"spoiled":25,"yays":2839,"nays":597},{"committee":"Тунгусско-Чунская","vibid":"22420001913706","voters":2575,"total":1557,"voted":1557,"spoiled":16,"yays":1256,"nays":285}]