[{"committee":"Волжская городская","vibid":"2122000881453","voters":43676,"total":28665,"voted":28665,"spoiled":283,"yays":22039,"nays":6343},{"committee":"Звениговская","vibid":"2122000881452","voters":33480,"total":22849,"voted":22849,"spoiled":136,"yays":17097,"nays":5616},{"committee":"Йошкар-Олинская городская № 1","vibid":"2122000881451","voters":102207,"total":46191,"voted":46162,"spoiled":452,"yays":30011,"nays":15699},{"committee":"Килемарская","vibid":"2122000881450","voters":7644,"total":6091,"voted":6091,"spoiled":45,"yays":5245,"nays":801},{"committee":"Козьмодемьянская городская","vibid":"2122000881449","voters":16904,"total":11102,"voted":11100,"spoiled":107,"yays":8015,"nays":2978},{"committee":"Куженерская","vibid":"2122000881448","voters":11211,"total":8823,"voted":8823,"spoiled":185,"yays":7507,"nays":1131},{"committee":"Мари-Турекская","vibid":"2122000881447","voters":16998,"total":12881,"voted":12881,"spoiled":104,"yays":10787,"nays":1990},{"committee":"Медведевская ","vibid":"2122000881446","voters":53892,"total":36134,"voted":36134,"spoiled":179,"yays":27867,"nays":8088},{"committee":"Моркинская","vibid":"2122000881445","voters":23893,"total":16383,"voted":16383,"spoiled":103,"yays":12825,"nays":3455},{"committee":"Новоторъяльская","vibid":"2122000881444","voters":12045,"total":9188,"voted":9188,"spoiled":38,"yays":7994,"nays":1156},{"committee":"Оршанская","vibid":"2122000881443","voters":10965,"total":7960,"voted":7960,"spoiled":108,"yays":6445,"nays":1407},{"committee":"Параньгинская","vibid":"2122000881442","voters":12177,"total":10172,"voted":10172,"spoiled":28,"yays":9210,"nays":934},{"committee":"Сернурская","vibid":"2122000881441","voters":17517,"total":13950,"voted":13950,"spoiled":46,"yays":12081,"nays":1823},{"committee":"Советская","vibid":"2122000881440","voters":22112,"total":15636,"voted":15636,"spoiled":163,"yays":12347,"nays":3126},{"committee":"Юринская ","vibid":"2122000881439","voters":6496,"total":5307,"voted":5307,"spoiled":6,"yays":4819,"nays":482},{"committee":"Волжская  ","vibid":"2122000881438","voters":17214,"total":14487,"voted":14487,"spoiled":67,"yays":12127,"nays":2293},{"committee":"Горномарийская","vibid":"2122000881437","voters":19276,"total":14257,"voted":14257,"spoiled":163,"yays":10569,"nays":3525},{"committee":"Йошкар-Олинская городская № 2","vibid":"2122000881436","voters":106542,"total":49823,"voted":49814,"spoiled":445,"yays":32767,"nays":16602}]