[{"committee":"Батецкая","vibid":"2532000806186","voters":4659,"total":3072,"voted":3072,"spoiled":33,"yays":2374,"nays":665},{"committee":"Боровичcкая","vibid":"2532000806185","voters":53450,"total":23394,"voted":23388,"spoiled":239,"yays":15627,"nays":7522},{"committee":"Валдайская","vibid":"2532000806184","voters":20089,"total":10678,"voted":10678,"spoiled":149,"yays":7749,"nays":2780},{"committee":"Волотовская","vibid":"2532000806183","voters":3503,"total":2339,"voted":2339,"spoiled":13,"yays":1953,"nays":373},{"committee":"Демянская","vibid":"2532000806182","voters":10391,"total":5101,"voted":5101,"spoiled":47,"yays":3953,"nays":1101},{"committee":"Крестецкая","vibid":"2532000806181","voters":10441,"total":6803,"voted":6803,"spoiled":49,"yays":5308,"nays":1446},{"committee":"Любытинская","vibid":"2532000806180","voters":7197,"total":4620,"voted":4620,"spoiled":37,"yays":3261,"nays":1322},{"committee":"Маловишерская","vibid":"2532000806179","voters":13320,"total":5976,"voted":5976,"spoiled":64,"yays":4524,"nays":1388},{"committee":"Маревская","vibid":"2532000806178","voters":3313,"total":2053,"voted":2052,"spoiled":42,"yays":1507,"nays":503},{"committee":"Мошенская","vibid":"2532000806177","voters":5052,"total":3788,"voted":3785,"spoiled":52,"yays":3063,"nays":670},{"committee":"Новгородcкая городская","vibid":"2532000806176","voters":173902,"total":72583,"voted":72550,"spoiled":724,"yays":47513,"nays":24313},{"committee":"Новгородская","vibid":"2532000806175","voters":47289,"total":24329,"voted":24326,"spoiled":262,"yays":17835,"nays":6229},{"committee":"Окуловская","vibid":"2532000806174","voters":20543,"total":9157,"voted":9157,"spoiled":94,"yays":6265,"nays":2798},{"committee":"Парфинская","vibid":"2532000806173","voters":9781,"total":6986,"voted":6986,"spoiled":40,"yays":5753,"nays":1193},{"committee":"Пестовская","vibid":"2532000806172","voters":16257,"total":8204,"voted":8203,"spoiled":83,"yays":5643,"nays":2477},{"committee":"Поддорская","vibid":"2532000806171","voters":3168,"total":2045,"voted":2045,"spoiled":16,"yays":1725,"nays":304},{"committee":"Солецкая","vibid":"2532000806170","voters":10658,"total":6692,"voted":6692,"spoiled":98,"yays":5174,"nays":1420},{"committee":"Старорусская","vibid":"2532000806169","voters":34938,"total":22119,"voted":22119,"spoiled":193,"yays":17587,"nays":4339},{"committee":"Хвойнинская","vibid":"2532000806168","voters":10978,"total":6385,"voted":6381,"spoiled":119,"yays":4633,"nays":1629},{"committee":"Холмская","vibid":"2532000806167","voters":4445,"total":2860,"voted":2860,"spoiled":16,"yays":2215,"nays":629},{"committee":"Чудовская","vibid":"2532000806166","voters":17295,"total":7873,"voted":7873,"spoiled":111,"yays":5515,"nays":2247},{"committee":"Шимская","vibid":"2532000806165","voters":7639,"total":3982,"voted":3981,"spoiled":50,"yays":2980,"nays":951}]