[{"committee":"Балаклавская","vibid":"2942000269695","voters":42987,"total":25861,"voted":25855,"spoiled":189,"yays":22293,"nays":3373},{"committee":"Гагаринская","vibid":"2942000269694","voters":108981,"total":64790,"voted":64725,"spoiled":397,"yays":54407,"nays":9921},{"committee":"Ленинская","vibid":"2942000269693","voters":68863,"total":53574,"voted":53567,"spoiled":477,"yays":45961,"nays":7129},{"committee":"Нахимовская","vibid":"2942000269692","voters":79212,"total":51217,"voted":51208,"spoiled":342,"yays":42753,"nays":8113}]