[{"committee":"Балашихинская городская","vibid":"25020002979069","voters":227094,"total":187697,"voted":187666,"spoiled":1639,"yays":152467,"nays":33560},{"committee":"Бронницкая городская","vibid":"25020002979071","voters":14355,"total":11313,"voted":11313,"spoiled":220,"yays":8474,"nays":2619},{"committee":"Волоколамская","vibid":"25020002979058","voters":36406,"total":29175,"voted":29088,"spoiled":382,"yays":23448,"nays":5258},{"committee":"Воскресенская","vibid":"25020002979066","voters":87195,"total":60497,"voted":60497,"spoiled":700,"yays":42694,"nays":17103},{"committee":"Восходненская поселковая","vibid":"25020002979038","voters":1382,"total":976,"voted":976,"spoiled":12,"yays":676,"nays":288},{"committee":"Власихинская городская","vibid":"25020002979049","voters":17589,"total":13714,"voted":13709,"spoiled":60,"yays":10152,"nays":3497},{"committee":"Дзержинская городская","vibid":"25020002979083","voters":35324,"total":25362,"voted":24508,"spoiled":107,"yays":20111,"nays":4290},{"committee":"Дмитровcкая","vibid":"25020002979040","voters":84099,"total":70727,"voted":70480,"spoiled":463,"yays":60052,"nays":9965},{"committee":"Долгопрудненская городская","vibid":"25020002979088","voters":52174,"total":32987,"voted":32977,"spoiled":357,"yays":24222,"nays":8398},{"committee":"Домодедовская городская","vibid":"25020002979062","voters":126326,"total":92624,"voted":92529,"spoiled":593,"yays":75275,"nays":16661},{"committee":"Дубненская городская","vibid":"25020002979048","voters":53956,"total":24662,"voted":24635,"spoiled":225,"yays":15690,"nays":8720},{"committee":"Егорьевская городская","vibid":"25020002979078","voters":73269,"total":56470,"voted":56469,"spoiled":497,"yays":45774,"nays":10198},{"committee":"Жуковская городская","vibid":"25020002979086","voters":64639,"total":49747,"voted":49736,"spoiled":141,"yays":38311,"nays":11284},{"committee":"Зарайская городская","vibid":"25020002979059","voters":29787,"total":20111,"voted":20111,"spoiled":225,"yays":15279,"nays":4607},{"committee":"Звездный городок городская","vibid":"25020002979081","voters":4836,"total":2838,"voted":2837,"spoiled":140,"yays":1897,"nays":800},{"committee":"Ивантеевская городская","vibid":"25020002979063","voters":45727,"total":33980,"voted":33961,"spoiled":194,"yays":27201,"nays":6566},{"committee":"Истринская городская","vibid":"25020002979080","voters":92637,"total":75201,"voted":75201,"spoiled":332,"yays":60660,"nays":14209},{"committee":"Каширская городская","vibid":"25020002979045","voters":30519,"total":25794,"voted":25794,"spoiled":372,"yays":23174,"nays":2248},{"committee":"Клинская городская","vibid":"25020002979091","voters":92250,"total":71705,"voted":71703,"spoiled":358,"yays":58818,"nays":12527},{"committee":"Коломенская городская","vibid":"25020002979033","voters":116026,"total":86564,"voted":86530,"spoiled":758,"yays":72148,"nays":13624},{"committee":"Королевская городская","vibid":"25020002979032","voters":112526,"total":90671,"voted":90426,"spoiled":749,"yays":70265,"nays":19412},{"committee":"Котельниковская поселковая","vibid":"25020002979057","voters":25060,"total":20235,"voted":20234,"spoiled":85,"yays":16926,"nays":3223},{"committee":"Красноармейская городская","vibid":"25020002979053","voters":20137,"total":11639,"voted":11621,"spoiled":110,"yays":7530,"nays":3981},{"committee":"Красногорская городская","vibid":"25020002979028","voters":112480,"total":83386,"voted":83330,"spoiled":459,"yays":63799,"nays":19072},{"committee":"Краснознаменская городская","vibid":"25020002979050","voters":32718,"total":27505,"voted":27465,"spoiled":167,"yays":21559,"nays":5739},{"committee":"Ленинская","vibid":"25020002979065","voters":124845,"total":100126,"voted":100114,"spoiled":516,"yays":75556,"nays":24042},{"committee":"Лобненская городская","vibid":"25020002979036","voters":56297,"total":45691,"voted":45689,"spoiled":304,"yays":37640,"nays":7745},{"committee":"Лосино-Петровская городская","vibid":"25020002979041","voters":34945,"total":22926,"voted":22925,"spoiled":221,"yays":17653,"nays":5051},{"committee":"Лотошинская","vibid":"25020002979044","voters":13659,"total":11921,"voted":11921,"spoiled":255,"yays":10735,"nays":931},{"committee":"Луховицкая городская","vibid":"25020002979052","voters":48339,"total":30252,"voted":30120,"spoiled":364,"yays":19311,"nays":10445},{"committee":"Лыткаринская городская","vibid":"25020002979096","voters":40474,"total":31366,"voted":31366,"spoiled":137,"yays":26077,"nays":5152},{"committee":"Люберецкая городская","vibid":"25020002979039","voters":192307,"total":150474,"voted":150416,"spoiled":857,"yays":120515,"nays":29044},{"committee":"Можайская городская","vibid":"25020002979074","voters":46299,"total":36606,"voted":36606,"spoiled":1540,"yays":28572,"nays":6494},{"committee":"Молодежная поселковая","vibid":"25020002979090","voters":2003,"total":1394,"voted":1394,"spoiled":79,"yays":898,"nays":417},{"committee":"Мытищинская городская","vibid":"25020002979046","voters":106286,"total":72875,"voted":72840,"spoiled":576,"yays":53396,"nays":18868},{"committee":"Наро-Фоминская городская","vibid":"25020002979095","voters":118322,"total":88167,"voted":88058,"spoiled":1696,"yays":66379,"nays":19983},{"committee":"Ногинская","vibid":"25020002979025","voters":165483,"total":126353,"voted":126172,"spoiled":1012,"yays":99533,"nays":25627},{"committee":"Одинцовская","vibid":"25020002979037","voters":122753,"total":93313,"voted":93065,"spoiled":732,"yays":72884,"nays":19449},{"committee":"Озерская городская","vibid":"25020002979093","voters":27847,"total":18408,"voted":18119,"spoiled":254,"yays":12278,"nays":5587},{"committee":"Орехово-Зуевская городская","vibid":"25020002979024","voters":71027,"total":60051,"voted":60048,"spoiled":1046,"yays":49618,"nays":9384},{"committee":"Ликино-Дулевская городская","vibid":"25020002979085","voters":49539,"total":38352,"voted":38352,"spoiled":1336,"yays":30874,"nays":6142},{"committee":"Павлово-Посадская городская","vibid":"25020002979068","voters":61131,"total":45086,"voted":45084,"spoiled":671,"yays":34129,"nays":10284},{"committee":"Подольская городская","vibid":"25020002979087","voters":263714,"total":200956,"voted":200594,"spoiled":952,"yays":162354,"nays":37288},{"committee":"Протвинская городская","vibid":"25020002979029","voters":28321,"total":11142,"voted":11137,"spoiled":133,"yays":7334,"nays":3670},{"committee":"Пушкинская","vibid":"25020002979075","voters":143289,"total":109922,"voted":109902,"spoiled":627,"yays":85531,"nays":23744},{"committee":"Пущинская городская","vibid":"25020002979064","voters":15371,"total":7272,"voted":7270,"spoiled":92,"yays":4893,"nays":2285},{"committee":"Раменская","vibid":"25020002979082","voters":25916,"total":21781,"voted":21654,"spoiled":208,"yays":16500,"nays":4946},{"committee":"Реутовская городская","vibid":"25020002979077","voters":70947,"total":58783,"voted":58773,"spoiled":254,"yays":47302,"nays":11217},{"committee":"Рошальская городская","vibid":"25020002979026","voters":13659,"total":11705,"voted":11705,"spoiled":84,"yays":9438,"nays":2183},{"committee":"Рузская городская","vibid":"25020002979035","voters":48894,"total":39404,"voted":39393,"spoiled":217,"yays":30232,"nays":8944},{"committee":"Сергиево-Посадская","vibid":"25020002979073","voters":123148,"total":92824,"voted":92723,"spoiled":894,"yays":75509,"nays":16320},{"committee":"Серебряно-Прудская городская","vibid":"25020002979047","voters":18101,"total":13317,"voted":13317,"spoiled":219,"yays":10465,"nays":2633},{"committee":"Серпуховская городская","vibid":"25020002979031","voters":135470,"total":102777,"voted":102520,"spoiled":1079,"yays":79740,"nays":21701},{"committee":"Солнечногорская","vibid":"25020002979055","voters":106327,"total":72935,"voted":72935,"spoiled":623,"yays":54475,"nays":17837},{"committee":"Ступинская городская","vibid":"25020002979054","voters":87157,"total":68892,"voted":68890,"spoiled":417,"yays":55788,"nays":12685},{"committee":"Талдомская","vibid":"25020002979034","voters":34756,"total":27288,"voted":27283,"spoiled":254,"yays":20653,"nays":6376},{"committee":"Фрязинская городская","vibid":"25020002979084","voters":39139,"total":28534,"voted":28267,"spoiled":265,"yays":21021,"nays":6981},{"committee":"Химкинская городская","vibid":"25020002979076","voters":128888,"total":107967,"voted":107887,"spoiled":429,"yays":87842,"nays":19616},{"committee":"Черноголовская городская","vibid":"25020002979061","voters":17369,"total":7041,"voted":7039,"spoiled":65,"yays":4504,"nays":2470},{"committee":"ТИК города Чехов","vibid":"25020002979051","voters":101423,"total":75571,"voted":74925,"spoiled":366,"yays":59973,"nays":14586},{"committee":"Шатурская городская","vibid":"25020002979092","voters":51783,"total":40056,"voted":40056,"spoiled":304,"yays":31891,"nays":7861},{"committee":"Шаховская городская","vibid":"25020002979072","voters":19015,"total":13727,"voted":13727,"spoiled":90,"yays":10483,"nays":3154},{"committee":"Щелковская","vibid":"25020002979042","voters":132705,"total":108470,"voted":108403,"spoiled":755,"yays":91737,"nays":15911},{"committee":"Электрогорская городская","vibid":"25020002979027","voters":17305,"total":13269,"voted":13269,"spoiled":77,"yays":11398,"nays":1794},{"committee":"Электростальская городская","vibid":"25020002979089","voters":113017,"total":78419,"voted":78329,"spoiled":721,"yays":61562,"nays":16046},{"committee":"Королевская городская № 2","vibid":"25020002979070","voters":40634,"total":32011,"voted":32006,"spoiled":198,"yays":24460,"nays":7348},{"committee":"Красногорская городская № 2","vibid":"25020002979094","voters":59121,"total":45710,"voted":45691,"spoiled":233,"yays":34842,"nays":10616},{"committee":"Одинцовская № 2","vibid":"25020002979060","voters":111833,"total":82349,"voted":82116,"spoiled":607,"yays":61834,"nays":19675},{"committee":"Раменская № 2","vibid":"25020002979030","voters":60723,"total":47677,"voted":47616,"spoiled":764,"yays":38267,"nays":8585}]