[{"committee":"Баганская ","vibid":"25420001834937","voters":12004,"total":8009,"voted":8009,"spoiled":89,"yays":5500,"nays":2420},{"committee":"Барабинская","vibid":"25420001834939","voters":33655,"total":19522,"voted":19522,"spoiled":140,"yays":13768,"nays":5614},{"committee":"Бердская городская","vibid":"25420001834933","voters":84438,"total":34740,"voted":34737,"spoiled":348,"yays":23688,"nays":10701},{"committee":"Болотнинская","vibid":"25420001834944","voters":21932,"total":15759,"voted":15759,"spoiled":174,"yays":11750,"nays":3835},{"committee":"Венгеровская","vibid":"25420001834964","voters":14410,"total":10113,"voted":10113,"spoiled":93,"yays":7166,"nays":2854},{"committee":"Доволенская","vibid":"25420001834951","voters":13808,"total":9299,"voted":9299,"spoiled":104,"yays":6427,"nays":2768},{"committee":"Здвинская","vibid":"25420001834946","voters":11419,"total":9548,"voted":9548,"spoiled":126,"yays":7635,"nays":1787},{"committee":"Искитимская","vibid":"25420001834956","voters":50580,"total":26915,"voted":26910,"spoiled":323,"yays":18822,"nays":7765},{"committee":"Искитимская городская","vibid":"25420001834931","voters":46878,"total":18954,"voted":18946,"spoiled":203,"yays":12900,"nays":5843},{"committee":"Карасукская","vibid":"25420001834963","voters":35097,"total":27967,"voted":27967,"spoiled":2047,"yays":20524,"nays":5396},{"committee":"Каргатская","vibid":"25420001834947","voters":14542,"total":9294,"voted":9294,"spoiled":75,"yays":6579,"nays":2640},{"committee":"Колыванская","vibid":"25420001834957","voters":20235,"total":13780,"voted":13777,"spoiled":156,"yays":9886,"nays":3735},{"committee":"Коченевская","vibid":"25420001834953","voters":35115,"total":21801,"voted":21800,"spoiled":225,"yays":15766,"nays":5809},{"committee":"Кочковская","vibid":"25420001834928","voters":11040,"total":9417,"voted":9417,"spoiled":267,"yays":6944,"nays":2206},{"committee":"Краснозерская","vibid":"25420001834954","voters":25531,"total":20187,"voted":20187,"spoiled":208,"yays":15039,"nays":4940},{"committee":"Куйбышевская","vibid":"25420001834950","voters":43871,"total":32528,"voted":32528,"spoiled":431,"yays":22977,"nays":9120},{"committee":"Купинская","vibid":"25420001834948","voters":22991,"total":18627,"voted":18627,"spoiled":239,"yays":13088,"nays":5300},{"committee":"Кыштовская","vibid":"25420001834961","voters":9296,"total":7715,"voted":7715,"spoiled":74,"yays":5702,"nays":1939},{"committee":"Маслянинская","vibid":"25420001834930","voters":19687,"total":13736,"voted":13735,"spoiled":133,"yays":9638,"nays":3964},{"committee":"Мошковская","vibid":"25420001834960","voters":33092,"total":22024,"voted":22022,"spoiled":266,"yays":15391,"nays":6365},{"committee":"Новосибирск, Дзержинская","vibid":"25420001834935","voters":118684,"total":43179,"voted":43178,"spoiled":392,"yays":27214,"nays":15572},{"committee":"Новосибирск, Железнодорожная","vibid":"25420001834940","voters":45566,"total":18303,"voted":18294,"spoiled":121,"yays":11183,"nays":6990},{"committee":"Новосибирск, Заельцовская","vibid":"25420001834938","voters":115682,"total":40401,"voted":40377,"spoiled":271,"yays":24741,"nays":15365},{"committee":"Новосибирск, Калининская","vibid":"25420001834927","voters":148385,"total":50365,"voted":50336,"spoiled":404,"yays":32276,"nays":17656},{"committee":"Новосибирск, Кировская","vibid":"25420001834969","voters":145526,"total":49762,"voted":49747,"spoiled":376,"yays":32313,"nays":17058},{"committee":"Новосибирск, Ленинская","vibid":"25420001834934","voters":228952,"total":73333,"voted":73250,"spoiled":552,"yays":46083,"nays":26615},{"committee":"Новосибирск, Октябрьская","vibid":"25420001834965","voters":174991,"total":60517,"voted":60504,"spoiled":360,"yays":36437,"nays":23707},{"committee":"Новосибирск, Первомайская","vibid":"25420001834932","voters":69171,"total":23063,"voted":23057,"spoiled":190,"yays":14593,"nays":8274},{"committee":"Новосибирск, Советская","vibid":"25420001834941","voters":100685,"total":41148,"voted":41115,"spoiled":306,"yays":25234,"nays":15575},{"committee":"Новосибирск, Центральная","vibid":"25420001834949","voters":57442,"total":23815,"voted":23809,"spoiled":145,"yays":13994,"nays":9670},{"committee":"Новосибирская","vibid":"25420001834959","voters":118442,"total":62680,"voted":62666,"spoiled":535,"yays":40084,"nays":22047},{"committee":"Обская городская","vibid":"25420001834967","voters":21592,"total":9190,"voted":9189,"spoiled":90,"yays":5881,"nays":3218},{"committee":"Ордынская","vibid":"25420001834968","voters":30981,"total":18802,"voted":18802,"spoiled":238,"yays":13413,"nays":5151},{"committee":"Северная","vibid":"25420001834945","voters":7563,"total":5427,"voted":5427,"spoiled":62,"yays":3642,"nays":1723},{"committee":"Сузунская","vibid":"25420001834943","voters":24736,"total":22951,"voted":22951,"spoiled":416,"yays":21137,"nays":1398},{"committee":"Татарская","vibid":"25420001834958","voters":29163,"total":18870,"voted":18869,"spoiled":221,"yays":13597,"nays":5051},{"committee":"Тогучинская","vibid":"25420001834966","voters":44636,"total":32316,"voted":32307,"spoiled":434,"yays":23016,"nays":8857},{"committee":"Убинская","vibid":"25420001834929","voters":11608,"total":8288,"voted":8288,"spoiled":87,"yays":6101,"nays":2100},{"committee":"Усть-Таркская","vibid":"25420001834942","voters":8916,"total":6603,"voted":6603,"spoiled":86,"yays":4544,"nays":1973},{"committee":"Чановская","vibid":"25420001834962","voters":18695,"total":14908,"voted":14908,"spoiled":109,"yays":11205,"nays":3594},{"committee":"Черепановская","vibid":"25420001834926","voters":37786,"total":29107,"voted":29107,"spoiled":210,"yays":21202,"nays":7695},{"committee":"Чистоозерная","vibid":"25420001834952","voters":13588,"total":10490,"voted":10488,"spoiled":92,"yays":7540,"nays":2856},{"committee":"Чулымская","vibid":"25420001834936","voters":18029,"total":13455,"voted":13454,"spoiled":85,"yays":9717,"nays":3652},{"committee":"р.п.Кольцово","vibid":"25420001834955","voters":14001,"total":7447,"voted":7444,"spoiled":48,"yays":4520,"nays":2876}]