[{"committee":"УИК №328","vibid":"4054010169804","voters":11,"total":10,"voted":10,"spoiled":0,"yays":9,"nays":1},{"committee":"УИК №330","vibid":"4054010169806","voters":284,"total":250,"voted":250,"spoiled":0,"yays":184,"nays":66},{"committee":"УИК №332","vibid":"4054010169808","voters":1737,"total":1427,"voted":1427,"spoiled":8,"yays":1234,"nays":185},{"committee":"УИК №335","vibid":"4054010169811","voters":139,"total":127,"voted":127,"spoiled":0,"yays":103,"nays":24},{"committee":"УИК №336","vibid":"4054010169812","voters":137,"total":109,"voted":109,"spoiled":2,"yays":106,"nays":1},{"committee":"УИК №339","vibid":"4054010169815","voters":242,"total":186,"voted":186,"spoiled":0,"yays":182,"nays":4},{"committee":"УИК №342","vibid":"4054010169818","voters":35,"total":33,"voted":33,"spoiled":0,"yays":33,"nays":0},{"committee":"УИК №347","vibid":"4054010169823","voters":51,"total":49,"voted":49,"spoiled":0,"yays":47,"nays":2},{"committee":"УИК №349","vibid":"4054010169825","voters":26,"total":24,"voted":24,"spoiled":0,"yays":23,"nays":1},{"committee":"УИК №351","vibid":"4054010169827","voters":515,"total":483,"voted":483,"spoiled":2,"yays":476,"nays":5},{"committee":"УИК №354","vibid":"4054010169830","voters":11,"total":11,"voted":11,"spoiled":0,"yays":11,"nays":0},{"committee":"УИК №357","vibid":"4054010169833","voters":654,"total":498,"voted":498,"spoiled":2,"yays":408,"nays":88},{"committee":"УИК №362","vibid":"4054010169838","voters":273,"total":233,"voted":233,"spoiled":0,"yays":215,"nays":18},{"committee":"УИК №363","vibid":"4054010169839","voters":373,"total":353,"voted":353,"spoiled":0,"yays":323,"nays":30},{"committee":"УИК №364","vibid":"4054010169840","voters":192,"total":190,"voted":190,"spoiled":1,"yays":185,"nays":4},{"committee":"УИК №366","vibid":"4054010169842","voters":248,"total":150,"voted":150,"spoiled":0,"yays":73,"nays":77},{"committee":"УИК №369","vibid":"4054010169845","voters":110,"total":104,"voted":104,"spoiled":0,"yays":103,"nays":1}]