[{"committee":"УИК №899","vibid":"4024005337724","voters":1087,"total":1035,"voted":1035,"spoiled":2,"yays":739,"nays":294},{"committee":"УИК №900","vibid":"4024005337725","voters":695,"total":648,"voted":648,"spoiled":0,"yays":635,"nays":13},{"committee":"УИК №901","vibid":"4024005337726","voters":282,"total":269,"voted":269,"spoiled":0,"yays":249,"nays":20},{"committee":"УИК №902","vibid":"4024005337727","voters":1204,"total":1117,"voted":1117,"spoiled":18,"yays":752,"nays":347},{"committee":"УИК №903","vibid":"4024005337728","voters":636,"total":565,"voted":565,"spoiled":15,"yays":537,"nays":13},{"committee":"УИК №904","vibid":"4024005337729","voters":1308,"total":1243,"voted":1243,"spoiled":4,"yays":1181,"nays":58},{"committee":"УИК №905","vibid":"4024005337730","voters":211,"total":197,"voted":197,"spoiled":0,"yays":193,"nays":4},{"committee":"УИК №906","vibid":"4024005337731","voters":90,"total":88,"voted":88,"spoiled":0,"yays":86,"nays":2},{"committee":"УИК №907","vibid":"4024005337732","voters":129,"total":125,"voted":125,"spoiled":0,"yays":121,"nays":4},{"committee":"УИК №908","vibid":"4024005337733","voters":211,"total":204,"voted":204,"spoiled":2,"yays":197,"nays":5},{"committee":"УИК №909","vibid":"4024005337734","voters":207,"total":198,"voted":198,"spoiled":2,"yays":190,"nays":6},{"committee":"УИК №910","vibid":"4024005337735","voters":189,"total":183,"voted":183,"spoiled":0,"yays":175,"nays":8},{"committee":"УИК №911","vibid":"4024005337736","voters":150,"total":144,"voted":144,"spoiled":2,"yays":139,"nays":3},{"committee":"УИК №912","vibid":"4024005337737","voters":201,"total":195,"voted":195,"spoiled":0,"yays":192,"nays":3},{"committee":"УИК №913","vibid":"4024005337738","voters":144,"total":134,"voted":134,"spoiled":1,"yays":130,"nays":3},{"committee":"УИК №914","vibid":"4024005337739","voters":200,"total":196,"voted":196,"spoiled":2,"yays":190,"nays":4},{"committee":"УИК №915","vibid":"4024005337740","voters":301,"total":289,"voted":289,"spoiled":0,"yays":278,"nays":11},{"committee":"УИК №916","vibid":"4024005337741","voters":457,"total":447,"voted":447,"spoiled":0,"yays":438,"nays":9},{"committee":"УИК №917","vibid":"4024005337742","voters":213,"total":210,"voted":210,"spoiled":0,"yays":205,"nays":5},{"committee":"УИК №918","vibid":"4024005337743","voters":162,"total":154,"voted":154,"spoiled":0,"yays":151,"nays":3},{"committee":"УИК №919","vibid":"4024005337744","voters":321,"total":288,"voted":288,"spoiled":0,"yays":279,"nays":9},{"committee":"УИК №920","vibid":"4024005337745","voters":390,"total":371,"voted":371,"spoiled":0,"yays":353,"nays":18},{"committee":"УИК №921","vibid":"4024005337746","voters":235,"total":232,"voted":232,"spoiled":0,"yays":228,"nays":4},{"committee":"УИК №922","vibid":"4024005337747","voters":228,"total":222,"voted":222,"spoiled":0,"yays":216,"nays":6},{"committee":"УИК №923","vibid":"4024005337748","voters":95,"total":92,"voted":92,"spoiled":0,"yays":89,"nays":3},{"committee":"УИК №924","vibid":"4024005337749","voters":386,"total":379,"voted":379,"spoiled":3,"yays":368,"nays":8},{"committee":"УИК №925","vibid":"4024005337750","voters":301,"total":295,"voted":295,"spoiled":1,"yays":292,"nays":2},{"committee":"УИК №926","vibid":"4024005337751","voters":439,"total":406,"voted":406,"spoiled":0,"yays":386,"nays":20},{"committee":"УИК №927","vibid":"4024005337752","voters":539,"total":510,"voted":510,"spoiled":7,"yays":494,"nays":9},{"committee":"УИК №928","vibid":"4024005337753","voters":183,"total":174,"voted":174,"spoiled":0,"yays":169,"nays":5},{"committee":"УИК №930","vibid":"4024005337754","voters":404,"total":355,"voted":355,"spoiled":1,"yays":312,"nays":42},{"committee":"УИК №931","vibid":"4024005337755","voters":454,"total":440,"voted":440,"spoiled":0,"yays":427,"nays":13},{"committee":"УИК №932","vibid":"4024005337756","voters":473,"total":457,"voted":457,"spoiled":1,"yays":440,"nays":16},{"committee":"УИК №934","vibid":"4024005337758","voters":271,"total":236,"voted":236,"spoiled":5,"yays":226,"nays":5},{"committee":"УИК №935","vibid":"4024005337759","voters":225,"total":220,"voted":220,"spoiled":0,"yays":205,"nays":15},{"committee":"УИК №936","vibid":"4024005337760","voters":387,"total":387,"voted":387,"spoiled":1,"yays":380,"nays":6},{"committee":"УИК №938","vibid":"4024005337762","voters":332,"total":321,"voted":321,"spoiled":7,"yays":305,"nays":9},{"committee":"УИК №939","vibid":"4024005337763","voters":170,"total":165,"voted":165,"spoiled":0,"yays":157,"nays":8},{"committee":"УИК №940","vibid":"4024005337764","voters":458,"total":440,"voted":440,"spoiled":4,"yays":378,"nays":58},{"committee":"УИК №941","vibid":"4024005337765","voters":244,"total":222,"voted":222,"spoiled":0,"yays":215,"nays":7},{"committee":"УИК №942","vibid":"4024005337766","voters":212,"total":206,"voted":206,"spoiled":0,"yays":196,"nays":10},{"committee":"УИК №943","vibid":"4024005337767","voters":206,"total":201,"voted":201,"spoiled":0,"yays":191,"nays":10},{"committee":"УИК №3458","vibid":"4024005337769","voters":250,"total":224,"voted":224,"spoiled":0,"yays":214,"nays":10},{"committee":"УИК №3459","vibid":"4024005337770","voters":395,"total":367,"voted":367,"spoiled":0,"yays":355,"nays":12}]