[{"committee":"УИК №1872","vibid":"4024024296760","voters":330,"total":319,"voted":319,"spoiled":1,"yays":307,"nays":11},{"committee":"УИК №1873","vibid":"4024024296761","voters":138,"total":133,"voted":133,"spoiled":0,"yays":128,"nays":5},{"committee":"УИК №1874","vibid":"4024024296762","voters":438,"total":424,"voted":424,"spoiled":2,"yays":409,"nays":13},{"committee":"УИК №1875","vibid":"4024024296763","voters":113,"total":109,"voted":109,"spoiled":0,"yays":104,"nays":5},{"committee":"УИК №1876","vibid":"4024024296764","voters":512,"total":498,"voted":498,"spoiled":2,"yays":479,"nays":17},{"committee":"УИК №1877","vibid":"4024024296765","voters":280,"total":271,"voted":271,"spoiled":1,"yays":262,"nays":8},{"committee":"УИК №1878","vibid":"4024024296766","voters":633,"total":591,"voted":591,"spoiled":5,"yays":514,"nays":72},{"committee":"УИК №1879","vibid":"4024024296767","voters":124,"total":116,"voted":116,"spoiled":0,"yays":103,"nays":13},{"committee":"УИК №1880","vibid":"4024024296768","voters":632,"total":598,"voted":598,"spoiled":4,"yays":571,"nays":23},{"committee":"УИК №1882","vibid":"4024024296769","voters":1569,"total":1484,"voted":1484,"spoiled":12,"yays":1287,"nays":185},{"committee":"УИК №1884","vibid":"4024024296770","voters":121,"total":117,"voted":117,"spoiled":0,"yays":109,"nays":8},{"committee":"УИК №1885","vibid":"4024024296771","voters":130,"total":126,"voted":126,"spoiled":0,"yays":121,"nays":5},{"committee":"УИК №1886","vibid":"4024024296772","voters":139,"total":134,"voted":134,"spoiled":0,"yays":129,"nays":5},{"committee":"УИК №1887","vibid":"4024024296773","voters":224,"total":217,"voted":217,"spoiled":0,"yays":209,"nays":8},{"committee":"УИК №1888","vibid":"4024024296774","voters":315,"total":305,"voted":305,"spoiled":0,"yays":293,"nays":12},{"committee":"УИК №1889","vibid":"4024024296775","voters":217,"total":210,"voted":210,"spoiled":2,"yays":202,"nays":6},{"committee":"УИК №1890","vibid":"4024024296776","voters":280,"total":271,"voted":271,"spoiled":1,"yays":252,"nays":18},{"committee":"УИК №1891","vibid":"4024024296777","voters":199,"total":193,"voted":193,"spoiled":0,"yays":186,"nays":7},{"committee":"УИК №1892","vibid":"4024024296778","voters":168,"total":163,"voted":163,"spoiled":0,"yays":157,"nays":6},{"committee":"УИК №1893","vibid":"4024024296779","voters":176,"total":171,"voted":171,"spoiled":0,"yays":164,"nays":7},{"committee":"УИК №1894","vibid":"4024024296780","voters":193,"total":189,"voted":189,"spoiled":1,"yays":182,"nays":6},{"committee":"УИК №1895","vibid":"4024024296781","voters":208,"total":201,"voted":201,"spoiled":0,"yays":194,"nays":7},{"committee":"УИК №1896","vibid":"4024024296782","voters":537,"total":519,"voted":519,"spoiled":0,"yays":501,"nays":18},{"committee":"УИК №1897","vibid":"4024024296783","voters":194,"total":187,"voted":187,"spoiled":0,"yays":179,"nays":8},{"committee":"УИК №1898","vibid":"4024024296784","voters":586,"total":575,"voted":575,"spoiled":2,"yays":553,"nays":20},{"committee":"УИК №1899","vibid":"4024024296785","voters":272,"total":262,"voted":262,"spoiled":0,"yays":253,"nays":9},{"committee":"УИК №1900","vibid":"4024024296786","voters":204,"total":197,"voted":197,"spoiled":0,"yays":189,"nays":8},{"committee":"УИК №1901","vibid":"4024024296787","voters":151,"total":147,"voted":147,"spoiled":0,"yays":142,"nays":5},{"committee":"УИК №1902","vibid":"4024024296788","voters":109,"total":107,"voted":107,"spoiled":0,"yays":102,"nays":5},{"committee":"УИК №1903","vibid":"4024024296789","voters":452,"total":439,"voted":439,"spoiled":2,"yays":416,"nays":21},{"committee":"УИК №1904","vibid":"4024024296790","voters":245,"total":237,"voted":237,"spoiled":0,"yays":229,"nays":8},{"committee":"УИК №1905","vibid":"4024024296791","voters":684,"total":559,"voted":559,"spoiled":2,"yays":461,"nays":96},{"committee":"УИК №1906","vibid":"4024024296792","voters":566,"total":551,"voted":551,"spoiled":2,"yays":532,"nays":17},{"committee":"УИК №1907","vibid":"4024024296793","voters":364,"total":354,"voted":354,"spoiled":2,"yays":342,"nays":10}]