[{"committee":"УИК №159","vibid":"4034006324875","voters":2197,"total":1209,"voted":1209,"spoiled":14,"yays":811,"nays":384},{"committee":"УИК №160","vibid":"4034006324876","voters":1878,"total":966,"voted":966,"spoiled":16,"yays":652,"nays":298},{"committee":"УИК №161","vibid":"4034006324877","voters":495,"total":287,"voted":287,"spoiled":3,"yays":212,"nays":72},{"committee":"УИК №162","vibid":"4034006324878","voters":1837,"total":971,"voted":971,"spoiled":9,"yays":661,"nays":301},{"committee":"УИК №163","vibid":"4034006324879","voters":1603,"total":918,"voted":918,"spoiled":13,"yays":646,"nays":259},{"committee":"УИК №164","vibid":"4034006324880","voters":1129,"total":592,"voted":592,"spoiled":4,"yays":390,"nays":198},{"committee":"УИК №165","vibid":"4034006324881","voters":759,"total":385,"voted":385,"spoiled":0,"yays":291,"nays":94},{"committee":"УИК №166","vibid":"4034006324882","voters":1417,"total":761,"voted":761,"spoiled":8,"yays":543,"nays":210},{"committee":"УИК №167","vibid":"4034006324883","voters":103,"total":84,"voted":84,"spoiled":1,"yays":64,"nays":19},{"committee":"УИК №168","vibid":"4034006324884","voters":462,"total":354,"voted":354,"spoiled":2,"yays":183,"nays":169},{"committee":"УИК №169","vibid":"4034006324885","voters":778,"total":522,"voted":522,"spoiled":5,"yays":271,"nays":246},{"committee":"УИК №170","vibid":"4034006324886","voters":476,"total":362,"voted":362,"spoiled":25,"yays":287,"nays":50},{"committee":"УИК №171","vibid":"4034006324887","voters":85,"total":76,"voted":76,"spoiled":0,"yays":67,"nays":9},{"committee":"УИК №172","vibid":"4034006324888","voters":431,"total":326,"voted":326,"spoiled":2,"yays":276,"nays":48},{"committee":"УИК №173","vibid":"4034006324889","voters":151,"total":94,"voted":94,"spoiled":0,"yays":78,"nays":16},{"committee":"УИК №174","vibid":"4034006324890","voters":144,"total":97,"voted":97,"spoiled":0,"yays":73,"nays":24},{"committee":"УИК №175","vibid":"4034006324891","voters":135,"total":86,"voted":86,"spoiled":0,"yays":81,"nays":5},{"committee":"УИК №176","vibid":"4034006324892","voters":1000,"total":571,"voted":571,"spoiled":0,"yays":407,"nays":164},{"committee":"УИК №177","vibid":"4034006324893","voters":613,"total":371,"voted":371,"spoiled":0,"yays":279,"nays":92},{"committee":"УИК №178","vibid":"4034006324894","voters":56,"total":43,"voted":43,"spoiled":1,"yays":23,"nays":19},{"committee":"УИК №179","vibid":"4034006324895","voters":3228,"total":1958,"voted":1958,"spoiled":71,"yays":1246,"nays":641},{"committee":"УИК №180","vibid":"4034006324896","voters":362,"total":250,"voted":250,"spoiled":1,"yays":166,"nays":83},{"committee":"УИК №181","vibid":"4034006324897","voters":1529,"total":907,"voted":907,"spoiled":6,"yays":695,"nays":206},{"committee":"УИК №182","vibid":"4034006324898","voters":1183,"total":744,"voted":744,"spoiled":9,"yays":562,"nays":173},{"committee":"УИК №183","vibid":"4034006324899","voters":421,"total":277,"voted":277,"spoiled":0,"yays":258,"nays":19},{"committee":"УИК №184","vibid":"4034006324900","voters":347,"total":236,"voted":236,"spoiled":3,"yays":184,"nays":49},{"committee":"УИК №185","vibid":"4034006324901","voters":1798,"total":1002,"voted":1002,"spoiled":15,"yays":695,"nays":292},{"committee":"УИК №186","vibid":"4034006324902","voters":1737,"total":1003,"voted":1003,"spoiled":10,"yays":715,"nays":278},{"committee":"УИК №187","vibid":"4034006324903","voters":1810,"total":841,"voted":841,"spoiled":2,"yays":611,"nays":228},{"committee":"УИК №188","vibid":"4034006324904","voters":1852,"total":831,"voted":831,"spoiled":7,"yays":593,"nays":231},{"committee":"УИК №189","vibid":"4034006324905","voters":541,"total":304,"voted":304,"spoiled":1,"yays":242,"nays":61},{"committee":"УИК №190","vibid":"4034006324906","voters":139,"total":91,"voted":91,"spoiled":9,"yays":62,"nays":20},{"committee":"УИК №191","vibid":"4034006324907","voters":117,"total":67,"voted":67,"spoiled":0,"yays":62,"nays":5},{"committee":"УИК №192","vibid":"4034006324908","voters":459,"total":284,"voted":284,"spoiled":6,"yays":210,"nays":68},{"committee":"УИК №193","vibid":"4034006324909","voters":161,"total":105,"voted":105,"spoiled":1,"yays":94,"nays":10},{"committee":"УИК №194","vibid":"4034006324910","voters":88,"total":61,"voted":61,"spoiled":0,"yays":55,"nays":6},{"committee":"УИК №195","vibid":"4034006324911","voters":671,"total":469,"voted":469,"spoiled":2,"yays":356,"nays":111},{"committee":"УИК №196","vibid":"4034006324912","voters":2567,"total":1090,"voted":1090,"spoiled":15,"yays":778,"nays":297},{"committee":"УИК №197","vibid":"4034006324913","voters":783,"total":449,"voted":449,"spoiled":6,"yays":320,"nays":123},{"committee":"УИК №198","vibid":"4034006324914","voters":1359,"total":832,"voted":832,"spoiled":5,"yays":648,"nays":179},{"committee":"УИК №199","vibid":"4034006324915","voters":126,"total":89,"voted":89,"spoiled":0,"yays":55,"nays":34},{"committee":"УИК №200","vibid":"4034006324916","voters":898,"total":551,"voted":551,"spoiled":5,"yays":384,"nays":162},{"committee":"УИК №201","vibid":"4034006324917","voters":777,"total":434,"voted":434,"spoiled":4,"yays":288,"nays":142},{"committee":"УИК №202","vibid":"4034006324918","voters":919,"total":528,"voted":528,"spoiled":0,"yays":327,"nays":201},{"committee":"УИК №203","vibid":"4034006324919","voters":89,"total":75,"voted":75,"spoiled":2,"yays":53,"nays":20},{"committee":"УИК №204","vibid":"4034006324920","voters":112,"total":111,"voted":111,"spoiled":3,"yays":95,"nays":13},{"committee":"УИК №205","vibid":"4034006324921","voters":25,"total":25,"voted":25,"spoiled":0,"yays":12,"nays":13},{"committee":"УИК №206","vibid":"4034006324922","voters":12,"total":12,"voted":12,"spoiled":0,"yays":5,"nays":7}]