[{"committee":"УИК №1","vibid":"4034001269062","voters":1163,"total":550,"voted":550,"spoiled":3,"yays":380,"nays":167},{"committee":"УИК №2","vibid":"4034001269063","voters":1361,"total":742,"voted":742,"spoiled":4,"yays":486,"nays":252},{"committee":"УИК №3","vibid":"4034001269064","voters":899,"total":496,"voted":496,"spoiled":25,"yays":326,"nays":145},{"committee":"УИК №4","vibid":"4034001269065","voters":761,"total":330,"voted":330,"spoiled":5,"yays":205,"nays":120},{"committee":"УИК №5","vibid":"4034001269066","voters":182,"total":117,"voted":117,"spoiled":2,"yays":87,"nays":28},{"committee":"УИК №6","vibid":"4034001269067","voters":521,"total":283,"voted":283,"spoiled":0,"yays":197,"nays":86},{"committee":"УИК №7","vibid":"4034001269068","voters":138,"total":100,"voted":100,"spoiled":0,"yays":86,"nays":14},{"committee":"УИК №8","vibid":"4034001269069","voters":1044,"total":511,"voted":511,"spoiled":9,"yays":338,"nays":164},{"committee":"УИК №9","vibid":"4034001269070","voters":219,"total":150,"voted":150,"spoiled":4,"yays":75,"nays":71},{"committee":"УИК №10","vibid":"4034001269071","voters":1231,"total":649,"voted":649,"spoiled":10,"yays":455,"nays":184},{"committee":"УИК №11","vibid":"4034001269072","voters":1293,"total":630,"voted":630,"spoiled":10,"yays":383,"nays":237},{"committee":"УИК №12","vibid":"4034001269073","voters":292,"total":210,"voted":210,"spoiled":4,"yays":133,"nays":73},{"committee":"УИК №13","vibid":"4034001269074","voters":1189,"total":512,"voted":512,"spoiled":4,"yays":361,"nays":147},{"committee":"УИК №14","vibid":"4034001269075","voters":966,"total":468,"voted":468,"spoiled":3,"yays":292,"nays":173},{"committee":"УИК №15","vibid":"4034001269076","voters":92,"total":52,"voted":52,"spoiled":0,"yays":37,"nays":15},{"committee":"УИК №16","vibid":"4034001269077","voters":201,"total":140,"voted":140,"spoiled":5,"yays":95,"nays":40},{"committee":"УИК №17","vibid":"4034001269078","voters":161,"total":112,"voted":112,"spoiled":1,"yays":95,"nays":16},{"committee":"УИК №18","vibid":"4034001269079","voters":116,"total":94,"voted":94,"spoiled":0,"yays":87,"nays":7},{"committee":"УИК №19","vibid":"4034001269080","voters":581,"total":348,"voted":348,"spoiled":7,"yays":277,"nays":64},{"committee":"УИК №20","vibid":"4034001269081","voters":520,"total":390,"voted":390,"spoiled":5,"yays":300,"nays":85},{"committee":"УИК №21","vibid":"4034001269082","voters":144,"total":107,"voted":107,"spoiled":2,"yays":92,"nays":13},{"committee":"УИК №22","vibid":"4034001269083","voters":371,"total":240,"voted":240,"spoiled":2,"yays":188,"nays":50},{"committee":"УИК №23","vibid":"4034001269084","voters":116,"total":82,"voted":82,"spoiled":1,"yays":61,"nays":20},{"committee":"УИК №24","vibid":"4034001269085","voters":282,"total":180,"voted":180,"spoiled":0,"yays":140,"nays":40},{"committee":"УИК №25","vibid":"4034001269086","voters":198,"total":130,"voted":130,"spoiled":1,"yays":93,"nays":36},{"committee":"УИК №26","vibid":"4034001269087","voters":637,"total":420,"voted":420,"spoiled":8,"yays":314,"nays":98},{"committee":"УИК №27","vibid":"4034001269088","voters":205,"total":124,"voted":124,"spoiled":5,"yays":81,"nays":38},{"committee":"УИК №28","vibid":"4034001269089","voters":906,"total":634,"voted":634,"spoiled":12,"yays":400,"nays":222},{"committee":"УИК №29","vibid":"4034001269090","voters":138,"total":91,"voted":91,"spoiled":0,"yays":48,"nays":43},{"committee":"УИК №30","vibid":"4034001269091","voters":135,"total":103,"voted":103,"spoiled":0,"yays":81,"nays":22},{"committee":"УИК №31","vibid":"4034001269092","voters":99,"total":77,"voted":77,"spoiled":1,"yays":62,"nays":14},{"committee":"УИК №32","vibid":"4034001269093","voters":814,"total":540,"voted":540,"spoiled":5,"yays":371,"nays":164},{"committee":"УИК №33","vibid":"4034001269094","voters":314,"total":253,"voted":253,"spoiled":4,"yays":172,"nays":77},{"committee":"УИК №34","vibid":"4034001269095","voters":123,"total":91,"voted":91,"spoiled":0,"yays":52,"nays":39},{"committee":"УИК №35","vibid":"4034001269096","voters":443,"total":297,"voted":297,"spoiled":4,"yays":239,"nays":54},{"committee":"УИК №36","vibid":"4034001269097","voters":181,"total":116,"voted":116,"spoiled":1,"yays":101,"nays":14}]