[{"committee":"УИК №2547","vibid":"4024074419990","voters":1925,"total":1875,"voted":1875,"spoiled":21,"yays":1725,"nays":129},{"committee":"УИК №2548","vibid":"4024074419991","voters":2270,"total":2241,"voted":2241,"spoiled":8,"yays":2121,"nays":112},{"committee":"УИК №2549","vibid":"4024074419992","voters":1022,"total":983,"voted":983,"spoiled":30,"yays":872,"nays":81},{"committee":"УИК №2550","vibid":"4024074419993","voters":2000,"total":1940,"voted":1940,"spoiled":12,"yays":1774,"nays":154},{"committee":"УИК №2551","vibid":"4024074419994","voters":1967,"total":1871,"voted":1871,"spoiled":8,"yays":1776,"nays":87},{"committee":"УИК №2552","vibid":"4024074419995","voters":720,"total":697,"voted":697,"spoiled":7,"yays":669,"nays":21},{"committee":"УИК №2553","vibid":"4024074419996","voters":2182,"total":2117,"voted":2117,"spoiled":11,"yays":1928,"nays":178},{"committee":"УИК №2554","vibid":"4024074419997","voters":2188,"total":2140,"voted":2140,"spoiled":19,"yays":2015,"nays":106},{"committee":"УИК №2555","vibid":"4024074419998","voters":1013,"total":981,"voted":981,"spoiled":7,"yays":926,"nays":48},{"committee":"УИК №2556","vibid":"4024074419999","voters":2266,"total":2195,"voted":2195,"spoiled":17,"yays":2022,"nays":156},{"committee":"УИК №2557","vibid":"4024074420000","voters":1953,"total":1889,"voted":1889,"spoiled":10,"yays":1701,"nays":178},{"committee":"УИК №2558","vibid":"4024074420001","voters":2120,"total":2028,"voted":2028,"spoiled":28,"yays":1810,"nays":190},{"committee":"УИК №2559","vibid":"4024074420002","voters":1840,"total":1752,"voted":1752,"spoiled":16,"yays":1615,"nays":121},{"committee":"УИК №2560","vibid":"4024074420003","voters":2029,"total":1995,"voted":1995,"spoiled":19,"yays":1800,"nays":176},{"committee":"УИК №2561","vibid":"4024074420004","voters":2059,"total":1989,"voted":1989,"spoiled":42,"yays":1849,"nays":98},{"committee":"УИК №2562","vibid":"4024074420005","voters":1128,"total":1096,"voted":1096,"spoiled":17,"yays":1041,"nays":38},{"committee":"УИК №2563","vibid":"4024074420006","voters":1774,"total":1721,"voted":1721,"spoiled":37,"yays":1583,"nays":101},{"committee":"УИК №2564","vibid":"4024074420007","voters":1111,"total":1076,"voted":1076,"spoiled":10,"yays":979,"nays":87},{"committee":"УИК №2565","vibid":"4024074420008","voters":1162,"total":1098,"voted":1098,"spoiled":12,"yays":953,"nays":133},{"committee":"УИК №2566","vibid":"4024074420009","voters":2099,"total":2039,"voted":2039,"spoiled":5,"yays":1849,"nays":185},{"committee":"УИК №2567","vibid":"4024074420010","voters":2222,"total":2149,"voted":2149,"spoiled":9,"yays":2033,"nays":107},{"committee":"УИК №2568","vibid":"4024074420011","voters":1104,"total":1052,"voted":1052,"spoiled":5,"yays":964,"nays":83},{"committee":"УИК №2569","vibid":"4024074420012","voters":2330,"total":2196,"voted":2196,"spoiled":6,"yays":1956,"nays":234},{"committee":"УИК №2570","vibid":"4024074420013","voters":1346,"total":1305,"voted":1305,"spoiled":10,"yays":1205,"nays":90},{"committee":"УИК №2571","vibid":"4024074420014","voters":576,"total":557,"voted":557,"spoiled":6,"yays":514,"nays":37},{"committee":"УИК №2572","vibid":"4024074420015","voters":425,"total":409,"voted":409,"spoiled":10,"yays":363,"nays":36},{"committee":"УИК №2573","vibid":"4024074420016","voters":435,"total":417,"voted":417,"spoiled":6,"yays":384,"nays":27},{"committee":"УИК №2574","vibid":"4024074420017","voters":384,"total":365,"voted":365,"spoiled":0,"yays":329,"nays":36},{"committee":"УИК №2575","vibid":"4024074420018","voters":127,"total":118,"voted":118,"spoiled":5,"yays":103,"nays":10},{"committee":"УИК №2576","vibid":"4024074420019","voters":668,"total":642,"voted":642,"spoiled":2,"yays":609,"nays":31},{"committee":"УИК №2577","vibid":"4024074420020","voters":506,"total":468,"voted":468,"spoiled":3,"yays":392,"nays":73},{"committee":"УИК №2578","vibid":"4024074420021","voters":396,"total":374,"voted":374,"spoiled":5,"yays":304,"nays":65},{"committee":"УИК №2579","vibid":"4024074420022","voters":640,"total":625,"voted":625,"spoiled":5,"yays":616,"nays":4},{"committee":"УИК №2580","vibid":"4024074420023","voters":321,"total":313,"voted":313,"spoiled":10,"yays":282,"nays":21},{"committee":"УИК №2581","vibid":"4024074420024","voters":948,"total":915,"voted":915,"spoiled":0,"yays":838,"nays":77},{"committee":"УИК №2582","vibid":"4024074420025","voters":295,"total":285,"voted":285,"spoiled":0,"yays":270,"nays":15},{"committee":"УИК №2583","vibid":"4024074420026","voters":296,"total":275,"voted":275,"spoiled":9,"yays":235,"nays":31},{"committee":"УИК №2584","vibid":"4024074420027","voters":300,"total":222,"voted":222,"spoiled":7,"yays":185,"nays":30},{"committee":"УИК №2585","vibid":"4024074420028","voters":130,"total":113,"voted":113,"spoiled":5,"yays":97,"nays":11},{"committee":"УИК №2586","vibid":"4024074420029","voters":1642,"total":1581,"voted":1581,"spoiled":19,"yays":1406,"nays":156},{"committee":"УИК №2587","vibid":"4024074420030","voters":1474,"total":1400,"voted":1400,"spoiled":12,"yays":1318,"nays":70},{"committee":"УИК №2588","vibid":"4024074420031","voters":159,"total":150,"voted":150,"spoiled":2,"yays":138,"nays":10},{"committee":"УИК №2589","vibid":"4024074420032","voters":915,"total":883,"voted":883,"spoiled":19,"yays":792,"nays":72},{"committee":"УИК №2590","vibid":"4024074420033","voters":1213,"total":1181,"voted":1181,"spoiled":11,"yays":1109,"nays":61},{"committee":"УИК №2591","vibid":"4024074420034","voters":624,"total":604,"voted":604,"spoiled":6,"yays":584,"nays":14},{"committee":"УИК №2592","vibid":"4024074420035","voters":1011,"total":982,"voted":982,"spoiled":0,"yays":885,"nays":97},{"committee":"УИК №2593","vibid":"4024074420036","voters":503,"total":481,"voted":481,"spoiled":2,"yays":410,"nays":69},{"committee":"УИК №2594","vibid":"4024074420037","voters":609,"total":588,"voted":588,"spoiled":7,"yays":552,"nays":29},{"committee":"УИК №2595","vibid":"4024074420038","voters":787,"total":768,"voted":768,"spoiled":3,"yays":729,"nays":36},{"committee":"УИК №2596","vibid":"4024074420039","voters":547,"total":529,"voted":529,"spoiled":17,"yays":483,"nays":29},{"committee":"УИК №2597","vibid":"4024074420040","voters":231,"total":222,"voted":222,"spoiled":5,"yays":211,"nays":6},{"committee":"УИК №2598","vibid":"4024074420041","voters":299,"total":291,"voted":291,"spoiled":5,"yays":278,"nays":8},{"committee":"УИК №2599","vibid":"4024074420042","voters":433,"total":419,"voted":419,"spoiled":2,"yays":396,"nays":21},{"committee":"УИК №2600","vibid":"4024074420043","voters":235,"total":224,"voted":224,"spoiled":4,"yays":202,"nays":18},{"committee":"УИК №2601","vibid":"4024074420044","voters":232,"total":227,"voted":227,"spoiled":5,"yays":200,"nays":22},{"committee":"УИК №2602","vibid":"4024074420045","voters":1083,"total":1055,"voted":1055,"spoiled":12,"yays":880,"nays":163},{"committee":"УИК №3472","vibid":"4024074420046","voters":1183,"total":1148,"voted":1148,"spoiled":11,"yays":1090,"nays":47},{"committee":"УИК №3473","vibid":"4024074420047","voters":990,"total":966,"voted":966,"spoiled":12,"yays":887,"nays":67}]