[{"committee":"УИК №207","vibid":"4034007228867","voters":212,"total":205,"voted":205,"spoiled":0,"yays":203,"nays":2},{"committee":"УИК №208","vibid":"4034007228868","voters":403,"total":403,"voted":403,"spoiled":1,"yays":374,"nays":28},{"committee":"УИК №209","vibid":"4034007228869","voters":1056,"total":1056,"voted":1056,"spoiled":3,"yays":982,"nays":71},{"committee":"УИК №210","vibid":"4034007228870","voters":408,"total":408,"voted":408,"spoiled":3,"yays":393,"nays":12},{"committee":"УИК №211","vibid":"4034007228871","voters":348,"total":340,"voted":340,"spoiled":0,"yays":326,"nays":14},{"committee":"УИК №212","vibid":"4034007228872","voters":185,"total":185,"voted":185,"spoiled":1,"yays":167,"nays":17},{"committee":"УИК №213","vibid":"4034007228873","voters":155,"total":155,"voted":155,"spoiled":0,"yays":148,"nays":7},{"committee":"УИК №214","vibid":"4034007228874","voters":553,"total":553,"voted":553,"spoiled":1,"yays":536,"nays":16},{"committee":"УИК №215","vibid":"4034007228875","voters":172,"total":172,"voted":172,"spoiled":0,"yays":171,"nays":1},{"committee":"УИК №216","vibid":"4034007228876","voters":383,"total":371,"voted":371,"spoiled":8,"yays":301,"nays":62},{"committee":"УИК №217","vibid":"4034007228877","voters":410,"total":406,"voted":406,"spoiled":2,"yays":386,"nays":18},{"committee":"УИК №218","vibid":"4034007228878","voters":287,"total":287,"voted":287,"spoiled":0,"yays":280,"nays":7},{"committee":"УИК №219","vibid":"4034007228879","voters":161,"total":159,"voted":159,"spoiled":1,"yays":98,"nays":60},{"committee":"УИК №220","vibid":"4034007228880","voters":382,"total":382,"voted":382,"spoiled":0,"yays":346,"nays":36},{"committee":"УИК №221","vibid":"4034007228881","voters":549,"total":515,"voted":515,"spoiled":0,"yays":505,"nays":10},{"committee":"УИК №222","vibid":"4034007228882","voters":337,"total":336,"voted":336,"spoiled":0,"yays":333,"nays":3},{"committee":"УИК №223","vibid":"4034007228883","voters":441,"total":439,"voted":439,"spoiled":0,"yays":435,"nays":4},{"committee":"УИК №224","vibid":"4034007228884","voters":498,"total":498,"voted":498,"spoiled":0,"yays":477,"nays":21},{"committee":"УИК №225","vibid":"4034007228885","voters":169,"total":169,"voted":169,"spoiled":0,"yays":166,"nays":3},{"committee":"УИК №226","vibid":"4034007228886","voters":623,"total":620,"voted":620,"spoiled":1,"yays":580,"nays":39},{"committee":"УИК №227","vibid":"4034007228887","voters":702,"total":683,"voted":683,"spoiled":1,"yays":669,"nays":13},{"committee":"УИК №228","vibid":"4034007228888","voters":230,"total":230,"voted":230,"spoiled":0,"yays":226,"nays":4},{"committee":"УИК №229","vibid":"4034007228889","voters":519,"total":474,"voted":474,"spoiled":3,"yays":404,"nays":67},{"committee":"УИК №230","vibid":"4034007228890","voters":1006,"total":982,"voted":982,"spoiled":8,"yays":746,"nays":228},{"committee":"УИК №231","vibid":"4034007228891","voters":936,"total":902,"voted":902,"spoiled":7,"yays":866,"nays":29},{"committee":"УИК №232","vibid":"4034007228892","voters":1689,"total":1668,"voted":1668,"spoiled":9,"yays":1377,"nays":282},{"committee":"УИК №233","vibid":"4034007228893","voters":1239,"total":1198,"voted":1198,"spoiled":10,"yays":982,"nays":206},{"committee":"УИК №234","vibid":"4034007228894","voters":1248,"total":1202,"voted":1202,"spoiled":5,"yays":982,"nays":215},{"committee":"УИК №235","vibid":"4034007228895","voters":861,"total":828,"voted":828,"spoiled":2,"yays":783,"nays":43},{"committee":"УИК №236","vibid":"4034007228896","voters":506,"total":474,"voted":474,"spoiled":1,"yays":371,"nays":102},{"committee":"УИК №237","vibid":"4034007228897","voters":457,"total":457,"voted":457,"spoiled":0,"yays":446,"nays":11},{"committee":"УИК №238","vibid":"4034007228898","voters":971,"total":888,"voted":888,"spoiled":1,"yays":874,"nays":13}]