[{"committee":"УИК №451","vibid":"4034013148570","voters":858,"total":393,"voted":393,"spoiled":3,"yays":275,"nays":115},{"committee":"УИК №452","vibid":"4034013148571","voters":1978,"total":1083,"voted":1083,"spoiled":12,"yays":676,"nays":395},{"committee":"УИК №453","vibid":"4034013148572","voters":414,"total":211,"voted":211,"spoiled":2,"yays":135,"nays":74},{"committee":"УИК №454","vibid":"4034013148573","voters":1165,"total":495,"voted":495,"spoiled":7,"yays":309,"nays":179},{"committee":"УИК №455","vibid":"4034013148574","voters":1001,"total":413,"voted":413,"spoiled":8,"yays":302,"nays":103},{"committee":"УИК №456","vibid":"4034013148575","voters":939,"total":370,"voted":370,"spoiled":5,"yays":239,"nays":126},{"committee":"УИК №457","vibid":"4034013148576","voters":284,"total":177,"voted":177,"spoiled":0,"yays":86,"nays":91},{"committee":"УИК №458","vibid":"4034013148577","voters":360,"total":133,"voted":133,"spoiled":1,"yays":70,"nays":62},{"committee":"УИК №459","vibid":"4034013148578","voters":842,"total":462,"voted":462,"spoiled":6,"yays":276,"nays":180},{"committee":"УИК №460","vibid":"4034013148579","voters":429,"total":248,"voted":248,"spoiled":4,"yays":224,"nays":20},{"committee":"УИК №461","vibid":"4034013148580","voters":112,"total":68,"voted":68,"spoiled":0,"yays":63,"nays":5}]