[{"committee":"УИК №201","vibid":"4074011219353","voters":272,"total":207,"voted":204,"spoiled":5,"yays":186,"nays":13},{"committee":"УИК №202","vibid":"4074011219354","voters":1065,"total":831,"voted":825,"spoiled":5,"yays":765,"nays":55},{"committee":"УИК №203","vibid":"4074011219355","voters":275,"total":212,"voted":209,"spoiled":7,"yays":187,"nays":15},{"committee":"УИК №204","vibid":"4074011219356","voters":310,"total":233,"voted":229,"spoiled":5,"yays":209,"nays":15},{"committee":"УИК №205","vibid":"4074011219357","voters":255,"total":195,"voted":194,"spoiled":4,"yays":176,"nays":14},{"committee":"УИК №206","vibid":"4074011219358","voters":321,"total":252,"voted":249,"spoiled":7,"yays":225,"nays":17},{"committee":"УИК №208","vibid":"4074011219360","voters":1518,"total":1158,"voted":1133,"spoiled":29,"yays":1032,"nays":72},{"committee":"УИК №209","vibid":"4074011219361","voters":1504,"total":1156,"voted":1128,"spoiled":21,"yays":1036,"nays":71},{"committee":"УИК №210","vibid":"4074011219362","voters":388,"total":294,"voted":290,"spoiled":4,"yays":265,"nays":21},{"committee":"УИК №213","vibid":"4074011219365","voters":132,"total":97,"voted":96,"spoiled":3,"yays":86,"nays":7},{"committee":"УИК №214","vibid":"4074011219366","voters":1110,"total":863,"voted":847,"spoiled":15,"yays":769,"nays":63},{"committee":"УИК №215","vibid":"4074011219367","voters":98,"total":74,"voted":73,"spoiled":1,"yays":67,"nays":5},{"committee":"УИК №218","vibid":"4074011219370","voters":367,"total":287,"voted":286,"spoiled":8,"yays":257,"nays":21},{"committee":"УИК №219","vibid":"4074011219371","voters":183,"total":141,"voted":139,"spoiled":3,"yays":125,"nays":11},{"committee":"УИК №221","vibid":"4074011219373","voters":304,"total":231,"voted":229,"spoiled":6,"yays":208,"nays":15},{"committee":"УИК №223","vibid":"4074011219375","voters":543,"total":418,"voted":415,"spoiled":12,"yays":365,"nays":38},{"committee":"УИК №224","vibid":"4074011219376","voters":1766,"total":1296,"voted":1282,"spoiled":33,"yays":1174,"nays":75},{"committee":"УИК №226","vibid":"4074011219378","voters":1143,"total":870,"voted":857,"spoiled":8,"yays":781,"nays":68},{"committee":"УИК №253","vibid":"4074011219384","voters":170,"total":128,"voted":127,"spoiled":3,"yays":115,"nays":9}]