[{"committee":"УИК №20","vibid":"4054002210204","voters":224,"total":205,"voted":205,"spoiled":0,"yays":191,"nays":14},{"committee":"УИК №21","vibid":"4054002210205","voters":338,"total":306,"voted":306,"spoiled":0,"yays":285,"nays":21},{"committee":"УИК №22","vibid":"4054002210206","voters":1440,"total":1325,"voted":1325,"spoiled":3,"yays":1228,"nays":94},{"committee":"УИК №23","vibid":"4054002210207","voters":509,"total":471,"voted":471,"spoiled":0,"yays":438,"nays":33},{"committee":"УИК №24","vibid":"4054002210208","voters":1107,"total":1070,"voted":1070,"spoiled":21,"yays":980,"nays":69},{"committee":"УИК №25","vibid":"4054002210209","voters":324,"total":301,"voted":301,"spoiled":0,"yays":280,"nays":21},{"committee":"УИК №26","vibid":"4054002210210","voters":419,"total":381,"voted":381,"spoiled":0,"yays":354,"nays":27},{"committee":"УИК №27","vibid":"4054002210211","voters":858,"total":780,"voted":780,"spoiled":0,"yays":725,"nays":55},{"committee":"УИК №28","vibid":"4054002210212","voters":36,"total":32,"voted":32,"spoiled":0,"yays":30,"nays":2},{"committee":"УИК №29","vibid":"4054002210213","voters":542,"total":496,"voted":496,"spoiled":0,"yays":461,"nays":35},{"committee":"УИК №30","vibid":"4054002210214","voters":1147,"total":1035,"voted":1035,"spoiled":0,"yays":963,"nays":72},{"committee":"УИК №31","vibid":"4054002210215","voters":193,"total":175,"voted":175,"spoiled":0,"yays":163,"nays":12},{"committee":"УИК №32","vibid":"4054002210216","voters":684,"total":622,"voted":622,"spoiled":0,"yays":578,"nays":44},{"committee":"УИК №33","vibid":"4054002210217","voters":72,"total":65,"voted":65,"spoiled":0,"yays":60,"nays":5},{"committee":"УИК №34","vibid":"4054002210218","voters":76,"total":63,"voted":63,"spoiled":0,"yays":59,"nays":4},{"committee":"УИК №35","vibid":"4054002210219","voters":1278,"total":1160,"voted":1160,"spoiled":0,"yays":1079,"nays":81},{"committee":"УИК №36","vibid":"4054002210220","voters":1074,"total":966,"voted":966,"spoiled":0,"yays":898,"nays":68},{"committee":"УИК №37","vibid":"4054002210221","voters":568,"total":516,"voted":516,"spoiled":0,"yays":480,"nays":36},{"committee":"УИК №38","vibid":"4054002210222","voters":493,"total":450,"voted":450,"spoiled":0,"yays":419,"nays":31},{"committee":"УИК №39","vibid":"4054002210223","voters":1135,"total":1036,"voted":1036,"spoiled":0,"yays":963,"nays":73},{"committee":"УИК №40","vibid":"4054002210224","voters":491,"total":440,"voted":440,"spoiled":0,"yays":409,"nays":31},{"committee":"УИК №41","vibid":"4054002210225","voters":1035,"total":941,"voted":941,"spoiled":0,"yays":875,"nays":66},{"committee":"УИК №42","vibid":"4054002210226","voters":923,"total":820,"voted":820,"spoiled":0,"yays":763,"nays":57},{"committee":"УИК №43","vibid":"4054002210227","voters":994,"total":890,"voted":890,"spoiled":0,"yays":828,"nays":62},{"committee":"УИК №44","vibid":"4054002210228","voters":461,"total":412,"voted":412,"spoiled":0,"yays":383,"nays":29},{"committee":"УИК №45","vibid":"4054002210229","voters":792,"total":710,"voted":710,"spoiled":0,"yays":660,"nays":50},{"committee":"УИК №46","vibid":"4054002210230","voters":320,"total":289,"voted":289,"spoiled":0,"yays":269,"nays":20},{"committee":"УИК №47","vibid":"4054002210231","voters":133,"total":121,"voted":121,"spoiled":0,"yays":113,"nays":8},{"committee":"УИК №48","vibid":"4054002210232","voters":440,"total":402,"voted":402,"spoiled":0,"yays":374,"nays":28},{"committee":"УИК №49","vibid":"4054002210233","voters":210,"total":185,"voted":185,"spoiled":0,"yays":172,"nays":13},{"committee":"УИК №50","vibid":"4054002210234","voters":83,"total":72,"voted":72,"spoiled":0,"yays":67,"nays":5},{"committee":"УИК №51","vibid":"4054002210235","voters":1141,"total":1033,"voted":1033,"spoiled":0,"yays":961,"nays":72},{"committee":"УИК №52","vibid":"4054002210236","voters":883,"total":808,"voted":808,"spoiled":0,"yays":752,"nays":56},{"committee":"УИК №53","vibid":"4054002210237","voters":229,"total":201,"voted":201,"spoiled":0,"yays":187,"nays":14},{"committee":"УИК №54","vibid":"4054002210238","voters":115,"total":100,"voted":100,"spoiled":0,"yays":93,"nays":7},{"committee":"УИК №55","vibid":"4054002210239","voters":189,"total":171,"voted":171,"spoiled":0,"yays":159,"nays":12},{"committee":"УИК №56","vibid":"4054002210240","voters":405,"total":370,"voted":370,"spoiled":0,"yays":344,"nays":26},{"committee":"УИК №57","vibid":"4054002210241","voters":549,"total":502,"voted":502,"spoiled":0,"yays":467,"nays":35},{"committee":"УИК №58","vibid":"4054002210242","voters":200,"total":170,"voted":170,"spoiled":0,"yays":158,"nays":12},{"committee":"УИК №59","vibid":"4054002210243","voters":127,"total":114,"voted":114,"spoiled":0,"yays":106,"nays":8},{"committee":"УИК №60","vibid":"4054002210244","voters":1240,"total":1119,"voted":1119,"spoiled":0,"yays":1041,"nays":78},{"committee":"УИК №61","vibid":"4054002210245","voters":227,"total":190,"voted":190,"spoiled":0,"yays":177,"nays":13},{"committee":"УИК №62","vibid":"4054002210246","voters":560,"total":504,"voted":504,"spoiled":0,"yays":469,"nays":35},{"committee":"УИК №63","vibid":"4054002210247","voters":910,"total":822,"voted":822,"spoiled":0,"yays":764,"nays":58},{"committee":"УИК №64","vibid":"4054002210248","voters":225,"total":203,"voted":203,"spoiled":1,"yays":188,"nays":14},{"committee":"УИК №65","vibid":"4054002210249","voters":158,"total":142,"voted":142,"spoiled":0,"yays":132,"nays":10},{"committee":"УИК №66","vibid":"4054002210250","voters":1650,"total":1494,"voted":1494,"spoiled":0,"yays":1389,"nays":105},{"committee":"УИК №67","vibid":"4054002210251","voters":728,"total":665,"voted":665,"spoiled":0,"yays":618,"nays":47},{"committee":"УИК №68","vibid":"4054002210252","voters":253,"total":231,"voted":231,"spoiled":0,"yays":215,"nays":16},{"committee":"УИК №69","vibid":"4054002210253","voters":565,"total":511,"voted":511,"spoiled":0,"yays":475,"nays":36},{"committee":"УИК №70","vibid":"4054002210254","voters":188,"total":173,"voted":173,"spoiled":0,"yays":161,"nays":12},{"committee":"УИК №71","vibid":"4054002210255","voters":320,"total":293,"voted":293,"spoiled":1,"yays":272,"nays":20}]