[{"committee":"УИК №2603","vibid":"4024039307182","voters":182,"total":180,"voted":180,"spoiled":0,"yays":178,"nays":2},{"committee":"УИК №2604","vibid":"4024039307183","voters":1280,"total":1235,"voted":1235,"spoiled":22,"yays":858,"nays":355},{"committee":"УИК №2605","vibid":"4024039307184","voters":1416,"total":1388,"voted":1388,"spoiled":0,"yays":1360,"nays":28},{"committee":"УИК №2606","vibid":"4024039307185","voters":1239,"total":1194,"voted":1194,"spoiled":12,"yays":1015,"nays":167},{"committee":"УИК №2607","vibid":"4024039307186","voters":465,"total":451,"voted":451,"spoiled":0,"yays":429,"nays":22},{"committee":"УИК №2608","vibid":"4024039307187","voters":451,"total":436,"voted":436,"spoiled":0,"yays":428,"nays":8},{"committee":"УИК №2609","vibid":"4024039307188","voters":679,"total":663,"voted":663,"spoiled":0,"yays":648,"nays":15},{"committee":"УИК №2610","vibid":"4024039307189","voters":321,"total":315,"voted":315,"spoiled":0,"yays":309,"nays":6},{"committee":"УИК №2611","vibid":"4024039307190","voters":200,"total":194,"voted":194,"spoiled":0,"yays":177,"nays":17},{"committee":"УИК №2612","vibid":"4024039307191","voters":318,"total":308,"voted":308,"spoiled":0,"yays":294,"nays":14},{"committee":"УИК №2613","vibid":"4024039307192","voters":128,"total":126,"voted":126,"spoiled":0,"yays":123,"nays":3},{"committee":"УИК №2614","vibid":"4024039307193","voters":196,"total":194,"voted":194,"spoiled":0,"yays":180,"nays":14},{"committee":"УИК №2615","vibid":"4024039307194","voters":198,"total":194,"voted":194,"spoiled":0,"yays":184,"nays":10},{"committee":"УИК №2616","vibid":"4024039307195","voters":372,"total":365,"voted":365,"spoiled":0,"yays":351,"nays":14},{"committee":"УИК №2617","vibid":"4024039307196","voters":169,"total":166,"voted":166,"spoiled":0,"yays":158,"nays":8},{"committee":"УИК №2618","vibid":"4024039307197","voters":191,"total":187,"voted":187,"spoiled":0,"yays":175,"nays":12},{"committee":"УИК №2619","vibid":"4024039307198","voters":544,"total":535,"voted":535,"spoiled":0,"yays":509,"nays":26},{"committee":"УИК №2620","vibid":"4024039307199","voters":125,"total":122,"voted":122,"spoiled":0,"yays":113,"nays":9},{"committee":"УИК №2621","vibid":"4024039307200","voters":452,"total":443,"voted":443,"spoiled":0,"yays":423,"nays":20},{"committee":"УИК №2622","vibid":"4024039307201","voters":123,"total":120,"voted":120,"spoiled":0,"yays":112,"nays":8},{"committee":"УИК №2623","vibid":"4024039307202","voters":140,"total":138,"voted":138,"spoiled":0,"yays":127,"nays":11},{"committee":"УИК №2624","vibid":"4024039307203","voters":120,"total":118,"voted":118,"spoiled":0,"yays":112,"nays":6},{"committee":"УИК №2625","vibid":"4024039307204","voters":170,"total":164,"voted":164,"spoiled":0,"yays":150,"nays":14},{"committee":"УИК №2626","vibid":"4024039307205","voters":377,"total":367,"voted":367,"spoiled":0,"yays":354,"nays":13},{"committee":"УИК №2627","vibid":"4024039307206","voters":215,"total":210,"voted":210,"spoiled":0,"yays":191,"nays":19},{"committee":"УИК №2628","vibid":"4024039307207","voters":333,"total":328,"voted":328,"spoiled":10,"yays":305,"nays":13},{"committee":"УИК №2629","vibid":"4024039307208","voters":605,"total":593,"voted":593,"spoiled":6,"yays":540,"nays":47},{"committee":"УИК №2630","vibid":"4024039307209","voters":284,"total":278,"voted":278,"spoiled":0,"yays":252,"nays":26},{"committee":"УИК №2631","vibid":"4024039307210","voters":282,"total":273,"voted":273,"spoiled":1,"yays":246,"nays":26},{"committee":"УИК №2632","vibid":"4024039307211","voters":160,"total":159,"voted":159,"spoiled":0,"yays":156,"nays":3},{"committee":"УИК №2633","vibid":"4024039307212","voters":980,"total":947,"voted":947,"spoiled":0,"yays":862,"nays":85},{"committee":"УИК №2634","vibid":"4024039307213","voters":153,"total":150,"voted":150,"spoiled":0,"yays":137,"nays":13},{"committee":"УИК №2635","vibid":"4024039307214","voters":149,"total":147,"voted":147,"spoiled":0,"yays":143,"nays":4},{"committee":"УИК №2636","vibid":"4024039307215","voters":322,"total":314,"voted":314,"spoiled":0,"yays":300,"nays":14},{"committee":"УИК №2637","vibid":"4024039307216","voters":381,"total":374,"voted":374,"spoiled":1,"yays":361,"nays":12},{"committee":"УИК №2638","vibid":"4024039307217","voters":130,"total":128,"voted":128,"spoiled":0,"yays":125,"nays":3},{"committee":"УИК №2639","vibid":"4024039307218","voters":742,"total":720,"voted":720,"spoiled":11,"yays":671,"nays":38},{"committee":"УИК №2640","vibid":"4024039307219","voters":189,"total":184,"voted":184,"spoiled":0,"yays":179,"nays":5},{"committee":"УИК №2641","vibid":"4024039307220","voters":122,"total":118,"voted":118,"spoiled":0,"yays":114,"nays":4},{"committee":"УИК №2642","vibid":"4024039307221","voters":501,"total":486,"voted":486,"spoiled":0,"yays":475,"nays":11},{"committee":"УИК №3474","vibid":"4024039307222","voters":632,"total":622,"voted":622,"spoiled":0,"yays":597,"nays":25},{"committee":"УИК №3475","vibid":"4024039307223","voters":658,"total":645,"voted":645,"spoiled":0,"yays":624,"nays":21},{"committee":"УИК №3476","vibid":"4024039307224","voters":565,"total":552,"voted":552,"spoiled":0,"yays":530,"nays":22},{"committee":"УИК №3477","vibid":"4024039307225","voters":352,"total":343,"voted":343,"spoiled":2,"yays":317,"nays":24}]