[{"committee":"УИК №360","vibid":"4024059339966","voters":1717,"total":1498,"voted":1498,"spoiled":5,"yays":1223,"nays":270},{"committee":"УИК №370","vibid":"4024059339975","voters":1358,"total":665,"voted":665,"spoiled":0,"yays":545,"nays":120},{"committee":"УИК №377","vibid":"4024059339982","voters":2379,"total":2212,"voted":2212,"spoiled":3,"yays":1789,"nays":420},{"committee":"УИК №387","vibid":"4024059339992","voters":1203,"total":1133,"voted":1133,"spoiled":4,"yays":934,"nays":195},{"committee":"УИК №395","vibid":"4024059340000","voters":2040,"total":1827,"voted":1827,"spoiled":0,"yays":1535,"nays":292},{"committee":"УИК №397","vibid":"4024059340002","voters":1147,"total":1059,"voted":1059,"spoiled":1,"yays":889,"nays":169},{"committee":"УИК №398","vibid":"4024059340003","voters":544,"total":477,"voted":477,"spoiled":3,"yays":413,"nays":61},{"committee":"УИК №401","vibid":"4024059340006","voters":2427,"total":2036,"voted":2036,"spoiled":7,"yays":1649,"nays":380},{"committee":"УИК №410","vibid":"4024059340015","voters":2198,"total":2025,"voted":2025,"spoiled":9,"yays":1660,"nays":356},{"committee":"УИК №413","vibid":"4024059340018","voters":2541,"total":2186,"voted":2186,"spoiled":0,"yays":1749,"nays":437},{"committee":"УИК №415","vibid":"4024059340020","voters":281,"total":261,"voted":261,"spoiled":7,"yays":215,"nays":39},{"committee":"УИК №416","vibid":"4024059340021","voters":1114,"total":906,"voted":906,"spoiled":3,"yays":757,"nays":146},{"committee":"УИК №417","vibid":"4024059340022","voters":1713,"total":890,"voted":890,"spoiled":0,"yays":730,"nays":160},{"committee":"УИК №419","vibid":"4024059340024","voters":596,"total":530,"voted":530,"spoiled":30,"yays":434,"nays":66},{"committee":"УИК №422","vibid":"4024059340472","voters":50,"total":50,"voted":50,"spoiled":2,"yays":48,"nays":0},{"committee":"УИК №423","vibid":"4024059340473","voters":19,"total":19,"voted":19,"spoiled":0,"yays":19,"nays":0},{"committee":"УИК №424","vibid":"4024059340474","voters":86,"total":86,"voted":86,"spoiled":0,"yays":80,"nays":6},{"committee":"УИК №425","vibid":"4024059340475","voters":124,"total":124,"voted":124,"spoiled":0,"yays":71,"nays":53}]