[{"committee":"УИК №195","vibid":"4094007333603","voters":643,"total":558,"voted":558,"spoiled":1,"yays":472,"nays":85},{"committee":"УИК №196","vibid":"4094007333604","voters":1603,"total":1374,"voted":1374,"spoiled":4,"yays":1158,"nays":212},{"committee":"УИК №197","vibid":"4094007333605","voters":1435,"total":1243,"voted":1243,"spoiled":0,"yays":1058,"nays":185},{"committee":"УИК №198","vibid":"4094007333606","voters":1120,"total":982,"voted":982,"spoiled":2,"yays":842,"nays":138},{"committee":"УИК №199","vibid":"4094007333607","voters":1616,"total":1403,"voted":1403,"spoiled":0,"yays":1257,"nays":146},{"committee":"УИК №200","vibid":"4094007333608","voters":356,"total":302,"voted":302,"spoiled":0,"yays":271,"nays":31},{"committee":"УИК №201","vibid":"4094007333609","voters":1261,"total":1122,"voted":1122,"spoiled":9,"yays":991,"nays":122},{"committee":"УИК №202","vibid":"4094007333610","voters":570,"total":483,"voted":483,"spoiled":0,"yays":427,"nays":56},{"committee":"УИК №204","vibid":"4094007333612","voters":300,"total":263,"voted":263,"spoiled":0,"yays":223,"nays":40},{"committee":"УИК №205","vibid":"4094007333613","voters":427,"total":370,"voted":370,"spoiled":0,"yays":319,"nays":51},{"committee":"УИК №206","vibid":"4094007333614","voters":1187,"total":1006,"voted":1006,"spoiled":3,"yays":899,"nays":104},{"committee":"УИК №207","vibid":"4094007333615","voters":765,"total":668,"voted":668,"spoiled":0,"yays":563,"nays":105},{"committee":"УИК №208","vibid":"4094007333616","voters":436,"total":378,"voted":378,"spoiled":2,"yays":335,"nays":41},{"committee":"УИК №209","vibid":"4094007333617","voters":405,"total":353,"voted":353,"spoiled":0,"yays":303,"nays":50}]