[{"committee":"УИК №2850","vibid":"4024050427572","voters":500,"total":487,"voted":487,"spoiled":0,"yays":483,"nays":4},{"committee":"УИК №2851","vibid":"4024050427573","voters":254,"total":252,"voted":252,"spoiled":0,"yays":244,"nays":8},{"committee":"УИК №2852","vibid":"4024050427574","voters":263,"total":253,"voted":253,"spoiled":0,"yays":243,"nays":10},{"committee":"УИК №2853","vibid":"4024050427575","voters":226,"total":217,"voted":217,"spoiled":0,"yays":169,"nays":48},{"committee":"УИК №2854","vibid":"4024050427576","voters":200,"total":192,"voted":192,"spoiled":0,"yays":184,"nays":8},{"committee":"УИК №2855","vibid":"4024050427577","voters":703,"total":676,"voted":676,"spoiled":0,"yays":650,"nays":26},{"committee":"УИК №2856","vibid":"4024050427578","voters":440,"total":428,"voted":428,"spoiled":0,"yays":424,"nays":4},{"committee":"УИК №2857","vibid":"4024050427579","voters":188,"total":133,"voted":133,"spoiled":3,"yays":73,"nays":57},{"committee":"УИК №2858","vibid":"4024050427580","voters":232,"total":222,"voted":222,"spoiled":1,"yays":217,"nays":4},{"committee":"УИК №2859","vibid":"4024050427581","voters":111,"total":94,"voted":94,"spoiled":0,"yays":49,"nays":45},{"committee":"УИК №2860","vibid":"4024050427582","voters":615,"total":597,"voted":597,"spoiled":0,"yays":583,"nays":14},{"committee":"УИК №2861","vibid":"4024050427583","voters":608,"total":590,"voted":590,"spoiled":0,"yays":572,"nays":18},{"committee":"УИК №2862","vibid":"4024050427584","voters":267,"total":256,"voted":256,"spoiled":0,"yays":246,"nays":10},{"committee":"УИК №2863","vibid":"4024050427585","voters":725,"total":697,"voted":697,"spoiled":1,"yays":692,"nays":4},{"committee":"УИК №2864","vibid":"4024050427586","voters":453,"total":435,"voted":435,"spoiled":0,"yays":428,"nays":7},{"committee":"УИК №2865","vibid":"4024050427587","voters":482,"total":471,"voted":471,"spoiled":0,"yays":468,"nays":3},{"committee":"УИК №2866","vibid":"4024050427588","voters":530,"total":510,"voted":510,"spoiled":5,"yays":495,"nays":10},{"committee":"УИК №2867","vibid":"4024050427589","voters":625,"total":599,"voted":599,"spoiled":0,"yays":596,"nays":3},{"committee":"УИК №2868","vibid":"4024050427590","voters":2072,"total":1952,"voted":1952,"spoiled":3,"yays":1776,"nays":173},{"committee":"УИК №2869","vibid":"4024050427591","voters":1864,"total":1779,"voted":1779,"spoiled":3,"yays":1771,"nays":5},{"committee":"УИК №2870","vibid":"4024050427592","voters":932,"total":923,"voted":923,"spoiled":5,"yays":913,"nays":5},{"committee":"УИК №2871","vibid":"4024050427593","voters":618,"total":587,"voted":587,"spoiled":2,"yays":582,"nays":3},{"committee":"УИК №2872","vibid":"4024050427594","voters":212,"total":205,"voted":205,"spoiled":0,"yays":201,"nays":4},{"committee":"УИК №2873","vibid":"4024050427595","voters":301,"total":293,"voted":293,"spoiled":1,"yays":286,"nays":6},{"committee":"УИК №2874","vibid":"4024050427596","voters":175,"total":165,"voted":165,"spoiled":0,"yays":160,"nays":5},{"committee":"УИК №2875","vibid":"4024050427597","voters":1036,"total":971,"voted":971,"spoiled":4,"yays":883,"nays":84},{"committee":"УИК №2876","vibid":"4024050427598","voters":1181,"total":1125,"voted":1125,"spoiled":2,"yays":1060,"nays":63},{"committee":"УИК №2877","vibid":"4024050427599","voters":331,"total":317,"voted":317,"spoiled":0,"yays":313,"nays":4},{"committee":"УИК №2878","vibid":"4024050427600","voters":510,"total":490,"voted":490,"spoiled":1,"yays":478,"nays":11},{"committee":"УИК №2879","vibid":"4024050427601","voters":480,"total":460,"voted":460,"spoiled":5,"yays":441,"nays":14},{"committee":"УИК №2880","vibid":"4024050427602","voters":214,"total":203,"voted":203,"spoiled":0,"yays":200,"nays":3},{"committee":"УИК №2881","vibid":"4024050427603","voters":544,"total":522,"voted":522,"spoiled":0,"yays":516,"nays":6},{"committee":"УИК №2882","vibid":"4024050427604","voters":369,"total":351,"voted":351,"spoiled":0,"yays":347,"nays":4},{"committee":"УИК №2883","vibid":"4024050427605","voters":732,"total":705,"voted":705,"spoiled":0,"yays":700,"nays":5},{"committee":"УИК №2884","vibid":"4024050427606","voters":262,"total":253,"voted":253,"spoiled":0,"yays":248,"nays":5},{"committee":"УИК №2885","vibid":"4024050427607","voters":173,"total":166,"voted":166,"spoiled":0,"yays":161,"nays":5},{"committee":"УИК №2886","vibid":"4024050427608","voters":235,"total":226,"voted":226,"spoiled":0,"yays":221,"nays":5},{"committee":"УИК №2887","vibid":"4024050427609","voters":279,"total":268,"voted":268,"spoiled":0,"yays":264,"nays":4},{"committee":"УИК №2888","vibid":"4024050427610","voters":1516,"total":1392,"voted":1392,"spoiled":4,"yays":1290,"nays":98},{"committee":"УИК №2889","vibid":"4024050427611","voters":2041,"total":1979,"voted":1979,"spoiled":9,"yays":1954,"nays":16},{"committee":"УИК №2890","vibid":"4024050427612","voters":346,"total":335,"voted":335,"spoiled":0,"yays":323,"nays":12},{"committee":"УИК №2891","vibid":"4024050427613","voters":1687,"total":1619,"voted":1619,"spoiled":10,"yays":1584,"nays":25},{"committee":"УИК №2892","vibid":"4024050427614","voters":330,"total":320,"voted":320,"spoiled":0,"yays":314,"nays":6},{"committee":"УИК №2893","vibid":"4024050427615","voters":561,"total":544,"voted":544,"spoiled":0,"yays":538,"nays":6},{"committee":"УИК №2894","vibid":"4024050427616","voters":141,"total":133,"voted":133,"spoiled":0,"yays":130,"nays":3},{"committee":"УИК №2895","vibid":"4024050427617","voters":161,"total":157,"voted":157,"spoiled":0,"yays":154,"nays":3},{"committee":"УИК №2896","vibid":"4024050427618","voters":183,"total":179,"voted":179,"spoiled":0,"yays":175,"nays":4},{"committee":"УИК №2897","vibid":"4024050427619","voters":119,"total":115,"voted":115,"spoiled":0,"yays":113,"nays":2},{"committee":"УИК №2898","vibid":"4024050427620","voters":207,"total":197,"voted":197,"spoiled":0,"yays":193,"nays":4},{"committee":"УИК №2899","vibid":"4024050427621","voters":167,"total":163,"voted":163,"spoiled":0,"yays":159,"nays":4},{"committee":"УИК №2900","vibid":"4024050427622","voters":239,"total":232,"voted":232,"spoiled":0,"yays":225,"nays":7},{"committee":"УИК №2901","vibid":"4024050427623","voters":535,"total":516,"voted":516,"spoiled":0,"yays":500,"nays":16},{"committee":"УИК №2902","vibid":"4024050427624","voters":371,"total":357,"voted":357,"spoiled":10,"yays":337,"nays":10},{"committee":"УИК №2903","vibid":"4024050427625","voters":1377,"total":1315,"voted":1315,"spoiled":2,"yays":1308,"nays":5},{"committee":"УИК №2904","vibid":"4024050427626","voters":523,"total":506,"voted":506,"spoiled":0,"yays":501,"nays":5},{"committee":"УИК №2905","vibid":"4024050427627","voters":307,"total":291,"voted":291,"spoiled":0,"yays":288,"nays":3},{"committee":"УИК №2906","vibid":"4024050427628","voters":357,"total":339,"voted":339,"spoiled":0,"yays":336,"nays":3},{"committee":"УИК №2907","vibid":"4024050427629","voters":630,"total":599,"voted":599,"spoiled":0,"yays":589,"nays":10},{"committee":"УИК №2908","vibid":"4024050427630","voters":636,"total":611,"voted":611,"spoiled":0,"yays":605,"nays":6},{"committee":"УИК №2909","vibid":"4024050427631","voters":347,"total":334,"voted":334,"spoiled":0,"yays":330,"nays":4},{"committee":"УИК №2910","vibid":"4024050427632","voters":403,"total":388,"voted":388,"spoiled":0,"yays":380,"nays":8},{"committee":"УИК №2911","vibid":"4024050427633","voters":266,"total":256,"voted":256,"spoiled":0,"yays":254,"nays":2}]