[{"committee":"УИК №31","vibid":"4014003230404","voters":1954,"total":1652,"voted":1652,"spoiled":3,"yays":1481,"nays":168},{"committee":"УИК №32","vibid":"4014003230405","voters":141,"total":138,"voted":138,"spoiled":1,"yays":117,"nays":20},{"committee":"УИК №33","vibid":"4014003230406","voters":183,"total":171,"voted":171,"spoiled":0,"yays":165,"nays":6},{"committee":"УИК №34","vibid":"4014003230407","voters":427,"total":415,"voted":415,"spoiled":3,"yays":371,"nays":41},{"committee":"УИК №35","vibid":"4014003230408","voters":1962,"total":1431,"voted":1431,"spoiled":6,"yays":1266,"nays":159},{"committee":"УИК №36","vibid":"4014003230409","voters":551,"total":543,"voted":543,"spoiled":2,"yays":479,"nays":62},{"committee":"УИК №37","vibid":"4014003230410","voters":1060,"total":964,"voted":964,"spoiled":2,"yays":831,"nays":131},{"committee":"УИК №38","vibid":"4014003230411","voters":1208,"total":1058,"voted":1058,"spoiled":3,"yays":937,"nays":118},{"committee":"УИК №39","vibid":"4014003230412","voters":149,"total":128,"voted":128,"spoiled":2,"yays":111,"nays":15},{"committee":"УИК №40","vibid":"4014003230413","voters":1725,"total":1506,"voted":1506,"spoiled":3,"yays":1327,"nays":176},{"committee":"УИК №41","vibid":"4014003230414","voters":1181,"total":1080,"voted":1080,"spoiled":3,"yays":941,"nays":136},{"committee":"УИК №42","vibid":"4014003230415","voters":1269,"total":1147,"voted":1147,"spoiled":4,"yays":1011,"nays":132},{"committee":"УИК №43","vibid":"4014003230416","voters":720,"total":659,"voted":659,"spoiled":2,"yays":579,"nays":78},{"committee":"УИК №44","vibid":"4014003230417","voters":1460,"total":1374,"voted":1374,"spoiled":4,"yays":1214,"nays":156},{"committee":"УИК №45","vibid":"4014003230418","voters":2036,"total":1701,"voted":1701,"spoiled":3,"yays":1612,"nays":86},{"committee":"УИК №46","vibid":"4014003230419","voters":2026,"total":1696,"voted":1696,"spoiled":2,"yays":1571,"nays":123},{"committee":"УИК №47","vibid":"4014003230420","voters":1243,"total":1197,"voted":1197,"spoiled":3,"yays":1054,"nays":140},{"committee":"УИК №48","vibid":"4014003230421","voters":110,"total":102,"voted":102,"spoiled":3,"yays":87,"nays":12},{"committee":"УИК №49","vibid":"4014003230422","voters":833,"total":805,"voted":805,"spoiled":2,"yays":704,"nays":99},{"committee":"УИК №50","vibid":"4014003230423","voters":531,"total":521,"voted":521,"spoiled":1,"yays":463,"nays":57},{"committee":"УИК №51","vibid":"4014003230424","voters":534,"total":505,"voted":505,"spoiled":2,"yays":449,"nays":54},{"committee":"УИК №52","vibid":"4014003230425","voters":506,"total":485,"voted":485,"spoiled":2,"yays":439,"nays":44}]