[{"committee":"УИК №724","vibid":"4054021144595","voters":1232,"total":1220,"voted":1220,"spoiled":0,"yays":1107,"nays":113},{"committee":"УИК №725","vibid":"4054021144596","voters":1553,"total":1501,"voted":1501,"spoiled":0,"yays":1221,"nays":280},{"committee":"УИК №726","vibid":"4054021144597","voters":1204,"total":1184,"voted":1184,"spoiled":0,"yays":964,"nays":220},{"committee":"УИК №727","vibid":"4054021144598","voters":736,"total":733,"voted":733,"spoiled":0,"yays":578,"nays":155},{"committee":"УИК №728","vibid":"4054021144599","voters":1539,"total":1456,"voted":1456,"spoiled":0,"yays":1214,"nays":242},{"committee":"УИК №730","vibid":"4054021144601","voters":1079,"total":1038,"voted":1038,"spoiled":0,"yays":1002,"nays":36},{"committee":"УИК №731","vibid":"4054021144602","voters":859,"total":823,"voted":823,"spoiled":0,"yays":698,"nays":125},{"committee":"УИК №732","vibid":"4054021144603","voters":1204,"total":1149,"voted":1149,"spoiled":0,"yays":1095,"nays":54},{"committee":"УИК №733","vibid":"4054021144604","voters":1165,"total":1134,"voted":1134,"spoiled":2,"yays":1076,"nays":56},{"committee":"УИК №734","vibid":"4054021144605","voters":1426,"total":1340,"voted":1340,"spoiled":6,"yays":1270,"nays":64},{"committee":"УИК №735","vibid":"4054021144606","voters":1169,"total":1125,"voted":1125,"spoiled":2,"yays":1065,"nays":58},{"committee":"УИК №736","vibid":"4054021144607","voters":1031,"total":994,"voted":994,"spoiled":0,"yays":907,"nays":87},{"committee":"УИК №738","vibid":"4054021144609","voters":1251,"total":1195,"voted":1195,"spoiled":0,"yays":1109,"nays":86},{"committee":"УИК №742","vibid":"4054021144613","voters":1120,"total":1118,"voted":1118,"spoiled":0,"yays":965,"nays":153},{"committee":"УИК №743","vibid":"4054021144614","voters":1031,"total":990,"voted":990,"spoiled":0,"yays":954,"nays":36},{"committee":"УИК №744","vibid":"4054021144615","voters":1329,"total":1259,"voted":1259,"spoiled":0,"yays":1049,"nays":210}]