[{"committee":"УИК №226","vibid":"4014009190687","voters":1133,"total":1001,"voted":1001,"spoiled":0,"yays":883,"nays":118},{"committee":"УИК №227","vibid":"4014009190688","voters":1404,"total":1284,"voted":1284,"spoiled":3,"yays":1151,"nays":130},{"committee":"УИК №228","vibid":"4014009190689","voters":247,"total":212,"voted":212,"spoiled":0,"yays":188,"nays":24},{"committee":"УИК №229","vibid":"4014009190690","voters":250,"total":221,"voted":221,"spoiled":0,"yays":191,"nays":30},{"committee":"УИК №230","vibid":"4014009190691","voters":106,"total":99,"voted":99,"spoiled":0,"yays":87,"nays":12},{"committee":"УИК №231","vibid":"4014009190692","voters":158,"total":139,"voted":139,"spoiled":0,"yays":120,"nays":19},{"committee":"УИК №232","vibid":"4014009190693","voters":564,"total":507,"voted":507,"spoiled":2,"yays":437,"nays":68},{"committee":"УИК №233","vibid":"4014009190694","voters":1131,"total":1123,"voted":995,"spoiled":0,"yays":868,"nays":127},{"committee":"УИК №234","vibid":"4014009190695","voters":2427,"total":2294,"voted":2294,"spoiled":0,"yays":2135,"nays":159},{"committee":"УИК №235","vibid":"4014009190696","voters":373,"total":331,"voted":331,"spoiled":0,"yays":286,"nays":45},{"committee":"УИК №236","vibid":"4014009190697","voters":200,"total":184,"voted":184,"spoiled":0,"yays":159,"nays":25},{"committee":"УИК №237","vibid":"4014009190698","voters":631,"total":599,"voted":599,"spoiled":0,"yays":570,"nays":29},{"committee":"УИК №238","vibid":"4014009190699","voters":1175,"total":1075,"voted":1075,"spoiled":4,"yays":945,"nays":126},{"committee":"УИК №239","vibid":"4014009190700","voters":199,"total":175,"voted":175,"spoiled":0,"yays":164,"nays":11},{"committee":"УИК №240","vibid":"4014009190701","voters":533,"total":459,"voted":459,"spoiled":0,"yays":397,"nays":62},{"committee":"УИК №241","vibid":"4014009190702","voters":148,"total":130,"voted":130,"spoiled":0,"yays":119,"nays":11},{"committee":"УИК №242","vibid":"4014009190703","voters":145,"total":127,"voted":127,"spoiled":1,"yays":110,"nays":16},{"committee":"УИК №243","vibid":"4014009190704","voters":359,"total":319,"voted":319,"spoiled":0,"yays":281,"nays":38},{"committee":"УИК №244","vibid":"4014009190705","voters":1384,"total":1231,"voted":1231,"spoiled":0,"yays":1156,"nays":75},{"committee":"УИК №245","vibid":"4014009190706","voters":479,"total":418,"voted":418,"spoiled":0,"yays":393,"nays":25},{"committee":"УИК №246","vibid":"4014009190707","voters":177,"total":160,"voted":160,"spoiled":0,"yays":140,"nays":20}]