[{"committee":"УИК №2817","vibid":"4024048283380","voters":565,"total":554,"voted":554,"spoiled":0,"yays":548,"nays":6},{"committee":"УИК №2819","vibid":"4024048283384","voters":148,"total":145,"voted":145,"spoiled":0,"yays":143,"nays":2},{"committee":"УИК №2824","vibid":"4024048283394","voters":265,"total":260,"voted":260,"spoiled":0,"yays":257,"nays":3},{"committee":"УИК №2825","vibid":"4024048283396","voters":384,"total":377,"voted":377,"spoiled":0,"yays":374,"nays":3},{"committee":"УИК №2826","vibid":"4024048283398","voters":506,"total":501,"voted":501,"spoiled":0,"yays":496,"nays":5},{"committee":"УИК №2832","vibid":"4024048283410","voters":279,"total":274,"voted":274,"spoiled":0,"yays":271,"nays":3},{"committee":"УИК №2834","vibid":"4024048283414","voters":542,"total":532,"voted":532,"spoiled":0,"yays":527,"nays":5},{"committee":"УИК №2835","vibid":"4024048283416","voters":1308,"total":1241,"voted":1241,"spoiled":0,"yays":1191,"nays":50},{"committee":"УИК №2836","vibid":"4024048283418","voters":1116,"total":959,"voted":959,"spoiled":35,"yays":793,"nays":131},{"committee":"УИК №2837","vibid":"4024048283420","voters":1087,"total":833,"voted":833,"spoiled":7,"yays":596,"nays":230},{"committee":"УИК №2838","vibid":"4024048283422","voters":1233,"total":1170,"voted":1170,"spoiled":13,"yays":903,"nays":254},{"committee":"УИК №2839","vibid":"4024048283424","voters":1093,"total":1082,"voted":1082,"spoiled":0,"yays":1071,"nays":11},{"committee":"УИК №2841","vibid":"4024048283428","voters":276,"total":274,"voted":274,"spoiled":0,"yays":271,"nays":3},{"committee":"УИК №2842","vibid":"4024048283430","voters":195,"total":184,"voted":184,"spoiled":0,"yays":177,"nays":7},{"committee":"УИК №2843","vibid":"4024048283432","voters":579,"total":568,"voted":568,"spoiled":0,"yays":562,"nays":6},{"committee":"УИК №2844","vibid":"4024048283434","voters":121,"total":119,"voted":119,"spoiled":0,"yays":118,"nays":1},{"committee":"УИК №2845","vibid":"4024048283436","voters":312,"total":306,"voted":306,"spoiled":0,"yays":303,"nays":3},{"committee":"УИК №2846","vibid":"4024048283438","voters":350,"total":262,"voted":262,"spoiled":0,"yays":259,"nays":3},{"committee":"УИК №2848","vibid":"4024048283442","voters":364,"total":355,"voted":355,"spoiled":0,"yays":347,"nays":8}]