[{"committee":"УИК №1662","vibid":"4024020346477","voters":1222,"total":1159,"voted":1159,"spoiled":18,"yays":1070,"nays":71},{"committee":"УИК №1663","vibid":"4024020346478","voters":752,"total":729,"voted":729,"spoiled":0,"yays":721,"nays":8},{"committee":"УИК №1664","vibid":"4024020346479","voters":1870,"total":1597,"voted":1597,"spoiled":0,"yays":1581,"nays":16},{"committee":"УИК №1665","vibid":"4024020346480","voters":1456,"total":1438,"voted":1438,"spoiled":11,"yays":1228,"nays":199},{"committee":"УИК №1666","vibid":"4024020346481","voters":1174,"total":1114,"voted":1114,"spoiled":47,"yays":988,"nays":79},{"committee":"УИК №1667","vibid":"4024020346482","voters":768,"total":727,"voted":727,"spoiled":0,"yays":709,"nays":18},{"committee":"УИК №1668","vibid":"4024020346483","voters":1399,"total":1336,"voted":1336,"spoiled":85,"yays":1180,"nays":71},{"committee":"УИК №1669","vibid":"4024020346484","voters":939,"total":896,"voted":896,"spoiled":0,"yays":875,"nays":21},{"committee":"УИК №1670","vibid":"4024020346485","voters":743,"total":742,"voted":742,"spoiled":0,"yays":739,"nays":3},{"committee":"УИК №1671","vibid":"4024020346486","voters":526,"total":525,"voted":525,"spoiled":0,"yays":524,"nays":1},{"committee":"УИК №1672","vibid":"4024020346487","voters":1059,"total":1000,"voted":1000,"spoiled":0,"yays":992,"nays":8},{"committee":"УИК №1673","vibid":"4024020346488","voters":368,"total":350,"voted":350,"spoiled":0,"yays":349,"nays":1},{"committee":"УИК №1674","vibid":"4024020346489","voters":200,"total":200,"voted":198,"spoiled":0,"yays":197,"nays":1},{"committee":"УИК №1675","vibid":"4024020346490","voters":152,"total":152,"voted":152,"spoiled":0,"yays":151,"nays":1},{"committee":"УИК №1676","vibid":"4024020346491","voters":360,"total":351,"voted":351,"spoiled":0,"yays":348,"nays":3},{"committee":"УИК №1677","vibid":"4024020346492","voters":236,"total":234,"voted":234,"spoiled":0,"yays":232,"nays":2},{"committee":"УИК №1678","vibid":"4024020346493","voters":426,"total":420,"voted":420,"spoiled":0,"yays":419,"nays":1},{"committee":"УИК №1679","vibid":"4024020346494","voters":947,"total":900,"voted":900,"spoiled":4,"yays":891,"nays":5},{"committee":"УИК №1680","vibid":"4024020346495","voters":502,"total":499,"voted":499,"spoiled":0,"yays":498,"nays":1},{"committee":"УИК №1681","vibid":"4024020346496","voters":238,"total":237,"voted":237,"spoiled":0,"yays":236,"nays":1},{"committee":"УИК №1682","vibid":"4024020346497","voters":277,"total":270,"voted":270,"spoiled":0,"yays":269,"nays":1},{"committee":"УИК №1683","vibid":"4024020346498","voters":390,"total":388,"voted":388,"spoiled":0,"yays":386,"nays":2},{"committee":"УИК №1684","vibid":"4024020346499","voters":119,"total":115,"voted":115,"spoiled":0,"yays":114,"nays":1},{"committee":"УИК №1685","vibid":"4024020346500","voters":303,"total":300,"voted":300,"spoiled":0,"yays":297,"nays":3},{"committee":"УИК №1686","vibid":"4024020346501","voters":320,"total":317,"voted":317,"spoiled":0,"yays":315,"nays":2},{"committee":"УИК №1687","vibid":"4024020346502","voters":475,"total":470,"voted":470,"spoiled":0,"yays":469,"nays":1},{"committee":"УИК №1688","vibid":"4024020346503","voters":600,"total":600,"voted":600,"spoiled":0,"yays":599,"nays":1},{"committee":"УИК №1689","vibid":"4024020346504","voters":357,"total":356,"voted":356,"spoiled":0,"yays":355,"nays":1},{"committee":"УИК №1690","vibid":"4024020346505","voters":695,"total":692,"voted":692,"spoiled":0,"yays":688,"nays":4},{"committee":"УИК №1691","vibid":"4024020346506","voters":697,"total":697,"voted":697,"spoiled":0,"yays":696,"nays":1},{"committee":"УИК №1692","vibid":"4024020346507","voters":164,"total":164,"voted":164,"spoiled":0,"yays":163,"nays":1},{"committee":"УИК №1693","vibid":"4024020346508","voters":292,"total":291,"voted":291,"spoiled":0,"yays":289,"nays":2},{"committee":"УИК №1694","vibid":"4024020346509","voters":613,"total":612,"voted":612,"spoiled":0,"yays":611,"nays":1},{"committee":"УИК №1695","vibid":"4024020346510","voters":567,"total":563,"voted":563,"spoiled":0,"yays":558,"nays":5},{"committee":"УИК №1696","vibid":"4024020346511","voters":469,"total":465,"voted":465,"spoiled":0,"yays":462,"nays":3},{"committee":"УИК №1697","vibid":"4024020346512","voters":509,"total":504,"voted":504,"spoiled":0,"yays":501,"nays":3},{"committee":"УИК №1698","vibid":"4024020346513","voters":226,"total":225,"voted":225,"spoiled":0,"yays":223,"nays":2},{"committee":"УИК №1699","vibid":"4024020346514","voters":160,"total":160,"voted":160,"spoiled":0,"yays":159,"nays":1},{"committee":"УИК №1700","vibid":"4024020346515","voters":217,"total":215,"voted":215,"spoiled":1,"yays":212,"nays":2},{"committee":"УИК №1701","vibid":"4024020346516","voters":373,"total":370,"voted":370,"spoiled":0,"yays":359,"nays":11},{"committee":"УИК №1702","vibid":"4024020346517","voters":138,"total":137,"voted":137,"spoiled":0,"yays":135,"nays":2},{"committee":"УИК №1703","vibid":"4024020346518","voters":428,"total":427,"voted":427,"spoiled":0,"yays":425,"nays":2},{"committee":"УИК №1704","vibid":"4024020346519","voters":285,"total":284,"voted":284,"spoiled":0,"yays":283,"nays":1},{"committee":"УИК №1705","vibid":"4024020346520","voters":408,"total":404,"voted":404,"spoiled":0,"yays":400,"nays":4},{"committee":"УИК №1706","vibid":"4024020346521","voters":327,"total":325,"voted":325,"spoiled":0,"yays":323,"nays":2},{"committee":"УИК №1707","vibid":"4024020346522","voters":560,"total":560,"voted":560,"spoiled":0,"yays":559,"nays":1},{"committee":"УИК №1708","vibid":"4024020346523","voters":361,"total":358,"voted":358,"spoiled":0,"yays":354,"nays":4}]