[{"committee":"УИК №209","vibid":"4084012218831","voters":385,"total":334,"voted":334,"spoiled":2,"yays":280,"nays":52},{"committee":"УИК №210","vibid":"4084012218832","voters":124,"total":107,"voted":107,"spoiled":0,"yays":93,"nays":14},{"committee":"УИК №211","vibid":"4084012218833","voters":467,"total":395,"voted":395,"spoiled":0,"yays":353,"nays":42},{"committee":"УИК №212","vibid":"4084012218834","voters":167,"total":145,"voted":145,"spoiled":10,"yays":131,"nays":4},{"committee":"УИК №213","vibid":"4084012218835","voters":364,"total":314,"voted":314,"spoiled":7,"yays":261,"nays":46},{"committee":"УИК №214","vibid":"4084012218836","voters":674,"total":562,"voted":562,"spoiled":0,"yays":452,"nays":110},{"committee":"УИК №215","vibid":"4084012218837","voters":236,"total":198,"voted":198,"spoiled":0,"yays":177,"nays":21},{"committee":"УИК №216","vibid":"4084012218838","voters":198,"total":172,"voted":172,"spoiled":15,"yays":137,"nays":20},{"committee":"УИК №217","vibid":"4084012218839","voters":615,"total":499,"voted":499,"spoiled":2,"yays":435,"nays":62},{"committee":"УИК №218","vibid":"4084012218840","voters":405,"total":350,"voted":350,"spoiled":1,"yays":209,"nays":140},{"committee":"УИК №219","vibid":"4084012218841","voters":1140,"total":854,"voted":854,"spoiled":0,"yays":822,"nays":32},{"committee":"УИК №220","vibid":"4084012218842","voters":1491,"total":1287,"voted":1287,"spoiled":16,"yays":1164,"nays":107},{"committee":"УИК №221","vibid":"4084012218843","voters":928,"total":782,"voted":782,"spoiled":5,"yays":656,"nays":121},{"committee":"УИК №222","vibid":"4084012218844","voters":1616,"total":1216,"voted":1216,"spoiled":0,"yays":886,"nays":330},{"committee":"УИК №223","vibid":"4084012218845","voters":1783,"total":1242,"voted":1242,"spoiled":11,"yays":946,"nays":285}]