[{"committee":"УИК №3252","vibid":"4024064340109","voters":1208,"total":943,"voted":943,"spoiled":4,"yays":765,"nays":174},{"committee":"УИК №3253","vibid":"4024064340110","voters":1024,"total":763,"voted":763,"spoiled":5,"yays":505,"nays":253},{"committee":"УИК №3254","vibid":"4024064340111","voters":912,"total":825,"voted":825,"spoiled":7,"yays":776,"nays":42},{"committee":"УИК №3255","vibid":"4024064340112","voters":790,"total":732,"voted":732,"spoiled":13,"yays":681,"nays":38},{"committee":"УИК №3256","vibid":"4024064340113","voters":793,"total":720,"voted":720,"spoiled":23,"yays":663,"nays":34},{"committee":"УИК №3257","vibid":"4024064340114","voters":771,"total":685,"voted":685,"spoiled":1,"yays":680,"nays":4},{"committee":"УИК №3258","vibid":"4024064340115","voters":1383,"total":1001,"voted":1001,"spoiled":5,"yays":793,"nays":203},{"committee":"УИК №3259","vibid":"4024064340116","voters":609,"total":575,"voted":575,"spoiled":2,"yays":555,"nays":18},{"committee":"УИК №3260","vibid":"4024064340117","voters":554,"total":509,"voted":509,"spoiled":4,"yays":475,"nays":30},{"committee":"УИК №3261","vibid":"4024064340118","voters":683,"total":622,"voted":622,"spoiled":3,"yays":590,"nays":29},{"committee":"УИК №3262","vibid":"4024064340119","voters":841,"total":766,"voted":766,"spoiled":3,"yays":724,"nays":39},{"committee":"УИК №3263","vibid":"4024064340120","voters":254,"total":225,"voted":225,"spoiled":0,"yays":203,"nays":22},{"committee":"УИК №3264","vibid":"4024064340121","voters":560,"total":523,"voted":523,"spoiled":2,"yays":481,"nays":40},{"committee":"УИК №3265","vibid":"4024064340122","voters":86,"total":80,"voted":80,"spoiled":0,"yays":72,"nays":8},{"committee":"УИК №3266","vibid":"4024064340123","voters":104,"total":93,"voted":93,"spoiled":4,"yays":82,"nays":7},{"committee":"УИК №3267","vibid":"4024064340124","voters":222,"total":201,"voted":201,"spoiled":0,"yays":184,"nays":17},{"committee":"УИК №3268","vibid":"4024064340125","voters":141,"total":136,"voted":136,"spoiled":1,"yays":127,"nays":8},{"committee":"УИК №3269","vibid":"4024064340126","voters":358,"total":325,"voted":325,"spoiled":1,"yays":299,"nays":25},{"committee":"УИК №3270","vibid":"4024064340127","voters":155,"total":140,"voted":140,"spoiled":0,"yays":125,"nays":15},{"committee":"УИК №3271","vibid":"4024064340128","voters":197,"total":177,"voted":177,"spoiled":0,"yays":141,"nays":36},{"committee":"УИК №3272","vibid":"4024064340129","voters":469,"total":428,"voted":428,"spoiled":4,"yays":399,"nays":25},{"committee":"УИК №3273","vibid":"4024064340130","voters":183,"total":178,"voted":178,"spoiled":1,"yays":166,"nays":11},{"committee":"УИК №3274","vibid":"4024064340131","voters":227,"total":206,"voted":206,"spoiled":3,"yays":187,"nays":16},{"committee":"УИК №3275","vibid":"4024064340132","voters":431,"total":405,"voted":405,"spoiled":2,"yays":394,"nays":9},{"committee":"УИК №3276","vibid":"4024064340133","voters":229,"total":206,"voted":206,"spoiled":2,"yays":186,"nays":18},{"committee":"УИК №3277","vibid":"4024064340134","voters":640,"total":581,"voted":581,"spoiled":2,"yays":536,"nays":43},{"committee":"УИК №3278","vibid":"4024064340135","voters":173,"total":161,"voted":161,"spoiled":0,"yays":148,"nays":13},{"committee":"УИК №3279","vibid":"4024064340136","voters":175,"total":160,"voted":160,"spoiled":0,"yays":148,"nays":12},{"committee":"УИК №3280","vibid":"4024064340137","voters":157,"total":137,"voted":137,"spoiled":0,"yays":126,"nays":11},{"committee":"УИК №3281","vibid":"4024064340138","voters":626,"total":541,"voted":541,"spoiled":8,"yays":498,"nays":35},{"committee":"УИК №3282","vibid":"4024064340139","voters":143,"total":115,"voted":115,"spoiled":0,"yays":101,"nays":14},{"committee":"УИК №3283","vibid":"4024064340140","voters":690,"total":642,"voted":642,"spoiled":2,"yays":576,"nays":64},{"committee":"УИК №3284","vibid":"4024064340141","voters":188,"total":171,"voted":171,"spoiled":2,"yays":154,"nays":15},{"committee":"УИК №3285","vibid":"4024064340142","voters":703,"total":528,"voted":528,"spoiled":6,"yays":393,"nays":129},{"committee":"УИК №3286","vibid":"4024064340143","voters":722,"total":638,"voted":638,"spoiled":0,"yays":574,"nays":64},{"committee":"УИК №3287","vibid":"4024064340144","voters":120,"total":117,"voted":117,"spoiled":0,"yays":111,"nays":6},{"committee":"УИК №3288","vibid":"4024064340145","voters":127,"total":120,"voted":120,"spoiled":0,"yays":110,"nays":10},{"committee":"УИК №3289","vibid":"4024064340146","voters":341,"total":293,"voted":293,"spoiled":2,"yays":270,"nays":21},{"committee":"УИК №3290","vibid":"4024064340147","voters":114,"total":107,"voted":107,"spoiled":0,"yays":102,"nays":5},{"committee":"УИК №3291","vibid":"4024064340148","voters":161,"total":157,"voted":157,"spoiled":0,"yays":145,"nays":12},{"committee":"УИК №3292","vibid":"4024064340149","voters":84,"total":79,"voted":79,"spoiled":0,"yays":77,"nays":2},{"committee":"УИК №3293","vibid":"4024064340150","voters":540,"total":506,"voted":506,"spoiled":0,"yays":471,"nays":35},{"committee":"УИК №3294","vibid":"4024064340151","voters":223,"total":196,"voted":196,"spoiled":0,"yays":177,"nays":19},{"committee":"УИК №3295","vibid":"4024064340152","voters":249,"total":231,"voted":231,"spoiled":2,"yays":212,"nays":17},{"committee":"УИК №3296","vibid":"4024064340153","voters":455,"total":396,"voted":396,"spoiled":2,"yays":368,"nays":26},{"committee":"УИК №3297","vibid":"4024064340154","voters":443,"total":390,"voted":390,"spoiled":1,"yays":364,"nays":25},{"committee":"УИК №3298","vibid":"4024064340155","voters":123,"total":117,"voted":117,"spoiled":1,"yays":109,"nays":7},{"committee":"УИК №3299","vibid":"4024064340156","voters":404,"total":363,"voted":363,"spoiled":0,"yays":342,"nays":21},{"committee":"УИК №3300","vibid":"4024064340157","voters":506,"total":456,"voted":456,"spoiled":12,"yays":400,"nays":44},{"committee":"УИК №3301","vibid":"4024064340158","voters":117,"total":109,"voted":109,"spoiled":0,"yays":99,"nays":10},{"committee":"УИК №3302","vibid":"4024064340159","voters":452,"total":416,"voted":416,"spoiled":0,"yays":382,"nays":34},{"committee":"УИК №3303","vibid":"4024064340160","voters":693,"total":649,"voted":649,"spoiled":0,"yays":605,"nays":44},{"committee":"УИК №3304","vibid":"4024064340161","voters":359,"total":336,"voted":336,"spoiled":4,"yays":315,"nays":17},{"committee":"УИК №3305","vibid":"4024064340162","voters":497,"total":441,"voted":441,"spoiled":5,"yays":396,"nays":40},{"committee":"УИК №3306","vibid":"4024064340163","voters":165,"total":155,"voted":155,"spoiled":0,"yays":142,"nays":13}]