[{"committee":"УИК №643","vibid":"4024049357679","voters":2351,"total":2115,"voted":2115,"spoiled":8,"yays":1826,"nays":281},{"committee":"УИК №644","vibid":"4024049357680","voters":2024,"total":1876,"voted":1876,"spoiled":5,"yays":1503,"nays":368},{"committee":"УИК №646","vibid":"4024049357682","voters":2075,"total":1868,"voted":1868,"spoiled":5,"yays":1494,"nays":369},{"committee":"УИК №647","vibid":"4024049357683","voters":872,"total":781,"voted":781,"spoiled":4,"yays":594,"nays":183},{"committee":"УИК №649","vibid":"4024049357685","voters":1684,"total":1477,"voted":1477,"spoiled":5,"yays":1104,"nays":368},{"committee":"УИК №650","vibid":"4024049357686","voters":1910,"total":1775,"voted":1775,"spoiled":12,"yays":1275,"nays":488},{"committee":"УИК №652","vibid":"4024049357688","voters":1860,"total":1630,"voted":1630,"spoiled":7,"yays":1239,"nays":384},{"committee":"УИК №653","vibid":"4024049357689","voters":1968,"total":1668,"voted":1668,"spoiled":6,"yays":1256,"nays":406},{"committee":"УИК №655","vibid":"4024049357691","voters":1736,"total":1547,"voted":1547,"spoiled":13,"yays":1090,"nays":444},{"committee":"УИК №656","vibid":"4024049357692","voters":1164,"total":1035,"voted":1035,"spoiled":4,"yays":917,"nays":114},{"committee":"УИК №661","vibid":"4024049357697","voters":601,"total":528,"voted":527,"spoiled":5,"yays":393,"nays":129},{"committee":"УИК №664","vibid":"4024049357700","voters":1131,"total":992,"voted":992,"spoiled":6,"yays":853,"nays":133},{"committee":"УИК №665","vibid":"4024049357701","voters":2014,"total":1774,"voted":1774,"spoiled":23,"yays":1451,"nays":300},{"committee":"УИК №677","vibid":"4024049357713","voters":2060,"total":1803,"voted":1803,"spoiled":5,"yays":1556,"nays":242},{"committee":"УИК №680","vibid":"4024049357716","voters":2004,"total":1728,"voted":1728,"spoiled":14,"yays":1323,"nays":391},{"committee":"УИК №681","vibid":"4024049357717","voters":943,"total":826,"voted":826,"spoiled":2,"yays":631,"nays":193},{"committee":"УИК №684","vibid":"4024049357720","voters":1123,"total":977,"voted":977,"spoiled":11,"yays":842,"nays":124},{"committee":"УИК №685","vibid":"4024049357721","voters":1840,"total":1655,"voted":1655,"spoiled":21,"yays":1405,"nays":229},{"committee":"УИК №687","vibid":"4024049357723","voters":1429,"total":1252,"voted":1252,"spoiled":0,"yays":964,"nays":288},{"committee":"УИК №688","vibid":"4024049357724","voters":1292,"total":1132,"voted":1132,"spoiled":5,"yays":856,"nays":271},{"committee":"УИК №690","vibid":"4024049357726","voters":1129,"total":1030,"voted":1029,"spoiled":7,"yays":907,"nays":115},{"committee":"УИК №691","vibid":"4024049357727","voters":1957,"total":1664,"voted":1663,"spoiled":25,"yays":1425,"nays":213},{"committee":"УИК №706","vibid":"4024049357742","voters":1613,"total":1414,"voted":1414,"spoiled":23,"yays":1154,"nays":237},{"committee":"УИК №710","vibid":"4024049357746","voters":1244,"total":1091,"voted":1091,"spoiled":7,"yays":858,"nays":226},{"committee":"УИК №713","vibid":"4024049357749","voters":2296,"total":2058,"voted":2058,"spoiled":10,"yays":1655,"nays":393},{"committee":"УИК №716","vibid":"4024049357752","voters":1392,"total":1222,"voted":1222,"spoiled":3,"yays":920,"nays":299},{"committee":"УИК №719","vibid":"4024049357755","voters":2422,"total":2117,"voted":2117,"spoiled":16,"yays":1761,"nays":340},{"committee":"УИК №722","vibid":"4024049357758","voters":2183,"total":1868,"voted":1868,"spoiled":20,"yays":1653,"nays":195},{"committee":"УИК №737","vibid":"4024049357773","voters":1187,"total":1033,"voted":1032,"spoiled":48,"yays":798,"nays":186},{"committee":"УИК №739","vibid":"4024049357775","voters":1795,"total":1575,"voted":1575,"spoiled":14,"yays":1187,"nays":374},{"committee":"УИК №748","vibid":"4024049357784","voters":1328,"total":1188,"voted":1187,"spoiled":2,"yays":903,"nays":282},{"committee":"УИК №750","vibid":"4024049359063","voters":38,"total":38,"voted":38,"spoiled":0,"yays":35,"nays":3},{"committee":"УИК №751","vibid":"4024049359077","voters":330,"total":330,"voted":330,"spoiled":17,"yays":264,"nays":49},{"committee":"УИК №752","vibid":"4024049359078","voters":196,"total":196,"voted":196,"spoiled":0,"yays":154,"nays":42},{"committee":"УИК №753","vibid":"4024049359079","voters":182,"total":179,"voted":179,"spoiled":0,"yays":149,"nays":30},{"committee":"УИК №3495","vibid":"4024049359080","voters":197,"total":197,"voted":197,"spoiled":6,"yays":149,"nays":42},{"committee":"УИК №3496","vibid":"4024049359081","voters":108,"total":108,"voted":108,"spoiled":0,"yays":58,"nays":50}]