[{"committee":"УИК №1240","vibid":"4054032353538","voters":42,"total":37,"voted":37,"spoiled":0,"yays":34,"nays":3},{"committee":"УИК №1241","vibid":"4054032353539","voters":108,"total":96,"voted":96,"spoiled":0,"yays":95,"nays":1},{"committee":"УИК №1242","vibid":"4054032353540","voters":100,"total":93,"voted":93,"spoiled":0,"yays":90,"nays":3},{"committee":"УИК №1243","vibid":"4054032353541","voters":67,"total":55,"voted":55,"spoiled":0,"yays":52,"nays":3},{"committee":"УИК №1244","vibid":"4054032353542","voters":417,"total":394,"voted":394,"spoiled":0,"yays":355,"nays":39},{"committee":"УИК №1245","vibid":"4054032353543","voters":234,"total":187,"voted":187,"spoiled":0,"yays":179,"nays":8},{"committee":"УИК №1246","vibid":"4054032353544","voters":253,"total":243,"voted":243,"spoiled":0,"yays":239,"nays":4},{"committee":"УИК №1247","vibid":"4054032353545","voters":608,"total":588,"voted":588,"spoiled":0,"yays":560,"nays":28},{"committee":"УИК №1248","vibid":"4054032353546","voters":405,"total":353,"voted":353,"spoiled":0,"yays":350,"nays":3},{"committee":"УИК №1249","vibid":"4054032353547","voters":37,"total":35,"voted":35,"spoiled":0,"yays":33,"nays":2},{"committee":"УИК №1250","vibid":"4054032353548","voters":167,"total":129,"voted":129,"spoiled":0,"yays":126,"nays":3},{"committee":"УИК №1251","vibid":"4054032353549","voters":176,"total":146,"voted":146,"spoiled":0,"yays":141,"nays":5},{"committee":"УИК №1252","vibid":"4054032353550","voters":85,"total":65,"voted":65,"spoiled":0,"yays":63,"nays":2},{"committee":"УИК №1253","vibid":"4054032353551","voters":37,"total":25,"voted":25,"spoiled":0,"yays":19,"nays":6},{"committee":"УИК №1254","vibid":"4054032353552","voters":85,"total":47,"voted":47,"spoiled":0,"yays":46,"nays":1}]