[{"committee":"УИК №140","vibid":"4084006196835","voters":390,"total":363,"voted":363,"spoiled":0,"yays":334,"nays":29},{"committee":"УИК №141","vibid":"4084006196836","voters":280,"total":261,"voted":261,"spoiled":0,"yays":253,"nays":8},{"committee":"УИК №142","vibid":"4084006196837","voters":679,"total":620,"voted":620,"spoiled":0,"yays":527,"nays":93},{"committee":"УИК №143","vibid":"4084006196838","voters":259,"total":235,"voted":235,"spoiled":0,"yays":215,"nays":20},{"committee":"УИК №144","vibid":"4084006196839","voters":302,"total":284,"voted":284,"spoiled":10,"yays":262,"nays":12},{"committee":"УИК №145","vibid":"4084006196840","voters":493,"total":453,"voted":453,"spoiled":1,"yays":398,"nays":54},{"committee":"УИК №146","vibid":"4084006196841","voters":470,"total":425,"voted":425,"spoiled":4,"yays":344,"nays":77},{"committee":"УИК №147","vibid":"4084006196842","voters":1216,"total":1094,"voted":1094,"spoiled":0,"yays":1026,"nays":68},{"committee":"УИК №148","vibid":"4084006196843","voters":966,"total":871,"voted":871,"spoiled":2,"yays":802,"nays":67},{"committee":"УИК №149","vibid":"4084006196844","voters":667,"total":601,"voted":601,"spoiled":0,"yays":572,"nays":29},{"committee":"УИК №150","vibid":"4084006196845","voters":1263,"total":1081,"voted":1081,"spoiled":10,"yays":939,"nays":132},{"committee":"УИК №151","vibid":"4084006196846","voters":533,"total":499,"voted":499,"spoiled":0,"yays":474,"nays":25}]