[{"committee":"УИК №2013","vibid":"4024027370025","voters":2482,"total":2139,"voted":2139,"spoiled":11,"yays":2034,"nays":94},{"committee":"УИК №2015","vibid":"4024027370027","voters":2060,"total":1603,"voted":1603,"spoiled":4,"yays":1520,"nays":79},{"committee":"УИК №2016","vibid":"4024027370028","voters":2548,"total":2112,"voted":2112,"spoiled":4,"yays":1880,"nays":228},{"committee":"УИК №2017","vibid":"4024027370029","voters":2924,"total":2716,"voted":2716,"spoiled":0,"yays":2614,"nays":102},{"committee":"УИК №2018","vibid":"4024027370030","voters":2779,"total":2422,"voted":2422,"spoiled":0,"yays":2300,"nays":122},{"committee":"УИК №2019","vibid":"4024027370031","voters":2766,"total":2198,"voted":2198,"spoiled":17,"yays":2092,"nays":89},{"committee":"УИК №2020","vibid":"4024027370032","voters":1067,"total":900,"voted":900,"spoiled":0,"yays":858,"nays":42},{"committee":"УИК №2021","vibid":"4024027370033","voters":786,"total":747,"voted":747,"spoiled":0,"yays":686,"nays":61},{"committee":"УИК №2022","vibid":"4024027370034","voters":989,"total":940,"voted":940,"spoiled":11,"yays":883,"nays":46},{"committee":"УИК №2023","vibid":"4024027370035","voters":1144,"total":1042,"voted":1042,"spoiled":6,"yays":962,"nays":74},{"committee":"УИК №2024","vibid":"4024027370036","voters":1498,"total":1413,"voted":1413,"spoiled":0,"yays":1383,"nays":30},{"committee":"УИК №2025","vibid":"4024027370037","voters":1858,"total":1532,"voted":1532,"spoiled":6,"yays":1392,"nays":134},{"committee":"УИК №2026","vibid":"4024027370038","voters":604,"total":513,"voted":513,"spoiled":3,"yays":464,"nays":46},{"committee":"УИК №2027","vibid":"4024027370039","voters":565,"total":549,"voted":549,"spoiled":0,"yays":538,"nays":11},{"committee":"УИК №2028","vibid":"4024027370040","voters":119,"total":114,"voted":114,"spoiled":0,"yays":111,"nays":3},{"committee":"УИК №2029","vibid":"4024027370041","voters":1129,"total":1079,"voted":1076,"spoiled":0,"yays":1037,"nays":39},{"committee":"УИК №2030","vibid":"4024027370042","voters":492,"total":486,"voted":486,"spoiled":0,"yays":483,"nays":3},{"committee":"УИК №2031","vibid":"4024027370043","voters":741,"total":617,"voted":617,"spoiled":2,"yays":517,"nays":98},{"committee":"УИК №2032","vibid":"4024027370044","voters":596,"total":552,"voted":552,"spoiled":4,"yays":447,"nays":101},{"committee":"УИК №2033","vibid":"4024027370045","voters":817,"total":744,"voted":744,"spoiled":5,"yays":712,"nays":27},{"committee":"УИК №2034","vibid":"4024027370046","voters":1278,"total":1229,"voted":1229,"spoiled":8,"yays":978,"nays":243},{"committee":"УИК №2035","vibid":"4024027370047","voters":669,"total":644,"voted":644,"spoiled":0,"yays":628,"nays":16},{"committee":"УИК №2036","vibid":"4024027370048","voters":297,"total":287,"voted":287,"spoiled":0,"yays":284,"nays":3},{"committee":"УИК №2037","vibid":"4024027370049","voters":653,"total":620,"voted":620,"spoiled":0,"yays":597,"nays":23},{"committee":"УИК №2038","vibid":"4024027370050","voters":127,"total":121,"voted":121,"spoiled":0,"yays":114,"nays":7},{"committee":"УИК №2039","vibid":"4024027370051","voters":367,"total":356,"voted":356,"spoiled":0,"yays":350,"nays":6},{"committee":"УИК №2040","vibid":"4024027370052","voters":232,"total":204,"voted":204,"spoiled":0,"yays":138,"nays":66},{"committee":"УИК №2041","vibid":"4024027370053","voters":762,"total":744,"voted":744,"spoiled":1,"yays":714,"nays":29},{"committee":"УИК №2042","vibid":"4024027370054","voters":1694,"total":1625,"voted":1625,"spoiled":0,"yays":1578,"nays":47},{"committee":"УИК №2043","vibid":"4024027370055","voters":252,"total":239,"voted":239,"spoiled":0,"yays":233,"nays":6},{"committee":"УИК №2044","vibid":"4024027370056","voters":595,"total":573,"voted":468,"spoiled":0,"yays":453,"nays":15},{"committee":"УИК №2045","vibid":"4024027370057","voters":693,"total":680,"voted":680,"spoiled":0,"yays":666,"nays":14},{"committee":"УИК №2046","vibid":"4024027370058","voters":231,"total":215,"voted":215,"spoiled":3,"yays":200,"nays":12},{"committee":"УИК №2047","vibid":"4024027370059","voters":1505,"total":1446,"voted":1446,"spoiled":6,"yays":1380,"nays":60},{"committee":"УИК №2048","vibid":"4024027370060","voters":780,"total":762,"voted":757,"spoiled":0,"yays":741,"nays":16},{"committee":"УИК №3463","vibid":"4024027370061","voters":990,"total":887,"voted":887,"spoiled":0,"yays":836,"nays":51},{"committee":"УИК №3521","vibid":"4024027370062","voters":1965,"total":1717,"voted":1717,"spoiled":11,"yays":1442,"nays":264},{"committee":"УИК №3522","vibid":"4024027370063","voters":1755,"total":1283,"voted":1283,"spoiled":3,"yays":1073,"nays":207},{"committee":"УИК №3523","vibid":"4024027370064","voters":239,"total":229,"voted":229,"spoiled":4,"yays":221,"nays":4},{"committee":"УИК №3528","vibid":"4024027370065","voters":206,"total":187,"voted":187,"spoiled":0,"yays":168,"nays":19},{"committee":"УИК №3529","vibid":"4024027370066","voters":104,"total":94,"voted":94,"spoiled":0,"yays":86,"nays":8}]