[{"committee":"УИК №871","vibid":"4034025193224","voters":43,"total":43,"voted":43,"spoiled":0,"yays":42,"nays":1},{"committee":"УИК №872","vibid":"4034025193225","voters":195,"total":195,"voted":195,"spoiled":0,"yays":192,"nays":3},{"committee":"УИК №873","vibid":"4034025193226","voters":62,"total":62,"voted":62,"spoiled":0,"yays":61,"nays":1},{"committee":"УИК №874","vibid":"4034025193227","voters":620,"total":601,"voted":601,"spoiled":0,"yays":583,"nays":18},{"committee":"УИК №875","vibid":"4034025193228","voters":521,"total":510,"voted":510,"spoiled":1,"yays":499,"nays":10},{"committee":"УИК №876","vibid":"4034025193229","voters":425,"total":391,"voted":391,"spoiled":13,"yays":347,"nays":31},{"committee":"УИК №877","vibid":"4034025193230","voters":173,"total":173,"voted":173,"spoiled":1,"yays":170,"nays":2},{"committee":"УИК №878","vibid":"4034025193231","voters":470,"total":456,"voted":456,"spoiled":14,"yays":428,"nays":14},{"committee":"УИК №879","vibid":"4034025193232","voters":211,"total":205,"voted":205,"spoiled":0,"yays":199,"nays":6},{"committee":"УИК №880","vibid":"4034025193233","voters":126,"total":126,"voted":126,"spoiled":1,"yays":122,"nays":3},{"committee":"УИК №881","vibid":"4034025193234","voters":626,"total":595,"voted":595,"spoiled":0,"yays":587,"nays":8},{"committee":"УИК №882","vibid":"4034025193235","voters":113,"total":112,"voted":112,"spoiled":1,"yays":110,"nays":1},{"committee":"УИК №883","vibid":"4034025193236","voters":299,"total":297,"voted":297,"spoiled":0,"yays":295,"nays":2},{"committee":"УИК №884","vibid":"4034025193237","voters":288,"total":288,"voted":288,"spoiled":1,"yays":277,"nays":10},{"committee":"УИК №885","vibid":"4034025193238","voters":132,"total":132,"voted":132,"spoiled":2,"yays":125,"nays":5},{"committee":"УИК №886","vibid":"4034025193239","voters":111,"total":111,"voted":111,"spoiled":0,"yays":108,"nays":3},{"committee":"УИК №887","vibid":"4034025193240","voters":243,"total":240,"voted":240,"spoiled":2,"yays":236,"nays":2},{"committee":"УИК №888","vibid":"4034025193241","voters":211,"total":211,"voted":211,"spoiled":0,"yays":209,"nays":2},{"committee":"УИК №889","vibid":"4034025193242","voters":189,"total":189,"voted":189,"spoiled":0,"yays":186,"nays":3},{"committee":"УИК №890","vibid":"4034025193243","voters":208,"total":207,"voted":207,"spoiled":0,"yays":203,"nays":4},{"committee":"УИК №891","vibid":"4034025193244","voters":190,"total":190,"voted":190,"spoiled":0,"yays":187,"nays":3},{"committee":"УИК №892","vibid":"4034025193245","voters":202,"total":198,"voted":198,"spoiled":3,"yays":192,"nays":3},{"committee":"УИК №893","vibid":"4034025193246","voters":258,"total":258,"voted":258,"spoiled":11,"yays":241,"nays":6},{"committee":"УИК №894","vibid":"4034025193247","voters":163,"total":163,"voted":163,"spoiled":0,"yays":160,"nays":3},{"committee":"УИК №895","vibid":"4034025193248","voters":144,"total":144,"voted":144,"spoiled":0,"yays":142,"nays":2},{"committee":"УИК №896","vibid":"4034025193249","voters":363,"total":362,"voted":362,"spoiled":2,"yays":358,"nays":2},{"committee":"УИК №897","vibid":"4034025193250","voters":2082,"total":1882,"voted":1882,"spoiled":0,"yays":1863,"nays":19},{"committee":"УИК №898","vibid":"4034025193251","voters":2344,"total":2227,"voted":2227,"spoiled":0,"yays":2205,"nays":22},{"committee":"УИК №899","vibid":"4034025193252","voters":1754,"total":1667,"voted":1667,"spoiled":12,"yays":1646,"nays":9},{"committee":"УИК №900","vibid":"4034025193731","voters":246,"total":246,"voted":246,"spoiled":6,"yays":230,"nays":10}]