[{"committee":"УИК №685","vibid":"4034022341380","voters":1441,"total":855,"voted":855,"spoiled":6,"yays":626,"nays":223},{"committee":"УИК №686","vibid":"4034022341381","voters":1688,"total":932,"voted":932,"spoiled":5,"yays":683,"nays":244},{"committee":"УИК №687","vibid":"4034022341382","voters":1307,"total":643,"voted":643,"spoiled":7,"yays":458,"nays":178},{"committee":"УИК №688","vibid":"4034022341383","voters":1100,"total":764,"voted":764,"spoiled":9,"yays":519,"nays":236},{"committee":"УИК №689","vibid":"4034022341384","voters":1928,"total":1060,"voted":1060,"spoiled":10,"yays":660,"nays":390},{"committee":"УИК №690","vibid":"4034022341385","voters":1548,"total":989,"voted":989,"spoiled":14,"yays":585,"nays":390},{"committee":"УИК №691","vibid":"4034022341386","voters":1387,"total":954,"voted":954,"spoiled":7,"yays":639,"nays":308},{"committee":"УИК №692","vibid":"4034022341387","voters":1097,"total":591,"voted":591,"spoiled":5,"yays":366,"nays":220},{"committee":"УИК №693","vibid":"4034022341388","voters":1936,"total":1298,"voted":1298,"spoiled":10,"yays":886,"nays":402},{"committee":"УИК №694","vibid":"4034022341389","voters":1726,"total":1478,"voted":1478,"spoiled":48,"yays":1052,"nays":378},{"committee":"УИК №695","vibid":"4034022341390","voters":1145,"total":630,"voted":630,"spoiled":3,"yays":430,"nays":197},{"committee":"УИК №696","vibid":"4034022341391","voters":1240,"total":766,"voted":766,"spoiled":36,"yays":536,"nays":194},{"committee":"УИК №697","vibid":"4034022341392","voters":2255,"total":1127,"voted":1126,"spoiled":15,"yays":693,"nays":418},{"committee":"УИК №698","vibid":"4034022341393","voters":2063,"total":1065,"voted":1065,"spoiled":14,"yays":681,"nays":370},{"committee":"УИК №699","vibid":"4034022341394","voters":262,"total":148,"voted":148,"spoiled":1,"yays":121,"nays":26},{"committee":"УИК №700","vibid":"4034022341395","voters":1031,"total":759,"voted":759,"spoiled":6,"yays":519,"nays":234},{"committee":"УИК №701","vibid":"4034022341396","voters":1632,"total":945,"voted":945,"spoiled":75,"yays":512,"nays":358},{"committee":"УИК №702","vibid":"4034022341397","voters":2398,"total":1649,"voted":1649,"spoiled":171,"yays":928,"nays":550},{"committee":"УИК №703","vibid":"4034022341398","voters":2212,"total":1239,"voted":1239,"spoiled":122,"yays":710,"nays":407},{"committee":"УИК №704","vibid":"4034022341399","voters":2322,"total":1344,"voted":1344,"spoiled":18,"yays":890,"nays":436},{"committee":"УИК №705","vibid":"4034022341400","voters":1794,"total":931,"voted":931,"spoiled":10,"yays":571,"nays":350},{"committee":"УИК №706","vibid":"4034022341401","voters":2392,"total":1413,"voted":1413,"spoiled":8,"yays":943,"nays":462},{"committee":"УИК №707","vibid":"4034022341402","voters":1657,"total":828,"voted":828,"spoiled":21,"yays":445,"nays":362},{"committee":"УИК №708","vibid":"4034022341403","voters":1685,"total":853,"voted":853,"spoiled":3,"yays":569,"nays":281},{"committee":"УИК №709","vibid":"4034022341404","voters":1374,"total":1015,"voted":1014,"spoiled":58,"yays":740,"nays":216},{"committee":"УИК №710","vibid":"4034022341405","voters":2198,"total":1280,"voted":1280,"spoiled":10,"yays":838,"nays":432},{"committee":"УИК №711","vibid":"4034022341406","voters":1591,"total":959,"voted":959,"spoiled":6,"yays":701,"nays":252},{"committee":"УИК №712","vibid":"4034022341407","voters":1678,"total":1001,"voted":1001,"spoiled":7,"yays":711,"nays":283},{"committee":"УИК №713","vibid":"4034022341408","voters":2071,"total":988,"voted":988,"spoiled":10,"yays":607,"nays":371},{"committee":"УИК №714","vibid":"4034022341409","voters":1641,"total":1020,"voted":1020,"spoiled":16,"yays":738,"nays":266},{"committee":"УИК №715","vibid":"4034022341410","voters":1734,"total":908,"voted":908,"spoiled":27,"yays":582,"nays":299},{"committee":"УИК №716","vibid":"4034022341411","voters":1421,"total":679,"voted":679,"spoiled":4,"yays":451,"nays":224},{"committee":"УИК №717","vibid":"4034022341412","voters":1696,"total":860,"voted":860,"spoiled":5,"yays":596,"nays":259},{"committee":"УИК №718","vibid":"4034022341413","voters":798,"total":515,"voted":515,"spoiled":13,"yays":352,"nays":150},{"committee":"УИК №719","vibid":"4034022341414","voters":2000,"total":1143,"voted":1143,"spoiled":165,"yays":698,"nays":280},{"committee":"УИК №720","vibid":"4034022341415","voters":1875,"total":1318,"voted":1318,"spoiled":11,"yays":960,"nays":347},{"committee":"УИК №721","vibid":"4034022341416","voters":2231,"total":1275,"voted":1275,"spoiled":34,"yays":892,"nays":349},{"committee":"УИК №722","vibid":"4034022341417","voters":1067,"total":548,"voted":548,"spoiled":25,"yays":405,"nays":118},{"committee":"УИК №723","vibid":"4034022341418","voters":2395,"total":1324,"voted":1324,"spoiled":6,"yays":855,"nays":463},{"committee":"УИК №724","vibid":"4034022341419","voters":2664,"total":1418,"voted":1417,"spoiled":11,"yays":858,"nays":548},{"committee":"УИК №725","vibid":"4034022341420","voters":1065,"total":512,"voted":512,"spoiled":2,"yays":305,"nays":205},{"committee":"УИК №726","vibid":"4034022341421","voters":800,"total":521,"voted":521,"spoiled":3,"yays":407,"nays":111},{"committee":"УИК №727","vibid":"4034022341422","voters":1864,"total":1083,"voted":1083,"spoiled":10,"yays":752,"nays":321},{"committee":"УИК №728","vibid":"4034022341423","voters":1722,"total":860,"voted":860,"spoiled":6,"yays":508,"nays":346},{"committee":"УИК №729","vibid":"4034022341424","voters":1881,"total":1054,"voted":1054,"spoiled":20,"yays":678,"nays":356},{"committee":"УИК №730","vibid":"4034022341425","voters":1796,"total":968,"voted":968,"spoiled":12,"yays":625,"nays":331},{"committee":"УИК №731","vibid":"4034022341426","voters":2223,"total":1548,"voted":1548,"spoiled":82,"yays":919,"nays":547},{"committee":"УИК №732","vibid":"4034022341427","voters":2208,"total":1245,"voted":1244,"spoiled":14,"yays":785,"nays":445},{"committee":"УИК №733","vibid":"4034022341428","voters":1745,"total":995,"voted":995,"spoiled":32,"yays":648,"nays":315},{"committee":"УИК №734","vibid":"4034022341429","voters":1123,"total":604,"voted":604,"spoiled":5,"yays":386,"nays":213},{"committee":"УИК №735","vibid":"4034022341430","voters":1400,"total":680,"voted":679,"spoiled":5,"yays":435,"nays":239},{"committee":"УИК №736","vibid":"4034022341431","voters":1442,"total":836,"voted":836,"spoiled":8,"yays":595,"nays":233},{"committee":"УИК №737","vibid":"4034022341432","voters":1756,"total":1004,"voted":1004,"spoiled":10,"yays":640,"nays":354},{"committee":"УИК №738","vibid":"4034022341433","voters":1848,"total":1104,"voted":1104,"spoiled":9,"yays":730,"nays":365},{"committee":"УИК №739","vibid":"4034022341434","voters":1699,"total":1110,"voted":1110,"spoiled":38,"yays":831,"nays":241},{"committee":"УИК №740","vibid":"4034022341435","voters":1435,"total":1018,"voted":1018,"spoiled":7,"yays":655,"nays":356},{"committee":"УИК №741","vibid":"4034022341436","voters":1919,"total":1079,"voted":1079,"spoiled":12,"yays":716,"nays":351},{"committee":"УИК №742","vibid":"4034022341437","voters":972,"total":675,"voted":675,"spoiled":5,"yays":453,"nays":217},{"committee":"УИК №743","vibid":"4034022341438","voters":2022,"total":1091,"voted":1091,"spoiled":21,"yays":735,"nays":335},{"committee":"УИК №744","vibid":"4034022341439","voters":1154,"total":790,"voted":790,"spoiled":18,"yays":415,"nays":357},{"committee":"УИК №745","vibid":"4034022342297","voters":122,"total":122,"voted":122,"spoiled":4,"yays":65,"nays":53},{"committee":"УИК №746","vibid":"4034022342299","voters":157,"total":157,"voted":157,"spoiled":2,"yays":91,"nays":64},{"committee":"УИК №747","vibid":"4034022342301","voters":163,"total":163,"voted":163,"spoiled":1,"yays":107,"nays":55}]