[{"committee":"УИК №3192","vibid":"4024063332118","voters":287,"total":262,"voted":262,"spoiled":3,"yays":246,"nays":13},{"committee":"УИК №3193","vibid":"4024063332119","voters":235,"total":205,"voted":205,"spoiled":3,"yays":190,"nays":12},{"committee":"УИК №3194","vibid":"4024063332120","voters":82,"total":70,"voted":70,"spoiled":0,"yays":64,"nays":6},{"committee":"УИК №3195","vibid":"4024063332121","voters":80,"total":65,"voted":65,"spoiled":0,"yays":62,"nays":3},{"committee":"УИК №3196","vibid":"4024063332122","voters":92,"total":85,"voted":85,"spoiled":0,"yays":82,"nays":3},{"committee":"УИК №3197","vibid":"4024063332123","voters":320,"total":292,"voted":292,"spoiled":4,"yays":271,"nays":17},{"committee":"УИК №3198","vibid":"4024063332124","voters":111,"total":107,"voted":107,"spoiled":3,"yays":99,"nays":5},{"committee":"УИК №3199","vibid":"4024063332125","voters":63,"total":59,"voted":59,"spoiled":0,"yays":56,"nays":3},{"committee":"УИК №3200","vibid":"4024063332126","voters":97,"total":80,"voted":80,"spoiled":0,"yays":75,"nays":5},{"committee":"УИК №3201","vibid":"4024063332127","voters":978,"total":952,"voted":952,"spoiled":9,"yays":884,"nays":59},{"committee":"УИК №3202","vibid":"4024063332128","voters":795,"total":778,"voted":778,"spoiled":3,"yays":732,"nays":43},{"committee":"УИК №3203","vibid":"4024063332129","voters":632,"total":622,"voted":622,"spoiled":5,"yays":580,"nays":37},{"committee":"УИК №3204","vibid":"4024063332130","voters":932,"total":914,"voted":914,"spoiled":9,"yays":859,"nays":46},{"committee":"УИК №3205","vibid":"4024063332131","voters":2169,"total":2104,"voted":2104,"spoiled":11,"yays":1968,"nays":125},{"committee":"УИК №3206","vibid":"4024063332132","voters":438,"total":425,"voted":425,"spoiled":0,"yays":400,"nays":25},{"committee":"УИК №3207","vibid":"4024063332133","voters":552,"total":535,"voted":535,"spoiled":0,"yays":518,"nays":17},{"committee":"УИК №3208","vibid":"4024063332134","voters":355,"total":298,"voted":298,"spoiled":1,"yays":280,"nays":17},{"committee":"УИК №3209","vibid":"4024063332135","voters":362,"total":326,"voted":326,"spoiled":0,"yays":307,"nays":19},{"committee":"УИК №3210","vibid":"4024063332136","voters":1265,"total":1227,"voted":1227,"spoiled":8,"yays":1166,"nays":53},{"committee":"УИК №3211","vibid":"4024063332137","voters":408,"total":400,"voted":400,"spoiled":4,"yays":376,"nays":20},{"committee":"УИК №3212","vibid":"4024063332138","voters":617,"total":604,"voted":604,"spoiled":5,"yays":563,"nays":36},{"committee":"УИК №3213","vibid":"4024063332139","voters":865,"total":840,"voted":840,"spoiled":4,"yays":791,"nays":45},{"committee":"УИК №3214","vibid":"4024063332140","voters":558,"total":533,"voted":533,"spoiled":0,"yays":501,"nays":32},{"committee":"УИК №3215","vibid":"4024063332141","voters":73,"total":63,"voted":63,"spoiled":0,"yays":59,"nays":4},{"committee":"УИК №3216","vibid":"4024063332142","voters":65,"total":55,"voted":55,"spoiled":2,"yays":50,"nays":3},{"committee":"УИК №3217","vibid":"4024063332143","voters":83,"total":69,"voted":69,"spoiled":0,"yays":58,"nays":11},{"committee":"УИК №3218","vibid":"4024063332144","voters":189,"total":172,"voted":172,"spoiled":1,"yays":161,"nays":10},{"committee":"УИК №3219","vibid":"4024063332145","voters":348,"total":325,"voted":325,"spoiled":3,"yays":303,"nays":19},{"committee":"УИК №3220","vibid":"4024063332146","voters":839,"total":810,"voted":810,"spoiled":5,"yays":760,"nays":45},{"committee":"УИК №3221","vibid":"4024063332147","voters":199,"total":186,"voted":186,"spoiled":2,"yays":173,"nays":11},{"committee":"УИК №3222","vibid":"4024063332148","voters":421,"total":400,"voted":400,"spoiled":0,"yays":376,"nays":24},{"committee":"УИК №3223","vibid":"4024063332149","voters":232,"total":213,"voted":213,"spoiled":3,"yays":197,"nays":13},{"committee":"УИК №3224","vibid":"4024063332150","voters":577,"total":549,"voted":549,"spoiled":0,"yays":517,"nays":32},{"committee":"УИК №3225","vibid":"4024063332151","voters":244,"total":238,"voted":238,"spoiled":0,"yays":230,"nays":8},{"committee":"УИК №3226","vibid":"4024063332152","voters":131,"total":120,"voted":120,"spoiled":0,"yays":114,"nays":6},{"committee":"УИК №3227","vibid":"4024063332153","voters":226,"total":206,"voted":206,"spoiled":0,"yays":196,"nays":10},{"committee":"УИК №3228","vibid":"4024063332154","voters":756,"total":727,"voted":727,"spoiled":8,"yays":676,"nays":43},{"committee":"УИК №3229","vibid":"4024063332155","voters":226,"total":204,"voted":204,"spoiled":0,"yays":192,"nays":12},{"committee":"УИК №3230","vibid":"4024063332156","voters":91,"total":88,"voted":88,"spoiled":0,"yays":84,"nays":4},{"committee":"УИК №3231","vibid":"4024063332157","voters":250,"total":228,"voted":228,"spoiled":3,"yays":212,"nays":13},{"committee":"УИК №3232","vibid":"4024063332158","voters":123,"total":114,"voted":114,"spoiled":1,"yays":107,"nays":6},{"committee":"УИК №3233","vibid":"4024063332159","voters":120,"total":113,"voted":113,"spoiled":0,"yays":107,"nays":6},{"committee":"УИК №3234","vibid":"4024063332160","voters":393,"total":354,"voted":354,"spoiled":3,"yays":332,"nays":19},{"committee":"УИК №3235","vibid":"4024063332161","voters":824,"total":783,"voted":783,"spoiled":2,"yays":735,"nays":46},{"committee":"УИК №3236","vibid":"4024063332162","voters":179,"total":168,"voted":168,"spoiled":2,"yays":158,"nays":8},{"committee":"УИК №3237","vibid":"4024063332163","voters":388,"total":379,"voted":379,"spoiled":7,"yays":350,"nays":22},{"committee":"УИК №3238","vibid":"4024063332164","voters":593,"total":566,"voted":566,"spoiled":3,"yays":530,"nays":33},{"committee":"УИК №3239","vibid":"4024063332165","voters":191,"total":182,"voted":182,"spoiled":2,"yays":172,"nays":8},{"committee":"УИК №3240","vibid":"4024063332166","voters":104,"total":99,"voted":99,"spoiled":0,"yays":94,"nays":5},{"committee":"УИК №3241","vibid":"4024063332167","voters":216,"total":205,"voted":205,"spoiled":2,"yays":192,"nays":11},{"committee":"УИК №3242","vibid":"4024063332168","voters":195,"total":180,"voted":180,"spoiled":0,"yays":170,"nays":10},{"committee":"УИК №3243","vibid":"4024063332169","voters":146,"total":135,"voted":135,"spoiled":3,"yays":125,"nays":7},{"committee":"УИК №3244","vibid":"4024063332170","voters":660,"total":605,"voted":605,"spoiled":11,"yays":559,"nays":35},{"committee":"УИК №3245","vibid":"4024063332171","voters":336,"total":319,"voted":319,"spoiled":0,"yays":300,"nays":19},{"committee":"УИК №3246","vibid":"4024063332172","voters":402,"total":388,"voted":388,"spoiled":4,"yays":360,"nays":24},{"committee":"УИК №3247","vibid":"4024063332173","voters":692,"total":665,"voted":665,"spoiled":7,"yays":619,"nays":39},{"committee":"УИК №3248","vibid":"4024063332174","voters":159,"total":149,"voted":149,"spoiled":1,"yays":140,"nays":8},{"committee":"УИК №3249","vibid":"4024063332175","voters":193,"total":178,"voted":178,"spoiled":1,"yays":174,"nays":3},{"committee":"УИК №3250","vibid":"4024063332176","voters":304,"total":275,"voted":275,"spoiled":1,"yays":258,"nays":16},{"committee":"УИК №3251","vibid":"4024063332177","voters":98,"total":88,"voted":88,"spoiled":0,"yays":83,"nays":5}]