[{"committee":"УИК №130","vibid":"4084014156395","voters":1070,"total":884,"voted":884,"spoiled":10,"yays":746,"nays":128},{"committee":"УИК №131","vibid":"4084014156397","voters":846,"total":711,"voted":711,"spoiled":14,"yays":648,"nays":49},{"committee":"УИК №132","vibid":"4084014156398","voters":687,"total":561,"voted":561,"spoiled":11,"yays":467,"nays":83},{"committee":"УИК №133","vibid":"4084014156399","voters":850,"total":684,"voted":684,"spoiled":6,"yays":607,"nays":71},{"committee":"УИК №134","vibid":"4084014156400","voters":525,"total":448,"voted":448,"spoiled":0,"yays":430,"nays":18},{"committee":"УИК №135","vibid":"4084014156401","voters":292,"total":252,"voted":252,"spoiled":0,"yays":221,"nays":31},{"committee":"УИК №136","vibid":"4084014156402","voters":274,"total":235,"voted":235,"spoiled":0,"yays":220,"nays":15},{"committee":"УИК №137","vibid":"4084014156403","voters":348,"total":285,"voted":285,"spoiled":0,"yays":284,"nays":1},{"committee":"УИК №138","vibid":"4084014156404","voters":660,"total":539,"voted":539,"spoiled":0,"yays":506,"nays":33},{"committee":"УИК №139","vibid":"4084014156405","voters":261,"total":235,"voted":235,"spoiled":0,"yays":186,"nays":49}]