[{"committee":"УИК №2049","vibid":"4024028348340","voters":455,"total":450,"voted":450,"spoiled":0,"yays":438,"nays":12},{"committee":"УИК №2050","vibid":"4024028348341","voters":863,"total":790,"voted":790,"spoiled":2,"yays":779,"nays":9},{"committee":"УИК №2051","vibid":"4024028348342","voters":189,"total":186,"voted":186,"spoiled":0,"yays":181,"nays":5},{"committee":"УИК №2052","vibid":"4024028348343","voters":602,"total":590,"voted":590,"spoiled":1,"yays":582,"nays":7},{"committee":"УИК №2053","vibid":"4024028348344","voters":225,"total":222,"voted":222,"spoiled":0,"yays":215,"nays":7},{"committee":"УИК №2054","vibid":"4024028348345","voters":141,"total":139,"voted":139,"spoiled":0,"yays":134,"nays":5},{"committee":"УИК №2055","vibid":"4024028348346","voters":467,"total":460,"voted":460,"spoiled":0,"yays":448,"nays":12},{"committee":"УИК №2056","vibid":"4024028348347","voters":162,"total":160,"voted":160,"spoiled":1,"yays":155,"nays":4},{"committee":"УИК №2057","vibid":"4024028348348","voters":247,"total":244,"voted":244,"spoiled":0,"yays":239,"nays":5},{"committee":"УИК №2058","vibid":"4024028348349","voters":144,"total":141,"voted":141,"spoiled":0,"yays":138,"nays":3},{"committee":"УИК №2060","vibid":"4024028348350","voters":110,"total":106,"voted":106,"spoiled":0,"yays":102,"nays":4},{"committee":"УИК №2061","vibid":"4024028348351","voters":131,"total":129,"voted":129,"spoiled":0,"yays":126,"nays":3},{"committee":"УИК №2062","vibid":"4024028348352","voters":290,"total":286,"voted":286,"spoiled":0,"yays":279,"nays":7},{"committee":"УИК №2063","vibid":"4024028348353","voters":155,"total":153,"voted":153,"spoiled":0,"yays":147,"nays":6},{"committee":"УИК №2064","vibid":"4024028348354","voters":229,"total":225,"voted":225,"spoiled":0,"yays":222,"nays":3},{"committee":"УИК №2065","vibid":"4024028348355","voters":677,"total":667,"voted":667,"spoiled":2,"yays":652,"nays":13},{"committee":"УИК №2068","vibid":"4024028348356","voters":415,"total":409,"voted":409,"spoiled":0,"yays":399,"nays":10},{"committee":"УИК №2070","vibid":"4024028348357","voters":392,"total":386,"voted":386,"spoiled":1,"yays":378,"nays":7},{"committee":"УИК №2071","vibid":"4024028348358","voters":511,"total":503,"voted":503,"spoiled":1,"yays":494,"nays":8},{"committee":"УИК №2072","vibid":"4024028348359","voters":263,"total":258,"voted":258,"spoiled":0,"yays":250,"nays":8},{"committee":"УИК №2074","vibid":"4024028348360","voters":486,"total":479,"voted":479,"spoiled":0,"yays":470,"nays":9},{"committee":"УИК №2075","vibid":"4024028348361","voters":224,"total":221,"voted":221,"spoiled":0,"yays":214,"nays":7},{"committee":"УИК №2077","vibid":"4024028348362","voters":511,"total":503,"voted":503,"spoiled":0,"yays":492,"nays":11},{"committee":"УИК №2078","vibid":"4024028348363","voters":205,"total":201,"voted":201,"spoiled":0,"yays":196,"nays":5},{"committee":"УИК №2080","vibid":"4024028348364","voters":422,"total":414,"voted":414,"spoiled":0,"yays":406,"nays":8},{"committee":"УИК №2081","vibid":"4024028348365","voters":308,"total":303,"voted":303,"spoiled":1,"yays":290,"nays":12},{"committee":"УИК №2082","vibid":"4024028348366","voters":200,"total":196,"voted":196,"spoiled":0,"yays":191,"nays":5},{"committee":"УИК №2083","vibid":"4024028348367","voters":517,"total":508,"voted":508,"spoiled":2,"yays":497,"nays":9},{"committee":"УИК №2084","vibid":"4024028348368","voters":274,"total":269,"voted":269,"spoiled":0,"yays":261,"nays":8},{"committee":"УИК №2085","vibid":"4024028348369","voters":451,"total":442,"voted":442,"spoiled":0,"yays":433,"nays":9},{"committee":"УИК №2086","vibid":"4024028348370","voters":236,"total":232,"voted":232,"spoiled":0,"yays":224,"nays":8},{"committee":"УИК №2087","vibid":"4024028348371","voters":365,"total":360,"voted":360,"spoiled":0,"yays":350,"nays":10},{"committee":"УИК №2088","vibid":"4024028348372","voters":342,"total":338,"voted":338,"spoiled":0,"yays":328,"nays":10},{"committee":"УИК №2089","vibid":"4024028348373","voters":391,"total":385,"voted":385,"spoiled":0,"yays":373,"nays":12},{"committee":"УИК №2091","vibid":"4024028348374","voters":191,"total":188,"voted":188,"spoiled":0,"yays":183,"nays":5},{"committee":"УИК №2092","vibid":"4024028348375","voters":277,"total":273,"voted":273,"spoiled":0,"yays":265,"nays":8},{"committee":"УИК №2093","vibid":"4024028348376","voters":157,"total":154,"voted":154,"spoiled":0,"yays":152,"nays":2},{"committee":"УИК №2094","vibid":"4024028348377","voters":138,"total":134,"voted":134,"spoiled":0,"yays":130,"nays":4},{"committee":"УИК №2095","vibid":"4024028348378","voters":163,"total":160,"voted":160,"spoiled":0,"yays":157,"nays":3},{"committee":"УИК №2096","vibid":"4024028348379","voters":604,"total":592,"voted":592,"spoiled":0,"yays":573,"nays":19},{"committee":"УИК №2097","vibid":"4024028348380","voters":407,"total":401,"voted":401,"spoiled":0,"yays":387,"nays":14},{"committee":"УИК №2099","vibid":"4024028348381","voters":537,"total":527,"voted":527,"spoiled":0,"yays":517,"nays":10},{"committee":"УИК №2100","vibid":"4024028348382","voters":189,"total":186,"voted":186,"spoiled":0,"yays":180,"nays":6},{"committee":"УИК №2102","vibid":"4024028348383","voters":455,"total":447,"voted":447,"spoiled":0,"yays":432,"nays":15},{"committee":"УИК №2103","vibid":"4024028348384","voters":249,"total":245,"voted":245,"spoiled":0,"yays":238,"nays":7},{"committee":"УИК №2104","vibid":"4024028348385","voters":448,"total":441,"voted":441,"spoiled":1,"yays":424,"nays":16},{"committee":"УИК №2105","vibid":"4024028348386","voters":364,"total":358,"voted":358,"spoiled":0,"yays":345,"nays":13},{"committee":"УИК №2106","vibid":"4024028348387","voters":693,"total":681,"voted":681,"spoiled":1,"yays":671,"nays":9},{"committee":"УИК №2107","vibid":"4024028348388","voters":631,"total":565,"voted":565,"spoiled":3,"yays":491,"nays":71},{"committee":"УИК №2109","vibid":"4024028348389","voters":373,"total":368,"voted":368,"spoiled":0,"yays":356,"nays":12},{"committee":"УИК №2110","vibid":"4024028348390","voters":257,"total":252,"voted":252,"spoiled":0,"yays":246,"nays":6},{"committee":"УИК №2112","vibid":"4024028348391","voters":322,"total":316,"voted":316,"spoiled":0,"yays":308,"nays":8},{"committee":"УИК №2113","vibid":"4024028348392","voters":1112,"total":1014,"voted":1014,"spoiled":2,"yays":1001,"nays":11},{"committee":"УИК №2114","vibid":"4024028348393","voters":1414,"total":1284,"voted":1284,"spoiled":3,"yays":1265,"nays":16},{"committee":"УИК №2115","vibid":"4024028348394","voters":1017,"total":929,"voted":929,"spoiled":2,"yays":905,"nays":22},{"committee":"УИК №2116","vibid":"4024028348395","voters":1222,"total":1113,"voted":1113,"spoiled":6,"yays":972,"nays":135},{"committee":"УИК №2117","vibid":"4024028348396","voters":1564,"total":1415,"voted":1415,"spoiled":8,"yays":1078,"nays":329},{"committee":"УИК №2118","vibid":"4024028348397","voters":1172,"total":1070,"voted":1070,"spoiled":2,"yays":1050,"nays":18}]