[{"committee":"УИК №79","vibid":"4084004161906","voters":630,"total":546,"voted":546,"spoiled":0,"yays":511,"nays":35},{"committee":"УИК №80","vibid":"4084004161907","voters":493,"total":404,"voted":404,"spoiled":0,"yays":361,"nays":43},{"committee":"УИК №81","vibid":"4084004161908","voters":665,"total":551,"voted":551,"spoiled":0,"yays":496,"nays":55},{"committee":"УИК №82","vibid":"4084004161909","voters":726,"total":563,"voted":563,"spoiled":5,"yays":420,"nays":138},{"committee":"УИК №83","vibid":"4084004161910","voters":461,"total":365,"voted":365,"spoiled":0,"yays":360,"nays":5},{"committee":"УИК №84","vibid":"4084004161911","voters":214,"total":204,"voted":204,"spoiled":0,"yays":198,"nays":6},{"committee":"УИК №85","vibid":"4084004161912","voters":591,"total":543,"voted":543,"spoiled":0,"yays":499,"nays":44},{"committee":"УИК №86","vibid":"4084004161913","voters":286,"total":275,"voted":275,"spoiled":0,"yays":248,"nays":27},{"committee":"УИК №87","vibid":"4084004161914","voters":616,"total":547,"voted":547,"spoiled":0,"yays":498,"nays":49},{"committee":"УИК №88","vibid":"4084004161915","voters":99,"total":97,"voted":97,"spoiled":0,"yays":92,"nays":5},{"committee":"УИК №89","vibid":"4084004161916","voters":553,"total":446,"voted":446,"spoiled":0,"yays":416,"nays":30},{"committee":"УИК №90","vibid":"4084004161917","voters":442,"total":359,"voted":359,"spoiled":0,"yays":205,"nays":154},{"committee":"УИК №91","vibid":"4084004161918","voters":522,"total":447,"voted":447,"spoiled":0,"yays":403,"nays":44},{"committee":"УИК №92","vibid":"4084004161919","voters":179,"total":166,"voted":166,"spoiled":0,"yays":153,"nays":13},{"committee":"УИК №93","vibid":"4084004161920","voters":346,"total":330,"voted":330,"spoiled":0,"yays":320,"nays":10},{"committee":"УИК №94","vibid":"4084004161921","voters":507,"total":409,"voted":409,"spoiled":0,"yays":353,"nays":56}]