[{"committee":"УИК №1445","vibid":"4024015298715","voters":1215,"total":1204,"voted":1204,"spoiled":19,"yays":1067,"nays":118},{"committee":"УИК №1446","vibid":"4024015298716","voters":727,"total":712,"voted":712,"spoiled":0,"yays":642,"nays":70},{"committee":"УИК №1448","vibid":"4024015298718","voters":200,"total":189,"voted":189,"spoiled":0,"yays":183,"nays":6},{"committee":"УИК №1449","vibid":"4024015298719","voters":129,"total":124,"voted":124,"spoiled":0,"yays":112,"nays":12},{"committee":"УИК №1450","vibid":"4024015298720","voters":331,"total":328,"voted":328,"spoiled":0,"yays":295,"nays":33},{"committee":"УИК №1454","vibid":"4024015298723","voters":464,"total":451,"voted":451,"spoiled":0,"yays":384,"nays":67},{"committee":"УИК №1455","vibid":"4024015298724","voters":895,"total":869,"voted":869,"spoiled":0,"yays":739,"nays":130},{"committee":"УИК №1456","vibid":"4024015298725","voters":166,"total":156,"voted":156,"spoiled":0,"yays":149,"nays":7},{"committee":"УИК №1457","vibid":"4024015298726","voters":403,"total":393,"voted":393,"spoiled":0,"yays":347,"nays":46},{"committee":"УИК №1458","vibid":"4024015298727","voters":132,"total":126,"voted":126,"spoiled":0,"yays":122,"nays":4},{"committee":"УИК №1459","vibid":"4024015298728","voters":974,"total":913,"voted":913,"spoiled":0,"yays":776,"nays":137},{"committee":"УИК №1460","vibid":"4024015298729","voters":795,"total":784,"voted":784,"spoiled":40,"yays":681,"nays":63},{"committee":"УИК №1461","vibid":"4024015298730","voters":129,"total":126,"voted":126,"spoiled":0,"yays":110,"nays":16},{"committee":"УИК №1462","vibid":"4024015298731","voters":669,"total":615,"voted":615,"spoiled":8,"yays":548,"nays":59},{"committee":"УИК №1463","vibid":"4024015298732","voters":262,"total":243,"voted":243,"spoiled":0,"yays":217,"nays":26},{"committee":"УИК №1464","vibid":"4024015298733","voters":295,"total":277,"voted":277,"spoiled":0,"yays":260,"nays":17},{"committee":"УИК №1465","vibid":"4024015298734","voters":799,"total":775,"voted":775,"spoiled":4,"yays":705,"nays":66},{"committee":"УИК №1467","vibid":"4024015298735","voters":166,"total":163,"voted":163,"spoiled":3,"yays":151,"nays":9},{"committee":"УИК №1468","vibid":"4024015298736","voters":298,"total":296,"voted":296,"spoiled":0,"yays":290,"nays":6},{"committee":"УИК №1470","vibid":"4024015298738","voters":506,"total":496,"voted":496,"spoiled":0,"yays":421,"nays":75},{"committee":"УИК №1471","vibid":"4024015298739","voters":174,"total":170,"voted":170,"spoiled":0,"yays":148,"nays":22},{"committee":"УИК №1472","vibid":"4024015298740","voters":1402,"total":1269,"voted":1269,"spoiled":20,"yays":842,"nays":407},{"committee":"УИК №1473","vibid":"4024015298741","voters":1067,"total":982,"voted":982,"spoiled":0,"yays":783,"nays":199},{"committee":"УИК №1474","vibid":"4024015298742","voters":1191,"total":1073,"voted":1073,"spoiled":3,"yays":546,"nays":524},{"committee":"УИК №1475","vibid":"4024015298743","voters":2083,"total":1668,"voted":1668,"spoiled":0,"yays":1267,"nays":401},{"committee":"УИК №1476","vibid":"4024015298744","voters":366,"total":360,"voted":360,"spoiled":0,"yays":324,"nays":36},{"committee":"УИК №1477","vibid":"4024015298745","voters":259,"total":259,"voted":255,"spoiled":16,"yays":229,"nays":10},{"committee":"УИК №1478","vibid":"4024015298746","voters":400,"total":397,"voted":397,"spoiled":0,"yays":369,"nays":28}]