[{"committee":"УИК №2963","vibid":"4024075427426","voters":2561,"total":2256,"voted":2256,"spoiled":5,"yays":2148,"nays":103},{"committee":"УИК №2964","vibid":"4024075427427","voters":1450,"total":1308,"voted":1308,"spoiled":17,"yays":1238,"nays":53},{"committee":"УИК №2965","vibid":"4024075427428","voters":1278,"total":1145,"voted":1145,"spoiled":0,"yays":1088,"nays":57},{"committee":"УИК №2966","vibid":"4024075427429","voters":1689,"total":1148,"voted":1148,"spoiled":4,"yays":820,"nays":324},{"committee":"УИК №2967","vibid":"4024075427430","voters":2748,"total":2546,"voted":2546,"spoiled":0,"yays":2431,"nays":115},{"committee":"УИК №2968","vibid":"4024075427431","voters":1174,"total":1034,"voted":1034,"spoiled":7,"yays":965,"nays":62},{"committee":"УИК №2969","vibid":"4024075427432","voters":2382,"total":2113,"voted":2113,"spoiled":0,"yays":1679,"nays":434},{"committee":"УИК №2970","vibid":"4024075427433","voters":2486,"total":2169,"voted":2169,"spoiled":0,"yays":2059,"nays":110},{"committee":"УИК №2971","vibid":"4024075427434","voters":2247,"total":1997,"voted":1997,"spoiled":14,"yays":1884,"nays":99},{"committee":"УИК №2972","vibid":"4024075427435","voters":1346,"total":1171,"voted":1171,"spoiled":10,"yays":1001,"nays":160},{"committee":"УИК №2973","vibid":"4024075427436","voters":1032,"total":888,"voted":888,"spoiled":0,"yays":844,"nays":44},{"committee":"УИК №2974","vibid":"4024075427437","voters":2262,"total":2001,"voted":2001,"spoiled":0,"yays":1902,"nays":99},{"committee":"УИК №2975","vibid":"4024075427438","voters":2492,"total":2268,"voted":2268,"spoiled":0,"yays":2154,"nays":114},{"committee":"УИК №2976","vibid":"4024075427439","voters":2586,"total":2311,"voted":2311,"spoiled":2,"yays":2196,"nays":113},{"committee":"УИК №2977","vibid":"4024075427440","voters":2264,"total":1949,"voted":1949,"spoiled":0,"yays":1853,"nays":96},{"committee":"УИК №2978","vibid":"4024075427441","voters":2183,"total":1878,"voted":1878,"spoiled":0,"yays":1785,"nays":93},{"committee":"УИК №2979","vibid":"4024075427442","voters":1534,"total":1316,"voted":1316,"spoiled":17,"yays":926,"nays":373},{"committee":"УИК №2980","vibid":"4024075427443","voters":835,"total":694,"voted":694,"spoiled":7,"yays":553,"nays":134},{"committee":"УИК №2981","vibid":"4024075427444","voters":1174,"total":1052,"voted":1052,"spoiled":0,"yays":998,"nays":54},{"committee":"УИК №2982","vibid":"4024075427445","voters":1202,"total":1046,"voted":1046,"spoiled":0,"yays":994,"nays":52},{"committee":"УИК №2983","vibid":"4024075427446","voters":2233,"total":1988,"voted":1988,"spoiled":0,"yays":1891,"nays":97},{"committee":"УИК №2984","vibid":"4024075427447","voters":2347,"total":1672,"voted":1672,"spoiled":14,"yays":1361,"nays":297},{"committee":"УИК №2985","vibid":"4024075427448","voters":2951,"total":2650,"voted":2650,"spoiled":20,"yays":2510,"nays":120},{"committee":"УИК №2986","vibid":"4024075427449","voters":1245,"total":1108,"voted":1108,"spoiled":0,"yays":1053,"nays":55},{"committee":"УИК №2987","vibid":"4024075427450","voters":1182,"total":1016,"voted":1016,"spoiled":15,"yays":814,"nays":187},{"committee":"УИК №2988","vibid":"4024075427451","voters":3117,"total":2756,"voted":2756,"spoiled":21,"yays":2034,"nays":701},{"committee":"УИК №2989","vibid":"4024075427452","voters":438,"total":398,"voted":398,"spoiled":0,"yays":379,"nays":19},{"committee":"УИК №2990","vibid":"4024075427453","voters":598,"total":544,"voted":544,"spoiled":0,"yays":516,"nays":28},{"committee":"УИК №2991","vibid":"4024075427454","voters":232,"total":211,"voted":211,"spoiled":0,"yays":201,"nays":10},{"committee":"УИК №2992","vibid":"4024075427455","voters":619,"total":579,"voted":579,"spoiled":0,"yays":551,"nays":28},{"committee":"УИК №2993","vibid":"4024075427456","voters":300,"total":273,"voted":273,"spoiled":0,"yays":260,"nays":13},{"committee":"УИК №2994","vibid":"4024075427457","voters":691,"total":629,"voted":629,"spoiled":0,"yays":596,"nays":33},{"committee":"УИК №2995","vibid":"4024075427458","voters":597,"total":556,"voted":556,"spoiled":5,"yays":534,"nays":17},{"committee":"УИК №2996","vibid":"4024075427459","voters":172,"total":164,"voted":164,"spoiled":4,"yays":154,"nays":6},{"committee":"УИК №2997","vibid":"4024075427460","voters":1099,"total":986,"voted":986,"spoiled":0,"yays":937,"nays":49},{"committee":"УИК №2998","vibid":"4024075427461","voters":1403,"total":1251,"voted":1251,"spoiled":11,"yays":1177,"nays":63},{"committee":"УИК №2999","vibid":"4024075427462","voters":443,"total":381,"voted":381,"spoiled":0,"yays":361,"nays":20},{"committee":"УИК №3000","vibid":"4024075427463","voters":889,"total":810,"voted":810,"spoiled":3,"yays":767,"nays":40},{"committee":"УИК №3001","vibid":"4024075427464","voters":600,"total":546,"voted":546,"spoiled":1,"yays":519,"nays":26},{"committee":"УИК №3002","vibid":"4024075427465","voters":931,"total":838,"voted":838,"spoiled":0,"yays":796,"nays":42},{"committee":"УИК №3003","vibid":"4024075427466","voters":405,"total":366,"voted":366,"spoiled":2,"yays":348,"nays":16},{"committee":"УИК №3004","vibid":"4024075427467","voters":1821,"total":744,"voted":744,"spoiled":0,"yays":502,"nays":242},{"committee":"УИК №3005","vibid":"4024075427468","voters":2608,"total":1156,"voted":1156,"spoiled":9,"yays":773,"nays":374},{"committee":"УИК №3006","vibid":"4024075427469","voters":2044,"total":1701,"voted":1701,"spoiled":0,"yays":1620,"nays":81},{"committee":"УИК №3007","vibid":"4024075427470","voters":1650,"total":852,"voted":852,"spoiled":13,"yays":622,"nays":217},{"committee":"УИК №3008","vibid":"4024075427471","voters":504,"total":428,"voted":428,"spoiled":0,"yays":315,"nays":113},{"committee":"УИК №3009","vibid":"4024075427472","voters":779,"total":645,"voted":645,"spoiled":17,"yays":613,"nays":15},{"committee":"УИК №3010","vibid":"4024075427473","voters":271,"total":231,"voted":231,"spoiled":0,"yays":220,"nays":11},{"committee":"УИК №3011","vibid":"4024075427474","voters":506,"total":435,"voted":435,"spoiled":0,"yays":414,"nays":21},{"committee":"УИК №3012","vibid":"4024075427475","voters":745,"total":678,"voted":678,"spoiled":7,"yays":644,"nays":27},{"committee":"УИК №3013","vibid":"4024075427476","voters":244,"total":225,"voted":225,"spoiled":11,"yays":197,"nays":17},{"committee":"УИК №3014","vibid":"4024075427477","voters":327,"total":315,"voted":315,"spoiled":0,"yays":311,"nays":4},{"committee":"УИК №3015","vibid":"4024075427478","voters":425,"total":402,"voted":402,"spoiled":4,"yays":385,"nays":13},{"committee":"УИК №3016","vibid":"4024075427479","voters":213,"total":194,"voted":194,"spoiled":0,"yays":191,"nays":3},{"committee":"УИК №3017","vibid":"4024075427480","voters":236,"total":216,"voted":216,"spoiled":27,"yays":181,"nays":8},{"committee":"УИК №3018","vibid":"4024075427481","voters":315,"total":306,"voted":306,"spoiled":0,"yays":292,"nays":14},{"committee":"УИК №3019","vibid":"4024075427482","voters":385,"total":360,"voted":360,"spoiled":9,"yays":336,"nays":15},{"committee":"УИК №3020","vibid":"4024075427483","voters":614,"total":560,"voted":560,"spoiled":0,"yays":520,"nays":40},{"committee":"УИК №3021","vibid":"4024075427484","voters":493,"total":420,"voted":420,"spoiled":0,"yays":399,"nays":21},{"committee":"УИК №3022","vibid":"4024075427485","voters":415,"total":355,"voted":355,"spoiled":2,"yays":298,"nays":55},{"committee":"УИК №3023","vibid":"4024075427486","voters":1247,"total":1132,"voted":1132,"spoiled":0,"yays":1100,"nays":32},{"committee":"УИК №3024","vibid":"4024075427487","voters":1255,"total":1231,"voted":1231,"spoiled":0,"yays":1206,"nays":25},{"committee":"УИК №3025","vibid":"4024075427488","voters":575,"total":489,"voted":489,"spoiled":8,"yays":371,"nays":110},{"committee":"УИК №3026","vibid":"4024075427489","voters":400,"total":340,"voted":340,"spoiled":0,"yays":320,"nays":20},{"committee":"УИК №3027","vibid":"4024075427490","voters":2074,"total":1845,"voted":1845,"spoiled":18,"yays":1746,"nays":81},{"committee":"УИК №3028","vibid":"4024075427491","voters":2068,"total":1840,"voted":1840,"spoiled":10,"yays":1748,"nays":82},{"committee":"УИК №3029","vibid":"4024075427492","voters":2862,"total":2600,"voted":2547,"spoiled":18,"yays":2441,"nays":88},{"committee":"УИК №3030","vibid":"4024075427493","voters":1386,"total":1261,"voted":1261,"spoiled":0,"yays":1198,"nays":63},{"committee":"УИК №3031","vibid":"4024075427494","voters":1994,"total":1795,"voted":1795,"spoiled":0,"yays":1706,"nays":89},{"committee":"УИК №3032","vibid":"4024075427495","voters":1521,"total":1357,"voted":1357,"spoiled":5,"yays":1277,"nays":75},{"committee":"УИК №3033","vibid":"4024075427496","voters":1816,"total":1634,"voted":1634,"spoiled":0,"yays":1543,"nays":91},{"committee":"УИК №3034","vibid":"4024075427497","voters":464,"total":425,"voted":425,"spoiled":0,"yays":405,"nays":20},{"committee":"УИК №3035","vibid":"4024075427498","voters":215,"total":194,"voted":194,"spoiled":0,"yays":185,"nays":9},{"committee":"УИК №3036","vibid":"4024075427499","voters":154,"total":138,"voted":138,"spoiled":5,"yays":127,"nays":6},{"committee":"УИК №3037","vibid":"4024075427500","voters":262,"total":238,"voted":238,"spoiled":12,"yays":192,"nays":34},{"committee":"УИК №3038","vibid":"4024075427501","voters":151,"total":148,"voted":148,"spoiled":1,"yays":144,"nays":3},{"committee":"УИК №3039","vibid":"4024075427502","voters":266,"total":249,"voted":249,"spoiled":0,"yays":237,"nays":12},{"committee":"УИК №3040","vibid":"4024075427503","voters":817,"total":743,"voted":743,"spoiled":0,"yays":706,"nays":37},{"committee":"УИК №3041","vibid":"4024075427504","voters":626,"total":576,"voted":576,"spoiled":0,"yays":549,"nays":27},{"committee":"УИК №3042","vibid":"4024075427505","voters":1486,"total":1352,"voted":1352,"spoiled":0,"yays":1284,"nays":68},{"committee":"УИК №3043","vibid":"4024075427506","voters":229,"total":212,"voted":212,"spoiled":0,"yays":201,"nays":11},{"committee":"УИК №3044","vibid":"4024075427507","voters":261,"total":225,"voted":225,"spoiled":19,"yays":196,"nays":10},{"committee":"УИК №3045","vibid":"4024075427508","voters":243,"total":209,"voted":209,"spoiled":0,"yays":197,"nays":12}]