[{"committee":"УИК №1","vibid":"4014001127590","voters":2277,"total":1925,"voted":1925,"spoiled":0,"yays":1749,"nays":176},{"committee":"УИК №2","vibid":"4014001127591","voters":2694,"total":2290,"voted":2290,"spoiled":7,"yays":2117,"nays":166},{"committee":"УИК №3","vibid":"4014001127592","voters":2865,"total":2441,"voted":2441,"spoiled":11,"yays":2171,"nays":259},{"committee":"УИК №4","vibid":"4014001127593","voters":2054,"total":1669,"voted":1669,"spoiled":8,"yays":1381,"nays":280},{"committee":"УИК №5","vibid":"4014001127594","voters":714,"total":607,"voted":607,"spoiled":1,"yays":473,"nays":133},{"committee":"УИК №6","vibid":"4014001127595","voters":1065,"total":878,"voted":878,"spoiled":3,"yays":746,"nays":129}]