[{"committee":"УИК №501","vibid":"4064002210754","voters":1685,"total":1273,"voted":1273,"spoiled":9,"yays":1142,"nays":122},{"committee":"УИК №502","vibid":"4064002210755","voters":1073,"total":787,"voted":787,"spoiled":7,"yays":641,"nays":139},{"committee":"УИК №503","vibid":"4064002210756","voters":2322,"total":1678,"voted":1678,"spoiled":9,"yays":1461,"nays":208},{"committee":"УИК №504","vibid":"4064002210757","voters":1295,"total":886,"voted":886,"spoiled":8,"yays":786,"nays":92},{"committee":"УИК №505","vibid":"4064002210758","voters":1274,"total":893,"voted":893,"spoiled":7,"yays":751,"nays":135},{"committee":"УИК №506","vibid":"4064002210759","voters":1097,"total":748,"voted":748,"spoiled":5,"yays":598,"nays":145},{"committee":"УИК №507","vibid":"4064002210760","voters":983,"total":681,"voted":681,"spoiled":2,"yays":596,"nays":83},{"committee":"УИК №509","vibid":"4064002210762","voters":1754,"total":1304,"voted":1304,"spoiled":9,"yays":1150,"nays":145},{"committee":"УИК №511","vibid":"4064002210764","voters":435,"total":383,"voted":383,"spoiled":1,"yays":331,"nays":51},{"committee":"УИК №513","vibid":"4064002210766","voters":1828,"total":1535,"voted":1535,"spoiled":8,"yays":1323,"nays":204},{"committee":"УИК №515","vibid":"4064002210768","voters":1514,"total":1301,"voted":1301,"spoiled":7,"yays":1156,"nays":138},{"committee":"УИК №517","vibid":"4064002210770","voters":1576,"total":1235,"voted":1235,"spoiled":7,"yays":1067,"nays":161},{"committee":"УИК №519","vibid":"4064002210772","voters":1166,"total":1073,"voted":1073,"spoiled":5,"yays":949,"nays":119},{"committee":"УИК №520","vibid":"4064002210773","voters":1571,"total":1302,"voted":1302,"spoiled":7,"yays":1119,"nays":176},{"committee":"УИК №521","vibid":"4064002210774","voters":1987,"total":1686,"voted":1686,"spoiled":8,"yays":1492,"nays":186},{"committee":"УИК №523","vibid":"4064002210776","voters":632,"total":524,"voted":524,"spoiled":2,"yays":457,"nays":65}]