[{"committee":"УИК №1075","vibid":"4024008407988","voters":901,"total":882,"voted":882,"spoiled":2,"yays":847,"nays":33},{"committee":"УИК №1076","vibid":"4024008407989","voters":1161,"total":1112,"voted":1112,"spoiled":4,"yays":1057,"nays":51},{"committee":"УИК №1077","vibid":"4024008407990","voters":800,"total":785,"voted":785,"spoiled":0,"yays":754,"nays":31},{"committee":"УИК №1078","vibid":"4024008407991","voters":1174,"total":1152,"voted":1152,"spoiled":2,"yays":1105,"nays":45},{"committee":"УИК №1079","vibid":"4024008407992","voters":407,"total":398,"voted":398,"spoiled":10,"yays":370,"nays":18},{"committee":"УИК №1080","vibid":"4024008407993","voters":1167,"total":1103,"voted":1103,"spoiled":5,"yays":1043,"nays":55},{"committee":"УИК №1081","vibid":"4024008407994","voters":1217,"total":1107,"voted":1107,"spoiled":4,"yays":948,"nays":155},{"committee":"УИК №1082","vibid":"4024008407995","voters":428,"total":407,"voted":407,"spoiled":0,"yays":386,"nays":21},{"committee":"УИК №1083","vibid":"4024008407996","voters":380,"total":368,"voted":368,"spoiled":0,"yays":350,"nays":18},{"committee":"УИК №1084","vibid":"4024008407997","voters":277,"total":275,"voted":275,"spoiled":0,"yays":270,"nays":5},{"committee":"УИК №1085","vibid":"4024008407998","voters":353,"total":343,"voted":343,"spoiled":0,"yays":326,"nays":17},{"committee":"УИК №1086","vibid":"4024008407999","voters":367,"total":356,"voted":356,"spoiled":0,"yays":342,"nays":14},{"committee":"УИК №1087","vibid":"4024008408000","voters":362,"total":356,"voted":356,"spoiled":5,"yays":340,"nays":11},{"committee":"УИК №1088","vibid":"4024008408001","voters":393,"total":382,"voted":382,"spoiled":0,"yays":371,"nays":11},{"committee":"УИК №1089","vibid":"4024008408002","voters":179,"total":174,"voted":174,"spoiled":0,"yays":172,"nays":2},{"committee":"УИК №1090","vibid":"4024008408003","voters":390,"total":376,"voted":376,"spoiled":0,"yays":361,"nays":15},{"committee":"УИК №1091","vibid":"4024008408004","voters":353,"total":342,"voted":342,"spoiled":0,"yays":331,"nays":11},{"committee":"УИК №1092","vibid":"4024008408005","voters":335,"total":325,"voted":325,"spoiled":0,"yays":318,"nays":7},{"committee":"УИК №1093","vibid":"4024008408006","voters":501,"total":491,"voted":491,"spoiled":0,"yays":472,"nays":19},{"committee":"УИК №1094","vibid":"4024008408007","voters":124,"total":121,"voted":121,"spoiled":0,"yays":117,"nays":4},{"committee":"УИК №1095","vibid":"4024008408008","voters":388,"total":380,"voted":380,"spoiled":6,"yays":359,"nays":15},{"committee":"УИК №1096","vibid":"4024008408009","voters":131,"total":129,"voted":129,"spoiled":0,"yays":125,"nays":4},{"committee":"УИК №1097","vibid":"4024008408010","voters":280,"total":276,"voted":276,"spoiled":0,"yays":262,"nays":14},{"committee":"УИК №1098","vibid":"4024008408011","voters":107,"total":106,"voted":106,"spoiled":0,"yays":102,"nays":4},{"committee":"УИК №1099","vibid":"4024008408012","voters":366,"total":358,"voted":358,"spoiled":0,"yays":344,"nays":14},{"committee":"УИК №1100","vibid":"4024008408013","voters":238,"total":229,"voted":229,"spoiled":0,"yays":211,"nays":18},{"committee":"УИК №1101","vibid":"4024008408014","voters":86,"total":85,"voted":85,"spoiled":0,"yays":83,"nays":2},{"committee":"УИК №1102","vibid":"4024008408015","voters":142,"total":139,"voted":139,"spoiled":0,"yays":135,"nays":4},{"committee":"УИК №1103","vibid":"4024008408016","voters":193,"total":189,"voted":189,"spoiled":1,"yays":181,"nays":7},{"committee":"УИК №1104","vibid":"4024008408017","voters":211,"total":206,"voted":206,"spoiled":1,"yays":197,"nays":8},{"committee":"УИК №1105","vibid":"4024008408018","voters":187,"total":185,"voted":185,"spoiled":2,"yays":177,"nays":6},{"committee":"УИК №1106","vibid":"4024008408019","voters":672,"total":652,"voted":652,"spoiled":0,"yays":626,"nays":26},{"committee":"УИК №1107","vibid":"4024008408020","voters":755,"total":734,"voted":734,"spoiled":0,"yays":712,"nays":22},{"committee":"УИК №1108","vibid":"4024008408021","voters":314,"total":304,"voted":304,"spoiled":2,"yays":250,"nays":52},{"committee":"УИК №1109","vibid":"4024008408022","voters":269,"total":261,"voted":261,"spoiled":0,"yays":250,"nays":11},{"committee":"УИК №1110","vibid":"4024008408023","voters":294,"total":290,"voted":290,"spoiled":1,"yays":279,"nays":10},{"committee":"УИК №1111","vibid":"4024008408024","voters":246,"total":242,"voted":242,"spoiled":0,"yays":233,"nays":9},{"committee":"УИК №1112","vibid":"4024008408025","voters":573,"total":562,"voted":562,"spoiled":3,"yays":539,"nays":20},{"committee":"УИК №1113","vibid":"4024008408026","voters":435,"total":422,"voted":422,"spoiled":1,"yays":402,"nays":19},{"committee":"УИК №1114","vibid":"4024008408027","voters":156,"total":152,"voted":152,"spoiled":0,"yays":145,"nays":7},{"committee":"УИК №1115","vibid":"4024008408028","voters":67,"total":64,"voted":64,"spoiled":0,"yays":61,"nays":3},{"committee":"УИК №1116","vibid":"4024008408029","voters":279,"total":274,"voted":274,"spoiled":0,"yays":262,"nays":12},{"committee":"УИК №1117","vibid":"4024008408030","voters":221,"total":216,"voted":216,"spoiled":0,"yays":213,"nays":3},{"committee":"УИК №1118","vibid":"4024008408031","voters":155,"total":149,"voted":149,"spoiled":0,"yays":143,"nays":6},{"committee":"УИК №1119","vibid":"4024008408032","voters":755,"total":719,"voted":719,"spoiled":3,"yays":688,"nays":28},{"committee":"УИК №1120","vibid":"4024008408033","voters":333,"total":324,"voted":324,"spoiled":0,"yays":308,"nays":16},{"committee":"УИК №1121","vibid":"4024008408034","voters":351,"total":346,"voted":346,"spoiled":1,"yays":332,"nays":13},{"committee":"УИК №1122","vibid":"4024008408035","voters":127,"total":126,"voted":126,"spoiled":1,"yays":121,"nays":4},{"committee":"УИК №1123","vibid":"4024008408036","voters":366,"total":359,"voted":359,"spoiled":2,"yays":345,"nays":12},{"committee":"УИК №1124","vibid":"4024008408037","voters":1270,"total":1164,"voted":1164,"spoiled":5,"yays":1045,"nays":114},{"committee":"УИК №1125","vibid":"4024008408038","voters":169,"total":168,"voted":168,"spoiled":0,"yays":162,"nays":6},{"committee":"УИК №1126","vibid":"4024008408039","voters":70,"total":68,"voted":68,"spoiled":0,"yays":66,"nays":2},{"committee":"УИК №1127","vibid":"4024008408040","voters":94,"total":92,"voted":92,"spoiled":0,"yays":88,"nays":4},{"committee":"УИК №1128","vibid":"4024008408041","voters":121,"total":117,"voted":117,"spoiled":0,"yays":113,"nays":4},{"committee":"УИК №1129","vibid":"4024008408042","voters":95,"total":93,"voted":93,"spoiled":0,"yays":91,"nays":2}]