[{"committee":"УИК №273","vibid":"4054008172904","voters":2322,"total":2184,"voted":2184,"spoiled":16,"yays":1877,"nays":291},{"committee":"УИК №274","vibid":"4054008172905","voters":909,"total":860,"voted":860,"spoiled":10,"yays":683,"nays":167},{"committee":"УИК №275","vibid":"4054008172906","voters":719,"total":683,"voted":683,"spoiled":0,"yays":591,"nays":92},{"committee":"УИК №276","vibid":"4054008172907","voters":1807,"total":1704,"voted":1704,"spoiled":0,"yays":1536,"nays":168},{"committee":"УИК №277","vibid":"4054008172908","voters":2339,"total":2207,"voted":2207,"spoiled":14,"yays":2078,"nays":115},{"committee":"УИК №278","vibid":"4054008172909","voters":259,"total":243,"voted":243,"spoiled":4,"yays":219,"nays":20},{"committee":"УИК №279","vibid":"4054008172910","voters":67,"total":50,"voted":50,"spoiled":1,"yays":43,"nays":6},{"committee":"УИК №280","vibid":"4054008172911","voters":648,"total":609,"voted":609,"spoiled":0,"yays":561,"nays":48},{"committee":"УИК №281","vibid":"4054008172912","voters":447,"total":411,"voted":411,"spoiled":6,"yays":350,"nays":55},{"committee":"УИК №282","vibid":"4054008172913","voters":1919,"total":1795,"voted":1795,"spoiled":36,"yays":1609,"nays":150},{"committee":"УИК №283","vibid":"4054008172914","voters":404,"total":378,"voted":378,"spoiled":0,"yays":315,"nays":63},{"committee":"УИК №284","vibid":"4054008172915","voters":63,"total":57,"voted":57,"spoiled":0,"yays":52,"nays":5},{"committee":"УИК №285","vibid":"4054008172916","voters":75,"total":67,"voted":67,"spoiled":0,"yays":60,"nays":7},{"committee":"УИК №286","vibid":"4054008172917","voters":253,"total":238,"voted":238,"spoiled":0,"yays":217,"nays":21},{"committee":"УИК №287","vibid":"4054008172918","voters":57,"total":53,"voted":53,"spoiled":0,"yays":49,"nays":4},{"committee":"УИК №288","vibid":"4054008172919","voters":560,"total":528,"voted":528,"spoiled":0,"yays":481,"nays":47},{"committee":"УИК №289","vibid":"4054008172920","voters":59,"total":54,"voted":54,"spoiled":0,"yays":48,"nays":6},{"committee":"УИК №290","vibid":"4054008172921","voters":21,"total":19,"voted":19,"spoiled":0,"yays":17,"nays":2},{"committee":"УИК №291","vibid":"4054008172922","voters":44,"total":39,"voted":39,"spoiled":0,"yays":35,"nays":4},{"committee":"УИК №292","vibid":"4054008172923","voters":64,"total":47,"voted":47,"spoiled":0,"yays":45,"nays":2},{"committee":"УИК №293","vibid":"4054008172924","voters":400,"total":307,"voted":307,"spoiled":2,"yays":287,"nays":18}]