[{"committee":"УИК №515","vibid":"4024044201777","voters":788,"total":682,"voted":682,"spoiled":0,"yays":650,"nays":32},{"committee":"УИК №516","vibid":"4024044201778","voters":1541,"total":1357,"voted":1357,"spoiled":5,"yays":1150,"nays":202},{"committee":"УИК №517","vibid":"4024044201779","voters":1860,"total":1613,"voted":1613,"spoiled":0,"yays":1534,"nays":79},{"committee":"УИК №518","vibid":"4024044201780","voters":2412,"total":2077,"voted":2077,"spoiled":0,"yays":1973,"nays":104},{"committee":"УИК №519","vibid":"4024044201781","voters":2201,"total":1910,"voted":1910,"spoiled":0,"yays":1816,"nays":94},{"committee":"УИК №520","vibid":"4024044201782","voters":1992,"total":1718,"voted":1718,"spoiled":0,"yays":1635,"nays":83},{"committee":"УИК №521","vibid":"4024044201783","voters":1944,"total":1694,"voted":1694,"spoiled":3,"yays":1606,"nays":85},{"committee":"УИК №522","vibid":"4024044201784","voters":2674,"total":2308,"voted":2308,"spoiled":6,"yays":2193,"nays":109},{"committee":"УИК №523","vibid":"4024044201785","voters":1064,"total":922,"voted":922,"spoiled":3,"yays":758,"nays":161},{"committee":"УИК №524","vibid":"4024044201786","voters":409,"total":402,"voted":402,"spoiled":0,"yays":388,"nays":14},{"committee":"УИК №525","vibid":"4024044201787","voters":1769,"total":1525,"voted":1525,"spoiled":9,"yays":1289,"nays":227},{"committee":"УИК №526","vibid":"4024044201788","voters":952,"total":821,"voted":821,"spoiled":0,"yays":768,"nays":53},{"committee":"УИК №527","vibid":"4024044201789","voters":2106,"total":1816,"voted":1816,"spoiled":4,"yays":1721,"nays":91},{"committee":"УИК №528","vibid":"4024044201790","voters":2094,"total":1825,"voted":1825,"spoiled":5,"yays":1737,"nays":83},{"committee":"УИК №529","vibid":"4024044201791","voters":1938,"total":1680,"voted":1680,"spoiled":0,"yays":1596,"nays":84},{"committee":"УИК №530","vibid":"4024044201792","voters":1843,"total":1589,"voted":1589,"spoiled":0,"yays":1510,"nays":79},{"committee":"УИК №531","vibid":"4024044201793","voters":1371,"total":1181,"voted":1181,"spoiled":12,"yays":996,"nays":173},{"committee":"УИК №532","vibid":"4024044201794","voters":2425,"total":2091,"voted":2091,"spoiled":0,"yays":1986,"nays":105},{"committee":"УИК №533","vibid":"4024044201795","voters":2328,"total":2008,"voted":2008,"spoiled":2,"yays":1908,"nays":98},{"committee":"УИК №534","vibid":"4024044201796","voters":2079,"total":1795,"voted":1795,"spoiled":13,"yays":1701,"nays":81},{"committee":"УИК №535","vibid":"4024044201797","voters":1092,"total":936,"voted":936,"spoiled":5,"yays":774,"nays":157},{"committee":"УИК №536","vibid":"4024044201798","voters":2596,"total":2241,"voted":2241,"spoiled":1,"yays":2128,"nays":112},{"committee":"УИК №537","vibid":"4024044201799","voters":1587,"total":1412,"voted":1412,"spoiled":35,"yays":1017,"nays":360},{"committee":"УИК №538","vibid":"4024044201800","voters":1664,"total":1435,"voted":1435,"spoiled":0,"yays":1363,"nays":72},{"committee":"УИК №539","vibid":"4024044201801","voters":2364,"total":2034,"voted":2034,"spoiled":6,"yays":1932,"nays":96},{"committee":"УИК №540","vibid":"4024044201802","voters":2374,"total":2048,"voted":2048,"spoiled":5,"yays":1940,"nays":103},{"committee":"УИК №541","vibid":"4024044201803","voters":2011,"total":1775,"voted":1775,"spoiled":0,"yays":1686,"nays":89},{"committee":"УИК №542","vibid":"4024044201804","voters":1391,"total":1199,"voted":1199,"spoiled":0,"yays":1148,"nays":51},{"committee":"УИК №543","vibid":"4024044201805","voters":2712,"total":2338,"voted":2337,"spoiled":0,"yays":2222,"nays":115},{"committee":"УИК №544","vibid":"4024044201806","voters":2814,"total":2448,"voted":2448,"spoiled":6,"yays":2289,"nays":153},{"committee":"УИК №545","vibid":"4024044201807","voters":2932,"total":2515,"voted":2515,"spoiled":5,"yays":2364,"nays":146},{"committee":"УИК №546","vibid":"4024044201808","voters":2327,"total":2020,"voted":2020,"spoiled":0,"yays":1889,"nays":131},{"committee":"УИК №547","vibid":"4024044201809","voters":2574,"total":2421,"voted":2421,"spoiled":3,"yays":2063,"nays":355},{"committee":"УИК №548","vibid":"4024044201810","voters":2607,"total":2237,"voted":2237,"spoiled":2,"yays":2094,"nays":141},{"committee":"УИК №549","vibid":"4024044201811","voters":2149,"total":1853,"voted":1853,"spoiled":15,"yays":1735,"nays":103},{"committee":"УИК №550","vibid":"4024044201812","voters":2596,"total":2238,"voted":2238,"spoiled":22,"yays":2105,"nays":111},{"committee":"УИК №551","vibid":"4024044201813","voters":790,"total":698,"voted":698,"spoiled":10,"yays":661,"nays":27},{"committee":"УИК №552","vibid":"4024044201814","voters":1542,"total":1331,"voted":1331,"spoiled":10,"yays":1155,"nays":166},{"committee":"УИК №553","vibid":"4024044201815","voters":1465,"total":1281,"voted":1281,"spoiled":7,"yays":1197,"nays":77},{"committee":"УИК №554","vibid":"4024044201816","voters":1385,"total":1192,"voted":1191,"spoiled":3,"yays":1127,"nays":61},{"committee":"УИК №555","vibid":"4024044201817","voters":2029,"total":1749,"voted":1749,"spoiled":3,"yays":1662,"nays":84}]