[{"committee":"УИК №3361","vibid":"4024066299584","voters":332,"total":306,"voted":306,"spoiled":0,"yays":278,"nays":28},{"committee":"УИК №3362","vibid":"4024066299585","voters":272,"total":253,"voted":253,"spoiled":1,"yays":235,"nays":17},{"committee":"УИК №3363","vibid":"4024066299586","voters":165,"total":152,"voted":152,"spoiled":0,"yays":137,"nays":15},{"committee":"УИК №3364","vibid":"4024066299587","voters":331,"total":308,"voted":308,"spoiled":6,"yays":280,"nays":22},{"committee":"УИК №3365","vibid":"4024066299588","voters":121,"total":113,"voted":113,"spoiled":0,"yays":104,"nays":9},{"committee":"УИК №3366","vibid":"4024066299589","voters":504,"total":464,"voted":464,"spoiled":10,"yays":357,"nays":97},{"committee":"УИК №3367","vibid":"4024066299590","voters":455,"total":428,"voted":428,"spoiled":3,"yays":396,"nays":29},{"committee":"УИК №3368","vibid":"4024066299591","voters":464,"total":440,"voted":440,"spoiled":5,"yays":405,"nays":30},{"committee":"УИК №3369","vibid":"4024066299592","voters":217,"total":206,"voted":206,"spoiled":13,"yays":180,"nays":13},{"committee":"УИК №3370","vibid":"4024066299593","voters":387,"total":360,"voted":360,"spoiled":3,"yays":329,"nays":28},{"committee":"УИК №3371","vibid":"4024066299594","voters":253,"total":241,"voted":241,"spoiled":4,"yays":221,"nays":16},{"committee":"УИК №3372","vibid":"4024066299595","voters":195,"total":182,"voted":182,"spoiled":8,"yays":170,"nays":4},{"committee":"УИК №3373","vibid":"4024066299596","voters":296,"total":282,"voted":282,"spoiled":2,"yays":263,"nays":17},{"committee":"УИК №3374","vibid":"4024066299597","voters":753,"total":701,"voted":701,"spoiled":3,"yays":645,"nays":53},{"committee":"УИК №3375","vibid":"4024066299598","voters":167,"total":160,"voted":160,"spoiled":1,"yays":147,"nays":12},{"committee":"УИК №3377","vibid":"4024066299599","voters":524,"total":494,"voted":494,"spoiled":3,"yays":458,"nays":33},{"committee":"УИК №3378","vibid":"4024066299600","voters":274,"total":257,"voted":257,"spoiled":2,"yays":250,"nays":5},{"committee":"УИК №3379","vibid":"4024066299601","voters":354,"total":340,"voted":340,"spoiled":1,"yays":330,"nays":9},{"committee":"УИК №3380","vibid":"4024066299602","voters":119,"total":113,"voted":113,"spoiled":0,"yays":107,"nays":6},{"committee":"УИК №3381","vibid":"4024066299603","voters":341,"total":322,"voted":322,"spoiled":2,"yays":300,"nays":20},{"committee":"УИК №3383","vibid":"4024066299604","voters":344,"total":332,"voted":332,"spoiled":3,"yays":315,"nays":14},{"committee":"УИК №3384","vibid":"4024066299605","voters":555,"total":528,"voted":528,"spoiled":5,"yays":476,"nays":47},{"committee":"УИК №3386","vibid":"4024066299606","voters":158,"total":149,"voted":149,"spoiled":0,"yays":140,"nays":9},{"committee":"УИК №3387","vibid":"4024066299607","voters":544,"total":506,"voted":506,"spoiled":2,"yays":470,"nays":34},{"committee":"УИК №3388","vibid":"4024066299608","voters":98,"total":95,"voted":95,"spoiled":1,"yays":86,"nays":8},{"committee":"УИК №3389","vibid":"4024066299609","voters":345,"total":326,"voted":326,"spoiled":4,"yays":312,"nays":10},{"committee":"УИК №3390","vibid":"4024066299610","voters":292,"total":270,"voted":270,"spoiled":5,"yays":247,"nays":18},{"committee":"УИК №3391","vibid":"4024066299611","voters":277,"total":261,"voted":261,"spoiled":1,"yays":241,"nays":19},{"committee":"УИК №3392","vibid":"4024066299612","voters":182,"total":173,"voted":173,"spoiled":3,"yays":165,"nays":5},{"committee":"УИК №3393","vibid":"4024066299613","voters":130,"total":125,"voted":125,"spoiled":0,"yays":117,"nays":8},{"committee":"УИК №3394","vibid":"4024066299614","voters":270,"total":252,"voted":252,"spoiled":11,"yays":219,"nays":22},{"committee":"УИК №3395","vibid":"4024066299615","voters":392,"total":361,"voted":361,"spoiled":8,"yays":325,"nays":28},{"committee":"УИК №3396","vibid":"4024066299616","voters":206,"total":186,"voted":186,"spoiled":1,"yays":165,"nays":20},{"committee":"УИК №3397","vibid":"4024066299617","voters":663,"total":631,"voted":631,"spoiled":3,"yays":583,"nays":45},{"committee":"УИК №3398","vibid":"4024066299618","voters":399,"total":371,"voted":371,"spoiled":2,"yays":338,"nays":31},{"committee":"УИК №3399","vibid":"4024066299619","voters":1027,"total":927,"voted":927,"spoiled":78,"yays":772,"nays":77},{"committee":"УИК №3400","vibid":"4024066299620","voters":1485,"total":1300,"voted":1300,"spoiled":66,"yays":1136,"nays":98},{"committee":"УИК №3401","vibid":"4024066299621","voters":929,"total":882,"voted":882,"spoiled":38,"yays":776,"nays":68},{"committee":"УИК №3402","vibid":"4024066299622","voters":972,"total":905,"voted":905,"spoiled":14,"yays":813,"nays":78},{"committee":"УИК №3403","vibid":"4024066299623","voters":602,"total":560,"voted":560,"spoiled":4,"yays":516,"nays":40},{"committee":"УИК №3404","vibid":"4024066299624","voters":130,"total":121,"voted":121,"spoiled":0,"yays":109,"nays":12},{"committee":"УИК №3479","vibid":"4024066299625","voters":460,"total":428,"voted":428,"spoiled":7,"yays":389,"nays":32}]