[{"committee":"УИК №270","vibid":"4034009275565","voters":269,"total":210,"voted":210,"spoiled":1,"yays":129,"nays":80},{"committee":"УИК №271","vibid":"4034009275566","voters":365,"total":225,"voted":225,"spoiled":10,"yays":122,"nays":93},{"committee":"УИК №272","vibid":"4034009275567","voters":176,"total":146,"voted":146,"spoiled":0,"yays":92,"nays":54},{"committee":"УИК №273","vibid":"4034009275568","voters":147,"total":116,"voted":116,"spoiled":0,"yays":74,"nays":42},{"committee":"УИК №274","vibid":"4034009275569","voters":356,"total":207,"voted":207,"spoiled":4,"yays":146,"nays":57},{"committee":"УИК №275","vibid":"4034009275570","voters":648,"total":405,"voted":405,"spoiled":17,"yays":259,"nays":129},{"committee":"УИК №276","vibid":"4034009275571","voters":307,"total":218,"voted":218,"spoiled":1,"yays":156,"nays":61},{"committee":"УИК №277","vibid":"4034009275572","voters":130,"total":109,"voted":109,"spoiled":0,"yays":76,"nays":33},{"committee":"УИК №278","vibid":"4034009275573","voters":474,"total":358,"voted":358,"spoiled":5,"yays":243,"nays":110},{"committee":"УИК №279","vibid":"4034009275574","voters":609,"total":451,"voted":451,"spoiled":6,"yays":324,"nays":121},{"committee":"УИК №280","vibid":"4034009275575","voters":470,"total":295,"voted":295,"spoiled":2,"yays":215,"nays":78},{"committee":"УИК №281","vibid":"4034009275576","voters":472,"total":326,"voted":326,"spoiled":1,"yays":205,"nays":120},{"committee":"УИК №282","vibid":"4034009275577","voters":234,"total":210,"voted":210,"spoiled":6,"yays":154,"nays":50},{"committee":"УИК №283","vibid":"4034009275578","voters":128,"total":90,"voted":90,"spoiled":1,"yays":80,"nays":9},{"committee":"УИК №284","vibid":"4034009275579","voters":105,"total":69,"voted":69,"spoiled":2,"yays":35,"nays":32},{"committee":"УИК №285","vibid":"4034009275580","voters":163,"total":119,"voted":119,"spoiled":4,"yays":74,"nays":41},{"committee":"УИК №286","vibid":"4034009275581","voters":424,"total":300,"voted":300,"spoiled":1,"yays":188,"nays":111},{"committee":"УИК №287","vibid":"4034009275582","voters":198,"total":133,"voted":133,"spoiled":2,"yays":85,"nays":46},{"committee":"УИК №288","vibid":"4034009275583","voters":205,"total":143,"voted":143,"spoiled":2,"yays":119,"nays":22},{"committee":"УИК №289","vibid":"4034009275584","voters":144,"total":114,"voted":114,"spoiled":0,"yays":59,"nays":55},{"committee":"УИК №290","vibid":"4034009275585","voters":101,"total":62,"voted":62,"spoiled":1,"yays":45,"nays":16},{"committee":"УИК №291","vibid":"4034009275586","voters":1039,"total":606,"voted":606,"spoiled":4,"yays":358,"nays":244},{"committee":"УИК №292","vibid":"4034009275587","voters":818,"total":488,"voted":488,"spoiled":6,"yays":313,"nays":169},{"committee":"УИК №293","vibid":"4034009275588","voters":379,"total":176,"voted":176,"spoiled":1,"yays":111,"nays":64},{"committee":"УИК №294","vibid":"4034009275589","voters":1451,"total":741,"voted":740,"spoiled":6,"yays":484,"nays":250},{"committee":"УИК №295","vibid":"4034009275590","voters":1394,"total":690,"voted":690,"spoiled":15,"yays":422,"nays":253},{"committee":"УИК №296","vibid":"4034009275591","voters":1541,"total":675,"voted":675,"spoiled":9,"yays":426,"nays":240},{"committee":"УИК №297","vibid":"4034009275592","voters":1398,"total":711,"voted":711,"spoiled":8,"yays":488,"nays":215},{"committee":"УИК №298","vibid":"4034009275593","voters":1813,"total":858,"voted":858,"spoiled":13,"yays":566,"nays":279},{"committee":"УИК №299","vibid":"4034009275594","voters":1435,"total":607,"voted":607,"spoiled":7,"yays":327,"nays":273},{"committee":"УИК №300","vibid":"4034009275595","voters":1685,"total":741,"voted":741,"spoiled":9,"yays":448,"nays":284},{"committee":"УИК №301","vibid":"4034009275596","voters":269,"total":207,"voted":207,"spoiled":4,"yays":135,"nays":68},{"committee":"УИК №302","vibid":"4034009275597","voters":204,"total":183,"voted":183,"spoiled":1,"yays":138,"nays":44},{"committee":"УИК №303","vibid":"4034009275598","voters":354,"total":230,"voted":230,"spoiled":7,"yays":171,"nays":52},{"committee":"УИК №304","vibid":"4034009275599","voters":337,"total":243,"voted":243,"spoiled":4,"yays":137,"nays":102},{"committee":"УИК №305","vibid":"4034009275600","voters":807,"total":485,"voted":485,"spoiled":6,"yays":302,"nays":177},{"committee":"УИК №306","vibid":"4034009275601","voters":646,"total":404,"voted":404,"spoiled":10,"yays":277,"nays":117},{"committee":"УИК №307","vibid":"4034009275602","voters":1011,"total":578,"voted":578,"spoiled":9,"yays":379,"nays":190},{"committee":"УИК №308","vibid":"4034009275603","voters":1010,"total":555,"voted":555,"spoiled":8,"yays":359,"nays":188},{"committee":"УИК №309","vibid":"4034009275604","voters":989,"total":590,"voted":590,"spoiled":12,"yays":412,"nays":166},{"committee":"УИК №310","vibid":"4034009275605","voters":457,"total":249,"voted":249,"spoiled":0,"yays":163,"nays":86},{"committee":"УИК №311","vibid":"4034009275606","voters":537,"total":333,"voted":333,"spoiled":7,"yays":207,"nays":119},{"committee":"УИК №312","vibid":"4034009275607","voters":237,"total":160,"voted":160,"spoiled":0,"yays":105,"nays":55},{"committee":"УИК №313","vibid":"4034009275608","voters":497,"total":369,"voted":369,"spoiled":9,"yays":247,"nays":113},{"committee":"УИК №314","vibid":"4034009275609","voters":431,"total":307,"voted":307,"spoiled":7,"yays":217,"nays":83},{"committee":"УИК №315","vibid":"4034009275610","voters":166,"total":104,"voted":104,"spoiled":0,"yays":64,"nays":40},{"committee":"УИК №316","vibid":"4034009275611","voters":377,"total":250,"voted":250,"spoiled":3,"yays":165,"nays":82},{"committee":"УИК №317","vibid":"4034009275612","voters":272,"total":185,"voted":185,"spoiled":0,"yays":137,"nays":48},{"committee":"УИК №318","vibid":"4034009275613","voters":253,"total":179,"voted":179,"spoiled":1,"yays":134,"nays":44},{"committee":"УИК №319","vibid":"4034009275614","voters":1092,"total":585,"voted":585,"spoiled":7,"yays":412,"nays":166},{"committee":"УИК №320","vibid":"4034009275615","voters":1099,"total":547,"voted":546,"spoiled":7,"yays":374,"nays":165},{"committee":"УИК №321","vibid":"4034009275616","voters":1138,"total":585,"voted":585,"spoiled":9,"yays":349,"nays":227},{"committee":"УИК №322","vibid":"4034009275617","voters":1520,"total":666,"voted":666,"spoiled":4,"yays":480,"nays":182},{"committee":"УИК №323","vibid":"4034009275618","voters":888,"total":535,"voted":535,"spoiled":4,"yays":376,"nays":155},{"committee":"УИК №324","vibid":"4034009275619","voters":243,"total":171,"voted":171,"spoiled":0,"yays":143,"nays":28},{"committee":"УИК №325","vibid":"4034009275620","voters":121,"total":88,"voted":88,"spoiled":0,"yays":75,"nays":13},{"committee":"УИК №326","vibid":"4034009275621","voters":416,"total":226,"voted":226,"spoiled":1,"yays":166,"nays":59},{"committee":"УИК №327","vibid":"4034009275622","voters":543,"total":279,"voted":279,"spoiled":5,"yays":190,"nays":84},{"committee":"УИК №328","vibid":"4034009275623","voters":191,"total":167,"voted":167,"spoiled":2,"yays":148,"nays":17},{"committee":"УИК №329","vibid":"4034009275624","voters":522,"total":371,"voted":371,"spoiled":6,"yays":255,"nays":110},{"committee":"УИК №330","vibid":"4034009275625","voters":215,"total":142,"voted":142,"spoiled":2,"yays":78,"nays":62},{"committee":"УИК №331","vibid":"4034009275626","voters":148,"total":101,"voted":101,"spoiled":0,"yays":68,"nays":33},{"committee":"УИК №332","vibid":"4034009275627","voters":1010,"total":584,"voted":584,"spoiled":9,"yays":341,"nays":234},{"committee":"УИК №333","vibid":"4034009275628","voters":1353,"total":756,"voted":756,"spoiled":11,"yays":451,"nays":294},{"committee":"УИК №334","vibid":"4034009275629","voters":1240,"total":718,"voted":718,"spoiled":17,"yays":422,"nays":279},{"committee":"УИК №335","vibid":"4034009275630","voters":859,"total":617,"voted":617,"spoiled":13,"yays":381,"nays":223},{"committee":"УИК №336","vibid":"4034009275631","voters":82,"total":50,"voted":50,"spoiled":0,"yays":28,"nays":22},{"committee":"УИК №337","vibid":"4034009275632","voters":104,"total":85,"voted":84,"spoiled":0,"yays":63,"nays":21},{"committee":"УИК №338","vibid":"4034009275633","voters":726,"total":493,"voted":493,"spoiled":4,"yays":319,"nays":170},{"committee":"УИК №339","vibid":"4034009275634","voters":80,"total":53,"voted":53,"spoiled":0,"yays":23,"nays":30},{"committee":"УИК №340","vibid":"4034009275635","voters":638,"total":330,"voted":330,"spoiled":8,"yays":217,"nays":105},{"committee":"УИК №341","vibid":"4034009275636","voters":1221,"total":587,"voted":587,"spoiled":9,"yays":376,"nays":202},{"committee":"УИК №342","vibid":"4034009275637","voters":1062,"total":625,"voted":625,"spoiled":1,"yays":413,"nays":211},{"committee":"УИК №343","vibid":"4034009276116","voters":31,"total":29,"voted":29,"spoiled":0,"yays":27,"nays":2}]