[{"committee":"УИК №130","vibid":"4094003298888","voters":849,"total":680,"voted":680,"spoiled":0,"yays":630,"nays":50},{"committee":"УИК №132","vibid":"4094003298890","voters":488,"total":390,"voted":390,"spoiled":0,"yays":347,"nays":43},{"committee":"УИК №133","vibid":"4094003298891","voters":1829,"total":1680,"voted":1680,"spoiled":1,"yays":1420,"nays":259},{"committee":"УИК №134","vibid":"4094003298892","voters":720,"total":588,"voted":588,"spoiled":3,"yays":534,"nays":51},{"committee":"УИК №135","vibid":"4094003298893","voters":573,"total":453,"voted":453,"spoiled":0,"yays":397,"nays":56},{"committee":"УИК №136","vibid":"4094003298894","voters":897,"total":750,"voted":750,"spoiled":3,"yays":634,"nays":113},{"committee":"УИК №138","vibid":"4094003298896","voters":1856,"total":1530,"voted":1530,"spoiled":2,"yays":1211,"nays":317},{"committee":"УИК №139","vibid":"4094003298897","voters":390,"total":300,"voted":300,"spoiled":0,"yays":273,"nays":27},{"committee":"УИК №140","vibid":"4094003298898","voters":1178,"total":960,"voted":960,"spoiled":0,"yays":872,"nays":88},{"committee":"УИК №141","vibid":"4094003298899","voters":1829,"total":1611,"voted":1611,"spoiled":1,"yays":1495,"nays":115},{"committee":"УИК №142","vibid":"4094003298900","voters":104,"total":86,"voted":86,"spoiled":0,"yays":82,"nays":4},{"committee":"УИК №143","vibid":"4094003298901","voters":1014,"total":875,"voted":875,"spoiled":0,"yays":802,"nays":73},{"committee":"УИК №144","vibid":"4094003298902","voters":1481,"total":1300,"voted":1300,"spoiled":0,"yays":1068,"nays":232},{"committee":"УИК №145","vibid":"4094003298903","voters":1588,"total":1356,"voted":1356,"spoiled":1,"yays":1163,"nays":192},{"committee":"УИК №146","vibid":"4094003298904","voters":1807,"total":1560,"voted":1560,"spoiled":2,"yays":1377,"nays":181}]