[{"committee":"УИК №7","vibid":"4014002209131","voters":2522,"total":2169,"voted":2169,"spoiled":32,"yays":1651,"nays":486},{"committee":"УИК №8","vibid":"4014002209132","voters":1833,"total":1558,"voted":1558,"spoiled":8,"yays":1356,"nays":194},{"committee":"УИК №9","vibid":"4014002209133","voters":2346,"total":2104,"voted":2104,"spoiled":264,"yays":1536,"nays":304},{"committee":"УИК №10","vibid":"4014002209134","voters":1784,"total":1616,"voted":1616,"spoiled":6,"yays":1378,"nays":232},{"committee":"УИК №11","vibid":"4014002209135","voters":1619,"total":1386,"voted":1386,"spoiled":15,"yays":1098,"nays":273},{"committee":"УИК №12","vibid":"4014002209136","voters":1300,"total":1134,"voted":1134,"spoiled":6,"yays":1005,"nays":123},{"committee":"УИК №13","vibid":"4014002209137","voters":1261,"total":1120,"voted":1120,"spoiled":6,"yays":861,"nays":253},{"committee":"УИК №15","vibid":"4014002209139","voters":169,"total":155,"voted":155,"spoiled":0,"yays":133,"nays":22},{"committee":"УИК №17","vibid":"4014002209141","voters":133,"total":124,"voted":124,"spoiled":0,"yays":89,"nays":35},{"committee":"УИК №18","vibid":"4014002209142","voters":63,"total":58,"voted":58,"spoiled":0,"yays":52,"nays":6},{"committee":"УИК №19","vibid":"4014002209143","voters":957,"total":839,"voted":839,"spoiled":4,"yays":682,"nays":153},{"committee":"УИК №21","vibid":"4014002209145","voters":776,"total":685,"voted":685,"spoiled":3,"yays":495,"nays":187},{"committee":"УИК №22","vibid":"4014002209146","voters":486,"total":434,"voted":434,"spoiled":3,"yays":386,"nays":45},{"committee":"УИК №23","vibid":"4014002209147","voters":1016,"total":857,"voted":857,"spoiled":5,"yays":727,"nays":125},{"committee":"УИК №24","vibid":"4014002209148","voters":984,"total":849,"voted":849,"spoiled":4,"yays":682,"nays":163},{"committee":"УИК №25","vibid":"4014002209149","voters":151,"total":132,"voted":132,"spoiled":0,"yays":111,"nays":21},{"committee":"УИК №26","vibid":"4014002209150","voters":670,"total":601,"voted":601,"spoiled":2,"yays":496,"nays":103},{"committee":"УИК №27","vibid":"4014002209151","voters":174,"total":143,"voted":143,"spoiled":0,"yays":74,"nays":69},{"committee":"УИК №30","vibid":"4014002209153","voters":120,"total":110,"voted":110,"spoiled":0,"yays":94,"nays":16}]