[{"committee":"УИК №1753","vibid":"4024022309598","voters":460,"total":433,"voted":433,"spoiled":7,"yays":411,"nays":15},{"committee":"УИК №1754","vibid":"4024022309599","voters":1106,"total":1006,"voted":1006,"spoiled":30,"yays":703,"nays":273},{"committee":"УИК №1755","vibid":"4024022309600","voters":1051,"total":979,"voted":979,"spoiled":11,"yays":943,"nays":25},{"committee":"УИК №1756","vibid":"4024022309601","voters":1044,"total":972,"voted":972,"spoiled":5,"yays":751,"nays":216},{"committee":"УИК №1757","vibid":"4024022309602","voters":774,"total":721,"voted":721,"spoiled":5,"yays":566,"nays":150},{"committee":"УИК №1758","vibid":"4024022309603","voters":1239,"total":1150,"voted":1150,"spoiled":35,"yays":1070,"nays":45},{"committee":"УИК №1759","vibid":"4024022309604","voters":875,"total":812,"voted":812,"spoiled":0,"yays":756,"nays":56},{"committee":"УИК №1760","vibid":"4024022309605","voters":414,"total":389,"voted":389,"spoiled":11,"yays":361,"nays":17},{"committee":"УИК №1761","vibid":"4024022309606","voters":1264,"total":1188,"voted":1188,"spoiled":12,"yays":1156,"nays":20},{"committee":"УИК №1762","vibid":"4024022309607","voters":341,"total":321,"voted":321,"spoiled":9,"yays":299,"nays":13},{"committee":"УИК №1763","vibid":"4024022309608","voters":300,"total":273,"voted":273,"spoiled":4,"yays":254,"nays":15},{"committee":"УИК №1764","vibid":"4024022309609","voters":300,"total":282,"voted":282,"spoiled":6,"yays":263,"nays":13},{"committee":"УИК №1765","vibid":"4024022309610","voters":629,"total":589,"voted":589,"spoiled":7,"yays":548,"nays":34},{"committee":"УИК №1766","vibid":"4024022309611","voters":376,"total":350,"voted":350,"spoiled":3,"yays":326,"nays":21},{"committee":"УИК №1767","vibid":"4024022309612","voters":496,"total":465,"voted":465,"spoiled":10,"yays":441,"nays":14},{"committee":"УИК №1768","vibid":"4024022309613","voters":252,"total":239,"voted":239,"spoiled":5,"yays":221,"nays":13},{"committee":"УИК №1769","vibid":"4024022309614","voters":298,"total":287,"voted":287,"spoiled":9,"yays":275,"nays":3},{"committee":"УИК №1770","vibid":"4024022309615","voters":687,"total":633,"voted":633,"spoiled":1,"yays":525,"nays":107},{"committee":"УИК №1771","vibid":"4024022309616","voters":514,"total":479,"voted":479,"spoiled":1,"yays":449,"nays":29},{"committee":"УИК №1772","vibid":"4024022309617","voters":616,"total":574,"voted":574,"spoiled":5,"yays":534,"nays":35},{"committee":"УИК №1773","vibid":"4024022309618","voters":128,"total":119,"voted":119,"spoiled":2,"yays":113,"nays":4},{"committee":"УИК №1774","vibid":"4024022309619","voters":1010,"total":940,"voted":940,"spoiled":15,"yays":875,"nays":50},{"committee":"УИК №1775","vibid":"4024022309620","voters":624,"total":581,"voted":581,"spoiled":6,"yays":541,"nays":34},{"committee":"УИК №1776","vibid":"4024022309621","voters":620,"total":586,"voted":586,"spoiled":3,"yays":548,"nays":35},{"committee":"УИК №1777","vibid":"4024022309622","voters":438,"total":416,"voted":416,"spoiled":2,"yays":395,"nays":19},{"committee":"УИК №1778","vibid":"4024022309623","voters":587,"total":559,"voted":559,"spoiled":0,"yays":529,"nays":30},{"committee":"УИК №1779","vibid":"4024022309624","voters":138,"total":135,"voted":135,"spoiled":2,"yays":128,"nays":5},{"committee":"УИК №1780","vibid":"4024022309625","voters":161,"total":151,"voted":151,"spoiled":5,"yays":143,"nays":3},{"committee":"УИК №1781","vibid":"4024022309626","voters":143,"total":135,"voted":135,"spoiled":0,"yays":128,"nays":7},{"committee":"УИК №1782","vibid":"4024022309627","voters":351,"total":326,"voted":326,"spoiled":0,"yays":307,"nays":19},{"committee":"УИК №1783","vibid":"4024022309628","voters":769,"total":715,"voted":715,"spoiled":2,"yays":672,"nays":41},{"committee":"УИК №1784","vibid":"4024022309629","voters":819,"total":762,"voted":762,"spoiled":7,"yays":709,"nays":46},{"committee":"УИК №1785","vibid":"4024022309630","voters":342,"total":318,"voted":318,"spoiled":0,"yays":300,"nays":18},{"committee":"УИК №1786","vibid":"4024022309631","voters":710,"total":662,"voted":662,"spoiled":6,"yays":620,"nays":36},{"committee":"УИК №1787","vibid":"4024022309632","voters":391,"total":367,"voted":367,"spoiled":5,"yays":342,"nays":20},{"committee":"УИК №1788","vibid":"4024022309633","voters":595,"total":558,"voted":558,"spoiled":7,"yays":519,"nays":32},{"committee":"УИК №1789","vibid":"4024022309634","voters":735,"total":686,"voted":686,"spoiled":10,"yays":638,"nays":38},{"committee":"УИК №1790","vibid":"4024022309635","voters":396,"total":373,"voted":373,"spoiled":8,"yays":347,"nays":18},{"committee":"УИК №3519","vibid":"4024022309636","voters":123,"total":117,"voted":117,"spoiled":0,"yays":111,"nays":6},{"committee":"УИК №3520","vibid":"4024022309637","voters":116,"total":108,"voted":108,"spoiled":2,"yays":103,"nays":3}]