[{"committee":"УИК №465","vibid":"4024042253488","voters":2123,"total":1931,"voted":1931,"spoiled":35,"yays":1527,"nays":369},{"committee":"УИК №466","vibid":"4024042253489","voters":1953,"total":1780,"voted":1780,"spoiled":3,"yays":1727,"nays":50},{"committee":"УИК №467","vibid":"4024042253490","voters":902,"total":820,"voted":820,"spoiled":7,"yays":803,"nays":10},{"committee":"УИК №468","vibid":"4024042253491","voters":2263,"total":2068,"voted":2068,"spoiled":0,"yays":1965,"nays":103},{"committee":"УИК №469","vibid":"4024042253492","voters":908,"total":806,"voted":806,"spoiled":0,"yays":766,"nays":40},{"committee":"УИК №470","vibid":"4024042253493","voters":2382,"total":2245,"voted":2245,"spoiled":22,"yays":2163,"nays":60},{"committee":"УИК №471","vibid":"4024042253494","voters":1454,"total":1323,"voted":1323,"spoiled":4,"yays":1297,"nays":22},{"committee":"УИК №472","vibid":"4024042253495","voters":2602,"total":2367,"voted":2367,"spoiled":3,"yays":2245,"nays":119},{"committee":"УИК №473","vibid":"4024042253496","voters":3280,"total":2871,"voted":2871,"spoiled":19,"yays":2759,"nays":93},{"committee":"УИК №474","vibid":"4024042253497","voters":2934,"total":2765,"voted":2765,"spoiled":3,"yays":2726,"nays":36},{"committee":"УИК №475","vibid":"4024042253498","voters":1754,"total":1598,"voted":1598,"spoiled":2,"yays":1516,"nays":80},{"committee":"УИК №476","vibid":"4024042253499","voters":1043,"total":851,"voted":851,"spoiled":7,"yays":656,"nays":188},{"committee":"УИК №477","vibid":"4024042253500","voters":136,"total":127,"voted":127,"spoiled":0,"yays":122,"nays":5},{"committee":"УИК №478","vibid":"4024042253501","voters":2684,"total":2471,"voted":2471,"spoiled":10,"yays":2336,"nays":125},{"committee":"УИК №479","vibid":"4024042253502","voters":2735,"total":2492,"voted":2492,"spoiled":15,"yays":2417,"nays":60},{"committee":"УИК №480","vibid":"4024042253503","voters":2690,"total":2442,"voted":2442,"spoiled":0,"yays":2362,"nays":80},{"committee":"УИК №481","vibid":"4024042253504","voters":2590,"total":2356,"voted":2356,"spoiled":13,"yays":2265,"nays":78},{"committee":"УИК №482","vibid":"4024042253505","voters":2354,"total":2118,"voted":2118,"spoiled":0,"yays":2012,"nays":106},{"committee":"УИК №483","vibid":"4024042253506","voters":2363,"total":2124,"voted":2124,"spoiled":3,"yays":2082,"nays":39},{"committee":"УИК №484","vibid":"4024042253507","voters":2170,"total":2045,"voted":2045,"spoiled":3,"yays":2016,"nays":26},{"committee":"УИК №485","vibid":"4024042253508","voters":2871,"total":2598,"voted":2598,"spoiled":9,"yays":2514,"nays":75},{"committee":"УИК №486","vibid":"4024042253509","voters":2112,"total":1971,"voted":1971,"spoiled":13,"yays":1873,"nays":85},{"committee":"УИК №487","vibid":"4024042253510","voters":1371,"total":1237,"voted":1237,"spoiled":0,"yays":1177,"nays":60},{"committee":"УИК №488","vibid":"4024042253511","voters":1354,"total":1221,"voted":1221,"spoiled":0,"yays":1197,"nays":24},{"committee":"УИК №489","vibid":"4024042253512","voters":2146,"total":1970,"voted":1970,"spoiled":6,"yays":1872,"nays":92},{"committee":"УИК №490","vibid":"4024042253513","voters":1978,"total":1773,"voted":1773,"spoiled":10,"yays":1530,"nays":233},{"committee":"УИК №491","vibid":"4024042253514","voters":2065,"total":1915,"voted":1915,"spoiled":62,"yays":1761,"nays":92},{"committee":"УИК №492","vibid":"4024042253515","voters":1925,"total":1653,"voted":1653,"spoiled":4,"yays":1370,"nays":279},{"committee":"УИК №493","vibid":"4024042253516","voters":178,"total":173,"voted":173,"spoiled":0,"yays":168,"nays":5},{"committee":"УИК №494","vibid":"4024042253517","voters":1129,"total":1014,"voted":1014,"spoiled":63,"yays":860,"nays":91},{"committee":"УИК №495","vibid":"4024042253518","voters":1301,"total":1153,"voted":1153,"spoiled":1,"yays":1118,"nays":34},{"committee":"УИК №496","vibid":"4024042253519","voters":2048,"total":1816,"voted":1816,"spoiled":3,"yays":1665,"nays":148},{"committee":"УИК №497","vibid":"4024042253520","voters":1769,"total":977,"voted":977,"spoiled":1,"yays":869,"nays":107},{"committee":"УИК №498","vibid":"4024042253521","voters":1241,"total":1194,"voted":1194,"spoiled":4,"yays":1130,"nays":60},{"committee":"УИК №499","vibid":"4024042253522","voters":1587,"total":1551,"voted":1551,"spoiled":25,"yays":1326,"nays":200},{"committee":"УИК №500","vibid":"4024042253523","voters":1836,"total":1640,"voted":1640,"spoiled":27,"yays":1543,"nays":70},{"committee":"УИК №501","vibid":"4024042253524","voters":2510,"total":2302,"voted":2302,"spoiled":21,"yays":2267,"nays":14},{"committee":"УИК №502","vibid":"4024042253525","voters":2475,"total":2247,"voted":2247,"spoiled":12,"yays":2146,"nays":89},{"committee":"УИК №503","vibid":"4024042253526","voters":1579,"total":1448,"voted":1448,"spoiled":0,"yays":1375,"nays":73},{"committee":"УИК №504","vibid":"4024042253527","voters":2300,"total":2196,"voted":2196,"spoiled":0,"yays":2086,"nays":110},{"committee":"УИК №505","vibid":"4024042253528","voters":3062,"total":2851,"voted":2851,"spoiled":16,"yays":2766,"nays":69},{"committee":"УИК №506","vibid":"4024042253529","voters":1394,"total":1295,"voted":1295,"spoiled":8,"yays":1232,"nays":55},{"committee":"УИК №507","vibid":"4024042253530","voters":1393,"total":1316,"voted":1316,"spoiled":5,"yays":1246,"nays":65},{"committee":"УИК №508","vibid":"4024042253531","voters":1522,"total":1454,"voted":1454,"spoiled":138,"yays":1170,"nays":146},{"committee":"УИК №509","vibid":"4024042253532","voters":1464,"total":1280,"voted":1280,"spoiled":3,"yays":1175,"nays":102},{"committee":"УИК №510","vibid":"4024042253533","voters":2334,"total":2089,"voted":2089,"spoiled":12,"yays":1842,"nays":235},{"committee":"УИК №511","vibid":"4024042253534","voters":1630,"total":1522,"voted":1522,"spoiled":12,"yays":1446,"nays":64},{"committee":"УИК №512","vibid":"4024042253535","voters":1711,"total":1624,"voted":1624,"spoiled":82,"yays":1412,"nays":130},{"committee":"УИК №513","vibid":"4024042253536","voters":1977,"total":1884,"voted":1884,"spoiled":108,"yays":1534,"nays":242},{"committee":"УИК №514","vibid":"4024042253537","voters":2406,"total":2191,"voted":2191,"spoiled":107,"yays":1944,"nays":140},{"committee":"УИК №3499","vibid":"4024042253538","voters":2866,"total":2604,"voted":2604,"spoiled":0,"yays":2474,"nays":130},{"committee":"УИК №3512","vibid":"4024042253539","voters":857,"total":784,"voted":784,"spoiled":3,"yays":745,"nays":36},{"committee":"УИК №3513","vibid":"4024042253540","voters":2016,"total":1816,"voted":1816,"spoiled":6,"yays":1756,"nays":54},{"committee":"УИК №3514","vibid":"4024042253541","voters":1001,"total":891,"voted":891,"spoiled":8,"yays":820,"nays":63},{"committee":"УИК №3515","vibid":"4024042253542","voters":1506,"total":1434,"voted":1434,"spoiled":12,"yays":1362,"nays":60}]