[{"committee":"УИК №294","vibid":"4054009170677","voters":952,"total":678,"voted":678,"spoiled":5,"yays":602,"nays":71},{"committee":"УИК №296","vibid":"4054009170681","voters":184,"total":148,"voted":148,"spoiled":0,"yays":143,"nays":5},{"committee":"УИК №297","vibid":"4054009170683","voters":32,"total":24,"voted":24,"spoiled":0,"yays":22,"nays":2},{"committee":"УИК №299","vibid":"4054009170687","voters":468,"total":410,"voted":410,"spoiled":0,"yays":390,"nays":20},{"committee":"УИК №300","vibid":"4054009170689","voters":82,"total":72,"voted":72,"spoiled":0,"yays":68,"nays":4},{"committee":"УИК №302","vibid":"4054009170693","voters":166,"total":132,"voted":132,"spoiled":0,"yays":122,"nays":10},{"committee":"УИК №303","vibid":"4054009170695","voters":272,"total":201,"voted":201,"spoiled":2,"yays":183,"nays":16},{"committee":"УИК №305","vibid":"4054009170699","voters":284,"total":222,"voted":222,"spoiled":1,"yays":200,"nays":21},{"committee":"УИК №307","vibid":"4054009170703","voters":198,"total":148,"voted":148,"spoiled":0,"yays":121,"nays":27},{"committee":"УИК №308","vibid":"4054009170705","voters":188,"total":145,"voted":145,"spoiled":0,"yays":133,"nays":12},{"committee":"УИК №313","vibid":"4054009170715","voters":69,"total":65,"voted":65,"spoiled":0,"yays":65,"nays":0},{"committee":"УИК №314","vibid":"4054009170717","voters":33,"total":30,"voted":30,"spoiled":0,"yays":30,"nays":0},{"committee":"УИК №316","vibid":"4054009170721","voters":305,"total":228,"voted":228,"spoiled":1,"yays":213,"nays":14},{"committee":"УИК №317","vibid":"4054009170723","voters":124,"total":76,"voted":76,"spoiled":0,"yays":68,"nays":8},{"committee":"УИК №319","vibid":"4054009170727","voters":258,"total":206,"voted":206,"spoiled":0,"yays":195,"nays":11},{"committee":"УИК №325","vibid":"4054009170739","voters":109,"total":105,"voted":105,"spoiled":0,"yays":88,"nays":17}]