[{"committee":"УИК №305","vibid":"4074009170321","voters":2217,"total":1695,"voted":1676,"spoiled":37,"yays":1495,"nays":144},{"committee":"УИК №307","vibid":"4074009170323","voters":2495,"total":2013,"voted":2006,"spoiled":18,"yays":1826,"nays":162},{"committee":"УИК №308","vibid":"4074009170324","voters":2355,"total":1924,"voted":1910,"spoiled":33,"yays":1725,"nays":152},{"committee":"УИК №309","vibid":"4074009170325","voters":2496,"total":1915,"voted":1880,"spoiled":32,"yays":1693,"nays":155},{"committee":"УИК №310","vibid":"4074009170326","voters":2509,"total":1989,"voted":1972,"spoiled":13,"yays":1807,"nays":152},{"committee":"УИК №311","vibid":"4074009170327","voters":2273,"total":1889,"voted":1860,"spoiled":25,"yays":1698,"nays":137},{"committee":"УИК №312","vibid":"4074009170328","voters":1914,"total":1557,"voted":1530,"spoiled":32,"yays":1377,"nays":121},{"committee":"УИК №327","vibid":"4074009170334","voters":1286,"total":1013,"voted":1006,"spoiled":18,"yays":903,"nays":85},{"committee":"УИК №328","vibid":"4074009170335","voters":1394,"total":1082,"voted":1064,"spoiled":16,"yays":954,"nays":94}]