[{"committee":"УИК №72","vibid":"4054003217153","voters":1946,"total":1701,"voted":1701,"spoiled":2,"yays":1461,"nays":238},{"committee":"УИК №73","vibid":"4054003217154","voters":595,"total":486,"voted":486,"spoiled":0,"yays":429,"nays":57},{"committee":"УИК №74","vibid":"4054003217155","voters":189,"total":157,"voted":157,"spoiled":0,"yays":141,"nays":16},{"committee":"УИК №75","vibid":"4054003217156","voters":116,"total":104,"voted":104,"spoiled":0,"yays":95,"nays":9},{"committee":"УИК №78","vibid":"4054003217159","voters":132,"total":116,"voted":116,"spoiled":0,"yays":103,"nays":13},{"committee":"УИК №83","vibid":"4054003217164","voters":432,"total":358,"voted":358,"spoiled":0,"yays":293,"nays":65},{"committee":"УИК №87","vibid":"4054003217168","voters":800,"total":700,"voted":700,"spoiled":2,"yays":632,"nays":66},{"committee":"УИК №91","vibid":"4054003217172","voters":86,"total":76,"voted":76,"spoiled":0,"yays":69,"nays":7},{"committee":"УИК №92","vibid":"4054003217173","voters":195,"total":167,"voted":167,"spoiled":0,"yays":148,"nays":19},{"committee":"УИК №93","vibid":"4054003217174","voters":326,"total":292,"voted":292,"spoiled":0,"yays":248,"nays":44},{"committee":"УИК №94","vibid":"4054003217175","voters":629,"total":525,"voted":525,"spoiled":0,"yays":473,"nays":52},{"committee":"УИК №95","vibid":"4054003217176","voters":418,"total":373,"voted":373,"spoiled":0,"yays":330,"nays":43},{"committee":"УИК №96","vibid":"4054003217177","voters":389,"total":363,"voted":363,"spoiled":8,"yays":301,"nays":54},{"committee":"УИК №97","vibid":"4054003217178","voters":394,"total":364,"voted":364,"spoiled":0,"yays":311,"nays":53},{"committee":"УИК №98","vibid":"4054003217179","voters":323,"total":298,"voted":298,"spoiled":0,"yays":254,"nays":44},{"committee":"УИК №99","vibid":"4054003217180","voters":108,"total":98,"voted":98,"spoiled":0,"yays":89,"nays":9},{"committee":"УИК №100","vibid":"4054003217181","voters":181,"total":167,"voted":167,"spoiled":1,"yays":145,"nays":21},{"committee":"УИК №101","vibid":"4054003217182","voters":65,"total":63,"voted":63,"spoiled":0,"yays":57,"nays":6},{"committee":"УИК №102","vibid":"4054003217183","voters":327,"total":306,"voted":306,"spoiled":2,"yays":256,"nays":48},{"committee":"УИК №103","vibid":"4054003217184","voters":713,"total":646,"voted":646,"spoiled":0,"yays":550,"nays":96},{"committee":"УИК №104","vibid":"4054003217185","voters":743,"total":655,"voted":655,"spoiled":0,"yays":558,"nays":97},{"committee":"УИК №105","vibid":"4054003217186","voters":435,"total":409,"voted":409,"spoiled":13,"yays":332,"nays":64}]