[{"committee":"УИК №79","vibid":"4094001458823","voters":1115,"total":956,"voted":956,"spoiled":1,"yays":945,"nays":10},{"committee":"УИК №80","vibid":"4094001458824","voters":507,"total":424,"voted":424,"spoiled":3,"yays":338,"nays":83},{"committee":"УИК №81","vibid":"4094001458825","voters":368,"total":309,"voted":309,"spoiled":2,"yays":245,"nays":62},{"committee":"УИК №83","vibid":"4094001458827","voters":161,"total":135,"voted":135,"spoiled":1,"yays":101,"nays":33},{"committee":"УИК №87","vibid":"4094001458831","voters":865,"total":745,"voted":745,"spoiled":0,"yays":719,"nays":26},{"committee":"УИК №88","vibid":"4094001458832","voters":722,"total":597,"voted":597,"spoiled":4,"yays":458,"nays":135},{"committee":"УИК №89","vibid":"4094001458833","voters":1125,"total":947,"voted":947,"spoiled":11,"yays":805,"nays":131},{"committee":"УИК №91","vibid":"4094001458835","voters":228,"total":189,"voted":189,"spoiled":2,"yays":148,"nays":39}]