[{"committee":"УИК №1","vibid":"4044001212814","voters":2146,"total":833,"voted":833,"spoiled":3,"yays":546,"nays":284},{"committee":"УИК №2","vibid":"4044001212815","voters":2064,"total":869,"voted":869,"spoiled":9,"yays":561,"nays":299},{"committee":"УИК №3","vibid":"4044001212816","voters":1644,"total":714,"voted":714,"spoiled":12,"yays":460,"nays":242},{"committee":"УИК №4","vibid":"4044001212817","voters":2864,"total":1079,"voted":1079,"spoiled":12,"yays":730,"nays":337},{"committee":"УИК №5","vibid":"4044001212818","voters":2231,"total":895,"voted":893,"spoiled":8,"yays":553,"nays":332},{"committee":"УИК №6","vibid":"4044001212819","voters":3070,"total":1175,"voted":1175,"spoiled":16,"yays":671,"nays":488},{"committee":"УИК №7","vibid":"4044001212820","voters":1947,"total":828,"voted":827,"spoiled":11,"yays":543,"nays":273},{"committee":"УИК №8","vibid":"4044001212821","voters":1968,"total":980,"voted":980,"spoiled":10,"yays":619,"nays":351},{"committee":"УИК №9","vibid":"4044001212822","voters":1300,"total":637,"voted":637,"spoiled":5,"yays":398,"nays":234},{"committee":"УИК №10","vibid":"4044001212823","voters":1310,"total":660,"voted":660,"spoiled":6,"yays":410,"nays":244},{"committee":"УИК №11","vibid":"4044001212824","voters":1394,"total":755,"voted":755,"spoiled":4,"yays":492,"nays":259},{"committee":"УИК №12","vibid":"4044001212825","voters":2550,"total":1072,"voted":1072,"spoiled":7,"yays":674,"nays":391},{"committee":"УИК №13","vibid":"4044001212826","voters":1834,"total":985,"voted":985,"spoiled":9,"yays":566,"nays":410},{"committee":"УИК №14","vibid":"4044001212827","voters":2519,"total":879,"voted":879,"spoiled":1,"yays":534,"nays":344},{"committee":"УИК №15","vibid":"4044001212828","voters":1823,"total":767,"voted":767,"spoiled":6,"yays":506,"nays":255},{"committee":"УИК №16","vibid":"4044001212829","voters":1079,"total":424,"voted":424,"spoiled":2,"yays":271,"nays":151},{"committee":"УИК №17","vibid":"4044001212830","voters":2362,"total":889,"voted":889,"spoiled":7,"yays":533,"nays":349},{"committee":"УИК №18","vibid":"4044001212831","voters":1555,"total":576,"voted":576,"spoiled":4,"yays":358,"nays":214},{"committee":"УИК №19","vibid":"4044001212832","voters":2757,"total":983,"voted":983,"spoiled":13,"yays":629,"nays":341},{"committee":"УИК №20","vibid":"4044001212833","voters":1332,"total":458,"voted":458,"spoiled":4,"yays":286,"nays":168},{"committee":"УИК №21","vibid":"4044001212834","voters":2150,"total":996,"voted":996,"spoiled":8,"yays":636,"nays":352},{"committee":"УИК №22","vibid":"4044001212835","voters":2067,"total":709,"voted":709,"spoiled":8,"yays":414,"nays":287},{"committee":"УИК №236","vibid":"4044001213753","voters":277,"total":277,"voted":277,"spoiled":4,"yays":188,"nays":85}]