[{"committee":"УИК №2123","vibid":"4024029408291","voters":177,"total":174,"voted":174,"spoiled":0,"yays":171,"nays":3},{"committee":"УИК №2129","vibid":"4024029408297","voters":1803,"total":1779,"voted":1779,"spoiled":2,"yays":1744,"nays":33},{"committee":"УИК №2137","vibid":"4024029408304","voters":1066,"total":1045,"voted":1045,"spoiled":8,"yays":876,"nays":161},{"committee":"УИК №2139","vibid":"4024029408306","voters":1842,"total":1806,"voted":1806,"spoiled":0,"yays":1770,"nays":36},{"committee":"УИК №2141","vibid":"4024029408308","voters":1688,"total":1664,"voted":1664,"spoiled":3,"yays":1634,"nays":27},{"committee":"УИК №2145","vibid":"4024029408311","voters":1699,"total":1666,"voted":1666,"spoiled":0,"yays":1633,"nays":33},{"committee":"УИК №2146","vibid":"4024029408312","voters":983,"total":959,"voted":959,"spoiled":6,"yays":798,"nays":155},{"committee":"УИК №2147","vibid":"4024029408313","voters":1130,"total":1119,"voted":1119,"spoiled":0,"yays":1109,"nays":10},{"committee":"УИК №2150","vibid":"4024029408316","voters":515,"total":506,"voted":506,"spoiled":1,"yays":495,"nays":10},{"committee":"УИК №2151","vibid":"4024029408317","voters":288,"total":281,"voted":281,"spoiled":0,"yays":276,"nays":5},{"committee":"УИК №2154","vibid":"4024029408320","voters":230,"total":225,"voted":225,"spoiled":0,"yays":220,"nays":5},{"committee":"УИК №2156","vibid":"4024029408322","voters":681,"total":668,"voted":668,"spoiled":0,"yays":655,"nays":13},{"committee":"УИК №2157","vibid":"4024029408323","voters":571,"total":560,"voted":560,"spoiled":0,"yays":549,"nays":11},{"committee":"УИК №2158","vibid":"4024029408324","voters":774,"total":759,"voted":759,"spoiled":0,"yays":756,"nays":3},{"committee":"УИК №2160","vibid":"4024029408326","voters":319,"total":313,"voted":313,"spoiled":0,"yays":306,"nays":7},{"committee":"УИК №2161","vibid":"4024029408327","voters":532,"total":530,"voted":530,"spoiled":4,"yays":526,"nays":0},{"committee":"УИК №2162","vibid":"4024029408328","voters":695,"total":682,"voted":682,"spoiled":6,"yays":665,"nays":11},{"committee":"УИК №2171","vibid":"4024029408337","voters":333,"total":327,"voted":327,"spoiled":3,"yays":321,"nays":3},{"committee":"УИК №2174","vibid":"4024029408340","voters":266,"total":264,"voted":264,"spoiled":0,"yays":263,"nays":1},{"committee":"УИК №2176","vibid":"4024029408342","voters":196,"total":195,"voted":195,"spoiled":0,"yays":192,"nays":3},{"committee":"УИК №2178","vibid":"4024029408344","voters":586,"total":583,"voted":583,"spoiled":0,"yays":572,"nays":11},{"committee":"УИК №2179","vibid":"4024029408345","voters":184,"total":180,"voted":180,"spoiled":0,"yays":180,"nays":0},{"committee":"УИК №2180","vibid":"4024029408346","voters":413,"total":405,"voted":405,"spoiled":0,"yays":397,"nays":8},{"committee":"УИК №2181","vibid":"4024029408347","voters":212,"total":210,"voted":210,"spoiled":0,"yays":210,"nays":0},{"committee":"УИК №2186","vibid":"4024029408352","voters":538,"total":533,"voted":533,"spoiled":1,"yays":521,"nays":11},{"committee":"УИК №3466","vibid":"4024029408355","voters":1094,"total":1076,"voted":1076,"spoiled":0,"yays":1055,"nays":21},{"committee":"УИК №3467","vibid":"4024029408356","voters":1008,"total":998,"voted":998,"spoiled":0,"yays":979,"nays":19},{"committee":"УИК №3468","vibid":"4024029408357","voters":973,"total":945,"voted":945,"spoiled":21,"yays":688,"nays":236},{"committee":"УИК №3470","vibid":"4024029408359","voters":2469,"total":2418,"voted":2418,"spoiled":43,"yays":1894,"nays":481}]