[{"committee":"УИК №618","vibid":"4024047210486","voters":2006,"total":1872,"voted":1872,"spoiled":0,"yays":1828,"nays":44},{"committee":"УИК №619","vibid":"4024047210487","voters":2041,"total":1863,"voted":1862,"spoiled":14,"yays":1795,"nays":53},{"committee":"УИК №620","vibid":"4024047210488","voters":1812,"total":1726,"voted":1726,"spoiled":3,"yays":1640,"nays":83},{"committee":"УИК №622","vibid":"4024047210489","voters":690,"total":651,"voted":651,"spoiled":0,"yays":618,"nays":33},{"committee":"УИК №623","vibid":"4024047210490","voters":1996,"total":1894,"voted":1894,"spoiled":2,"yays":1837,"nays":55},{"committee":"УИК №624","vibid":"4024047210491","voters":2036,"total":1948,"voted":1948,"spoiled":10,"yays":1841,"nays":97},{"committee":"УИК №625","vibid":"4024047210492","voters":2019,"total":1880,"voted":1880,"spoiled":11,"yays":1786,"nays":83},{"committee":"УИК №626","vibid":"4024047210493","voters":2090,"total":1910,"voted":1910,"spoiled":4,"yays":1841,"nays":65},{"committee":"УИК №627","vibid":"4024047210494","voters":715,"total":673,"voted":673,"spoiled":16,"yays":585,"nays":72},{"committee":"УИК №628","vibid":"4024047210495","voters":1734,"total":1573,"voted":1573,"spoiled":15,"yays":1328,"nays":230},{"committee":"УИК №629","vibid":"4024047210496","voters":1991,"total":1903,"voted":1903,"spoiled":3,"yays":1847,"nays":53},{"committee":"УИК №630","vibid":"4024047210497","voters":1982,"total":1861,"voted":1861,"spoiled":0,"yays":1798,"nays":63},{"committee":"УИК №631","vibid":"4024047210498","voters":2207,"total":2049,"voted":2048,"spoiled":44,"yays":1762,"nays":242},{"committee":"УИК №632","vibid":"4024047210499","voters":1975,"total":1865,"voted":1865,"spoiled":0,"yays":1771,"nays":94},{"committee":"УИК №633","vibid":"4024047210500","voters":1646,"total":1562,"voted":1562,"spoiled":6,"yays":1484,"nays":72},{"committee":"УИК №634","vibid":"4024047210501","voters":1346,"total":1298,"voted":1298,"spoiled":0,"yays":1233,"nays":65},{"committee":"УИК №635","vibid":"4024047210502","voters":2029,"total":1935,"voted":1935,"spoiled":6,"yays":1832,"nays":97},{"committee":"УИК №636","vibid":"4024047210503","voters":1992,"total":1916,"voted":1916,"spoiled":10,"yays":1820,"nays":86},{"committee":"УИК №637","vibid":"4024047210504","voters":1426,"total":1263,"voted":1263,"spoiled":0,"yays":1195,"nays":68},{"committee":"УИК №638","vibid":"4024047210505","voters":2086,"total":2016,"voted":2016,"spoiled":0,"yays":1964,"nays":52},{"committee":"УИК №639","vibid":"4024047210506","voters":1921,"total":1857,"voted":1857,"spoiled":12,"yays":1792,"nays":53},{"committee":"УИК №640","vibid":"4024047210507","voters":1954,"total":1695,"voted":1695,"spoiled":12,"yays":1484,"nays":199},{"committee":"УИК №641","vibid":"4024047210508","voters":2391,"total":2096,"voted":2096,"spoiled":11,"yays":1803,"nays":282}]