[{"committee":"УИК №40","vibid":"4044003255497","voters":940,"total":352,"voted":352,"spoiled":4,"yays":208,"nays":140},{"committee":"УИК №41","vibid":"4044003255498","voters":1161,"total":409,"voted":409,"spoiled":4,"yays":267,"nays":138},{"committee":"УИК №42","vibid":"4044003255499","voters":963,"total":413,"voted":413,"spoiled":3,"yays":286,"nays":124},{"committee":"УИК №43","vibid":"4044003255500","voters":1175,"total":416,"voted":416,"spoiled":8,"yays":234,"nays":174},{"committee":"УИК №44","vibid":"4044003255501","voters":1026,"total":410,"voted":410,"spoiled":3,"yays":247,"nays":160},{"committee":"УИК №45","vibid":"4044003255502","voters":1025,"total":530,"voted":530,"spoiled":2,"yays":365,"nays":163},{"committee":"УИК №46","vibid":"4044003255503","voters":904,"total":410,"voted":410,"spoiled":6,"yays":233,"nays":171},{"committee":"УИК №47","vibid":"4044003255504","voters":607,"total":243,"voted":243,"spoiled":3,"yays":134,"nays":106},{"committee":"УИК №48","vibid":"4044003255505","voters":865,"total":424,"voted":424,"spoiled":5,"yays":271,"nays":148},{"committee":"УИК №49","vibid":"4044003255506","voters":1118,"total":502,"voted":502,"spoiled":2,"yays":301,"nays":199},{"committee":"УИК №50","vibid":"4044003255507","voters":567,"total":252,"voted":252,"spoiled":3,"yays":161,"nays":88},{"committee":"УИК №51","vibid":"4044003255508","voters":683,"total":289,"voted":289,"spoiled":2,"yays":183,"nays":104},{"committee":"УИК №52","vibid":"4044003255509","voters":446,"total":171,"voted":171,"spoiled":0,"yays":98,"nays":73},{"committee":"УИК №53","vibid":"4044003255510","voters":472,"total":187,"voted":187,"spoiled":0,"yays":114,"nays":73},{"committee":"УИК №54","vibid":"4044003255511","voters":1151,"total":422,"voted":422,"spoiled":3,"yays":293,"nays":126},{"committee":"УИК №55","vibid":"4044003255512","voters":866,"total":319,"voted":319,"spoiled":3,"yays":234,"nays":82},{"committee":"УИК №56","vibid":"4044003255513","voters":651,"total":203,"voted":203,"spoiled":1,"yays":139,"nays":63},{"committee":"УИК №57","vibid":"4044003255514","voters":532,"total":268,"voted":268,"spoiled":6,"yays":166,"nays":96},{"committee":"УИК №58","vibid":"4044003255515","voters":403,"total":229,"voted":229,"spoiled":0,"yays":158,"nays":71},{"committee":"УИК №59","vibid":"4044003255516","voters":501,"total":230,"voted":230,"spoiled":2,"yays":149,"nays":79},{"committee":"УИК №60","vibid":"4044003255517","voters":903,"total":292,"voted":292,"spoiled":1,"yays":172,"nays":119},{"committee":"УИК №61","vibid":"4044003255518","voters":1924,"total":774,"voted":774,"spoiled":11,"yays":508,"nays":255},{"committee":"УИК №62","vibid":"4044003255519","voters":1409,"total":553,"voted":553,"spoiled":3,"yays":335,"nays":215},{"committee":"УИК №63","vibid":"4044003255520","voters":580,"total":328,"voted":328,"spoiled":6,"yays":234,"nays":88},{"committee":"УИК №64","vibid":"4044003255521","voters":241,"total":152,"voted":152,"spoiled":0,"yays":130,"nays":22},{"committee":"УИК №65","vibid":"4044003255522","voters":318,"total":160,"voted":160,"spoiled":2,"yays":118,"nays":40},{"committee":"УИК №66","vibid":"4044003255523","voters":188,"total":150,"voted":150,"spoiled":1,"yays":122,"nays":27},{"committee":"УИК №67","vibid":"4044003255524","voters":241,"total":154,"voted":154,"spoiled":0,"yays":119,"nays":35},{"committee":"УИК №68","vibid":"4044003255525","voters":1109,"total":397,"voted":397,"spoiled":5,"yays":226,"nays":166},{"committee":"УИК №69","vibid":"4044003255526","voters":987,"total":337,"voted":337,"spoiled":0,"yays":219,"nays":118}]