[{"committee":"УИК №114","vibid":"4044006197295","voters":983,"total":529,"voted":529,"spoiled":3,"yays":292,"nays":234},{"committee":"УИК №115","vibid":"4044006197296","voters":517,"total":339,"voted":339,"spoiled":1,"yays":200,"nays":138},{"committee":"УИК №116","vibid":"4044006197297","voters":283,"total":236,"voted":236,"spoiled":0,"yays":140,"nays":96},{"committee":"УИК №117","vibid":"4044006197298","voters":529,"total":358,"voted":358,"spoiled":2,"yays":239,"nays":117},{"committee":"УИК №118","vibid":"4044006197299","voters":170,"total":159,"voted":159,"spoiled":0,"yays":121,"nays":38},{"committee":"УИК №119","vibid":"4044006197300","voters":944,"total":666,"voted":666,"spoiled":4,"yays":470,"nays":192},{"committee":"УИК №120","vibid":"4044006197301","voters":240,"total":177,"voted":177,"spoiled":2,"yays":114,"nays":61},{"committee":"УИК №121","vibid":"4044006197302","voters":632,"total":470,"voted":470,"spoiled":4,"yays":404,"nays":62},{"committee":"УИК №122","vibid":"4044006197303","voters":159,"total":133,"voted":133,"spoiled":0,"yays":107,"nays":26},{"committee":"УИК №123","vibid":"4044006197304","voters":1971,"total":705,"voted":705,"spoiled":12,"yays":446,"nays":247},{"committee":"УИК №124","vibid":"4044006197305","voters":444,"total":287,"voted":287,"spoiled":3,"yays":210,"nays":74},{"committee":"УИК №125","vibid":"4044006197306","voters":1658,"total":1029,"voted":1029,"spoiled":4,"yays":654,"nays":371}]