[{"committee":"УИК №1908","vibid":"4024025345487","voters":823,"total":782,"voted":782,"spoiled":0,"yays":743,"nays":39},{"committee":"УИК №1909","vibid":"4024025345489","voters":101,"total":97,"voted":97,"spoiled":0,"yays":93,"nays":4},{"committee":"УИК №1910","vibid":"4024025345491","voters":115,"total":106,"voted":106,"spoiled":0,"yays":101,"nays":5},{"committee":"УИК №1911","vibid":"4024025345493","voters":313,"total":297,"voted":297,"spoiled":0,"yays":272,"nays":25},{"committee":"УИК №1912","vibid":"4024025345494","voters":302,"total":287,"voted":287,"spoiled":0,"yays":273,"nays":14},{"committee":"УИК №1913","vibid":"4024025345495","voters":111,"total":107,"voted":107,"spoiled":0,"yays":102,"nays":5},{"committee":"УИК №1914","vibid":"4024025345496","voters":273,"total":267,"voted":267,"spoiled":2,"yays":254,"nays":11},{"committee":"УИК №1916","vibid":"4024025345498","voters":231,"total":230,"voted":219,"spoiled":3,"yays":207,"nays":9},{"committee":"УИК №1917","vibid":"4024025345499","voters":344,"total":330,"voted":330,"spoiled":0,"yays":315,"nays":15},{"committee":"УИК №1918","vibid":"4024025345500","voters":81,"total":79,"voted":79,"spoiled":0,"yays":74,"nays":5},{"committee":"УИК №1919","vibid":"4024025345501","voters":56,"total":54,"voted":54,"spoiled":0,"yays":51,"nays":3},{"committee":"УИК №1920","vibid":"4024025345502","voters":155,"total":151,"voted":151,"spoiled":0,"yays":147,"nays":4},{"committee":"УИК №1921","vibid":"4024025345503","voters":227,"total":216,"voted":216,"spoiled":0,"yays":208,"nays":8},{"committee":"УИК №1922","vibid":"4024025345504","voters":140,"total":133,"voted":133,"spoiled":0,"yays":128,"nays":5},{"committee":"УИК №1923","vibid":"4024025345505","voters":320,"total":306,"voted":306,"spoiled":1,"yays":296,"nays":9},{"committee":"УИК №1924","vibid":"4024025345506","voters":401,"total":383,"voted":383,"spoiled":0,"yays":366,"nays":17},{"committee":"УИК №1925","vibid":"4024025345507","voters":176,"total":169,"voted":169,"spoiled":0,"yays":162,"nays":7},{"committee":"УИК №1926","vibid":"4024025345508","voters":176,"total":170,"voted":170,"spoiled":0,"yays":165,"nays":5},{"committee":"УИК №1927","vibid":"4024025345509","voters":198,"total":194,"voted":194,"spoiled":0,"yays":191,"nays":3},{"committee":"УИК №1928","vibid":"4024025345510","voters":201,"total":200,"voted":191,"spoiled":0,"yays":181,"nays":10},{"committee":"УИК №1929","vibid":"4024025345511","voters":145,"total":138,"voted":138,"spoiled":0,"yays":133,"nays":5},{"committee":"УИК №1930","vibid":"4024025345512","voters":1018,"total":919,"voted":919,"spoiled":43,"yays":775,"nays":101},{"committee":"УИК №1931","vibid":"4024025345513","voters":1089,"total":1029,"voted":1029,"spoiled":7,"yays":865,"nays":157},{"committee":"УИК №1932","vibid":"4024025345514","voters":972,"total":931,"voted":931,"spoiled":7,"yays":885,"nays":39},{"committee":"УИК №1933","vibid":"4024025345515","voters":532,"total":506,"voted":506,"spoiled":2,"yays":481,"nays":23},{"committee":"УИК №1934","vibid":"4024025345516","voters":150,"total":145,"voted":145,"spoiled":0,"yays":138,"nays":7},{"committee":"УИК №1935","vibid":"4024025345517","voters":1222,"total":1155,"voted":1155,"spoiled":10,"yays":1098,"nays":47},{"committee":"УИК №1936","vibid":"4024025345518","voters":978,"total":943,"voted":943,"spoiled":3,"yays":905,"nays":35},{"committee":"УИК №1937","vibid":"4024025345519","voters":95,"total":90,"voted":90,"spoiled":0,"yays":85,"nays":5},{"committee":"УИК №1938","vibid":"4024025345520","voters":781,"total":749,"voted":749,"spoiled":0,"yays":704,"nays":45},{"committee":"УИК №1939","vibid":"4024025345521","voters":913,"total":870,"voted":870,"spoiled":3,"yays":830,"nays":37},{"committee":"УИК №1940","vibid":"4024025345522","voters":205,"total":198,"voted":198,"spoiled":1,"yays":189,"nays":8},{"committee":"УИК №1941","vibid":"4024025345523","voters":610,"total":580,"voted":580,"spoiled":0,"yays":551,"nays":29},{"committee":"УИК №1944","vibid":"4024025345525","voters":346,"total":329,"voted":329,"spoiled":4,"yays":315,"nays":10},{"committee":"УИК №1945","vibid":"4024025345526","voters":176,"total":167,"voted":167,"spoiled":0,"yays":159,"nays":8},{"committee":"УИК №1946","vibid":"4024025345527","voters":111,"total":109,"voted":109,"spoiled":1,"yays":108,"nays":0},{"committee":"УИК №1947","vibid":"4024025345528","voters":487,"total":463,"voted":463,"spoiled":0,"yays":441,"nays":22},{"committee":"УИК №1948","vibid":"4024025345529","voters":662,"total":642,"voted":642,"spoiled":3,"yays":607,"nays":32},{"committee":"УИК №1949","vibid":"4024025345530","voters":457,"total":436,"voted":436,"spoiled":0,"yays":416,"nays":20},{"committee":"УИК №1950","vibid":"4024025345531","voters":124,"total":117,"voted":117,"spoiled":0,"yays":112,"nays":5},{"committee":"УИК №1951","vibid":"4024025345532","voters":511,"total":486,"voted":486,"spoiled":0,"yays":464,"nays":22},{"committee":"УИК №1952","vibid":"4024025345533","voters":196,"total":188,"voted":188,"spoiled":0,"yays":180,"nays":8},{"committee":"УИК №1953","vibid":"4024025345535","voters":409,"total":388,"voted":388,"spoiled":0,"yays":368,"nays":20},{"committee":"УИК №1954","vibid":"4024025345536","voters":144,"total":138,"voted":138,"spoiled":0,"yays":126,"nays":12},{"committee":"УИК №1955","vibid":"4024025345537","voters":63,"total":61,"voted":61,"spoiled":0,"yays":58,"nays":3},{"committee":"УИК №1956","vibid":"4024025345538","voters":715,"total":679,"voted":679,"spoiled":4,"yays":646,"nays":29},{"committee":"УИК №1957","vibid":"4024025345539","voters":76,"total":72,"voted":72,"spoiled":0,"yays":70,"nays":2},{"committee":"УИК №1958","vibid":"4024025345540","voters":135,"total":128,"voted":128,"spoiled":0,"yays":122,"nays":6},{"committee":"УИК №1960","vibid":"4024025345542","voters":122,"total":117,"voted":117,"spoiled":2,"yays":96,"nays":19},{"committee":"УИК №1961","vibid":"4024025345543","voters":920,"total":879,"voted":879,"spoiled":9,"yays":835,"nays":35},{"committee":"УИК №1962","vibid":"4024025345544","voters":146,"total":141,"voted":141,"spoiled":0,"yays":134,"nays":7},{"committee":"УИК №1964","vibid":"4024025345546","voters":366,"total":350,"voted":350,"spoiled":0,"yays":334,"nays":16},{"committee":"УИК №1965","vibid":"4024025345547","voters":496,"total":472,"voted":472,"spoiled":0,"yays":456,"nays":16},{"committee":"УИК №1966","vibid":"4024025345548","voters":147,"total":141,"voted":141,"spoiled":0,"yays":136,"nays":5},{"committee":"УИК №1967","vibid":"4024025345549","voters":432,"total":410,"voted":410,"spoiled":0,"yays":389,"nays":21},{"committee":"УИК №1968","vibid":"4024025345550","voters":216,"total":205,"voted":205,"spoiled":2,"yays":196,"nays":7},{"committee":"УИК №1969","vibid":"4024025345551","voters":283,"total":269,"voted":269,"spoiled":0,"yays":261,"nays":8},{"committee":"УИК №1970","vibid":"4024025345552","voters":67,"total":64,"voted":64,"spoiled":0,"yays":64,"nays":0},{"committee":"УИК №1971","vibid":"4024025345553","voters":115,"total":110,"voted":110,"spoiled":0,"yays":105,"nays":5}]