[{"committee":"УИК №827","vibid":"4034024228985","voters":1129,"total":727,"voted":727,"spoiled":8,"yays":535,"nays":184},{"committee":"УИК №828","vibid":"4034024228986","voters":1153,"total":585,"voted":585,"spoiled":6,"yays":381,"nays":198},{"committee":"УИК №829","vibid":"4034024228987","voters":1525,"total":873,"voted":873,"spoiled":4,"yays":524,"nays":345},{"committee":"УИК №830","vibid":"4034024228988","voters":820,"total":438,"voted":438,"spoiled":0,"yays":274,"nays":164},{"committee":"УИК №831","vibid":"4034024228989","voters":1461,"total":749,"voted":748,"spoiled":23,"yays":453,"nays":272},{"committee":"УИК №832","vibid":"4034024228990","voters":1452,"total":1159,"voted":1159,"spoiled":42,"yays":820,"nays":297},{"committee":"УИК №833","vibid":"4034024228991","voters":1754,"total":1386,"voted":1384,"spoiled":20,"yays":964,"nays":400},{"committee":"УИК №834","vibid":"4034024228992","voters":1546,"total":1033,"voted":1033,"spoiled":24,"yays":704,"nays":305},{"committee":"УИК №835","vibid":"4034024228993","voters":1420,"total":1030,"voted":1030,"spoiled":33,"yays":598,"nays":399},{"committee":"УИК №836","vibid":"4034024228994","voters":886,"total":539,"voted":539,"spoiled":5,"yays":269,"nays":265},{"committee":"УИК №837","vibid":"4034024228995","voters":2552,"total":1553,"voted":1553,"spoiled":57,"yays":1050,"nays":446},{"committee":"УИК №838","vibid":"4034024228996","voters":1841,"total":1155,"voted":1155,"spoiled":31,"yays":692,"nays":432},{"committee":"УИК №839","vibid":"4034024228997","voters":1274,"total":876,"voted":873,"spoiled":8,"yays":466,"nays":399},{"committee":"УИК №840","vibid":"4034024228998","voters":2016,"total":1113,"voted":1113,"spoiled":11,"yays":691,"nays":411},{"committee":"УИК №841","vibid":"4034024228999","voters":1998,"total":1391,"voted":1391,"spoiled":30,"yays":1026,"nays":335},{"committee":"УИК №842","vibid":"4034024229000","voters":2010,"total":1242,"voted":1242,"spoiled":7,"yays":943,"nays":292},{"committee":"УИК №843","vibid":"4034024229001","voters":2536,"total":1809,"voted":1809,"spoiled":17,"yays":1264,"nays":528},{"committee":"УИК №844","vibid":"4034024229002","voters":1011,"total":648,"voted":648,"spoiled":5,"yays":489,"nays":154},{"committee":"УИК №845","vibid":"4034024229003","voters":1678,"total":1024,"voted":1023,"spoiled":8,"yays":668,"nays":347},{"committee":"УИК №846","vibid":"4034024229004","voters":2090,"total":1215,"voted":1215,"spoiled":3,"yays":684,"nays":528},{"committee":"УИК №847","vibid":"4034024229005","voters":1338,"total":818,"voted":818,"spoiled":4,"yays":530,"nays":284},{"committee":"УИК №848","vibid":"4034024229006","voters":2022,"total":1517,"voted":1517,"spoiled":116,"yays":1097,"nays":304},{"committee":"УИК №849","vibid":"4034024229007","voters":1857,"total":1213,"voted":1213,"spoiled":27,"yays":753,"nays":433},{"committee":"УИК №850","vibid":"4034024229008","voters":2109,"total":1175,"voted":1175,"spoiled":15,"yays":757,"nays":403},{"committee":"УИК №851","vibid":"4034024229009","voters":2589,"total":1851,"voted":1851,"spoiled":18,"yays":980,"nays":853},{"committee":"УИК №852","vibid":"4034024229547","voters":451,"total":451,"voted":451,"spoiled":7,"yays":343,"nays":101},{"committee":"УИК №853","vibid":"4034024229011","voters":2543,"total":1486,"voted":1486,"spoiled":14,"yays":999,"nays":473},{"committee":"УИК №854","vibid":"4034024229012","voters":2578,"total":1596,"voted":1596,"spoiled":25,"yays":1003,"nays":568},{"committee":"УИК №855","vibid":"4034024229013","voters":2549,"total":1561,"voted":1559,"spoiled":11,"yays":914,"nays":634},{"committee":"УИК №856","vibid":"4034024229014","voters":1127,"total":796,"voted":795,"spoiled":6,"yays":520,"nays":269},{"committee":"УИК №857","vibid":"4034024229015","voters":842,"total":592,"voted":592,"spoiled":3,"yays":452,"nays":137},{"committee":"УИК №858","vibid":"4034024229016","voters":1191,"total":856,"voted":856,"spoiled":65,"yays":551,"nays":240},{"committee":"УИК №859","vibid":"4034024229017","voters":1583,"total":1074,"voted":1074,"spoiled":32,"yays":663,"nays":379},{"committee":"УИК №860","vibid":"4034024229018","voters":1783,"total":1220,"voted":1220,"spoiled":32,"yays":791,"nays":397},{"committee":"УИК №861","vibid":"4034024229019","voters":2470,"total":1226,"voted":1226,"spoiled":8,"yays":822,"nays":396},{"committee":"УИК №862","vibid":"4034024229549","voters":202,"total":202,"voted":202,"spoiled":1,"yays":111,"nays":90},{"committee":"УИК №863","vibid":"4034024229551","voters":73,"total":73,"voted":73,"spoiled":0,"yays":56,"nays":17}]