[{"committee":"УИК №95","vibid":"4084003198071","voters":633,"total":564,"voted":564,"spoiled":1,"yays":509,"nays":54},{"committee":"УИК №96","vibid":"4084003198072","voters":594,"total":512,"voted":512,"spoiled":10,"yays":492,"nays":10},{"committee":"УИК №97","vibid":"4084003198073","voters":485,"total":417,"voted":417,"spoiled":0,"yays":389,"nays":28},{"committee":"УИК №98","vibid":"4084003198074","voters":374,"total":324,"voted":324,"spoiled":0,"yays":307,"nays":17},{"committee":"УИК №99","vibid":"4084003198075","voters":328,"total":288,"voted":288,"spoiled":0,"yays":271,"nays":17},{"committee":"УИК №100","vibid":"4084003198076","voters":688,"total":590,"voted":590,"spoiled":0,"yays":513,"nays":77},{"committee":"УИК №101","vibid":"4084003198077","voters":695,"total":591,"voted":591,"spoiled":0,"yays":534,"nays":57},{"committee":"УИК №102","vibid":"4084003198078","voters":573,"total":511,"voted":511,"spoiled":0,"yays":499,"nays":12},{"committee":"УИК №103","vibid":"4084003198079","voters":666,"total":570,"voted":570,"spoiled":0,"yays":485,"nays":85},{"committee":"УИК №104","vibid":"4084003198080","voters":932,"total":814,"voted":814,"spoiled":9,"yays":713,"nays":92},{"committee":"УИК №105","vibid":"4084003198081","voters":566,"total":484,"voted":484,"spoiled":3,"yays":424,"nays":57},{"committee":"УИК №106","vibid":"4084003198082","voters":488,"total":435,"voted":435,"spoiled":3,"yays":413,"nays":19},{"committee":"УИК №107","vibid":"4084003198083","voters":685,"total":584,"voted":584,"spoiled":10,"yays":519,"nays":55},{"committee":"УИК №108","vibid":"4084003198084","voters":512,"total":440,"voted":440,"spoiled":3,"yays":405,"nays":32},{"committee":"УИК №109","vibid":"4084003198085","voters":453,"total":405,"voted":405,"spoiled":0,"yays":348,"nays":57},{"committee":"УИК №110","vibid":"4084003198086","voters":420,"total":365,"voted":365,"spoiled":2,"yays":329,"nays":34},{"committee":"УИК №111","vibid":"4084003198087","voters":389,"total":350,"voted":350,"spoiled":0,"yays":323,"nays":27},{"committee":"УИК №112","vibid":"4084003198088","voters":631,"total":596,"voted":596,"spoiled":0,"yays":572,"nays":24},{"committee":"УИК №113","vibid":"4084003198089","voters":179,"total":162,"voted":162,"spoiled":0,"yays":149,"nays":13},{"committee":"УИК №114","vibid":"4084003198090","voters":613,"total":532,"voted":532,"spoiled":1,"yays":495,"nays":36},{"committee":"УИК №115","vibid":"4084003198091","voters":573,"total":395,"voted":395,"spoiled":3,"yays":334,"nays":58},{"committee":"УИК №116","vibid":"4084003198092","voters":694,"total":628,"voted":628,"spoiled":2,"yays":573,"nays":53},{"committee":"УИК №117","vibid":"4084003198093","voters":610,"total":563,"voted":563,"spoiled":0,"yays":556,"nays":7}]