[{"committee":"УИК №194","vibid":"4084011213737","voters":649,"total":504,"voted":504,"spoiled":0,"yays":447,"nays":57},{"committee":"УИК №195","vibid":"4084011213738","voters":662,"total":571,"voted":571,"spoiled":0,"yays":521,"nays":50},{"committee":"УИК №196","vibid":"4084011213739","voters":596,"total":503,"voted":503,"spoiled":5,"yays":438,"nays":60},{"committee":"УИК №197","vibid":"4084011213740","voters":782,"total":638,"voted":638,"spoiled":0,"yays":588,"nays":50},{"committee":"УИК №198","vibid":"4084011213741","voters":853,"total":675,"voted":675,"spoiled":7,"yays":494,"nays":174},{"committee":"УИК №199","vibid":"4084011213742","voters":524,"total":417,"voted":417,"spoiled":0,"yays":395,"nays":22},{"committee":"УИК №200","vibid":"4084011213743","voters":378,"total":362,"voted":362,"spoiled":2,"yays":356,"nays":4},{"committee":"УИК №201","vibid":"4084011213744","voters":65,"total":62,"voted":62,"spoiled":0,"yays":60,"nays":2},{"committee":"УИК №202","vibid":"4084011213745","voters":377,"total":305,"voted":305,"spoiled":0,"yays":277,"nays":28},{"committee":"УИК №203","vibid":"4084011213746","voters":75,"total":69,"voted":69,"spoiled":0,"yays":61,"nays":8},{"committee":"УИК №204","vibid":"4084011213747","voters":54,"total":49,"voted":49,"spoiled":0,"yays":46,"nays":3},{"committee":"УИК №205","vibid":"4084011213748","voters":341,"total":302,"voted":302,"spoiled":3,"yays":272,"nays":27},{"committee":"УИК №206","vibid":"4084011213749","voters":411,"total":369,"voted":369,"spoiled":0,"yays":332,"nays":37},{"committee":"УИК №207","vibid":"4084011213750","voters":384,"total":356,"voted":356,"spoiled":0,"yays":347,"nays":9},{"committee":"УИК №208","vibid":"4084011213751","voters":556,"total":512,"voted":512,"spoiled":0,"yays":495,"nays":17}]