[{"committee":"УИК №1403","vibid":"4024070288577","voters":1547,"total":1430,"voted":1430,"spoiled":9,"yays":1059,"nays":362},{"committee":"УИК №1404","vibid":"4024070288578","voters":1623,"total":1468,"voted":1468,"spoiled":8,"yays":1016,"nays":444},{"committee":"УИК №1406","vibid":"4024070288580","voters":1481,"total":1325,"voted":1325,"spoiled":16,"yays":1057,"nays":252},{"committee":"УИК №1407","vibid":"4024070288581","voters":1503,"total":1228,"voted":1227,"spoiled":24,"yays":893,"nays":310},{"committee":"УИК №1409","vibid":"4024070288583","voters":1499,"total":1422,"voted":1422,"spoiled":0,"yays":1336,"nays":86},{"committee":"УИК №1415","vibid":"4024070288589","voters":1456,"total":1135,"voted":1135,"spoiled":43,"yays":654,"nays":438},{"committee":"УИК №1416","vibid":"4024070288590","voters":1922,"total":1368,"voted":1368,"spoiled":10,"yays":745,"nays":613},{"committee":"УИК №1417","vibid":"4024070288591","voters":1527,"total":1370,"voted":1370,"spoiled":18,"yays":996,"nays":356},{"committee":"УИК №1435","vibid":"4024070288609","voters":118,"total":109,"voted":109,"spoiled":0,"yays":91,"nays":18},{"committee":"УИК №1437","vibid":"4024070288611","voters":917,"total":845,"voted":845,"spoiled":0,"yays":828,"nays":17},{"committee":"УИК №1442","vibid":"4024070288616","voters":382,"total":327,"voted":327,"spoiled":3,"yays":307,"nays":17},{"committee":"УИК №3518","vibid":"4024070288619","voters":1311,"total":1208,"voted":1208,"spoiled":16,"yays":953,"nays":239}]