[{"committee":"УИК №207","vibid":"4024057390108","voters":851,"total":743,"voted":740,"spoiled":12,"yays":604,"nays":124},{"committee":"УИК №208","vibid":"4024057390109","voters":1532,"total":1337,"voted":1332,"spoiled":10,"yays":1094,"nays":228},{"committee":"УИК №209","vibid":"4024057390110","voters":1034,"total":903,"voted":901,"spoiled":6,"yays":750,"nays":145},{"committee":"УИК №210","vibid":"4024057390111","voters":1940,"total":1694,"voted":1691,"spoiled":13,"yays":1403,"nays":275},{"committee":"УИК №212","vibid":"4024057390113","voters":1768,"total":1544,"voted":1539,"spoiled":44,"yays":1294,"nays":201},{"committee":"УИК №214","vibid":"4024057390115","voters":1882,"total":1643,"voted":1633,"spoiled":7,"yays":1342,"nays":284},{"committee":"УИК №215","vibid":"4024057390116","voters":1801,"total":1576,"voted":1566,"spoiled":18,"yays":1306,"nays":242},{"committee":"УИК №216","vibid":"4024057390117","voters":1830,"total":1602,"voted":1596,"spoiled":27,"yays":1331,"nays":238},{"committee":"УИК №217","vibid":"4024057390118","voters":1405,"total":1227,"voted":1221,"spoiled":101,"yays":1016,"nays":104},{"committee":"УИК №218","vibid":"4024057390119","voters":2655,"total":2317,"voted":2308,"spoiled":15,"yays":1911,"nays":382},{"committee":"УИК №219","vibid":"4024057390120","voters":1700,"total":1484,"voted":1481,"spoiled":19,"yays":1216,"nays":246},{"committee":"УИК №220","vibid":"4024057390121","voters":1311,"total":1143,"voted":1138,"spoiled":110,"yays":935,"nays":93},{"committee":"УИК №221","vibid":"4024057390122","voters":2125,"total":1860,"voted":1855,"spoiled":15,"yays":1527,"nays":313},{"committee":"УИК №222","vibid":"4024057390123","voters":2277,"total":1996,"voted":1991,"spoiled":4,"yays":1649,"nays":338},{"committee":"УИК №223","vibid":"4024057390124","voters":1958,"total":1731,"voted":1727,"spoiled":12,"yays":1425,"nays":290},{"committee":"УИК №225","vibid":"4024057390126","voters":1981,"total":1733,"voted":1727,"spoiled":9,"yays":1438,"nays":280},{"committee":"УИК №226","vibid":"4024057390127","voters":2129,"total":1865,"voted":1860,"spoiled":5,"yays":1540,"nays":315},{"committee":"УИК №227","vibid":"4024057390128","voters":2985,"total":2612,"voted":2609,"spoiled":31,"yays":2168,"nays":410},{"committee":"УИК №228","vibid":"4024057390129","voters":2347,"total":2059,"voted":2054,"spoiled":5,"yays":1709,"nays":340},{"committee":"УИК №229","vibid":"4024057390130","voters":2218,"total":1941,"voted":1935,"spoiled":12,"yays":1598,"nays":325},{"committee":"УИК №230","vibid":"4024057390131","voters":2027,"total":1774,"voted":1763,"spoiled":7,"yays":1467,"nays":289},{"committee":"УИК №231","vibid":"4024057390132","voters":1937,"total":1684,"voted":1677,"spoiled":7,"yays":1391,"nays":279},{"committee":"УИК №232","vibid":"4024057390133","voters":2154,"total":1885,"voted":1882,"spoiled":4,"yays":1564,"nays":314},{"committee":"УИК №233","vibid":"4024057390134","voters":2795,"total":2440,"voted":2431,"spoiled":5,"yays":2028,"nays":398},{"committee":"УИК №234","vibid":"4024057390135","voters":1547,"total":1353,"voted":1348,"spoiled":11,"yays":1121,"nays":216},{"committee":"УИК №238","vibid":"4024057390139","voters":2170,"total":1895,"voted":1891,"spoiled":3,"yays":1567,"nays":321},{"committee":"УИК №239","vibid":"4024057390140","voters":1185,"total":1037,"voted":1032,"spoiled":22,"yays":858,"nays":152},{"committee":"УИК №241","vibid":"4024057390142","voters":1655,"total":1445,"voted":1442,"spoiled":87,"yays":1188,"nays":167},{"committee":"УИК №247","vibid":"4024057390148","voters":2337,"total":2045,"voted":2031,"spoiled":24,"yays":1706,"nays":301},{"committee":"УИК №249","vibid":"4024057390150","voters":1722,"total":1506,"voted":1503,"spoiled":28,"yays":1265,"nays":210},{"committee":"УИК №252","vibid":"4024057390153","voters":2007,"total":1756,"voted":1751,"spoiled":52,"yays":1461,"nays":238},{"committee":"УИК №253","vibid":"4024057390154","voters":1716,"total":1496,"voted":1489,"spoiled":51,"yays":1194,"nays":244},{"committee":"УИК №255","vibid":"4024057390156","voters":2244,"total":1964,"voted":1957,"spoiled":31,"yays":1599,"nays":327},{"committee":"УИК №256","vibid":"4024057390157","voters":2203,"total":1924,"voted":1918,"spoiled":8,"yays":1583,"nays":327},{"committee":"УИК №257","vibid":"4024057390158","voters":2095,"total":1829,"voted":1823,"spoiled":23,"yays":1518,"nays":282},{"committee":"УИК №258","vibid":"4024057390159","voters":2499,"total":2186,"voted":2179,"spoiled":26,"yays":1786,"nays":367},{"committee":"УИК №264","vibid":"4024057390165","voters":2050,"total":1787,"voted":1783,"spoiled":8,"yays":1497,"nays":278},{"committee":"УИК №267","vibid":"4024057390168","voters":2205,"total":1924,"voted":1921,"spoiled":105,"yays":1598,"nays":218},{"committee":"УИК №268","vibid":"4024057390169","voters":2224,"total":1947,"voted":1942,"spoiled":8,"yays":1636,"nays":298},{"committee":"УИК №269","vibid":"4024057390170","voters":1956,"total":1702,"voted":1696,"spoiled":7,"yays":1412,"nays":277},{"committee":"УИК №270","vibid":"4024057390171","voters":1935,"total":1690,"voted":1687,"spoiled":10,"yays":1420,"nays":257},{"committee":"УИК №271","vibid":"4024057390172","voters":1981,"total":1713,"voted":1706,"spoiled":50,"yays":1412,"nays":244},{"committee":"УИК №272","vibid":"4024057390173","voters":1790,"total":1549,"voted":1542,"spoiled":36,"yays":1259,"nays":247},{"committee":"УИК №273","vibid":"4024057390174","voters":1992,"total":1743,"voted":1737,"spoiled":47,"yays":1453,"nays":237},{"committee":"УИК №277","vibid":"4024057390178","voters":1880,"total":1631,"voted":1624,"spoiled":7,"yays":1361,"nays":256},{"committee":"УИК №283","vibid":"4024057390184","voters":2051,"total":1785,"voted":1775,"spoiled":20,"yays":1468,"nays":287},{"committee":"УИК №289","vibid":"4024057391359","voters":249,"total":249,"voted":249,"spoiled":21,"yays":207,"nays":21},{"committee":"УИК №290","vibid":"4024057391360","voters":234,"total":234,"voted":234,"spoiled":7,"yays":193,"nays":34},{"committee":"УИК №291","vibid":"4024057391361","voters":80,"total":80,"voted":80,"spoiled":2,"yays":66,"nays":12},{"committee":"УИК №3484","vibid":"4024057390190","voters":2509,"total":2198,"voted":2192,"spoiled":2,"yays":1824,"nays":366},{"committee":"УИК №3485","vibid":"4024057390191","voters":3326,"total":2910,"voted":2905,"spoiled":193,"yays":2415,"nays":297}]