[{"committee":"УИК №210","vibid":"4094008356139","voters":1569,"total":1315,"voted":1315,"spoiled":0,"yays":1178,"nays":137},{"committee":"УИК №211","vibid":"4094008356140","voters":1387,"total":1158,"voted":1158,"spoiled":0,"yays":938,"nays":220},{"committee":"УИК №212","vibid":"4094008356141","voters":1258,"total":1037,"voted":1037,"spoiled":0,"yays":917,"nays":120},{"committee":"УИК №213","vibid":"4094008356142","voters":1080,"total":912,"voted":912,"spoiled":0,"yays":750,"nays":162},{"committee":"УИК №214","vibid":"4094008356143","voters":1663,"total":1454,"voted":1454,"spoiled":0,"yays":1151,"nays":303},{"committee":"УИК №216","vibid":"4094008356145","voters":2286,"total":1927,"voted":1927,"spoiled":0,"yays":1653,"nays":274},{"committee":"УИК №218","vibid":"4094008356147","voters":1915,"total":1632,"voted":1632,"spoiled":0,"yays":1452,"nays":180},{"committee":"УИК №219","vibid":"4094008356148","voters":1396,"total":1225,"voted":1225,"spoiled":0,"yays":1105,"nays":120},{"committee":"УИК №220","vibid":"4094008356149","voters":1526,"total":1204,"voted":1204,"spoiled":3,"yays":1159,"nays":42},{"committee":"УИК №221","vibid":"4094008356150","voters":1551,"total":1369,"voted":1369,"spoiled":0,"yays":1136,"nays":233},{"committee":"УИК №222","vibid":"4094008356151","voters":1109,"total":899,"voted":899,"spoiled":2,"yays":859,"nays":38},{"committee":"УИК №224","vibid":"4094008356153","voters":1294,"total":1021,"voted":1021,"spoiled":2,"yays":960,"nays":59},{"committee":"УИК №226","vibid":"4094008356155","voters":1307,"total":1058,"voted":1058,"spoiled":9,"yays":817,"nays":232},{"committee":"УИК №230","vibid":"4094008356159","voters":1334,"total":1147,"voted":1147,"spoiled":0,"yays":927,"nays":220},{"committee":"УИК №231","vibid":"4094008356160","voters":846,"total":722,"voted":722,"spoiled":0,"yays":528,"nays":194},{"committee":"УИК №233","vibid":"4094008356162","voters":864,"total":722,"voted":722,"spoiled":0,"yays":709,"nays":13}]