[{"committee":"УИК №662","vibid":"4054020174161","voters":1596,"total":1445,"voted":1445,"spoiled":19,"yays":892,"nays":534},{"committee":"УИК №663","vibid":"4054020174162","voters":1874,"total":1678,"voted":1678,"spoiled":4,"yays":1575,"nays":99},{"committee":"УИК №664","vibid":"4054020174163","voters":528,"total":500,"voted":486,"spoiled":0,"yays":466,"nays":20},{"committee":"УИК №665","vibid":"4054020174164","voters":59,"total":56,"voted":56,"spoiled":0,"yays":34,"nays":22},{"committee":"УИК №666","vibid":"4054020174165","voters":157,"total":146,"voted":146,"spoiled":0,"yays":94,"nays":52},{"committee":"УИК №667","vibid":"4054020174166","voters":181,"total":127,"voted":127,"spoiled":0,"yays":45,"nays":82},{"committee":"УИК №668","vibid":"4054020174167","voters":2081,"total":1866,"voted":1866,"spoiled":5,"yays":1672,"nays":189},{"committee":"УИК №669","vibid":"4054020174168","voters":1853,"total":1737,"voted":1737,"spoiled":52,"yays":1201,"nays":484},{"committee":"УИК №670","vibid":"4054020174169","voters":1728,"total":1440,"voted":1440,"spoiled":4,"yays":1278,"nays":158},{"committee":"УИК №671","vibid":"4054020174170","voters":1946,"total":1760,"voted":1760,"spoiled":17,"yays":1643,"nays":100},{"committee":"УИК №676","vibid":"4054020174175","voters":1701,"total":1298,"voted":1298,"spoiled":10,"yays":1078,"nays":210},{"committee":"УИК №678","vibid":"4054020174177","voters":1083,"total":973,"voted":973,"spoiled":0,"yays":943,"nays":30},{"committee":"УИК №679","vibid":"4054020174178","voters":1540,"total":1392,"voted":1392,"spoiled":1,"yays":1295,"nays":96},{"committee":"УИК №680","vibid":"4054020174179","voters":2489,"total":2104,"voted":2104,"spoiled":1,"yays":2019,"nays":84},{"committee":"УИК №681","vibid":"4054020174180","voters":1800,"total":1656,"voted":1656,"spoiled":0,"yays":1507,"nays":149},{"committee":"УИК №682","vibid":"4054020174181","voters":2430,"total":1896,"voted":1896,"spoiled":8,"yays":1612,"nays":276},{"committee":"УИК №684","vibid":"4054020174183","voters":2862,"total":2495,"voted":2495,"spoiled":0,"yays":2457,"nays":38},{"committee":"УИК №687","vibid":"4054020174186","voters":535,"total":482,"voted":482,"spoiled":0,"yays":482,"nays":0}]