[{"committee":"УИК №3093","vibid":"4024061453574","voters":2000,"total":1900,"voted":1900,"spoiled":0,"yays":1805,"nays":95},{"committee":"УИК №3094","vibid":"4024061453576","voters":558,"total":530,"voted":530,"spoiled":3,"yays":513,"nays":14},{"committee":"УИК №3096","vibid":"4024061453580","voters":227,"total":218,"voted":218,"spoiled":0,"yays":207,"nays":11},{"committee":"УИК №3097","vibid":"4024061453582","voters":302,"total":287,"voted":287,"spoiled":0,"yays":273,"nays":14},{"committee":"УИК №3098","vibid":"4024061453584","voters":897,"total":869,"voted":869,"spoiled":0,"yays":843,"nays":26},{"committee":"УИК №3099","vibid":"4024061453586","voters":439,"total":424,"voted":424,"spoiled":3,"yays":408,"nays":13},{"committee":"УИК №3100","vibid":"4024061453588","voters":779,"total":741,"voted":741,"spoiled":3,"yays":703,"nays":35},{"committee":"УИК №3101","vibid":"4024061453590","voters":629,"total":598,"voted":598,"spoiled":2,"yays":583,"nays":13},{"committee":"УИК №3102","vibid":"4024061453592","voters":337,"total":324,"voted":324,"spoiled":0,"yays":308,"nays":16},{"committee":"УИК №3103","vibid":"4024061453594","voters":1217,"total":1168,"voted":1168,"spoiled":0,"yays":1110,"nays":58},{"committee":"УИК №3105","vibid":"4024061453598","voters":665,"total":645,"voted":645,"spoiled":4,"yays":626,"nays":15},{"committee":"УИК №3107","vibid":"4024061453602","voters":586,"total":559,"voted":559,"spoiled":2,"yays":530,"nays":27},{"committee":"УИК №3114","vibid":"4024061453616","voters":700,"total":665,"voted":665,"spoiled":4,"yays":631,"nays":30},{"committee":"УИК №3115","vibid":"4024061453618","voters":1173,"total":1126,"voted":1126,"spoiled":0,"yays":1070,"nays":56},{"committee":"УИК №3116","vibid":"4024061453620","voters":572,"total":549,"voted":549,"spoiled":1,"yays":527,"nays":21},{"committee":"УИК №3117","vibid":"4024061453622","voters":504,"total":482,"voted":482,"spoiled":4,"yays":458,"nays":20},{"committee":"УИК №3120","vibid":"4024061453628","voters":201,"total":195,"voted":195,"spoiled":1,"yays":189,"nays":5},{"committee":"УИК №3122","vibid":"4024061453632","voters":876,"total":833,"voted":833,"spoiled":4,"yays":751,"nays":78},{"committee":"УИК №3125","vibid":"4024061453638","voters":234,"total":222,"voted":222,"spoiled":2,"yays":212,"nays":8},{"committee":"УИК №3127","vibid":"4024061453642","voters":1311,"total":1245,"voted":1245,"spoiled":2,"yays":1223,"nays":20},{"committee":"УИК №3128","vibid":"4024061453644","voters":1375,"total":1239,"voted":1239,"spoiled":17,"yays":825,"nays":397},{"committee":"УИК №3129","vibid":"4024061453646","voters":720,"total":682,"voted":682,"spoiled":0,"yays":649,"nays":33},{"committee":"УИК №3130","vibid":"4024061453648","voters":518,"total":487,"voted":487,"spoiled":4,"yays":465,"nays":18},{"committee":"УИК №3132","vibid":"4024061453652","voters":1150,"total":1081,"voted":1081,"spoiled":8,"yays":869,"nays":204},{"committee":"УИК №3133","vibid":"4024061453654","voters":375,"total":354,"voted":354,"spoiled":5,"yays":337,"nays":12},{"committee":"УИК №3134","vibid":"4024061453656","voters":264,"total":251,"voted":251,"spoiled":0,"yays":239,"nays":12},{"committee":"УИК №3137","vibid":"4024061453662","voters":492,"total":472,"voted":472,"spoiled":0,"yays":467,"nays":5},{"committee":"УИК №3138","vibid":"4024061453664","voters":1057,"total":1004,"voted":1004,"spoiled":0,"yays":954,"nays":50},{"committee":"УИК №3139","vibid":"4024061453666","voters":1739,"total":1579,"voted":1579,"spoiled":11,"yays":1489,"nays":79},{"committee":"УИК №3140","vibid":"4024061453668","voters":1206,"total":1169,"voted":1169,"spoiled":4,"yays":1110,"nays":55},{"committee":"УИК №3141","vibid":"4024061453670","voters":1396,"total":1300,"voted":1300,"spoiled":0,"yays":1273,"nays":27},{"committee":"УИК №3142","vibid":"4024061453672","voters":1363,"total":1317,"voted":1317,"spoiled":8,"yays":1120,"nays":189},{"committee":"УИК №3143","vibid":"4024061453674","voters":1289,"total":1231,"voted":1231,"spoiled":0,"yays":1179,"nays":52},{"committee":"УИК №3144","vibid":"4024061453676","voters":1468,"total":1395,"voted":1395,"spoiled":0,"yays":1325,"nays":70},{"committee":"УИК №3145","vibid":"4024061453678","voters":1324,"total":1258,"voted":1258,"spoiled":13,"yays":1195,"nays":50},{"committee":"УИК №3146","vibid":"4024061453680","voters":1464,"total":1025,"voted":1022,"spoiled":3,"yays":819,"nays":200},{"committee":"УИК №3147","vibid":"4024061453682","voters":1458,"total":1149,"voted":1149,"spoiled":13,"yays":933,"nays":203},{"committee":"УИК №3148","vibid":"4024061453684","voters":1480,"total":1406,"voted":1406,"spoiled":0,"yays":1336,"nays":70},{"committee":"УИК №3149","vibid":"4024061453686","voters":1267,"total":1201,"voted":1201,"spoiled":0,"yays":1141,"nays":60},{"committee":"УИК №3150","vibid":"4024061453688","voters":1425,"total":1354,"voted":1354,"spoiled":3,"yays":1284,"nays":67},{"committee":"УИК №3151","vibid":"4024061453690","voters":1467,"total":959,"voted":959,"spoiled":6,"yays":855,"nays":98},{"committee":"УИК №3152","vibid":"4024061453692","voters":1859,"total":1820,"voted":1820,"spoiled":0,"yays":1803,"nays":17},{"committee":"УИК №3153","vibid":"4024061453694","voters":1292,"total":1236,"voted":1236,"spoiled":8,"yays":1182,"nays":46},{"committee":"УИК №3155","vibid":"4024061455996","voters":173,"total":157,"voted":157,"spoiled":0,"yays":150,"nays":7}]