[{"committee":"УИК №370","vibid":"4054011125020","voters":1881,"total":1674,"voted":1674,"spoiled":0,"yays":1439,"nays":235},{"committee":"УИК №371","vibid":"4054011125021","voters":1706,"total":1643,"voted":1643,"spoiled":6,"yays":1527,"nays":110},{"committee":"УИК №372","vibid":"4054011125022","voters":1917,"total":1706,"voted":1706,"spoiled":0,"yays":1484,"nays":222},{"committee":"УИК №373","vibid":"4054011125023","voters":2618,"total":2330,"voted":2330,"spoiled":0,"yays":2204,"nays":126},{"committee":"УИК №374","vibid":"4054011125024","voters":2856,"total":2513,"voted":2513,"spoiled":0,"yays":2237,"nays":276},{"committee":"УИК №375","vibid":"4054011125025","voters":1663,"total":1501,"voted":1501,"spoiled":0,"yays":1306,"nays":195},{"committee":"УИК №376","vibid":"4054011125026","voters":2212,"total":2177,"voted":2177,"spoiled":0,"yays":2068,"nays":109},{"committee":"УИК №377","vibid":"4054011125027","voters":1194,"total":1044,"voted":1044,"spoiled":2,"yays":1009,"nays":33},{"committee":"УИК №378","vibid":"4054011125028","voters":1597,"total":1412,"voted":1412,"spoiled":1,"yays":1221,"nays":190},{"committee":"УИК №379","vibid":"4054011125029","voters":2889,"total":2578,"voted":2578,"spoiled":16,"yays":2254,"nays":308},{"committee":"УИК №380","vibid":"4054011125030","voters":2109,"total":2024,"voted":2024,"spoiled":0,"yays":1994,"nays":30}]