[{"committee":"УИК №567","vibid":"4054017172077","voters":674,"total":627,"voted":627,"spoiled":0,"yays":598,"nays":29},{"committee":"УИК №568","vibid":"4054017172078","voters":267,"total":248,"voted":248,"spoiled":0,"yays":237,"nays":11},{"committee":"УИК №569","vibid":"4054017172079","voters":149,"total":138,"voted":138,"spoiled":0,"yays":131,"nays":7},{"committee":"УИК №570","vibid":"4054017172080","voters":1486,"total":1382,"voted":1382,"spoiled":0,"yays":1313,"nays":69},{"committee":"УИК №577","vibid":"4054017172087","voters":996,"total":930,"voted":930,"spoiled":0,"yays":890,"nays":40},{"committee":"УИК №578","vibid":"4054017172088","voters":135,"total":126,"voted":126,"spoiled":0,"yays":120,"nays":6},{"committee":"УИК №583","vibid":"4054017172093","voters":341,"total":318,"voted":318,"spoiled":0,"yays":302,"nays":16},{"committee":"УИК №586","vibid":"4054017172096","voters":619,"total":576,"voted":576,"spoiled":0,"yays":547,"nays":29},{"committee":"УИК №592","vibid":"4054017172102","voters":1193,"total":1109,"voted":1109,"spoiled":0,"yays":1055,"nays":54},{"committee":"УИК №595","vibid":"4054017172105","voters":267,"total":249,"voted":249,"spoiled":0,"yays":236,"nays":13},{"committee":"УИК №599","vibid":"4054017172109","voters":137,"total":128,"voted":128,"spoiled":0,"yays":122,"nays":6},{"committee":"УИК №602","vibid":"4054017172112","voters":326,"total":304,"voted":304,"spoiled":0,"yays":289,"nays":15},{"committee":"УИК №603","vibid":"4054017172113","voters":848,"total":789,"voted":789,"spoiled":0,"yays":751,"nays":38},{"committee":"УИК №604","vibid":"4054017172114","voters":130,"total":121,"voted":121,"spoiled":0,"yays":115,"nays":6},{"committee":"УИК №605","vibid":"4054017172115","voters":226,"total":211,"voted":211,"spoiled":0,"yays":201,"nays":10},{"committee":"УИК №606","vibid":"4054017172116","voters":147,"total":137,"voted":137,"spoiled":0,"yays":131,"nays":6}]