[{"committee":"УИК №53","vibid":"4014004219772","voters":1340,"total":1184,"voted":1184,"spoiled":0,"yays":1010,"nays":174},{"committee":"УИК №54","vibid":"4014004219773","voters":1623,"total":1437,"voted":1437,"spoiled":0,"yays":1224,"nays":213},{"committee":"УИК №55","vibid":"4014004219774","voters":1024,"total":970,"voted":970,"spoiled":0,"yays":837,"nays":133},{"committee":"УИК №56","vibid":"4014004219775","voters":1838,"total":1617,"voted":1617,"spoiled":9,"yays":1374,"nays":234},{"committee":"УИК №57","vibid":"4014004219776","voters":1836,"total":1634,"voted":1634,"spoiled":16,"yays":1421,"nays":197},{"committee":"УИК №58","vibid":"4014004219777","voters":2077,"total":1810,"voted":1810,"spoiled":1,"yays":1538,"nays":271},{"committee":"УИК №59","vibid":"4014004219778","voters":872,"total":776,"voted":776,"spoiled":0,"yays":663,"nays":113},{"committee":"УИК №60","vibid":"4014004219779","voters":956,"total":893,"voted":893,"spoiled":5,"yays":817,"nays":71},{"committee":"УИК №61","vibid":"4014004219780","voters":1974,"total":1738,"voted":1738,"spoiled":4,"yays":1486,"nays":248},{"committee":"УИК №62","vibid":"4014004219781","voters":617,"total":553,"voted":553,"spoiled":1,"yays":476,"nays":76},{"committee":"УИК №63","vibid":"4014004219782","voters":776,"total":695,"voted":695,"spoiled":0,"yays":591,"nays":104},{"committee":"УИК №64","vibid":"4014004219783","voters":626,"total":550,"voted":550,"spoiled":0,"yays":504,"nays":46},{"committee":"УИК №65","vibid":"4014004219784","voters":299,"total":270,"voted":270,"spoiled":0,"yays":231,"nays":39},{"committee":"УИК №66","vibid":"4014004219785","voters":368,"total":337,"voted":337,"spoiled":0,"yays":305,"nays":32},{"committee":"УИК №67","vibid":"4014004219786","voters":697,"total":647,"voted":647,"spoiled":0,"yays":587,"nays":60},{"committee":"УИК №68","vibid":"4014004219787","voters":863,"total":742,"voted":742,"spoiled":0,"yays":631,"nays":111},{"committee":"УИК №69","vibid":"4014004219788","voters":292,"total":260,"voted":260,"spoiled":11,"yays":198,"nays":51},{"committee":"УИК №70","vibid":"4014004219789","voters":1205,"total":1074,"voted":1074,"spoiled":0,"yays":935,"nays":139},{"committee":"УИК №71","vibid":"4014004219790","voters":480,"total":446,"voted":446,"spoiled":0,"yays":402,"nays":44},{"committee":"УИК №72","vibid":"4014004219791","voters":301,"total":277,"voted":277,"spoiled":0,"yays":232,"nays":45},{"committee":"УИК №73","vibid":"4014004219792","voters":1046,"total":945,"voted":945,"spoiled":0,"yays":868,"nays":77}]