[{"committee":"УИК №2317","vibid":"4024033270913","voters":354,"total":349,"voted":349,"spoiled":3,"yays":318,"nays":28},{"committee":"УИК №2318","vibid":"4024033270915","voters":297,"total":289,"voted":289,"spoiled":7,"yays":257,"nays":25},{"committee":"УИК №2319","vibid":"4024033270918","voters":154,"total":152,"voted":152,"spoiled":0,"yays":131,"nays":21},{"committee":"УИК №2320","vibid":"4024033270920","voters":406,"total":387,"voted":387,"spoiled":8,"yays":352,"nays":27},{"committee":"УИК №2321","vibid":"4024033270921","voters":129,"total":123,"voted":123,"spoiled":0,"yays":112,"nays":11},{"committee":"УИК №2322","vibid":"4024033270922","voters":129,"total":124,"voted":124,"spoiled":0,"yays":117,"nays":7},{"committee":"УИК №2323","vibid":"4024033270923","voters":183,"total":166,"voted":166,"spoiled":0,"yays":152,"nays":14},{"committee":"УИК №2324","vibid":"4024033270924","voters":140,"total":132,"voted":132,"spoiled":1,"yays":88,"nays":43},{"committee":"УИК №2325","vibid":"4024033270925","voters":357,"total":347,"voted":347,"spoiled":0,"yays":325,"nays":22},{"committee":"УИК №2326","vibid":"4024033270926","voters":2186,"total":2116,"voted":2116,"spoiled":4,"yays":1669,"nays":443},{"committee":"УИК №2327","vibid":"4024033270927","voters":1765,"total":1705,"voted":1705,"spoiled":24,"yays":1414,"nays":267},{"committee":"УИК №2328","vibid":"4024033270928","voters":1045,"total":1023,"voted":1023,"spoiled":0,"yays":962,"nays":61},{"committee":"УИК №2329","vibid":"4024033270929","voters":128,"total":125,"voted":125,"spoiled":0,"yays":115,"nays":10},{"committee":"УИК №2330","vibid":"4024033270930","voters":404,"total":404,"voted":404,"spoiled":0,"yays":390,"nays":14},{"committee":"УИК №2331","vibid":"4024033270931","voters":176,"total":176,"voted":176,"spoiled":0,"yays":166,"nays":10},{"committee":"УИК №2332","vibid":"4024033270932","voters":190,"total":183,"voted":183,"spoiled":0,"yays":172,"nays":11},{"committee":"УИК №2333","vibid":"4024033270933","voters":559,"total":547,"voted":547,"spoiled":2,"yays":510,"nays":35},{"committee":"УИК №2334","vibid":"4024033270934","voters":309,"total":300,"voted":300,"spoiled":0,"yays":282,"nays":18},{"committee":"УИК №2335","vibid":"4024033270935","voters":211,"total":205,"voted":205,"spoiled":2,"yays":187,"nays":16},{"committee":"УИК №2336","vibid":"4024033270936","voters":290,"total":280,"voted":280,"spoiled":0,"yays":264,"nays":16},{"committee":"УИК №2337","vibid":"4024033270937","voters":319,"total":306,"voted":306,"spoiled":0,"yays":282,"nays":24},{"committee":"УИК №2338","vibid":"4024033270938","voters":446,"total":431,"voted":431,"spoiled":0,"yays":413,"nays":18},{"committee":"УИК №2339","vibid":"4024033270939","voters":118,"total":115,"voted":115,"spoiled":0,"yays":101,"nays":14},{"committee":"УИК №2340","vibid":"4024033270940","voters":229,"total":225,"voted":225,"spoiled":0,"yays":212,"nays":13},{"committee":"УИК №2341","vibid":"4024033270941","voters":229,"total":219,"voted":219,"spoiled":3,"yays":204,"nays":12},{"committee":"УИК №2342","vibid":"4024033270942","voters":348,"total":336,"voted":336,"spoiled":0,"yays":310,"nays":26},{"committee":"УИК №2343","vibid":"4024033270943","voters":217,"total":205,"voted":205,"spoiled":0,"yays":195,"nays":10},{"committee":"УИК №2344","vibid":"4024033270944","voters":507,"total":491,"voted":491,"spoiled":2,"yays":357,"nays":132},{"committee":"УИК №2345","vibid":"4024033270945","voters":175,"total":163,"voted":163,"spoiled":1,"yays":130,"nays":32},{"committee":"УИК №2346","vibid":"4024033270946","voters":478,"total":454,"voted":454,"spoiled":3,"yays":430,"nays":21},{"committee":"УИК №2347","vibid":"4024033270947","voters":498,"total":476,"voted":476,"spoiled":9,"yays":450,"nays":17},{"committee":"УИК №3498","vibid":"4024033270948","voters":570,"total":547,"voted":547,"spoiled":0,"yays":503,"nays":44}]