[{"committee":"УИК №74","vibid":"4014006382513","voters":2164,"total":1727,"voted":1727,"spoiled":54,"yays":1494,"nays":179},{"committee":"УИК №75","vibid":"4014006382514","voters":2340,"total":1885,"voted":1885,"spoiled":58,"yays":1540,"nays":287},{"committee":"УИК №76","vibid":"4014006382515","voters":2211,"total":1762,"voted":1762,"spoiled":11,"yays":1434,"nays":317},{"committee":"УИК №77","vibid":"4014006382516","voters":2388,"total":1935,"voted":1934,"spoiled":23,"yays":1585,"nays":326},{"committee":"УИК №78","vibid":"4014006382517","voters":663,"total":512,"voted":512,"spoiled":1,"yays":409,"nays":102},{"committee":"УИК №79","vibid":"4014006382518","voters":1174,"total":918,"voted":917,"spoiled":3,"yays":726,"nays":188},{"committee":"УИК №80","vibid":"4014006382519","voters":1082,"total":848,"voted":848,"spoiled":5,"yays":689,"nays":154},{"committee":"УИК №81","vibid":"4014006382520","voters":1525,"total":1224,"voted":1224,"spoiled":0,"yays":1028,"nays":196},{"committee":"УИК №82","vibid":"4014006382521","voters":1065,"total":843,"voted":843,"spoiled":0,"yays":642,"nays":201},{"committee":"УИК №83","vibid":"4014006382522","voters":375,"total":307,"voted":307,"spoiled":2,"yays":240,"nays":65},{"committee":"УИК №84","vibid":"4014006382523","voters":1192,"total":878,"voted":878,"spoiled":140,"yays":516,"nays":222},{"committee":"УИК №85","vibid":"4014006382524","voters":428,"total":325,"voted":325,"spoiled":1,"yays":253,"nays":71},{"committee":"УИК №86","vibid":"4014006382525","voters":444,"total":346,"voted":346,"spoiled":4,"yays":268,"nays":74},{"committee":"УИК №87","vibid":"4014006382526","voters":1045,"total":747,"voted":747,"spoiled":4,"yays":579,"nays":164},{"committee":"УИК №88","vibid":"4014006382527","voters":1534,"total":1109,"voted":1102,"spoiled":8,"yays":848,"nays":246},{"committee":"УИК №89","vibid":"4014006382528","voters":1546,"total":1191,"voted":1191,"spoiled":20,"yays":848,"nays":323},{"committee":"УИК №90","vibid":"4014006382529","voters":1381,"total":825,"voted":825,"spoiled":2,"yays":605,"nays":218},{"committee":"УИК №91","vibid":"4014006382530","voters":137,"total":96,"voted":96,"spoiled":0,"yays":74,"nays":22},{"committee":"УИК №92","vibid":"4014006382531","voters":960,"total":796,"voted":796,"spoiled":7,"yays":559,"nays":230},{"committee":"УИК №93","vibid":"4014006382532","voters":191,"total":134,"voted":134,"spoiled":0,"yays":122,"nays":12},{"committee":"УИК №94","vibid":"4014006382533","voters":189,"total":147,"voted":147,"spoiled":0,"yays":113,"nays":34},{"committee":"УИК №95","vibid":"4014006382534","voters":577,"total":460,"voted":460,"spoiled":3,"yays":332,"nays":125},{"committee":"УИК №96","vibid":"4014006382535","voters":1263,"total":1044,"voted":1044,"spoiled":2,"yays":918,"nays":124},{"committee":"УИК №97","vibid":"4014006382536","voters":435,"total":408,"voted":408,"spoiled":1,"yays":379,"nays":28},{"committee":"УИК №99","vibid":"4014006382538","voters":2958,"total":2255,"voted":2255,"spoiled":22,"yays":1918,"nays":315},{"committee":"УИК №100","vibid":"4014006382539","voters":1520,"total":1159,"voted":1159,"spoiled":17,"yays":1007,"nays":135},{"committee":"УИК №101","vibid":"4014006382540","voters":677,"total":524,"voted":524,"spoiled":2,"yays":355,"nays":167},{"committee":"УИК №102","vibid":"4014006382541","voters":1352,"total":1070,"voted":1070,"spoiled":10,"yays":819,"nays":241},{"committee":"УИК №104","vibid":"4014006382543","voters":590,"total":474,"voted":474,"spoiled":3,"yays":337,"nays":134},{"committee":"УИК №105","vibid":"4014006382544","voters":453,"total":365,"voted":365,"spoiled":1,"yays":284,"nays":80},{"committee":"УИК №106","vibid":"4014006382545","voters":1300,"total":1090,"voted":1089,"spoiled":7,"yays":817,"nays":265},{"committee":"УИК №107","vibid":"4014006382546","voters":1512,"total":1323,"voted":1323,"spoiled":67,"yays":774,"nays":482},{"committee":"УИК №108","vibid":"4014006382547","voters":372,"total":168,"voted":168,"spoiled":6,"yays":115,"nays":47},{"committee":"УИК №109","vibid":"4014006382548","voters":820,"total":616,"voted":616,"spoiled":9,"yays":365,"nays":242},{"committee":"УИК №110","vibid":"4014006382549","voters":558,"total":485,"voted":485,"spoiled":4,"yays":239,"nays":242},{"committee":"УИК №111","vibid":"4014006382550","voters":1304,"total":1039,"voted":1039,"spoiled":6,"yays":814,"nays":219},{"committee":"УИК №112","vibid":"4014006382551","voters":1157,"total":901,"voted":901,"spoiled":10,"yays":504,"nays":387},{"committee":"УИК №113","vibid":"4014006382552","voters":1475,"total":1153,"voted":1151,"spoiled":7,"yays":953,"nays":191},{"committee":"УИК №114","vibid":"4014006382553","voters":423,"total":330,"voted":330,"spoiled":1,"yays":158,"nays":171}]