[{"committee":"УИК №525","vibid":"4054015124604","voters":2187,"total":1932,"voted":1932,"spoiled":0,"yays":1778,"nays":154},{"committee":"УИК №527","vibid":"4054015124606","voters":1543,"total":1332,"voted":1332,"spoiled":2,"yays":1229,"nays":101},{"committee":"УИК №528","vibid":"4054015124607","voters":1701,"total":1530,"voted":1530,"spoiled":5,"yays":1416,"nays":109},{"committee":"УИК №529","vibid":"4054015124608","voters":1442,"total":1301,"voted":1301,"spoiled":0,"yays":1195,"nays":106},{"committee":"УИК №530","vibid":"4054015124609","voters":1417,"total":1263,"voted":1263,"spoiled":7,"yays":1223,"nays":33},{"committee":"УИК №531","vibid":"4054015124610","voters":2089,"total":1838,"voted":1838,"spoiled":6,"yays":1715,"nays":117},{"committee":"УИК №532","vibid":"4054015124611","voters":1486,"total":1348,"voted":1348,"spoiled":0,"yays":1280,"nays":68},{"committee":"УИК №533","vibid":"4054015124612","voters":1749,"total":1605,"voted":1605,"spoiled":2,"yays":1483,"nays":120},{"committee":"УИК №534","vibid":"4054015124613","voters":2476,"total":2187,"voted":2187,"spoiled":7,"yays":2024,"nays":156},{"committee":"УИК №536","vibid":"4054015124615","voters":2070,"total":1863,"voted":1863,"spoiled":0,"yays":1735,"nays":128},{"committee":"УИК №537","vibid":"4054015124616","voters":2160,"total":1886,"voted":1886,"spoiled":0,"yays":1715,"nays":171},{"committee":"УИК №538","vibid":"4054015124617","voters":1246,"total":1078,"voted":1078,"spoiled":0,"yays":986,"nays":92},{"committee":"УИК №539","vibid":"4054015124618","voters":2067,"total":1867,"voted":1867,"spoiled":11,"yays":1722,"nays":134}]