[{"committee":"УИК №3046","vibid":"4024060680927","voters":1981,"total":1817,"voted":1817,"spoiled":2,"yays":1727,"nays":88},{"committee":"УИК №3047","vibid":"4024060680928","voters":2137,"total":1928,"voted":1928,"spoiled":33,"yays":1746,"nays":149},{"committee":"УИК №3048","vibid":"4024060680929","voters":1834,"total":1651,"voted":1651,"spoiled":12,"yays":1489,"nays":150},{"committee":"УИК №3049","vibid":"4024060680930","voters":2246,"total":2028,"voted":2028,"spoiled":11,"yays":1858,"nays":159},{"committee":"УИК №3050","vibid":"4024060680931","voters":2668,"total":2401,"voted":2401,"spoiled":8,"yays":2273,"nays":120},{"committee":"УИК №3051","vibid":"4024060680932","voters":676,"total":608,"voted":608,"spoiled":0,"yays":577,"nays":31},{"committee":"УИК №3052","vibid":"4024060680933","voters":1301,"total":1220,"voted":1220,"spoiled":3,"yays":1158,"nays":59},{"committee":"УИК №3053","vibid":"4024060680934","voters":1913,"total":1724,"voted":1724,"spoiled":13,"yays":1625,"nays":86},{"committee":"УИК №3054","vibid":"4024060680935","voters":2197,"total":1978,"voted":1978,"spoiled":3,"yays":1880,"nays":95},{"committee":"УИК №3055","vibid":"4024060680936","voters":597,"total":540,"voted":540,"spoiled":3,"yays":513,"nays":24},{"committee":"УИК №3056","vibid":"4024060680937","voters":1414,"total":1298,"voted":1298,"spoiled":0,"yays":1233,"nays":65},{"committee":"УИК №3057","vibid":"4024060680938","voters":526,"total":472,"voted":472,"spoiled":0,"yays":425,"nays":47},{"committee":"УИК №3058","vibid":"4024060680939","voters":2098,"total":1888,"voted":1888,"spoiled":0,"yays":1756,"nays":132},{"committee":"УИК №3059","vibid":"4024060680940","voters":476,"total":420,"voted":420,"spoiled":0,"yays":403,"nays":17},{"committee":"УИК №3060","vibid":"4024060680941","voters":421,"total":377,"voted":377,"spoiled":0,"yays":340,"nays":37},{"committee":"УИК №3061","vibid":"4024060680942","voters":1958,"total":1500,"voted":1500,"spoiled":10,"yays":970,"nays":520},{"committee":"УИК №3062","vibid":"4024060680943","voters":2668,"total":2442,"voted":2442,"spoiled":0,"yays":2247,"nays":195},{"committee":"УИК №3063","vibid":"4024060680944","voters":815,"total":759,"voted":759,"spoiled":4,"yays":663,"nays":92},{"committee":"УИК №3064","vibid":"4024060680945","voters":1537,"total":1384,"voted":1384,"spoiled":1,"yays":1313,"nays":70},{"committee":"УИК №3065","vibid":"4024060680946","voters":1333,"total":1197,"voted":1197,"spoiled":0,"yays":1127,"nays":70},{"committee":"УИК №3066","vibid":"4024060680947","voters":1970,"total":1867,"voted":1867,"spoiled":19,"yays":1773,"nays":75},{"committee":"УИК №3067","vibid":"4024060680948","voters":644,"total":597,"voted":597,"spoiled":0,"yays":548,"nays":49},{"committee":"УИК №3068","vibid":"4024060680949","voters":1042,"total":958,"voted":958,"spoiled":10,"yays":862,"nays":86},{"committee":"УИК №3069","vibid":"4024060680950","voters":2275,"total":2161,"voted":2161,"spoiled":11,"yays":2053,"nays":97},{"committee":"УИК №3070","vibid":"4024060680951","voters":2768,"total":2630,"voted":2630,"spoiled":0,"yays":2525,"nays":105},{"committee":"УИК №3071","vibid":"4024060680952","voters":2316,"total":2200,"voted":2200,"spoiled":5,"yays":2131,"nays":64},{"committee":"УИК №3072","vibid":"4024060680953","voters":2523,"total":2146,"voted":2146,"spoiled":8,"yays":1974,"nays":164},{"committee":"УИК №3073","vibid":"4024060680954","voters":1760,"total":1654,"voted":1654,"spoiled":0,"yays":1589,"nays":65},{"committee":"УИК №3074","vibid":"4024060680955","voters":741,"total":667,"voted":667,"spoiled":7,"yays":633,"nays":27},{"committee":"УИК №3075","vibid":"4024060680956","voters":1152,"total":998,"voted":998,"spoiled":16,"yays":704,"nays":278},{"committee":"УИК №3076","vibid":"4024060680957","voters":1822,"total":1375,"voted":1375,"spoiled":6,"yays":836,"nays":533},{"committee":"УИК №3077","vibid":"4024060680958","voters":1411,"total":1019,"voted":1019,"spoiled":3,"yays":726,"nays":290},{"committee":"УИК №3078","vibid":"4024060680959","voters":1907,"total":1816,"voted":1816,"spoiled":3,"yays":1725,"nays":88},{"committee":"УИК №3079","vibid":"4024060680991","voters":846,"total":786,"voted":786,"spoiled":0,"yays":747,"nays":39},{"committee":"УИК №3081","vibid":"4024060680961","voters":2085,"total":1898,"voted":1898,"spoiled":0,"yays":1804,"nays":94},{"committee":"УИК №3082","vibid":"4024060680962","voters":1523,"total":1382,"voted":1382,"spoiled":0,"yays":1321,"nays":61},{"committee":"УИК №3083","vibid":"4024060680963","voters":1087,"total":1033,"voted":1033,"spoiled":0,"yays":930,"nays":103},{"committee":"УИК №3084","vibid":"4024060680964","voters":975,"total":877,"voted":877,"spoiled":0,"yays":798,"nays":79},{"committee":"УИК №3085","vibid":"4024060680965","voters":164,"total":156,"voted":156,"spoiled":0,"yays":142,"nays":14},{"committee":"УИК №3086","vibid":"4024060680966","voters":189,"total":178,"voted":178,"spoiled":0,"yays":169,"nays":9},{"committee":"УИК №3087","vibid":"4024060680967","voters":377,"total":359,"voted":359,"spoiled":0,"yays":340,"nays":19},{"committee":"УИК №3088","vibid":"4024060680968","voters":813,"total":730,"voted":730,"spoiled":14,"yays":681,"nays":35},{"committee":"УИК №3090","vibid":"4024060680969","voters":2000,"total":1795,"voted":1795,"spoiled":35,"yays":1658,"nays":102},{"committee":"УИК №3493","vibid":"4024060680970","voters":2465,"total":2243,"voted":2243,"spoiled":3,"yays":2131,"nays":109},{"committee":"УИК №3494","vibid":"4024060680971","voters":2024,"total":1859,"voted":1859,"spoiled":5,"yays":1780,"nays":74},{"committee":"УИК №3505","vibid":"4024060680972","voters":3591,"total":2918,"voted":2918,"spoiled":9,"yays":1620,"nays":1289},{"committee":"УИК №3506","vibid":"4024060680973","voters":1436,"total":1220,"voted":1220,"spoiled":0,"yays":1159,"nays":61},{"committee":"УИК №3507","vibid":"4024060680974","voters":3277,"total":3120,"voted":3120,"spoiled":0,"yays":3058,"nays":62}]