[{"committee":"УИК №869","vibid":"9029004313696","voters":864,"total":830,"voted":830,"spoiled":4,"yays":775,"nays":51},{"committee":"УИК №870","vibid":"9029004313697","voters":1781,"total":1621,"voted":1621,"spoiled":53,"yays":1278,"nays":290},{"committee":"УИК №871","vibid":"9029004313698","voters":2170,"total":1959,"voted":1959,"spoiled":10,"yays":1426,"nays":523},{"committee":"УИК №872","vibid":"9029004313699","voters":140,"total":136,"voted":136,"spoiled":0,"yays":127,"nays":9},{"committee":"УИК №873","vibid":"9029004313700","voters":650,"total":593,"voted":593,"spoiled":6,"yays":562,"nays":25},{"committee":"УИК №874","vibid":"9029004313701","voters":356,"total":332,"voted":332,"spoiled":0,"yays":321,"nays":11},{"committee":"УИК №875","vibid":"9029004313702","voters":297,"total":273,"voted":273,"spoiled":2,"yays":262,"nays":9},{"committee":"УИК №876","vibid":"9029004313703","voters":200,"total":196,"voted":196,"spoiled":0,"yays":194,"nays":2},{"committee":"УИК №877","vibid":"9029004313704","voters":588,"total":559,"voted":559,"spoiled":0,"yays":515,"nays":44},{"committee":"УИК №878","vibid":"9029004313705","voters":196,"total":194,"voted":194,"spoiled":0,"yays":190,"nays":4},{"committee":"УИК №879","vibid":"9029004313706","voters":540,"total":524,"voted":524,"spoiled":0,"yays":512,"nays":12},{"committee":"УИК №880","vibid":"9029004313707","voters":612,"total":566,"voted":566,"spoiled":7,"yays":521,"nays":38},{"committee":"УИК №881","vibid":"9029004313708","voters":282,"total":264,"voted":264,"spoiled":0,"yays":245,"nays":19},{"committee":"УИК №882","vibid":"9029004313709","voters":87,"total":85,"voted":85,"spoiled":1,"yays":78,"nays":6},{"committee":"УИК №883","vibid":"9029004313710","voters":432,"total":414,"voted":414,"spoiled":3,"yays":383,"nays":28},{"committee":"УИК №884","vibid":"9029004313711","voters":173,"total":169,"voted":169,"spoiled":3,"yays":154,"nays":12},{"committee":"УИК №885","vibid":"9029004313712","voters":532,"total":502,"voted":502,"spoiled":4,"yays":478,"nays":20},{"committee":"УИК №886","vibid":"9029004313713","voters":250,"total":240,"voted":240,"spoiled":0,"yays":230,"nays":10},{"committee":"УИК №887","vibid":"9029004313714","voters":209,"total":205,"voted":205,"spoiled":2,"yays":190,"nays":13},{"committee":"УИК №888","vibid":"9029004313715","voters":126,"total":122,"voted":122,"spoiled":0,"yays":116,"nays":6},{"committee":"УИК №889","vibid":"9029004313716","voters":495,"total":473,"voted":473,"spoiled":2,"yays":451,"nays":20},{"committee":"УИК №890","vibid":"9029004313717","voters":240,"total":234,"voted":234,"spoiled":0,"yays":216,"nays":18},{"committee":"УИК №891","vibid":"9029004313718","voters":250,"total":242,"voted":242,"spoiled":1,"yays":219,"nays":22},{"committee":"УИК №892","vibid":"9029004313719","voters":147,"total":141,"voted":141,"spoiled":2,"yays":132,"nays":7},{"committee":"УИК №893","vibid":"9029004313720","voters":313,"total":302,"voted":302,"spoiled":2,"yays":291,"nays":9},{"committee":"УИК №894","vibid":"9029004313721","voters":317,"total":311,"voted":311,"spoiled":1,"yays":302,"nays":8},{"committee":"УИК №895","vibid":"9029004313722","voters":526,"total":506,"voted":506,"spoiled":11,"yays":478,"nays":17},{"committee":"УИК №896","vibid":"9029004313723","voters":354,"total":337,"voted":337,"spoiled":0,"yays":320,"nays":17},{"committee":"УИК №897","vibid":"9029004313724","voters":255,"total":243,"voted":243,"spoiled":4,"yays":231,"nays":8},{"committee":"УИК №898","vibid":"9029004313725","voters":356,"total":339,"voted":339,"spoiled":0,"yays":322,"nays":17},{"committee":"УИК №3504","vibid":"9029004313726","voters":150,"total":148,"voted":148,"spoiled":0,"yays":140,"nays":8},{"committee":"УИК №3516","vibid":"9029004313727","voters":922,"total":847,"voted":847,"spoiled":3,"yays":805,"nays":39},{"committee":"УИК №3517","vibid":"9029004313728","voters":90,"total":89,"voted":89,"spoiled":1,"yays":80,"nays":8},{"committee":"УИК №3532","vibid":"9029004314160","voters":117,"total":114,"voted":114,"spoiled":0,"yays":111,"nays":3}]