[{"committee":"УИК №626","vibid":"4034020172765","voters":1369,"total":902,"voted":902,"spoiled":2,"yays":697,"nays":203},{"committee":"УИК №627","vibid":"4034020172766","voters":637,"total":400,"voted":400,"spoiled":5,"yays":314,"nays":81},{"committee":"УИК №628","vibid":"4034020172767","voters":314,"total":218,"voted":218,"spoiled":2,"yays":193,"nays":23},{"committee":"УИК №629","vibid":"4034020172768","voters":864,"total":693,"voted":693,"spoiled":26,"yays":568,"nays":99},{"committee":"УИК №630","vibid":"4034020172769","voters":475,"total":390,"voted":390,"spoiled":3,"yays":288,"nays":99},{"committee":"УИК №631","vibid":"4034020172770","voters":180,"total":133,"voted":133,"spoiled":1,"yays":113,"nays":19},{"committee":"УИК №632","vibid":"4034020172771","voters":318,"total":234,"voted":234,"spoiled":4,"yays":198,"nays":32},{"committee":"УИК №633","vibid":"4034020172772","voters":2254,"total":1414,"voted":1414,"spoiled":13,"yays":1036,"nays":365},{"committee":"УИК №634","vibid":"4034020172773","voters":1040,"total":681,"voted":681,"spoiled":6,"yays":510,"nays":165},{"committee":"УИК №635","vibid":"4034020172774","voters":303,"total":280,"voted":280,"spoiled":0,"yays":255,"nays":25},{"committee":"УИК №636","vibid":"4034020172775","voters":609,"total":478,"voted":478,"spoiled":2,"yays":350,"nays":126},{"committee":"УИК №637","vibid":"4034020172776","voters":101,"total":99,"voted":99,"spoiled":0,"yays":82,"nays":17},{"committee":"УИК №638","vibid":"4034020172777","voters":152,"total":120,"voted":120,"spoiled":1,"yays":87,"nays":32},{"committee":"УИК №639","vibid":"4034020172778","voters":288,"total":213,"voted":213,"spoiled":0,"yays":171,"nays":42},{"committee":"УИК №640","vibid":"4034020172779","voters":132,"total":86,"voted":86,"spoiled":1,"yays":77,"nays":8},{"committee":"УИК №641","vibid":"4034020172780","voters":577,"total":367,"voted":367,"spoiled":2,"yays":277,"nays":88},{"committee":"УИК №642","vibid":"4034020172781","voters":218,"total":154,"voted":154,"spoiled":0,"yays":114,"nays":40},{"committee":"УИК №643","vibid":"4034020172782","voters":2330,"total":1447,"voted":1447,"spoiled":8,"yays":938,"nays":501},{"committee":"УИК №644","vibid":"4034020172783","voters":756,"total":458,"voted":458,"spoiled":0,"yays":320,"nays":138},{"committee":"УИК №645","vibid":"4034020172784","voters":220,"total":206,"voted":206,"spoiled":3,"yays":155,"nays":48},{"committee":"УИК №646","vibid":"4034020172785","voters":1624,"total":991,"voted":991,"spoiled":5,"yays":679,"nays":307},{"committee":"УИК №647","vibid":"4034020172786","voters":1606,"total":1109,"voted":1109,"spoiled":14,"yays":592,"nays":503}]