[{"committee":"УИК №556","vibid":"4024045253402","voters":1741,"total":1471,"voted":1471,"spoiled":11,"yays":1157,"nays":303},{"committee":"УИК №557","vibid":"4024045253404","voters":1681,"total":1429,"voted":1429,"spoiled":9,"yays":1307,"nays":113},{"committee":"УИК №559","vibid":"4024045253406","voters":1282,"total":1102,"voted":1102,"spoiled":4,"yays":1024,"nays":74},{"committee":"УИК №561","vibid":"4024045253408","voters":1383,"total":1222,"voted":1222,"spoiled":1,"yays":977,"nays":244},{"committee":"УИК №562","vibid":"4024045253409","voters":1213,"total":1027,"voted":1027,"spoiled":7,"yays":796,"nays":224},{"committee":"УИК №563","vibid":"4024045253410","voters":1030,"total":907,"voted":907,"spoiled":9,"yays":747,"nays":151},{"committee":"УИК №564","vibid":"4024045253411","voters":954,"total":898,"voted":898,"spoiled":10,"yays":823,"nays":65},{"committee":"УИК №565","vibid":"4024045253412","voters":1743,"total":1554,"voted":1554,"spoiled":6,"yays":1424,"nays":124},{"committee":"УИК №566","vibid":"4024045253413","voters":1007,"total":872,"voted":872,"spoiled":9,"yays":703,"nays":160},{"committee":"УИК №569","vibid":"4024045253416","voters":976,"total":846,"voted":846,"spoiled":8,"yays":686,"nays":152},{"committee":"УИК №571","vibid":"4024045253418","voters":1424,"total":1221,"voted":1221,"spoiled":5,"yays":969,"nays":247},{"committee":"УИК №572","vibid":"4024045253419","voters":1258,"total":1059,"voted":1059,"spoiled":6,"yays":863,"nays":190},{"committee":"УИК №574","vibid":"4024045253421","voters":1304,"total":1125,"voted":1125,"spoiled":17,"yays":1031,"nays":77},{"committee":"УИК №579","vibid":"4024045253426","voters":2083,"total":1776,"voted":1776,"spoiled":23,"yays":1634,"nays":119},{"committee":"УИК №580","vibid":"4024045253427","voters":2170,"total":1840,"voted":1839,"spoiled":4,"yays":1725,"nays":110},{"committee":"УИК №581","vibid":"4024045253428","voters":1454,"total":1274,"voted":1274,"spoiled":4,"yays":1185,"nays":85},{"committee":"УИК №583","vibid":"4024045253430","voters":2477,"total":2142,"voted":2142,"spoiled":5,"yays":1924,"nays":213},{"committee":"УИК №584","vibid":"4024045253431","voters":1978,"total":1682,"voted":1682,"spoiled":4,"yays":1567,"nays":111},{"committee":"УИК №585","vibid":"4024045253432","voters":1638,"total":1427,"voted":1427,"spoiled":1,"yays":1336,"nays":90},{"committee":"УИК №587","vibid":"4024045253434","voters":2139,"total":1869,"voted":1869,"spoiled":7,"yays":1729,"nays":133},{"committee":"УИК №589","vibid":"4024045253436","voters":2051,"total":1839,"voted":1839,"spoiled":0,"yays":1710,"nays":129},{"committee":"УИК №591","vibid":"4024045253438","voters":2069,"total":1819,"voted":1819,"spoiled":13,"yays":1692,"nays":114},{"committee":"УИК №592","vibid":"4024045253439","voters":1858,"total":1604,"voted":1604,"spoiled":5,"yays":1471,"nays":128},{"committee":"УИК №593","vibid":"4024045253440","voters":2107,"total":1835,"voted":1835,"spoiled":6,"yays":1689,"nays":140},{"committee":"УИК №597","vibid":"4024045253444","voters":1486,"total":1297,"voted":1297,"spoiled":3,"yays":1203,"nays":91},{"committee":"УИК №598","vibid":"4024045253445","voters":1579,"total":1365,"voted":1365,"spoiled":0,"yays":1270,"nays":95},{"committee":"УИК №599","vibid":"4024045253446","voters":1643,"total":1468,"voted":1468,"spoiled":2,"yays":1365,"nays":101},{"committee":"УИК №601","vibid":"4024045253448","voters":1588,"total":1362,"voted":1362,"spoiled":8,"yays":1267,"nays":87},{"committee":"УИК №603","vibid":"4024045253450","voters":2737,"total":2345,"voted":2345,"spoiled":17,"yays":2146,"nays":182},{"committee":"УИК №612","vibid":"4024045253459","voters":2121,"total":1892,"voted":1892,"spoiled":4,"yays":1760,"nays":128},{"committee":"УИК №617","vibid":"4024045254696","voters":315,"total":301,"voted":301,"spoiled":3,"yays":237,"nays":61}]