[{"committee":"УИК №759","vibid":"4024001386498","voters":1040,"total":961,"voted":961,"spoiled":2,"yays":845,"nays":114},{"committee":"УИК №763","vibid":"4024001386502","voters":341,"total":322,"voted":322,"spoiled":0,"yays":201,"nays":121},{"committee":"УИК №764","vibid":"4024001386503","voters":327,"total":308,"voted":308,"spoiled":0,"yays":204,"nays":104},{"committee":"УИК №765","vibid":"4024001386504","voters":1866,"total":1680,"voted":1680,"spoiled":21,"yays":1135,"nays":524},{"committee":"УИК №766","vibid":"4024001386505","voters":1484,"total":1388,"voted":1388,"spoiled":53,"yays":741,"nays":594},{"committee":"УИК №767","vibid":"4024001386506","voters":2677,"total":2202,"voted":2202,"spoiled":56,"yays":1056,"nays":1090},{"committee":"УИК №768","vibid":"4024001386507","voters":1145,"total":959,"voted":959,"spoiled":16,"yays":511,"nays":432},{"committee":"УИК №769","vibid":"4024001386508","voters":303,"total":270,"voted":270,"spoiled":0,"yays":245,"nays":25},{"committee":"УИК №771","vibid":"4024001386510","voters":213,"total":202,"voted":202,"spoiled":2,"yays":180,"nays":20},{"committee":"УИК №772","vibid":"4024001386511","voters":227,"total":217,"voted":217,"spoiled":0,"yays":195,"nays":22},{"committee":"УИК №776","vibid":"4024001386515","voters":632,"total":594,"voted":594,"spoiled":9,"yays":548,"nays":37},{"committee":"УИК №778","vibid":"4024001386517","voters":131,"total":126,"voted":126,"spoiled":2,"yays":121,"nays":3},{"committee":"УИК №783","vibid":"4024001386522","voters":892,"total":830,"voted":830,"spoiled":85,"yays":665,"nays":80},{"committee":"УИК №784","vibid":"4024001386523","voters":329,"total":306,"voted":306,"spoiled":6,"yays":273,"nays":27},{"committee":"УИК №786","vibid":"4024001386524","voters":223,"total":208,"voted":208,"spoiled":3,"yays":186,"nays":19},{"committee":"УИК №788","vibid":"4024001386525","voters":578,"total":551,"voted":551,"spoiled":3,"yays":496,"nays":52},{"committee":"УИК №789","vibid":"4024001386526","voters":1667,"total":1435,"voted":1435,"spoiled":10,"yays":1219,"nays":206},{"committee":"УИК №792","vibid":"4024001386529","voters":110,"total":105,"voted":105,"spoiled":2,"yays":85,"nays":18},{"committee":"УИК №794","vibid":"4024001386530","voters":903,"total":866,"voted":866,"spoiled":16,"yays":805,"nays":45},{"committee":"УИК №795","vibid":"4024001386531","voters":355,"total":345,"voted":345,"spoiled":6,"yays":310,"nays":29},{"committee":"УИК №796","vibid":"4024001386532","voters":213,"total":206,"voted":206,"spoiled":0,"yays":192,"nays":14},{"committee":"УИК №797","vibid":"4024001386533","voters":157,"total":146,"voted":146,"spoiled":3,"yays":113,"nays":30},{"committee":"УИК №798","vibid":"4024001386534","voters":286,"total":264,"voted":264,"spoiled":1,"yays":201,"nays":62},{"committee":"УИК №800","vibid":"4024001386536","voters":314,"total":289,"voted":289,"spoiled":4,"yays":191,"nays":94},{"committee":"УИК №810","vibid":"4024001386546","voters":918,"total":872,"voted":872,"spoiled":7,"yays":802,"nays":63},{"committee":"УИК №811","vibid":"4024001386547","voters":392,"total":375,"voted":375,"spoiled":18,"yays":340,"nays":17},{"committee":"УИК №812","vibid":"4024001386548","voters":851,"total":806,"voted":806,"spoiled":0,"yays":734,"nays":72},{"committee":"УИК №815","vibid":"4024001386551","voters":230,"total":215,"voted":215,"spoiled":0,"yays":136,"nays":79},{"committee":"УИК №816","vibid":"4024001386552","voters":414,"total":397,"voted":397,"spoiled":7,"yays":361,"nays":29},{"committee":"УИК №817","vibid":"4024001386553","voters":212,"total":203,"voted":203,"spoiled":0,"yays":190,"nays":13},{"committee":"УИК №819","vibid":"4024001386555","voters":983,"total":935,"voted":935,"spoiled":0,"yays":871,"nays":64}]