[{"committee":"УИК №2222","vibid":"4024031346573","voters":340,"total":332,"voted":332,"spoiled":0,"yays":315,"nays":17},{"committee":"УИК №2223","vibid":"4024031346574","voters":166,"total":162,"voted":162,"spoiled":0,"yays":154,"nays":8},{"committee":"УИК №2224","vibid":"4024031346575","voters":289,"total":272,"voted":272,"spoiled":2,"yays":256,"nays":14},{"committee":"УИК №2225","vibid":"4024031346576","voters":1005,"total":966,"voted":966,"spoiled":4,"yays":695,"nays":267},{"committee":"УИК №2226","vibid":"4024031346577","voters":341,"total":338,"voted":338,"spoiled":2,"yays":329,"nays":7},{"committee":"УИК №2227","vibid":"4024031346578","voters":928,"total":901,"voted":901,"spoiled":0,"yays":860,"nays":41},{"committee":"УИК №2229","vibid":"4024031346579","voters":194,"total":180,"voted":180,"spoiled":2,"yays":172,"nays":6},{"committee":"УИК №2230","vibid":"4024031346580","voters":244,"total":243,"voted":243,"spoiled":11,"yays":217,"nays":15},{"committee":"УИК №2231","vibid":"4024031346581","voters":2042,"total":1990,"voted":1990,"spoiled":19,"yays":1891,"nays":80},{"committee":"УИК №2232","vibid":"4024031346582","voters":2558,"total":2487,"voted":2487,"spoiled":12,"yays":2374,"nays":101},{"committee":"УИК №2233","vibid":"4024031346583","voters":786,"total":770,"voted":770,"spoiled":3,"yays":747,"nays":20},{"committee":"УИК №2235","vibid":"4024031346584","voters":336,"total":328,"voted":328,"spoiled":3,"yays":319,"nays":6},{"committee":"УИК №2236","vibid":"4024031346585","voters":196,"total":193,"voted":193,"spoiled":0,"yays":184,"nays":9},{"committee":"УИК №2237","vibid":"4024031346586","voters":463,"total":454,"voted":454,"spoiled":1,"yays":438,"nays":15},{"committee":"УИК №2238","vibid":"4024031346587","voters":372,"total":368,"voted":368,"spoiled":0,"yays":351,"nays":17},{"committee":"УИК №2239","vibid":"4024031346588","voters":315,"total":307,"voted":307,"spoiled":0,"yays":296,"nays":11},{"committee":"УИК №2242","vibid":"4024031346591","voters":272,"total":252,"voted":252,"spoiled":0,"yays":209,"nays":43},{"committee":"УИК №2243","vibid":"4024031346592","voters":131,"total":128,"voted":128,"spoiled":0,"yays":123,"nays":5},{"committee":"УИК №2244","vibid":"4024031346593","voters":88,"total":86,"voted":86,"spoiled":0,"yays":84,"nays":2},{"committee":"УИК №2245","vibid":"4024031346594","voters":1143,"total":1103,"voted":1103,"spoiled":3,"yays":846,"nays":254},{"committee":"УИК №2246","vibid":"4024031346595","voters":435,"total":426,"voted":426,"spoiled":2,"yays":405,"nays":19},{"committee":"УИК №2247","vibid":"4024031346596","voters":222,"total":217,"voted":217,"spoiled":2,"yays":208,"nays":7},{"committee":"УИК №2248","vibid":"4024031346597","voters":392,"total":385,"voted":385,"spoiled":3,"yays":369,"nays":13},{"committee":"УИК №2249","vibid":"4024031346598","voters":413,"total":402,"voted":402,"spoiled":2,"yays":385,"nays":15},{"committee":"УИК №2250","vibid":"4024031346599","voters":332,"total":325,"voted":325,"spoiled":2,"yays":316,"nays":7},{"committee":"УИК №2251","vibid":"4024031346600","voters":208,"total":203,"voted":203,"spoiled":3,"yays":193,"nays":7},{"committee":"УИК №2252","vibid":"4024031346601","voters":106,"total":103,"voted":103,"spoiled":0,"yays":98,"nays":5},{"committee":"УИК №2253","vibid":"4024031346602","voters":303,"total":294,"voted":294,"spoiled":2,"yays":279,"nays":13},{"committee":"УИК №2254","vibid":"4024031346603","voters":99,"total":96,"voted":96,"spoiled":0,"yays":91,"nays":5},{"committee":"УИК №2255","vibid":"4024031346604","voters":187,"total":182,"voted":182,"spoiled":0,"yays":175,"nays":7},{"committee":"УИК №2256","vibid":"4024031346605","voters":293,"total":286,"voted":286,"spoiled":1,"yays":275,"nays":10},{"committee":"УИК №2257","vibid":"4024031346606","voters":426,"total":415,"voted":415,"spoiled":0,"yays":398,"nays":17},{"committee":"УИК №2258","vibid":"4024031346607","voters":356,"total":346,"voted":346,"spoiled":0,"yays":331,"nays":15},{"committee":"УИК №2259","vibid":"4024031346608","voters":254,"total":244,"voted":244,"spoiled":2,"yays":234,"nays":8},{"committee":"УИК №2260","vibid":"4024031346609","voters":476,"total":457,"voted":457,"spoiled":4,"yays":430,"nays":23},{"committee":"УИК №2261","vibid":"4024031346610","voters":160,"total":155,"voted":155,"spoiled":0,"yays":148,"nays":7},{"committee":"УИК №2262","vibid":"4024031346611","voters":179,"total":175,"voted":175,"spoiled":2,"yays":170,"nays":3},{"committee":"УИК №2263","vibid":"4024031346612","voters":145,"total":141,"voted":141,"spoiled":1,"yays":134,"nays":6},{"committee":"УИК №2264","vibid":"4024031346613","voters":229,"total":222,"voted":222,"spoiled":4,"yays":211,"nays":7},{"committee":"УИК №2265","vibid":"4024031346614","voters":385,"total":370,"voted":370,"spoiled":2,"yays":350,"nays":18},{"committee":"УИК №2266","vibid":"4024031346615","voters":212,"total":207,"voted":207,"spoiled":4,"yays":198,"nays":5},{"committee":"УИК №2267","vibid":"4024031346616","voters":338,"total":331,"voted":331,"spoiled":0,"yays":322,"nays":9},{"committee":"УИК №2268","vibid":"4024031346617","voters":345,"total":338,"voted":338,"spoiled":1,"yays":321,"nays":16}]