[{"committee":"УИК №746","vibid":"4054050200787","voters":399,"total":335,"voted":335,"spoiled":0,"yays":310,"nays":25},{"committee":"УИК №748","vibid":"4054050200789","voters":228,"total":195,"voted":195,"spoiled":0,"yays":184,"nays":11},{"committee":"УИК №749","vibid":"4054050200790","voters":1382,"total":1092,"voted":1092,"spoiled":0,"yays":892,"nays":200},{"committee":"УИК №750","vibid":"4054050200791","voters":1588,"total":1353,"voted":1353,"spoiled":0,"yays":1301,"nays":52},{"committee":"УИК №751","vibid":"4054050200792","voters":424,"total":359,"voted":359,"spoiled":0,"yays":325,"nays":34},{"committee":"УИК №752","vibid":"4054050200793","voters":1240,"total":917,"voted":917,"spoiled":0,"yays":605,"nays":312},{"committee":"УИК №753","vibid":"4054050200794","voters":169,"total":151,"voted":151,"spoiled":12,"yays":121,"nays":18},{"committee":"УИК №754","vibid":"4054050200795","voters":1285,"total":1137,"voted":1137,"spoiled":8,"yays":990,"nays":139},{"committee":"УИК №755","vibid":"4054050200796","voters":282,"total":255,"voted":255,"spoiled":0,"yays":222,"nays":33},{"committee":"УИК №756","vibid":"4054050200797","voters":294,"total":270,"voted":270,"spoiled":0,"yays":265,"nays":5},{"committee":"УИК №757","vibid":"4054050200798","voters":1526,"total":1334,"voted":1334,"spoiled":0,"yays":1309,"nays":25},{"committee":"УИК №758","vibid":"4054050200799","voters":1053,"total":906,"voted":906,"spoiled":1,"yays":713,"nays":192},{"committee":"УИК №759","vibid":"4054050200800","voters":388,"total":169,"voted":169,"spoiled":0,"yays":89,"nays":80},{"committee":"УИК №763","vibid":"4054050200804","voters":1724,"total":1586,"voted":1586,"spoiled":3,"yays":1505,"nays":78},{"committee":"УИК №766","vibid":"4054050200807","voters":228,"total":193,"voted":193,"spoiled":0,"yays":149,"nays":44},{"committee":"УИК №779","vibid":"4054050200820","voters":597,"total":532,"voted":532,"spoiled":0,"yays":345,"nays":187},{"committee":"УИК №780","vibid":"4054050200821","voters":1249,"total":1170,"voted":1170,"spoiled":2,"yays":1138,"nays":30},{"committee":"УИК №783","vibid":"4054050200824","voters":229,"total":224,"voted":224,"spoiled":0,"yays":203,"nays":21},{"committee":"УИК №785","vibid":"4054050200826","voters":516,"total":420,"voted":420,"spoiled":4,"yays":320,"nays":96},{"committee":"УИК №786","vibid":"4054050200827","voters":374,"total":347,"voted":347,"spoiled":0,"yays":319,"nays":28},{"committee":"УИК №790","vibid":"4054050200831","voters":388,"total":291,"voted":291,"spoiled":0,"yays":186,"nays":105},{"committee":"УИК №791","vibid":"4054050200832","voters":418,"total":334,"voted":334,"spoiled":0,"yays":176,"nays":158},{"committee":"УИК №795","vibid":"4054050200836","voters":304,"total":268,"voted":268,"spoiled":4,"yays":177,"nays":87}]