[{"committee":"УИК №247","vibid":"4014008203732","voters":447,"total":406,"voted":406,"spoiled":0,"yays":365,"nays":41},{"committee":"УИК №248","vibid":"4014008203733","voters":726,"total":680,"voted":680,"spoiled":0,"yays":604,"nays":76},{"committee":"УИК №249","vibid":"4014008203734","voters":312,"total":284,"voted":284,"spoiled":0,"yays":260,"nays":24},{"committee":"УИК №250","vibid":"4014008203735","voters":857,"total":727,"voted":727,"spoiled":0,"yays":625,"nays":102},{"committee":"УИК №251","vibid":"4014008203736","voters":694,"total":565,"voted":565,"spoiled":0,"yays":488,"nays":77},{"committee":"УИК №252","vibid":"4014008203737","voters":308,"total":259,"voted":259,"spoiled":0,"yays":229,"nays":30},{"committee":"УИК №253","vibid":"4014008203738","voters":770,"total":678,"voted":678,"spoiled":0,"yays":590,"nays":88},{"committee":"УИК №254","vibid":"4014008203739","voters":247,"total":219,"voted":219,"spoiled":0,"yays":197,"nays":22},{"committee":"УИК №255","vibid":"4014008203740","voters":62,"total":59,"voted":59,"spoiled":0,"yays":54,"nays":5},{"committee":"УИК №256","vibid":"4014008203741","voters":1739,"total":1483,"voted":1483,"spoiled":0,"yays":1335,"nays":148},{"committee":"УИК №257","vibid":"4014008203742","voters":1160,"total":1002,"voted":1002,"spoiled":14,"yays":903,"nays":85},{"committee":"УИК №258","vibid":"4014008203743","voters":231,"total":220,"voted":220,"spoiled":0,"yays":208,"nays":12},{"committee":"УИК №259","vibid":"4014008203744","voters":1411,"total":1342,"voted":1342,"spoiled":6,"yays":1193,"nays":143},{"committee":"УИК №260","vibid":"4014008203745","voters":781,"total":715,"voted":715,"spoiled":0,"yays":680,"nays":35},{"committee":"УИК №261","vibid":"4014008203746","voters":792,"total":765,"voted":765,"spoiled":0,"yays":715,"nays":50},{"committee":"УИК №262","vibid":"4014008203747","voters":609,"total":526,"voted":526,"spoiled":0,"yays":474,"nays":52},{"committee":"УИК №263","vibid":"4014008203748","voters":662,"total":574,"voted":574,"spoiled":0,"yays":540,"nays":34}]