[{"committee":"УИК №49","vibid":"4084001173340","voters":1019,"total":762,"voted":762,"spoiled":0,"yays":591,"nays":171},{"committee":"УИК №50","vibid":"4084001173341","voters":1021,"total":743,"voted":743,"spoiled":0,"yays":671,"nays":72},{"committee":"УИК №51","vibid":"4084001173342","voters":1205,"total":856,"voted":856,"spoiled":5,"yays":725,"nays":126},{"committee":"УИК №52","vibid":"4084001173343","voters":832,"total":592,"voted":592,"spoiled":2,"yays":555,"nays":35},{"committee":"УИК №53","vibid":"4084001173344","voters":1069,"total":716,"voted":716,"spoiled":8,"yays":532,"nays":176},{"committee":"УИК №54","vibid":"4084001173345","voters":1061,"total":863,"voted":863,"spoiled":4,"yays":764,"nays":95},{"committee":"УИК №55","vibid":"4084001173346","voters":1022,"total":768,"voted":768,"spoiled":0,"yays":755,"nays":13},{"committee":"УИК №56","vibid":"4084001173347","voters":866,"total":460,"voted":460,"spoiled":19,"yays":325,"nays":116},{"committee":"УИК №57","vibid":"4084001173348","voters":171,"total":103,"voted":103,"spoiled":0,"yays":71,"nays":32},{"committee":"УИК №58","vibid":"4084001173349","voters":179,"total":155,"voted":155,"spoiled":5,"yays":115,"nays":35},{"committee":"УИК №59","vibid":"4084001173350","voters":577,"total":360,"voted":360,"spoiled":21,"yays":273,"nays":66},{"committee":"УИК №60","vibid":"4084001173351","voters":1059,"total":728,"voted":728,"spoiled":9,"yays":592,"nays":127},{"committee":"УИК №61","vibid":"4084001173352","voters":437,"total":262,"voted":262,"spoiled":3,"yays":209,"nays":50},{"committee":"УИК №62","vibid":"4084001173353","voters":504,"total":377,"voted":377,"spoiled":0,"yays":333,"nays":44},{"committee":"УИК №63","vibid":"4084001173354","voters":742,"total":394,"voted":394,"spoiled":0,"yays":291,"nays":103},{"committee":"УИК №64","vibid":"4084001173355","voters":324,"total":231,"voted":231,"spoiled":1,"yays":201,"nays":29}]