[{"committee":"УИК №1277","vibid":"4024012438135","voters":2255,"total":2173,"voted":2173,"spoiled":7,"yays":2101,"nays":65},{"committee":"УИК №1278","vibid":"4024012438136","voters":2290,"total":2221,"voted":2221,"spoiled":10,"yays":2156,"nays":55},{"committee":"УИК №1279","vibid":"4024012438137","voters":2195,"total":2100,"voted":2100,"spoiled":12,"yays":2048,"nays":40},{"committee":"УИК №1280","vibid":"4024012438138","voters":1416,"total":1350,"voted":1350,"spoiled":5,"yays":1312,"nays":33},{"committee":"УИК №1281","vibid":"4024012438139","voters":1628,"total":1560,"voted":1560,"spoiled":11,"yays":1502,"nays":47},{"committee":"УИК №1282","vibid":"4024012438140","voters":2194,"total":2100,"voted":2100,"spoiled":10,"yays":2038,"nays":52},{"committee":"УИК №1284","vibid":"4024012438142","voters":2614,"total":2086,"voted":2086,"spoiled":12,"yays":1435,"nays":639},{"committee":"УИК №1285","vibid":"4024012438143","voters":2627,"total":2557,"voted":2557,"spoiled":10,"yays":2481,"nays":66},{"committee":"УИК №1286","vibid":"4024012438144","voters":1330,"total":1270,"voted":1270,"spoiled":3,"yays":1238,"nays":29},{"committee":"УИК №1287","vibid":"4024012438145","voters":2164,"total":2101,"voted":2101,"spoiled":0,"yays":2040,"nays":61},{"committee":"УИК №1289","vibid":"4024012438147","voters":787,"total":748,"voted":748,"spoiled":0,"yays":726,"nays":22},{"committee":"УИК №1290","vibid":"4024012438148","voters":1036,"total":908,"voted":908,"spoiled":14,"yays":699,"nays":195},{"committee":"УИК №1293","vibid":"4024012438151","voters":993,"total":946,"voted":946,"spoiled":0,"yays":922,"nays":24},{"committee":"УИК №1294","vibid":"4024012438152","voters":1272,"total":1004,"voted":1004,"spoiled":60,"yays":674,"nays":270},{"committee":"УИК №1295","vibid":"4024012438153","voters":868,"total":830,"voted":830,"spoiled":0,"yays":804,"nays":26},{"committee":"УИК №1296","vibid":"4024012438154","voters":1747,"total":1620,"voted":1620,"spoiled":6,"yays":1573,"nays":41},{"committee":"УИК №1297","vibid":"4024012438155","voters":438,"total":419,"voted":419,"spoiled":0,"yays":407,"nays":12},{"committee":"УИК №1298","vibid":"4024012438156","voters":2690,"total":2613,"voted":2613,"spoiled":13,"yays":2522,"nays":78},{"committee":"УИК №1299","vibid":"4024012438157","voters":2425,"total":2371,"voted":2371,"spoiled":12,"yays":2310,"nays":49},{"committee":"УИК №1300","vibid":"4024012438158","voters":1163,"total":1105,"voted":1105,"spoiled":0,"yays":1072,"nays":33},{"committee":"УИК №1303","vibid":"4024012438161","voters":927,"total":853,"voted":853,"spoiled":0,"yays":828,"nays":25},{"committee":"УИК №1304","vibid":"4024012438162","voters":1746,"total":1522,"voted":1522,"spoiled":9,"yays":1387,"nays":126},{"committee":"УИК №1306","vibid":"4024012438164","voters":158,"total":149,"voted":149,"spoiled":1,"yays":146,"nays":2},{"committee":"УИК №1307","vibid":"4024012438165","voters":273,"total":249,"voted":249,"spoiled":2,"yays":244,"nays":3},{"committee":"УИК №1308","vibid":"4024012438166","voters":285,"total":278,"voted":278,"spoiled":6,"yays":269,"nays":3},{"committee":"УИК №1309","vibid":"4024012438167","voters":383,"total":350,"voted":350,"spoiled":0,"yays":342,"nays":8},{"committee":"УИК №1318","vibid":"4024012438176","voters":1801,"total":1662,"voted":1662,"spoiled":14,"yays":1612,"nays":36},{"committee":"УИК №1332","vibid":"4024012438190","voters":358,"total":340,"voted":340,"spoiled":3,"yays":329,"nays":8},{"committee":"УИК №1334","vibid":"4024012438192","voters":1992,"total":1510,"voted":1510,"spoiled":16,"yays":1003,"nays":491},{"committee":"УИК №1339","vibid":"4024012438197","voters":1442,"total":910,"voted":910,"spoiled":36,"yays":592,"nays":282},{"committee":"УИК №1341","vibid":"4024012438199","voters":287,"total":269,"voted":269,"spoiled":0,"yays":253,"nays":16},{"committee":"УИК №1342","vibid":"4024012438200","voters":712,"total":688,"voted":688,"spoiled":0,"yays":671,"nays":17},{"committee":"УИК №1343","vibid":"4024012438201","voters":705,"total":688,"voted":688,"spoiled":2,"yays":670,"nays":16},{"committee":"УИК №1345","vibid":"4024012438203","voters":604,"total":590,"voted":590,"spoiled":0,"yays":572,"nays":18},{"committee":"УИК №1346","vibid":"4024012438204","voters":747,"total":726,"voted":726,"spoiled":2,"yays":712,"nays":12},{"committee":"УИК №1354","vibid":"4024012438212","voters":501,"total":487,"voted":487,"spoiled":7,"yays":472,"nays":8}]