[{"committee":"УИК №945","vibid":"4024006380948","voters":372,"total":365,"voted":365,"spoiled":0,"yays":329,"nays":36},{"committee":"УИК №946","vibid":"4024006380949","voters":473,"total":471,"voted":471,"spoiled":0,"yays":457,"nays":14},{"committee":"УИК №947","vibid":"4024006380950","voters":758,"total":746,"voted":746,"spoiled":0,"yays":740,"nays":6},{"committee":"УИК №948","vibid":"4024006380951","voters":404,"total":400,"voted":400,"spoiled":0,"yays":372,"nays":28},{"committee":"УИК №949","vibid":"4024006380952","voters":347,"total":326,"voted":326,"spoiled":1,"yays":243,"nays":82},{"committee":"УИК №950","vibid":"4024006380953","voters":842,"total":776,"voted":776,"spoiled":0,"yays":675,"nays":101},{"committee":"УИК №951","vibid":"4024006380954","voters":311,"total":303,"voted":303,"spoiled":0,"yays":295,"nays":8},{"committee":"УИК №952","vibid":"4024006380955","voters":595,"total":583,"voted":583,"spoiled":0,"yays":554,"nays":29},{"committee":"УИК №953","vibid":"4024006380956","voters":655,"total":446,"voted":444,"spoiled":2,"yays":352,"nays":90},{"committee":"УИК №954","vibid":"4024006380957","voters":132,"total":107,"voted":107,"spoiled":0,"yays":83,"nays":24},{"committee":"УИК №955","vibid":"4024006380958","voters":843,"total":826,"voted":826,"spoiled":2,"yays":815,"nays":9},{"committee":"УИК №956","vibid":"4024006380959","voters":391,"total":383,"voted":383,"spoiled":0,"yays":248,"nays":135},{"committee":"УИК №957","vibid":"4024006380960","voters":572,"total":568,"voted":568,"spoiled":0,"yays":555,"nays":13},{"committee":"УИК №958","vibid":"4024006380961","voters":641,"total":639,"voted":639,"spoiled":0,"yays":595,"nays":44},{"committee":"УИК №959","vibid":"4024006380962","voters":244,"total":212,"voted":212,"spoiled":0,"yays":152,"nays":60},{"committee":"УИК №960","vibid":"4024006380963","voters":110,"total":104,"voted":104,"spoiled":0,"yays":85,"nays":19},{"committee":"УИК №961","vibid":"4024006380964","voters":229,"total":225,"voted":225,"spoiled":0,"yays":195,"nays":30},{"committee":"УИК №962","vibid":"4024006380965","voters":591,"total":584,"voted":584,"spoiled":3,"yays":569,"nays":12},{"committee":"УИК №963","vibid":"4024006380966","voters":588,"total":528,"voted":528,"spoiled":4,"yays":494,"nays":30},{"committee":"УИК №964","vibid":"4024006380967","voters":484,"total":417,"voted":415,"spoiled":1,"yays":337,"nays":77},{"committee":"УИК №965","vibid":"4024006380968","voters":309,"total":273,"voted":273,"spoiled":4,"yays":219,"nays":50},{"committee":"УИК №966","vibid":"4024006380969","voters":389,"total":353,"voted":353,"spoiled":6,"yays":278,"nays":69},{"committee":"УИК №967","vibid":"4024006380970","voters":537,"total":517,"voted":517,"spoiled":0,"yays":459,"nays":58},{"committee":"УИК №968","vibid":"4024006380971","voters":486,"total":448,"voted":448,"spoiled":0,"yays":391,"nays":57},{"committee":"УИК №969","vibid":"4024006380972","voters":200,"total":173,"voted":173,"spoiled":0,"yays":158,"nays":15},{"committee":"УИК №971","vibid":"4024006380973","voters":374,"total":339,"voted":339,"spoiled":0,"yays":291,"nays":48},{"committee":"УИК №972","vibid":"4024006380974","voters":560,"total":470,"voted":470,"spoiled":24,"yays":330,"nays":116},{"committee":"УИК №973","vibid":"4024006380975","voters":259,"total":247,"voted":247,"spoiled":0,"yays":214,"nays":33},{"committee":"УИК №974","vibid":"4024006380976","voters":773,"total":771,"voted":771,"spoiled":0,"yays":769,"nays":2},{"committee":"УИК №975","vibid":"4024006380977","voters":523,"total":518,"voted":518,"spoiled":0,"yays":514,"nays":4},{"committee":"УИК №976","vibid":"4024006380978","voters":492,"total":483,"voted":483,"spoiled":0,"yays":393,"nays":90},{"committee":"УИК №977","vibid":"4024006380979","voters":199,"total":196,"voted":196,"spoiled":0,"yays":175,"nays":21},{"committee":"УИК №978","vibid":"4024006380980","voters":1567,"total":1557,"voted":1557,"spoiled":0,"yays":1448,"nays":109},{"committee":"УИК №979","vibid":"4024006380981","voters":2774,"total":1985,"voted":1985,"spoiled":27,"yays":1502,"nays":456},{"committee":"УИК №980","vibid":"4024006380982","voters":1359,"total":1343,"voted":1343,"spoiled":8,"yays":995,"nays":340},{"committee":"УИК №981","vibid":"4024006380983","voters":1448,"total":1367,"voted":1367,"spoiled":15,"yays":947,"nays":405},{"committee":"УИК №982","vibid":"4024006380984","voters":1431,"total":1404,"voted":1404,"spoiled":8,"yays":1130,"nays":266},{"committee":"УИК №983","vibid":"4024006380985","voters":425,"total":392,"voted":392,"spoiled":0,"yays":328,"nays":64},{"committee":"УИК №984","vibid":"4024006380986","voters":469,"total":466,"voted":466,"spoiled":4,"yays":385,"nays":77},{"committee":"УИК №985","vibid":"4024006380987","voters":182,"total":179,"voted":179,"spoiled":0,"yays":172,"nays":7},{"committee":"УИК №986","vibid":"4024006380988","voters":494,"total":490,"voted":490,"spoiled":0,"yays":480,"nays":10},{"committee":"УИК №987","vibid":"4024006380989","voters":184,"total":180,"voted":180,"spoiled":0,"yays":170,"nays":10},{"committee":"УИК №988","vibid":"4024006380990","voters":343,"total":328,"voted":328,"spoiled":0,"yays":226,"nays":102},{"committee":"УИК №989","vibid":"4024006380991","voters":434,"total":432,"voted":432,"spoiled":5,"yays":414,"nays":13},{"committee":"УИК №990","vibid":"4024006380992","voters":202,"total":198,"voted":198,"spoiled":0,"yays":191,"nays":7},{"committee":"УИК №991","vibid":"4024006380993","voters":340,"total":339,"voted":339,"spoiled":0,"yays":325,"nays":14},{"committee":"УИК №992","vibid":"4024006380994","voters":272,"total":257,"voted":257,"spoiled":0,"yays":252,"nays":5},{"committee":"УИК №993","vibid":"4024006380995","voters":160,"total":155,"voted":155,"spoiled":0,"yays":144,"nays":11},{"committee":"УИК №994","vibid":"4024006380996","voters":696,"total":684,"voted":684,"spoiled":0,"yays":656,"nays":28}]