[{"committee":"УИК №2912","vibid":"4024051285625","voters":285,"total":278,"voted":278,"spoiled":0,"yays":273,"nays":5},{"committee":"УИК №2913","vibid":"4024051285626","voters":57,"total":57,"voted":57,"spoiled":0,"yays":56,"nays":1},{"committee":"УИК №2914","vibid":"4024051285627","voters":295,"total":291,"voted":291,"spoiled":0,"yays":287,"nays":4},{"committee":"УИК №2915","vibid":"4024051285628","voters":508,"total":497,"voted":497,"spoiled":0,"yays":489,"nays":8},{"committee":"УИК №2916","vibid":"4024051285629","voters":132,"total":129,"voted":129,"spoiled":0,"yays":126,"nays":3},{"committee":"УИК №2917","vibid":"4024051285630","voters":173,"total":170,"voted":170,"spoiled":0,"yays":166,"nays":4},{"committee":"УИК №2918","vibid":"4024051285631","voters":159,"total":155,"voted":155,"spoiled":0,"yays":152,"nays":3},{"committee":"УИК №2919","vibid":"4024051285632","voters":259,"total":251,"voted":251,"spoiled":0,"yays":245,"nays":6},{"committee":"УИК №2920","vibid":"4024051285633","voters":83,"total":81,"voted":81,"spoiled":0,"yays":80,"nays":1},{"committee":"УИК №2921","vibid":"4024051285634","voters":257,"total":250,"voted":250,"spoiled":0,"yays":246,"nays":4},{"committee":"УИК №2922","vibid":"4024051285635","voters":354,"total":347,"voted":347,"spoiled":0,"yays":340,"nays":7},{"committee":"УИК №2923","vibid":"4024051285636","voters":128,"total":124,"voted":124,"spoiled":0,"yays":121,"nays":3},{"committee":"УИК №2924","vibid":"4024051285637","voters":106,"total":104,"voted":104,"spoiled":0,"yays":103,"nays":1},{"committee":"УИК №2925","vibid":"4024051285638","voters":546,"total":529,"voted":529,"spoiled":0,"yays":516,"nays":13},{"committee":"УИК №2926","vibid":"4024051285639","voters":353,"total":345,"voted":345,"spoiled":0,"yays":339,"nays":6},{"committee":"УИК №2927","vibid":"4024051285640","voters":228,"total":224,"voted":224,"spoiled":0,"yays":216,"nays":8},{"committee":"УИК №2928","vibid":"4024051285641","voters":308,"total":296,"voted":296,"spoiled":0,"yays":283,"nays":13},{"committee":"УИК №2929","vibid":"4024051285642","voters":81,"total":79,"voted":79,"spoiled":0,"yays":77,"nays":2},{"committee":"УИК №2930","vibid":"4024051285643","voters":818,"total":783,"voted":783,"spoiled":0,"yays":763,"nays":20},{"committee":"УИК №2931","vibid":"4024051285644","voters":1621,"total":1595,"voted":1595,"spoiled":5,"yays":1442,"nays":148},{"committee":"УИК №2932","vibid":"4024051285645","voters":892,"total":853,"voted":853,"spoiled":0,"yays":833,"nays":20},{"committee":"УИК №2933","vibid":"4024051285646","voters":1698,"total":1664,"voted":1664,"spoiled":3,"yays":1540,"nays":121},{"committee":"УИК №2934","vibid":"4024051285647","voters":793,"total":777,"voted":777,"spoiled":0,"yays":758,"nays":19},{"committee":"УИК №2935","vibid":"4024051285648","voters":487,"total":472,"voted":472,"spoiled":0,"yays":466,"nays":6},{"committee":"УИК №2936","vibid":"4024051285649","voters":174,"total":172,"voted":172,"spoiled":0,"yays":155,"nays":17},{"committee":"УИК №2937","vibid":"4024051285650","voters":54,"total":54,"voted":54,"spoiled":0,"yays":50,"nays":4},{"committee":"УИК №2938","vibid":"4024051285651","voters":428,"total":420,"voted":420,"spoiled":0,"yays":412,"nays":8},{"committee":"УИК №2939","vibid":"4024051285652","voters":418,"total":409,"voted":409,"spoiled":0,"yays":401,"nays":8},{"committee":"УИК №2940","vibid":"4024051285653","voters":61,"total":61,"voted":61,"spoiled":0,"yays":60,"nays":1},{"committee":"УИК №2941","vibid":"4024051285654","voters":350,"total":341,"voted":341,"spoiled":0,"yays":333,"nays":8},{"committee":"УИК №2942","vibid":"4024051285655","voters":258,"total":251,"voted":251,"spoiled":0,"yays":247,"nays":4},{"committee":"УИК №2943","vibid":"4024051285656","voters":616,"total":592,"voted":592,"spoiled":0,"yays":574,"nays":18},{"committee":"УИК №2944","vibid":"4024051285657","voters":221,"total":192,"voted":192,"spoiled":0,"yays":186,"nays":6},{"committee":"УИК №2945","vibid":"4024051285658","voters":449,"total":443,"voted":443,"spoiled":0,"yays":433,"nays":10},{"committee":"УИК №2946","vibid":"4024051285659","voters":500,"total":487,"voted":487,"spoiled":0,"yays":481,"nays":6},{"committee":"УИК №2947","vibid":"4024051285660","voters":151,"total":145,"voted":145,"spoiled":0,"yays":142,"nays":3},{"committee":"УИК №2948","vibid":"4024051285661","voters":176,"total":174,"voted":174,"spoiled":0,"yays":173,"nays":1},{"committee":"УИК №2949","vibid":"4024051285662","voters":103,"total":101,"voted":101,"spoiled":0,"yays":99,"nays":2},{"committee":"УИК №2950","vibid":"4024051285663","voters":681,"total":653,"voted":653,"spoiled":0,"yays":637,"nays":16},{"committee":"УИК №2951","vibid":"4024051285664","voters":174,"total":169,"voted":169,"spoiled":0,"yays":165,"nays":4},{"committee":"УИК №2952","vibid":"4024051285665","voters":242,"total":234,"voted":234,"spoiled":0,"yays":228,"nays":6},{"committee":"УИК №2953","vibid":"4024051285666","voters":149,"total":145,"voted":145,"spoiled":0,"yays":143,"nays":2},{"committee":"УИК №2954","vibid":"4024051285667","voters":486,"total":478,"voted":478,"spoiled":0,"yays":466,"nays":12},{"committee":"УИК №2955","vibid":"4024051285668","voters":188,"total":184,"voted":184,"spoiled":0,"yays":181,"nays":3},{"committee":"УИК №2956","vibid":"4024051285669","voters":361,"total":351,"voted":351,"spoiled":0,"yays":344,"nays":7},{"committee":"УИК №2957","vibid":"4024051285670","voters":720,"total":685,"voted":685,"spoiled":0,"yays":668,"nays":17},{"committee":"УИК №2958","vibid":"4024051285671","voters":384,"total":373,"voted":373,"spoiled":0,"yays":365,"nays":8},{"committee":"УИК №2959","vibid":"4024051285672","voters":326,"total":322,"voted":322,"spoiled":0,"yays":313,"nays":9},{"committee":"УИК №2960","vibid":"4024051285673","voters":304,"total":296,"voted":296,"spoiled":3,"yays":289,"nays":4},{"committee":"УИК №2961","vibid":"4024051285674","voters":188,"total":184,"voted":184,"spoiled":0,"yays":175,"nays":9},{"committee":"УИК №2962","vibid":"4024051285675","voters":175,"total":170,"voted":170,"spoiled":0,"yays":168,"nays":2}]