[{"committee":"УИК №99","vibid":"4074004245832","voters":1219,"total":926,"voted":910,"spoiled":18,"yays":821,"nays":71},{"committee":"УИК №100","vibid":"4074004245833","voters":1509,"total":1210,"voted":1135,"spoiled":17,"yays":1043,"nays":75},{"committee":"УИК №101","vibid":"4074004245834","voters":1545,"total":1235,"voted":1220,"spoiled":31,"yays":1102,"nays":87},{"committee":"УИК №102","vibid":"4074004245835","voters":1438,"total":1135,"voted":1116,"spoiled":16,"yays":1019,"nays":81},{"committee":"УИК №103","vibid":"4074004245836","voters":768,"total":608,"voted":584,"spoiled":7,"yays":536,"nays":41},{"committee":"УИК №104","vibid":"4074004245837","voters":1280,"total":1022,"voted":1005,"spoiled":18,"yays":914,"nays":73},{"committee":"УИК №106","vibid":"4074004245839","voters":1382,"total":1065,"voted":1042,"spoiled":15,"yays":955,"nays":72},{"committee":"УИК №109","vibid":"4074004245842","voters":1814,"total":1430,"voted":1388,"spoiled":15,"yays":1272,"nays":101},{"committee":"УИК №113","vibid":"4074004245846","voters":2112,"total":1707,"voted":1660,"spoiled":20,"yays":1518,"nays":122},{"committee":"УИК №114","vibid":"4074004245847","voters":1397,"total":1100,"voted":1084,"spoiled":21,"yays":982,"nays":81},{"committee":"УИК №115","vibid":"4074004245848","voters":1008,"total":796,"voted":769,"spoiled":19,"yays":701,"nays":49},{"committee":"УИК №116","vibid":"4074004245849","voters":1435,"total":1150,"voted":1110,"spoiled":19,"yays":1010,"nays":81},{"committee":"УИК №117","vibid":"4074004245850","voters":1797,"total":1395,"voted":1331,"spoiled":26,"yays":1215,"nays":90},{"committee":"УИК №119","vibid":"4074004245852","voters":1637,"total":1295,"voted":1268,"spoiled":4,"yays":1159,"nays":105},{"committee":"УИК №120","vibid":"4074004245853","voters":1663,"total":1330,"voted":1326,"spoiled":34,"yays":1180,"nays":112},{"committee":"УИК №122","vibid":"4074004245855","voters":1169,"total":921,"voted":909,"spoiled":15,"yays":823,"nays":71},{"committee":"УИК №123","vibid":"4074004245856","voters":1437,"total":1141,"voted":1094,"spoiled":15,"yays":1004,"nays":75},{"committee":"УИК №124","vibid":"4074004245857","voters":1379,"total":1074,"voted":1070,"spoiled":13,"yays":982,"nays":75},{"committee":"УИК №125","vibid":"4074004245858","voters":1551,"total":1228,"voted":1212,"spoiled":31,"yays":1093,"nays":88},{"committee":"УИК №131","vibid":"4074004245864","voters":1134,"total":894,"voted":892,"spoiled":21,"yays":809,"nays":62},{"committee":"УИК №135","vibid":"4074004245868","voters":1659,"total":1321,"voted":1292,"spoiled":36,"yays":1165,"nays":91},{"committee":"УИК №138","vibid":"4074004245871","voters":1838,"total":1453,"voted":1430,"spoiled":52,"yays":1283,"nays":95},{"committee":"УИК №140","vibid":"4074004245873","voters":1469,"total":1175,"voted":1172,"spoiled":27,"yays":1056,"nays":89},{"committee":"УИК №144","vibid":"4074004245877","voters":2291,"total":1828,"voted":1805,"spoiled":79,"yays":1604,"nays":122},{"committee":"УИК №148","vibid":"4074004245881","voters":1539,"total":1229,"voted":1205,"spoiled":41,"yays":1087,"nays":77},{"committee":"УИК №151","vibid":"4074004245884","voters":1399,"total":1104,"voted":1082,"spoiled":31,"yays":976,"nays":75},{"committee":"УИК №152","vibid":"4074004245885","voters":1621,"total":1290,"voted":1266,"spoiled":35,"yays":1157,"nays":74},{"committee":"УИК №156","vibid":"4074004245889","voters":2305,"total":1819,"voted":1774,"spoiled":41,"yays":1600,"nays":133},{"committee":"УИК №157","vibid":"4074004245890","voters":1431,"total":1155,"voted":1124,"spoiled":31,"yays":1018,"nays":75},{"committee":"УИК №160","vibid":"4074004245893","voters":1199,"total":960,"voted":934,"spoiled":14,"yays":856,"nays":64},{"committee":"УИК №164","vibid":"4074004245897","voters":1696,"total":1345,"voted":1340,"spoiled":39,"yays":1206,"nays":95},{"committee":"УИК №176","vibid":"4074004245909","voters":1119,"total":891,"voted":860,"spoiled":9,"yays":791,"nays":60},{"committee":"УИК №192","vibid":"4074004245925","voters":1539,"total":1220,"voted":1202,"spoiled":15,"yays":1099,"nays":88},{"committee":"УИК №197","vibid":"4074004245930","voters":2240,"total":1815,"voted":1772,"spoiled":6,"yays":1644,"nays":122}]