[{"committee":"УИК №150","vibid":"4094005339831","voters":1628,"total":1458,"voted":1458,"spoiled":4,"yays":1214,"nays":240},{"committee":"УИК №151","vibid":"4094005339832","voters":1313,"total":1070,"voted":1070,"spoiled":14,"yays":858,"nays":198},{"committee":"УИК №153","vibid":"4094005339834","voters":1344,"total":1153,"voted":1153,"spoiled":3,"yays":948,"nays":202},{"committee":"УИК №159","vibid":"4094005339840","voters":2142,"total":1833,"voted":1833,"spoiled":0,"yays":1539,"nays":294},{"committee":"УИК №161","vibid":"4094005339842","voters":591,"total":478,"voted":478,"spoiled":0,"yays":422,"nays":56}]