[{"committee":"УИК №1800","vibid":"4054055199920","voters":307,"total":252,"voted":252,"spoiled":0,"yays":227,"nays":25},{"committee":"УИК №1801","vibid":"4054055199921","voters":650,"total":600,"voted":600,"spoiled":0,"yays":545,"nays":55},{"committee":"УИК №1802","vibid":"4054055199922","voters":905,"total":812,"voted":812,"spoiled":0,"yays":782,"nays":30},{"committee":"УИК №1803","vibid":"4054055199923","voters":935,"total":812,"voted":812,"spoiled":3,"yays":730,"nays":79},{"committee":"УИК №1806","vibid":"4054055199926","voters":137,"total":110,"voted":110,"spoiled":1,"yays":109,"nays":0},{"committee":"УИК №1807","vibid":"4054055199927","voters":410,"total":390,"voted":390,"spoiled":0,"yays":378,"nays":12},{"committee":"УИК №1808","vibid":"4054055199928","voters":222,"total":206,"voted":206,"spoiled":2,"yays":109,"nays":95}]