[{"committee":"УИК №1479","vibid":"4024016458569","voters":1508,"total":1311,"voted":1311,"spoiled":3,"yays":1090,"nays":218},{"committee":"УИК №1480","vibid":"4024016458570","voters":1022,"total":947,"voted":947,"spoiled":6,"yays":897,"nays":44},{"committee":"УИК №1481","vibid":"4024016458571","voters":1218,"total":1110,"voted":1110,"spoiled":13,"yays":1047,"nays":50},{"committee":"УИК №1482","vibid":"4024016458572","voters":1363,"total":1181,"voted":1181,"spoiled":11,"yays":1014,"nays":156},{"committee":"УИК №1483","vibid":"4024016458573","voters":1515,"total":1241,"voted":1241,"spoiled":5,"yays":1013,"nays":223},{"committee":"УИК №1484","vibid":"4024016458574","voters":1148,"total":1045,"voted":1045,"spoiled":3,"yays":935,"nays":107},{"committee":"УИК №1485","vibid":"4024016458575","voters":1150,"total":1034,"voted":1034,"spoiled":2,"yays":941,"nays":91},{"committee":"УИК №1486","vibid":"4024016458576","voters":1044,"total":861,"voted":861,"spoiled":11,"yays":677,"nays":173},{"committee":"УИК №1487","vibid":"4024016458577","voters":1221,"total":1123,"voted":1123,"spoiled":0,"yays":1014,"nays":109},{"committee":"УИК №1488","vibid":"4024016458578","voters":1240,"total":1057,"voted":1057,"spoiled":0,"yays":953,"nays":104},{"committee":"УИК №1489","vibid":"4024016458579","voters":1211,"total":1110,"voted":1110,"spoiled":0,"yays":1062,"nays":48},{"committee":"УИК №1490","vibid":"4024016458580","voters":2433,"total":1856,"voted":1856,"spoiled":45,"yays":1280,"nays":531},{"committee":"УИК №1491","vibid":"4024016458581","voters":860,"total":756,"voted":756,"spoiled":1,"yays":681,"nays":74},{"committee":"УИК №1492","vibid":"4024016458582","voters":2484,"total":1851,"voted":1851,"spoiled":10,"yays":1466,"nays":375},{"committee":"УИК №1493","vibid":"4024016458583","voters":1313,"total":1066,"voted":1066,"spoiled":2,"yays":990,"nays":74},{"committee":"УИК №1494","vibid":"4024016458584","voters":1360,"total":1232,"voted":1232,"spoiled":6,"yays":1173,"nays":53},{"committee":"УИК №1495","vibid":"4024016458585","voters":2709,"total":2536,"voted":2536,"spoiled":166,"yays":1623,"nays":747},{"committee":"УИК №1496","vibid":"4024016458586","voters":724,"total":698,"voted":698,"spoiled":0,"yays":663,"nays":35},{"committee":"УИК №1497","vibid":"4024016458587","voters":1274,"total":1025,"voted":1025,"spoiled":18,"yays":929,"nays":78},{"committee":"УИК №1498","vibid":"4024016458588","voters":752,"total":728,"voted":728,"spoiled":1,"yays":692,"nays":35},{"committee":"УИК №1499","vibid":"4024016458589","voters":277,"total":273,"voted":273,"spoiled":0,"yays":258,"nays":15},{"committee":"УИК №1500","vibid":"4024016458590","voters":381,"total":357,"voted":357,"spoiled":3,"yays":323,"nays":31},{"committee":"УИК №1501","vibid":"4024016458591","voters":400,"total":384,"voted":384,"spoiled":0,"yays":344,"nays":40},{"committee":"УИК №1502","vibid":"4024016458592","voters":161,"total":158,"voted":158,"spoiled":0,"yays":151,"nays":7},{"committee":"УИК №1503","vibid":"4024016458593","voters":273,"total":248,"voted":248,"spoiled":0,"yays":224,"nays":24},{"committee":"УИК №1505","vibid":"4024016458594","voters":564,"total":551,"voted":551,"spoiled":0,"yays":527,"nays":24},{"committee":"УИК №1508","vibid":"4024016458595","voters":1091,"total":993,"voted":993,"spoiled":5,"yays":949,"nays":39},{"committee":"УИК №1509","vibid":"4024016458596","voters":217,"total":197,"voted":197,"spoiled":0,"yays":178,"nays":19},{"committee":"УИК №1510","vibid":"4024016458597","voters":202,"total":171,"voted":171,"spoiled":3,"yays":152,"nays":16},{"committee":"УИК №1511","vibid":"4024016458598","voters":353,"total":349,"voted":349,"spoiled":1,"yays":333,"nays":15},{"committee":"УИК №1512","vibid":"4024016458599","voters":395,"total":388,"voted":388,"spoiled":0,"yays":360,"nays":28},{"committee":"УИК №1513","vibid":"4024016458600","voters":243,"total":232,"voted":232,"spoiled":5,"yays":214,"nays":13},{"committee":"УИК №1514","vibid":"4024016458601","voters":393,"total":388,"voted":388,"spoiled":1,"yays":350,"nays":37},{"committee":"УИК №1515","vibid":"4024016458602","voters":194,"total":189,"voted":189,"spoiled":0,"yays":170,"nays":19},{"committee":"УИК №1516","vibid":"4024016458603","voters":538,"total":528,"voted":528,"spoiled":1,"yays":480,"nays":47},{"committee":"УИК №1517","vibid":"4024016458604","voters":221,"total":218,"voted":218,"spoiled":0,"yays":197,"nays":21},{"committee":"УИК №1518","vibid":"4024016458605","voters":445,"total":432,"voted":432,"spoiled":0,"yays":411,"nays":21},{"committee":"УИК №1519","vibid":"4024016458606","voters":1823,"total":1732,"voted":1730,"spoiled":7,"yays":1570,"nays":153},{"committee":"УИК №1520","vibid":"4024016458607","voters":587,"total":564,"voted":564,"spoiled":7,"yays":509,"nays":48},{"committee":"УИК №1521","vibid":"4024016458608","voters":229,"total":223,"voted":223,"spoiled":0,"yays":212,"nays":11},{"committee":"УИК №1522","vibid":"4024016458609","voters":531,"total":515,"voted":515,"spoiled":2,"yays":462,"nays":51}]