[{"committee":"УИК №1708","vibid":"4054042215986","voters":1033,"total":969,"voted":879,"spoiled":5,"yays":771,"nays":103},{"committee":"УИК №1718","vibid":"4054042215997","voters":320,"total":303,"voted":303,"spoiled":0,"yays":260,"nays":43},{"committee":"УИК №1742","vibid":"4054042216021","voters":112,"total":109,"voted":109,"spoiled":0,"yays":109,"nays":0},{"committee":"УИК №1743","vibid":"4054042216022","voters":240,"total":211,"voted":211,"spoiled":0,"yays":211,"nays":0},{"committee":"УИК №1744","vibid":"4054042216023","voters":188,"total":177,"voted":177,"spoiled":0,"yays":170,"nays":7},{"committee":"УИК №1745","vibid":"4054042216024","voters":119,"total":109,"voted":109,"spoiled":0,"yays":109,"nays":0},{"committee":"УИК №1746","vibid":"4054042216025","voters":184,"total":158,"voted":158,"spoiled":0,"yays":158,"nays":0},{"committee":"УИК №1747","vibid":"4054042216026","voters":129,"total":115,"voted":115,"spoiled":0,"yays":110,"nays":5},{"committee":"УИК №1748","vibid":"4054042216027","voters":72,"total":65,"voted":65,"spoiled":0,"yays":65,"nays":0},{"committee":"УИК №1749","vibid":"4054042216028","voters":167,"total":148,"voted":148,"spoiled":0,"yays":148,"nays":0},{"committee":"УИК №1750","vibid":"4054042216029","voters":220,"total":187,"voted":187,"spoiled":0,"yays":177,"nays":10},{"committee":"УИК №1751","vibid":"4054042216030","voters":261,"total":215,"voted":215,"spoiled":0,"yays":215,"nays":0},{"committee":"УИК №1752","vibid":"4054042216031","voters":187,"total":168,"voted":168,"spoiled":0,"yays":160,"nays":8},{"committee":"УИК №1753","vibid":"4054042216032","voters":175,"total":157,"voted":157,"spoiled":0,"yays":150,"nays":7},{"committee":"УИК №1754","vibid":"4054042216033","voters":475,"total":395,"voted":395,"spoiled":31,"yays":351,"nays":13},{"committee":"УИК №1755","vibid":"4054042216034","voters":101,"total":78,"voted":78,"spoiled":0,"yays":78,"nays":0},{"committee":"УИК №1756","vibid":"4054042216035","voters":98,"total":93,"voted":93,"spoiled":5,"yays":86,"nays":2},{"committee":"УИК №1757","vibid":"4054042216036","voters":141,"total":120,"voted":120,"spoiled":0,"yays":118,"nays":2},{"committee":"УИК №1758","vibid":"4054042216037","voters":329,"total":203,"voted":203,"spoiled":0,"yays":203,"nays":0},{"committee":"УИК №1759","vibid":"4054042216038","voters":62,"total":55,"voted":55,"spoiled":0,"yays":48,"nays":7},{"committee":"УИК №1760","vibid":"4054042216039","voters":167,"total":105,"voted":105,"spoiled":0,"yays":105,"nays":0},{"committee":"УИК №1761","vibid":"4054042216040","voters":80,"total":67,"voted":67,"spoiled":0,"yays":60,"nays":7},{"committee":"УИК №1762","vibid":"4054042216041","voters":88,"total":62,"voted":62,"spoiled":0,"yays":61,"nays":1}]