[{"committee":"УИК №70","vibid":"4044004210182","voters":202,"total":185,"voted":185,"spoiled":12,"yays":127,"nays":46},{"committee":"УИК №71","vibid":"4044004210184","voters":163,"total":120,"voted":120,"spoiled":3,"yays":75,"nays":42},{"committee":"УИК №72","vibid":"4044004210185","voters":135,"total":111,"voted":111,"spoiled":0,"yays":74,"nays":37},{"committee":"УИК №73","vibid":"4044004210186","voters":527,"total":376,"voted":376,"spoiled":6,"yays":253,"nays":117},{"committee":"УИК №74","vibid":"4044004210187","voters":166,"total":144,"voted":144,"spoiled":1,"yays":109,"nays":34},{"committee":"УИК №75","vibid":"4044004210188","voters":160,"total":133,"voted":133,"spoiled":1,"yays":84,"nays":48},{"committee":"УИК №76","vibid":"4044004210189","voters":405,"total":325,"voted":325,"spoiled":6,"yays":255,"nays":64},{"committee":"УИК №77","vibid":"4044004210190","voters":237,"total":192,"voted":192,"spoiled":3,"yays":143,"nays":46},{"committee":"УИК №78","vibid":"4044004210191","voters":240,"total":175,"voted":175,"spoiled":2,"yays":140,"nays":33},{"committee":"УИК №79","vibid":"4044004210192","voters":2262,"total":1105,"voted":1105,"spoiled":7,"yays":673,"nays":425},{"committee":"УИК №80","vibid":"4044004210193","voters":2190,"total":1080,"voted":1080,"spoiled":5,"yays":687,"nays":388},{"committee":"УИК №81","vibid":"4044004210194","voters":571,"total":438,"voted":438,"spoiled":0,"yays":292,"nays":146},{"committee":"УИК №82","vibid":"4044004210195","voters":418,"total":285,"voted":285,"spoiled":6,"yays":142,"nays":137},{"committee":"УИК №83","vibid":"4044004210196","voters":639,"total":400,"voted":400,"spoiled":4,"yays":256,"nays":140},{"committee":"УИК №84","vibid":"4044004210197","voters":186,"total":165,"voted":165,"spoiled":1,"yays":108,"nays":56},{"committee":"УИК №85","vibid":"4044004210198","voters":224,"total":190,"voted":190,"spoiled":5,"yays":124,"nays":61},{"committee":"УИК №86","vibid":"4044004210199","voters":445,"total":373,"voted":373,"spoiled":6,"yays":273,"nays":94},{"committee":"УИК №87","vibid":"4044004210200","voters":268,"total":161,"voted":161,"spoiled":3,"yays":101,"nays":57},{"committee":"УИК №88","vibid":"4044004210201","voters":63,"total":47,"voted":47,"spoiled":0,"yays":38,"nays":9},{"committee":"УИК №89","vibid":"4044004210202","voters":110,"total":104,"voted":104,"spoiled":1,"yays":69,"nays":34},{"committee":"УИК №90","vibid":"4044004210203","voters":261,"total":181,"voted":181,"spoiled":2,"yays":123,"nays":56},{"committee":"УИК №91","vibid":"4044004210204","voters":484,"total":312,"voted":312,"spoiled":2,"yays":197,"nays":113},{"committee":"УИК №92","vibid":"4044004210205","voters":199,"total":137,"voted":137,"spoiled":0,"yays":93,"nays":44},{"committee":"УИК №93","vibid":"4044004210206","voters":171,"total":147,"voted":147,"spoiled":0,"yays":104,"nays":43},{"committee":"УИК №94","vibid":"4044004210207","voters":666,"total":386,"voted":386,"spoiled":21,"yays":232,"nays":133},{"committee":"УИК №95","vibid":"4044004210208","voters":176,"total":172,"voted":172,"spoiled":1,"yays":128,"nays":43}]