[{"committee":"УИК №181","vibid":"4044009265127","voters":323,"total":173,"voted":173,"spoiled":0,"yays":123,"nays":50},{"committee":"УИК №182","vibid":"4044009265128","voters":625,"total":277,"voted":277,"spoiled":4,"yays":190,"nays":83},{"committee":"УИК №183","vibid":"4044009265129","voters":162,"total":118,"voted":118,"spoiled":4,"yays":102,"nays":12},{"committee":"УИК №184","vibid":"4044009265130","voters":194,"total":130,"voted":130,"spoiled":0,"yays":122,"nays":8},{"committee":"УИК №185","vibid":"4044009265131","voters":185,"total":117,"voted":117,"spoiled":9,"yays":88,"nays":20},{"committee":"УИК №186","vibid":"4044009265132","voters":130,"total":76,"voted":76,"spoiled":0,"yays":52,"nays":24},{"committee":"УИК №187","vibid":"4044009265133","voters":553,"total":255,"voted":255,"spoiled":2,"yays":171,"nays":82},{"committee":"УИК №188","vibid":"4044009265134","voters":357,"total":189,"voted":189,"spoiled":1,"yays":133,"nays":55},{"committee":"УИК №189","vibid":"4044009265135","voters":692,"total":287,"voted":287,"spoiled":3,"yays":171,"nays":113},{"committee":"УИК №190","vibid":"4044009265136","voters":397,"total":215,"voted":215,"spoiled":2,"yays":169,"nays":44},{"committee":"УИК №191","vibid":"4044009265137","voters":717,"total":311,"voted":311,"spoiled":2,"yays":209,"nays":100},{"committee":"УИК №192","vibid":"4044009265138","voters":883,"total":364,"voted":364,"spoiled":2,"yays":249,"nays":113},{"committee":"УИК №193","vibid":"4044009265139","voters":477,"total":244,"voted":244,"spoiled":3,"yays":164,"nays":77},{"committee":"УИК №194","vibid":"4044009265140","voters":417,"total":218,"voted":218,"spoiled":2,"yays":164,"nays":52},{"committee":"УИК №195","vibid":"4044009265141","voters":621,"total":299,"voted":299,"spoiled":7,"yays":187,"nays":105},{"committee":"УИК №196","vibid":"4044009265142","voters":217,"total":137,"voted":137,"spoiled":2,"yays":97,"nays":38},{"committee":"УИК №197","vibid":"4044009265143","voters":360,"total":210,"voted":210,"spoiled":1,"yays":142,"nays":67},{"committee":"УИК №198","vibid":"4044009265144","voters":386,"total":171,"voted":171,"spoiled":1,"yays":112,"nays":58},{"committee":"УИК №199","vibid":"4044009265145","voters":177,"total":96,"voted":96,"spoiled":0,"yays":64,"nays":32},{"committee":"УИК №200","vibid":"4044009265146","voters":117,"total":65,"voted":65,"spoiled":0,"yays":46,"nays":19},{"committee":"УИК №201","vibid":"4044009265147","voters":388,"total":265,"voted":265,"spoiled":1,"yays":194,"nays":70}]