[{"committee":"УИК №65","vibid":"4084002269079","voters":384,"total":356,"voted":356,"spoiled":0,"yays":333,"nays":23},{"committee":"УИК №66","vibid":"4084002269080","voters":296,"total":254,"voted":254,"spoiled":0,"yays":237,"nays":17},{"committee":"УИК №67","vibid":"4084002269081","voters":2049,"total":1550,"voted":1550,"spoiled":12,"yays":1257,"nays":281},{"committee":"УИК №68","vibid":"4084002269082","voters":789,"total":703,"voted":703,"spoiled":3,"yays":642,"nays":58},{"committee":"УИК №69","vibid":"4084002269083","voters":358,"total":323,"voted":323,"spoiled":0,"yays":293,"nays":30},{"committee":"УИК №70","vibid":"4084002269084","voters":162,"total":150,"voted":150,"spoiled":0,"yays":137,"nays":13},{"committee":"УИК №71","vibid":"4084002269085","voters":270,"total":245,"voted":245,"spoiled":0,"yays":235,"nays":10},{"committee":"УИК №72","vibid":"4084002269086","voters":752,"total":691,"voted":691,"spoiled":0,"yays":636,"nays":55},{"committee":"УИК №73","vibid":"4084002269087","voters":545,"total":397,"voted":397,"spoiled":2,"yays":380,"nays":15},{"committee":"УИК №74","vibid":"4084002269088","voters":398,"total":362,"voted":362,"spoiled":0,"yays":333,"nays":29},{"committee":"УИК №75","vibid":"4084002269089","voters":227,"total":218,"voted":218,"spoiled":0,"yays":206,"nays":12},{"committee":"УИК №76","vibid":"4084002269090","voters":426,"total":405,"voted":405,"spoiled":0,"yays":386,"nays":19},{"committee":"УИК №77","vibid":"4084002269091","voters":332,"total":301,"voted":301,"spoiled":0,"yays":281,"nays":20},{"committee":"УИК №78","vibid":"4084002269092","voters":188,"total":171,"voted":171,"spoiled":0,"yays":160,"nays":11}]