[{"committee":"УИК №2127","vibid":"4164064204872","voters":1046,"total":907,"voted":907,"spoiled":11,"yays":705,"nays":191},{"committee":"УИК №2128","vibid":"4164064204873","voters":2527,"total":2024,"voted":2023,"spoiled":7,"yays":1605,"nays":411},{"committee":"УИК №2129","vibid":"4164064204874","voters":2614,"total":2115,"voted":2114,"spoiled":7,"yays":1677,"nays":430},{"committee":"УИК №2130","vibid":"4164064204875","voters":2346,"total":1912,"voted":1911,"spoiled":7,"yays":1516,"nays":388},{"committee":"УИК №2131","vibid":"4164064204876","voters":2265,"total":1748,"voted":1748,"spoiled":21,"yays":1368,"nays":359},{"committee":"УИК №2132","vibid":"4164064204877","voters":2374,"total":1935,"voted":1934,"spoiled":7,"yays":1534,"nays":393},{"committee":"УИК №2133","vibid":"4164064204878","voters":2481,"total":2022,"voted":2021,"spoiled":7,"yays":1603,"nays":411},{"committee":"УИК №2134","vibid":"4164064204879","voters":2214,"total":1782,"voted":1781,"spoiled":7,"yays":1412,"nays":362},{"committee":"УИК №2135","vibid":"4164064204880","voters":2855,"total":2298,"voted":2297,"spoiled":7,"yays":1823,"nays":467},{"committee":"УИК №2136","vibid":"4164064204881","voters":3790,"total":2515,"voted":2514,"spoiled":3,"yays":1996,"nays":515},{"committee":"УИК №2137","vibid":"4164064204882","voters":1866,"total":1486,"voted":1485,"spoiled":7,"yays":1176,"nays":302},{"committee":"УИК №2138","vibid":"4164064204883","voters":1657,"total":1334,"voted":1333,"spoiled":7,"yays":1055,"nays":271},{"committee":"УИК №2139","vibid":"4164064204884","voters":1651,"total":1315,"voted":1314,"spoiled":6,"yays":1041,"nays":267},{"committee":"УИК №2140","vibid":"4164064204885","voters":2328,"total":1881,"voted":1880,"spoiled":7,"yays":1491,"nays":382},{"committee":"УИК №2141","vibid":"4164064204886","voters":2332,"total":1881,"voted":1880,"spoiled":7,"yays":1491,"nays":382},{"committee":"УИК №2142","vibid":"4164064204887","voters":2174,"total":1750,"voted":1749,"spoiled":7,"yays":1387,"nays":355},{"committee":"УИК №2143","vibid":"4164064204888","voters":2581,"total":2104,"voted":2103,"spoiled":7,"yays":1668,"nays":428},{"committee":"УИК №2144","vibid":"4164064204889","voters":2221,"total":1788,"voted":1787,"spoiled":6,"yays":1418,"nays":363},{"committee":"УИК №2145","vibid":"4164064204890","voters":2617,"total":2133,"voted":2132,"spoiled":6,"yays":1692,"nays":434},{"committee":"УИК №2146","vibid":"4164064204891","voters":2185,"total":1781,"voted":1780,"spoiled":6,"yays":1412,"nays":362},{"committee":"УИК №2147","vibid":"4164064204892","voters":1950,"total":1570,"voted":1569,"spoiled":6,"yays":1244,"nays":319},{"committee":"УИК №2148","vibid":"4164064204893","voters":2283,"total":1861,"voted":1860,"spoiled":6,"yays":1476,"nays":378},{"committee":"УИК №2149","vibid":"4164064204894","voters":2789,"total":2226,"voted":2225,"spoiled":6,"yays":1766,"nays":453},{"committee":"УИК №2150","vibid":"4164064204895","voters":2426,"total":1977,"voted":1976,"spoiled":6,"yays":1568,"nays":402},{"committee":"УИК №2151","vibid":"4164064204896","voters":2127,"total":1734,"voted":1733,"spoiled":6,"yays":1375,"nays":352},{"committee":"УИК №2152","vibid":"4164064204897","voters":2434,"total":1984,"voted":1983,"spoiled":6,"yays":1562,"nays":415},{"committee":"УИК №2153","vibid":"4164064204898","voters":2195,"total":1789,"voted":1788,"spoiled":6,"yays":1418,"nays":364},{"committee":"УИК №2154","vibid":"4164064204899","voters":2718,"total":2324,"voted":2323,"spoiled":6,"yays":1844,"nays":473},{"committee":"УИК №2155","vibid":"4164064204900","voters":2428,"total":1955,"voted":1954,"spoiled":6,"yays":1551,"nays":397},{"committee":"УИК №2156","vibid":"4164064204901","voters":2377,"total":1913,"voted":1912,"spoiled":6,"yays":1517,"nays":389},{"committee":"УИК №2157","vibid":"4164064204902","voters":2442,"total":1966,"voted":1965,"spoiled":6,"yays":1558,"nays":401},{"committee":"УИК №2158","vibid":"4164064204903","voters":2448,"total":1971,"voted":1970,"spoiled":6,"yays":1563,"nays":401},{"committee":"УИК №2159","vibid":"4164064204904","voters":2375,"total":1912,"voted":1911,"spoiled":6,"yays":1516,"nays":389},{"committee":"УИК №2160","vibid":"4164064204905","voters":2172,"total":1748,"voted":1747,"spoiled":6,"yays":1386,"nays":355},{"committee":"УИК №2161","vibid":"4164064204906","voters":1789,"total":1440,"voted":1439,"spoiled":5,"yays":1141,"nays":293},{"committee":"УИК №2162","vibid":"4164064204907","voters":2367,"total":1929,"voted":1928,"spoiled":6,"yays":1530,"nays":392},{"committee":"УИК №2163","vibid":"4164064204908","voters":2393,"total":1926,"voted":1925,"spoiled":6,"yays":1528,"nays":391},{"committee":"УИК №2164","vibid":"4164064204909","voters":2451,"total":1998,"voted":1997,"spoiled":6,"yays":1585,"nays":406},{"committee":"УИК №2165","vibid":"4164064204910","voters":2445,"total":1993,"voted":1992,"spoiled":6,"yays":1581,"nays":405},{"committee":"УИК №2166","vibid":"4164064204911","voters":2543,"total":2057,"voted":2056,"spoiled":6,"yays":1632,"nays":418},{"committee":"УИК №2167","vibid":"4164064204912","voters":2245,"total":1807,"voted":1806,"spoiled":4,"yays":1434,"nays":368},{"committee":"УИК №2168","vibid":"4164064204913","voters":2524,"total":2010,"voted":2009,"spoiled":2,"yays":1598,"nays":409},{"committee":"УИК №2169","vibid":"4164064204914","voters":2624,"total":2123,"voted":2122,"spoiled":2,"yays":1688,"nays":432},{"committee":"УИК №2170","vibid":"4164064204915","voters":2376,"total":1913,"voted":1912,"spoiled":2,"yays":1520,"nays":390},{"committee":"УИК №2171","vibid":"4164064204916","voters":1980,"total":1594,"voted":1593,"spoiled":7,"yays":1262,"nays":324},{"committee":"УИК №2172","vibid":"4164064204917","voters":2409,"total":1939,"voted":1938,"spoiled":7,"yays":1537,"nays":394},{"committee":"УИК №2173","vibid":"4164064204918","voters":2400,"total":1932,"voted":1931,"spoiled":7,"yays":1532,"nays":392},{"committee":"УИК №2174","vibid":"4164064204919","voters":2267,"total":1848,"voted":1847,"spoiled":8,"yays":1464,"nays":375},{"committee":"УИК №2175","vibid":"4164064204920","voters":2411,"total":1965,"voted":1964,"spoiled":5,"yays":1559,"nays":400},{"committee":"УИК №2176","vibid":"4164064204921","voters":2403,"total":1958,"voted":1957,"spoiled":3,"yays":1555,"nays":399},{"committee":"УИК №2177","vibid":"4164064204922","voters":2179,"total":1763,"voted":1762,"spoiled":5,"yays":1399,"nays":358},{"committee":"УИК №2178","vibid":"4164064204923","voters":2002,"total":1632,"voted":1631,"spoiled":8,"yays":1292,"nays":331},{"committee":"УИК №2179","vibid":"4164064204924","voters":2457,"total":2002,"voted":2001,"spoiled":7,"yays":1587,"nays":407},{"committee":"УИК №2180","vibid":"4164064204925","voters":2380,"total":1949,"voted":1948,"spoiled":4,"yays":1547,"nays":397},{"committee":"УИК №2181","vibid":"4164064204926","voters":2017,"total":1652,"voted":1651,"spoiled":5,"yays":1310,"nays":336},{"committee":"УИК №2182","vibid":"4164064204927","voters":2151,"total":1753,"voted":1752,"spoiled":7,"yays":1389,"nays":356},{"committee":"УИК №2832","vibid":"4164064204928","voters":2881,"total":2348,"voted":2348,"spoiled":4,"yays":1551,"nays":793}]