[{"committee":"УИК №39","vibid":"4144003139016","voters":89,"total":62,"voted":62,"spoiled":0,"yays":38,"nays":24},{"committee":"УИК №40","vibid":"4144003139017","voters":60,"total":48,"voted":48,"spoiled":0,"yays":31,"nays":17},{"committee":"УИК №41","vibid":"4144003139018","voters":125,"total":90,"voted":90,"spoiled":1,"yays":57,"nays":32},{"committee":"УИК №42","vibid":"4144003139019","voters":125,"total":99,"voted":99,"spoiled":2,"yays":56,"nays":41},{"committee":"УИК №43","vibid":"4144003139020","voters":1282,"total":821,"voted":821,"spoiled":7,"yays":557,"nays":257}]