[{"committee":"УИК №1538","vibid":"4164057376416","voters":2659,"total":2249,"voted":2249,"spoiled":17,"yays":1721,"nays":511},{"committee":"УИК №1539","vibid":"4164057376417","voters":2749,"total":2364,"voted":2364,"spoiled":22,"yays":1801,"nays":541},{"committee":"УИК №1540","vibid":"4164057376418","voters":1133,"total":1101,"voted":1101,"spoiled":11,"yays":976,"nays":114},{"committee":"УИК №1541","vibid":"4164057376419","voters":1523,"total":1301,"voted":1301,"spoiled":10,"yays":1094,"nays":197},{"committee":"УИК №1542","vibid":"4164057376420","voters":1407,"total":1230,"voted":1230,"spoiled":11,"yays":1046,"nays":173},{"committee":"УИК №1543","vibid":"4164057376421","voters":481,"total":415,"voted":415,"spoiled":4,"yays":360,"nays":51},{"committee":"УИК №1544","vibid":"4164057376422","voters":844,"total":768,"voted":768,"spoiled":13,"yays":658,"nays":97},{"committee":"УИК №1545","vibid":"4164057376423","voters":623,"total":556,"voted":556,"spoiled":4,"yays":492,"nays":60},{"committee":"УИК №1546","vibid":"4164057376424","voters":1521,"total":1244,"voted":1244,"spoiled":9,"yays":1033,"nays":202},{"committee":"УИК №1547","vibid":"4164057376425","voters":550,"total":516,"voted":516,"spoiled":2,"yays":490,"nays":24},{"committee":"УИК №1548","vibid":"4164057376426","voters":427,"total":412,"voted":412,"spoiled":0,"yays":396,"nays":16},{"committee":"УИК №1549","vibid":"4164057376427","voters":199,"total":193,"voted":193,"spoiled":0,"yays":185,"nays":8},{"committee":"УИК №1550","vibid":"4164057376428","voters":153,"total":146,"voted":146,"spoiled":0,"yays":142,"nays":4},{"committee":"УИК №1551","vibid":"4164057376429","voters":526,"total":495,"voted":495,"spoiled":2,"yays":466,"nays":27},{"committee":"УИК №1552","vibid":"4164057376430","voters":351,"total":335,"voted":335,"spoiled":0,"yays":314,"nays":21},{"committee":"УИК №1553","vibid":"4164057376431","voters":2554,"total":2069,"voted":2069,"spoiled":11,"yays":1703,"nays":355},{"committee":"УИК №1554","vibid":"4164057376432","voters":1438,"total":1229,"voted":1229,"spoiled":8,"yays":956,"nays":265},{"committee":"УИК №1555","vibid":"4164057376433","voters":1424,"total":1245,"voted":1245,"spoiled":9,"yays":962,"nays":274},{"committee":"УИК №1556","vibid":"4164057376434","voters":1420,"total":1258,"voted":1258,"spoiled":7,"yays":987,"nays":264},{"committee":"УИК №1557","vibid":"4164057376435","voters":1431,"total":1262,"voted":1262,"spoiled":9,"yays":992,"nays":261},{"committee":"УИК №1558","vibid":"4164057376436","voters":888,"total":776,"voted":776,"spoiled":4,"yays":594,"nays":178},{"committee":"УИК №1559","vibid":"4164057376437","voters":884,"total":771,"voted":771,"spoiled":6,"yays":595,"nays":170},{"committee":"УИК №1560","vibid":"4164057376438","voters":793,"total":708,"voted":708,"spoiled":3,"yays":552,"nays":153},{"committee":"УИК №1561","vibid":"4164057376439","voters":1636,"total":1372,"voted":1372,"spoiled":9,"yays":1044,"nays":319},{"committee":"УИК №1562","vibid":"4164057376440","voters":1733,"total":1487,"voted":1487,"spoiled":10,"yays":1149,"nays":328},{"committee":"УИК №1563","vibid":"4164057376441","voters":825,"total":744,"voted":744,"spoiled":3,"yays":574,"nays":167},{"committee":"УИК №1564","vibid":"4164057376442","voters":1083,"total":940,"voted":940,"spoiled":4,"yays":751,"nays":185},{"committee":"УИК №1565","vibid":"4164057376443","voters":194,"total":191,"voted":191,"spoiled":0,"yays":177,"nays":14},{"committee":"УИК №1566","vibid":"4164057376444","voters":1027,"total":878,"voted":878,"spoiled":3,"yays":756,"nays":119},{"committee":"УИК №1568","vibid":"4164057376446","voters":1008,"total":857,"voted":857,"spoiled":4,"yays":721,"nays":132},{"committee":"УИК №1569","vibid":"4164057376447","voters":1021,"total":849,"voted":849,"spoiled":6,"yays":706,"nays":137},{"committee":"УИК №1570","vibid":"4164057376448","voters":614,"total":532,"voted":532,"spoiled":1,"yays":474,"nays":57},{"committee":"УИК №1571","vibid":"4164057376449","voters":329,"total":319,"voted":319,"spoiled":0,"yays":303,"nays":16},{"committee":"УИК №1573","vibid":"4164057376450","voters":311,"total":297,"voted":297,"spoiled":1,"yays":266,"nays":30},{"committee":"УИК №1574","vibid":"4164057376451","voters":316,"total":311,"voted":311,"spoiled":0,"yays":296,"nays":15},{"committee":"УИК №1576","vibid":"4164057376452","voters":545,"total":520,"voted":520,"spoiled":2,"yays":494,"nays":24},{"committee":"УИК №1577","vibid":"4164057376453","voters":1145,"total":931,"voted":931,"spoiled":10,"yays":840,"nays":81},{"committee":"УИК №1578","vibid":"4164057376454","voters":1020,"total":896,"voted":896,"spoiled":4,"yays":784,"nays":108},{"committee":"УИК №1579","vibid":"4164057376455","voters":238,"total":219,"voted":219,"spoiled":0,"yays":194,"nays":25},{"committee":"УИК №1580","vibid":"4164057376456","voters":690,"total":614,"voted":614,"spoiled":3,"yays":524,"nays":87},{"committee":"УИК №1581","vibid":"4164057376457","voters":169,"total":161,"voted":161,"spoiled":0,"yays":145,"nays":16},{"committee":"УИК №1582","vibid":"4164057376458","voters":152,"total":140,"voted":140,"spoiled":0,"yays":127,"nays":13},{"committee":"УИК №1583","vibid":"4164057376459","voters":152,"total":141,"voted":141,"spoiled":0,"yays":133,"nays":8},{"committee":"УИК №1584","vibid":"4164057376460","voters":148,"total":139,"voted":139,"spoiled":0,"yays":130,"nays":9},{"committee":"УИК №1585","vibid":"4164057376461","voters":327,"total":320,"voted":320,"spoiled":1,"yays":307,"nays":12},{"committee":"УИК №1586","vibid":"4164057376462","voters":380,"total":375,"voted":375,"spoiled":0,"yays":358,"nays":17},{"committee":"УИК №1587","vibid":"4164057376463","voters":423,"total":410,"voted":410,"spoiled":2,"yays":394,"nays":14},{"committee":"УИК №1588","vibid":"4164057376464","voters":463,"total":448,"voted":448,"spoiled":0,"yays":432,"nays":16},{"committee":"УИК №1589","vibid":"4164057376465","voters":195,"total":190,"voted":190,"spoiled":0,"yays":181,"nays":9},{"committee":"УИК №1590","vibid":"4164057376466","voters":252,"total":240,"voted":240,"spoiled":1,"yays":228,"nays":11},{"committee":"УИК №1591","vibid":"4164057376467","voters":114,"total":112,"voted":112,"spoiled":0,"yays":108,"nays":4},{"committee":"УИК №2822","vibid":"4164057376468","voters":2338,"total":1994,"voted":1994,"spoiled":18,"yays":1498,"nays":478},{"committee":"УИК №2835","vibid":"4164057376469","voters":1190,"total":1002,"voted":1002,"spoiled":14,"yays":749,"nays":239}]