[{"committee":"УИК №459","vibid":"4164001353304","voters":801,"total":696,"voted":696,"spoiled":17,"yays":542,"nays":137},{"committee":"УИК №460","vibid":"4164001353305","voters":761,"total":677,"voted":677,"spoiled":4,"yays":520,"nays":153},{"committee":"УИК №461","vibid":"4164001353306","voters":700,"total":602,"voted":602,"spoiled":5,"yays":512,"nays":85},{"committee":"УИК №462","vibid":"4164001353307","voters":953,"total":879,"voted":878,"spoiled":7,"yays":646,"nays":225},{"committee":"УИК №463","vibid":"4164001353308","voters":693,"total":599,"voted":599,"spoiled":5,"yays":478,"nays":116},{"committee":"УИК №464","vibid":"4164001353309","voters":771,"total":648,"voted":648,"spoiled":7,"yays":520,"nays":121},{"committee":"УИК №465","vibid":"4164001353310","voters":814,"total":700,"voted":700,"spoiled":3,"yays":574,"nays":123},{"committee":"УИК №466","vibid":"4164001353311","voters":1004,"total":864,"voted":864,"spoiled":3,"yays":682,"nays":179},{"committee":"УИК №467","vibid":"4164001353312","voters":1054,"total":906,"voted":906,"spoiled":4,"yays":864,"nays":38},{"committee":"УИК №468","vibid":"4164001353313","voters":972,"total":859,"voted":859,"spoiled":8,"yays":667,"nays":184},{"committee":"УИК №469","vibid":"4164001353314","voters":841,"total":730,"voted":730,"spoiled":10,"yays":530,"nays":190},{"committee":"УИК №470","vibid":"4164001353315","voters":909,"total":782,"voted":782,"spoiled":2,"yays":616,"nays":164},{"committee":"УИК №471","vibid":"4164001353316","voters":882,"total":791,"voted":791,"spoiled":1,"yays":617,"nays":173},{"committee":"УИК №472","vibid":"4164001353317","voters":981,"total":844,"voted":844,"spoiled":6,"yays":659,"nays":179},{"committee":"УИК №473","vibid":"4164001353318","voters":785,"total":675,"voted":674,"spoiled":15,"yays":528,"nays":131},{"committee":"УИК №474","vibid":"4164001353319","voters":756,"total":638,"voted":638,"spoiled":5,"yays":485,"nays":148},{"committee":"УИК №475","vibid":"4164001353320","voters":503,"total":484,"voted":484,"spoiled":14,"yays":411,"nays":59},{"committee":"УИК №476","vibid":"4164001353321","voters":149,"total":145,"voted":145,"spoiled":0,"yays":134,"nays":11},{"committee":"УИК №477","vibid":"4164001353322","voters":132,"total":130,"voted":130,"spoiled":0,"yays":118,"nays":12},{"committee":"УИК №478","vibid":"4164001353323","voters":193,"total":185,"voted":185,"spoiled":0,"yays":177,"nays":8},{"committee":"УИК №479","vibid":"4164001353324","voters":631,"total":599,"voted":599,"spoiled":0,"yays":533,"nays":66},{"committee":"УИК №480","vibid":"4164001353325","voters":751,"total":705,"voted":703,"spoiled":6,"yays":604,"nays":93},{"committee":"УИК №481","vibid":"4164001353326","voters":441,"total":415,"voted":415,"spoiled":0,"yays":384,"nays":31},{"committee":"УИК №482","vibid":"4164001353327","voters":155,"total":150,"voted":150,"spoiled":0,"yays":143,"nays":7},{"committee":"УИК №483","vibid":"4164001353328","voters":173,"total":170,"voted":170,"spoiled":0,"yays":163,"nays":7},{"committee":"УИК №484","vibid":"4164001353329","voters":116,"total":109,"voted":109,"spoiled":0,"yays":107,"nays":2},{"committee":"УИК №485","vibid":"4164001353330","voters":346,"total":333,"voted":333,"spoiled":0,"yays":329,"nays":4},{"committee":"УИК №486","vibid":"4164001353331","voters":456,"total":448,"voted":448,"spoiled":1,"yays":426,"nays":21},{"committee":"УИК №487","vibid":"4164001353332","voters":256,"total":253,"voted":253,"spoiled":3,"yays":245,"nays":5},{"committee":"УИК №488","vibid":"4164001353333","voters":495,"total":480,"voted":480,"spoiled":0,"yays":436,"nays":44},{"committee":"УИК №489","vibid":"4164001353334","voters":559,"total":536,"voted":536,"spoiled":0,"yays":497,"nays":39},{"committee":"УИК №490","vibid":"4164001353335","voters":235,"total":226,"voted":226,"spoiled":0,"yays":206,"nays":20},{"committee":"УИК №491","vibid":"4164001353336","voters":345,"total":337,"voted":337,"spoiled":0,"yays":318,"nays":19},{"committee":"УИК №492","vibid":"4164001353337","voters":200,"total":192,"voted":192,"spoiled":0,"yays":184,"nays":8},{"committee":"УИК №493","vibid":"4164001353338","voters":145,"total":142,"voted":142,"spoiled":0,"yays":136,"nays":6},{"committee":"УИК №494","vibid":"4164001353339","voters":150,"total":139,"voted":139,"spoiled":0,"yays":133,"nays":6},{"committee":"УИК №495","vibid":"4164001353340","voters":338,"total":334,"voted":334,"spoiled":2,"yays":312,"nays":20},{"committee":"УИК №496","vibid":"4164001353341","voters":220,"total":210,"voted":210,"spoiled":0,"yays":182,"nays":28},{"committee":"УИК №497","vibid":"4164001353342","voters":160,"total":147,"voted":147,"spoiled":0,"yays":125,"nays":22},{"committee":"УИК №498","vibid":"4164001353343","voters":329,"total":311,"voted":311,"spoiled":0,"yays":291,"nays":20},{"committee":"УИК №499","vibid":"4164001353344","voters":1019,"total":978,"voted":978,"spoiled":5,"yays":839,"nays":134},{"committee":"УИК №500","vibid":"4164001353345","voters":269,"total":264,"voted":264,"spoiled":0,"yays":260,"nays":4},{"committee":"УИК №501","vibid":"4164001353346","voters":452,"total":443,"voted":443,"spoiled":0,"yays":426,"nays":17},{"committee":"УИК №502","vibid":"4164001353347","voters":623,"total":601,"voted":601,"spoiled":5,"yays":539,"nays":57},{"committee":"УИК №503","vibid":"4164001353348","voters":365,"total":347,"voted":347,"spoiled":0,"yays":334,"nays":13},{"committee":"УИК №504","vibid":"4164001353349","voters":220,"total":218,"voted":218,"spoiled":0,"yays":212,"nays":6},{"committee":"УИК №505","vibid":"4164001353350","voters":159,"total":156,"voted":156,"spoiled":0,"yays":154,"nays":2},{"committee":"УИК №506","vibid":"4164001353351","voters":129,"total":125,"voted":125,"spoiled":0,"yays":113,"nays":12},{"committee":"УИК №507","vibid":"4164001353352","voters":294,"total":285,"voted":284,"spoiled":0,"yays":265,"nays":19}]