[{"committee":"УИК №321","vibid":"4114010357323","voters":813,"total":370,"voted":370,"spoiled":7,"yays":249,"nays":114},{"committee":"УИК №322","vibid":"4114010357324","voters":149,"total":79,"voted":79,"spoiled":1,"yays":75,"nays":3},{"committee":"УИК №323","vibid":"4114010357325","voters":1002,"total":425,"voted":425,"spoiled":3,"yays":278,"nays":144},{"committee":"УИК №324","vibid":"4114010357326","voters":1853,"total":810,"voted":809,"spoiled":11,"yays":515,"nays":283},{"committee":"УИК №325","vibid":"4114010357327","voters":1994,"total":973,"voted":973,"spoiled":4,"yays":593,"nays":376},{"committee":"УИК №326","vibid":"4114010357328","voters":1776,"total":716,"voted":716,"spoiled":9,"yays":439,"nays":268},{"committee":"УИК №327","vibid":"4114010357329","voters":790,"total":389,"voted":389,"spoiled":5,"yays":240,"nays":144},{"committee":"УИК №328","vibid":"4114010357330","voters":1486,"total":650,"voted":650,"spoiled":7,"yays":397,"nays":246},{"committee":"УИК №329","vibid":"4114010357331","voters":2488,"total":1117,"voted":1117,"spoiled":19,"yays":720,"nays":378},{"committee":"УИК №330","vibid":"4114010357332","voters":2518,"total":1217,"voted":1217,"spoiled":11,"yays":781,"nays":425},{"committee":"УИК №331","vibid":"4114010357333","voters":742,"total":291,"voted":291,"spoiled":4,"yays":196,"nays":91},{"committee":"УИК №332","vibid":"4114010357334","voters":1054,"total":408,"voted":408,"spoiled":3,"yays":260,"nays":145},{"committee":"УИК №333","vibid":"4114010357335","voters":2416,"total":1163,"voted":1163,"spoiled":17,"yays":654,"nays":492},{"committee":"УИК №334","vibid":"4114010357336","voters":1600,"total":604,"voted":604,"spoiled":8,"yays":358,"nays":238},{"committee":"УИК №335","vibid":"4114010357337","voters":2468,"total":1004,"voted":1004,"spoiled":6,"yays":677,"nays":321},{"committee":"УИК №336","vibid":"4114010357338","voters":2270,"total":734,"voted":734,"spoiled":6,"yays":531,"nays":197},{"committee":"УИК №337","vibid":"4114010357339","voters":2611,"total":1076,"voted":1075,"spoiled":17,"yays":724,"nays":334},{"committee":"УИК №338","vibid":"4114010357340","voters":2327,"total":964,"voted":964,"spoiled":25,"yays":691,"nays":248},{"committee":"УИК №339","vibid":"4114010357341","voters":577,"total":334,"voted":334,"spoiled":0,"yays":267,"nays":67},{"committee":"УИК №340","vibid":"4114010357342","voters":561,"total":250,"voted":250,"spoiled":4,"yays":173,"nays":73},{"committee":"УИК №341","vibid":"4114010357343","voters":264,"total":159,"voted":158,"spoiled":3,"yays":114,"nays":41},{"committee":"УИК №342","vibid":"4114010357344","voters":452,"total":228,"voted":228,"spoiled":2,"yays":144,"nays":82},{"committee":"УИК №343","vibid":"4114010357345","voters":332,"total":90,"voted":90,"spoiled":6,"yays":71,"nays":13},{"committee":"УИК №344","vibid":"4114010357346","voters":532,"total":267,"voted":267,"spoiled":4,"yays":146,"nays":117},{"committee":"УИК №345","vibid":"4114010357347","voters":585,"total":264,"voted":264,"spoiled":2,"yays":198,"nays":64},{"committee":"УИК №346","vibid":"4114010358169","voters":311,"total":311,"voted":311,"spoiled":1,"yays":176,"nays":134},{"committee":"УИК №347","vibid":"4114010358171","voters":388,"total":388,"voted":388,"spoiled":6,"yays":277,"nays":105}]