[{"committee":"УИК №619","vibid":"4164004328931","voters":1384,"total":1321,"voted":1321,"spoiled":0,"yays":1267,"nays":54},{"committee":"УИК №620","vibid":"4164004328932","voters":1291,"total":1231,"voted":1231,"spoiled":0,"yays":1173,"nays":58},{"committee":"УИК №621","vibid":"4164004328933","voters":1350,"total":1285,"voted":1285,"spoiled":3,"yays":1218,"nays":64},{"committee":"УИК №622","vibid":"4164004328934","voters":757,"total":730,"voted":730,"spoiled":0,"yays":692,"nays":38},{"committee":"УИК №623","vibid":"4164004328935","voters":651,"total":638,"voted":638,"spoiled":0,"yays":625,"nays":13},{"committee":"УИК №624","vibid":"4164004328936","voters":485,"total":476,"voted":476,"spoiled":0,"yays":457,"nays":19},{"committee":"УИК №625","vibid":"4164004328937","voters":174,"total":169,"voted":169,"spoiled":0,"yays":161,"nays":8},{"committee":"УИК №626","vibid":"4164004328938","voters":303,"total":298,"voted":298,"spoiled":0,"yays":292,"nays":6},{"committee":"УИК №627","vibid":"4164004328939","voters":364,"total":358,"voted":358,"spoiled":0,"yays":351,"nays":7},{"committee":"УИК №628","vibid":"4164004328940","voters":405,"total":398,"voted":398,"spoiled":0,"yays":387,"nays":11},{"committee":"УИК №629","vibid":"4164004328941","voters":281,"total":270,"voted":270,"spoiled":0,"yays":259,"nays":11},{"committee":"УИК №630","vibid":"4164004328942","voters":781,"total":750,"voted":750,"spoiled":0,"yays":720,"nays":30},{"committee":"УИК №631","vibid":"4164004328943","voters":230,"total":221,"voted":221,"spoiled":0,"yays":212,"nays":9},{"committee":"УИК №632","vibid":"4164004328944","voters":400,"total":391,"voted":391,"spoiled":0,"yays":380,"nays":11},{"committee":"УИК №633","vibid":"4164004328945","voters":204,"total":195,"voted":195,"spoiled":0,"yays":186,"nays":9},{"committee":"УИК №634","vibid":"4164004328946","voters":179,"total":173,"voted":173,"spoiled":0,"yays":164,"nays":9},{"committee":"УИК №635","vibid":"4164004328947","voters":646,"total":638,"voted":638,"spoiled":0,"yays":625,"nays":13},{"committee":"УИК №636","vibid":"4164004328948","voters":341,"total":329,"voted":329,"spoiled":2,"yays":312,"nays":15},{"committee":"УИК №637","vibid":"4164004328949","voters":188,"total":182,"voted":182,"spoiled":0,"yays":174,"nays":8},{"committee":"УИК №638","vibid":"4164004328950","voters":319,"total":291,"voted":291,"spoiled":0,"yays":276,"nays":15},{"committee":"УИК №639","vibid":"4164004328951","voters":91,"total":89,"voted":89,"spoiled":0,"yays":85,"nays":4},{"committee":"УИК №640","vibid":"4164004328952","voters":860,"total":833,"voted":833,"spoiled":0,"yays":800,"nays":33},{"committee":"УИК №641","vibid":"4164004328953","voters":266,"total":250,"voted":250,"spoiled":0,"yays":240,"nays":10},{"committee":"УИК №642","vibid":"4164004328954","voters":1154,"total":1124,"voted":1124,"spoiled":0,"yays":1068,"nays":56},{"committee":"УИК №643","vibid":"4164004328955","voters":189,"total":184,"voted":184,"spoiled":0,"yays":175,"nays":9},{"committee":"УИК №644","vibid":"4164004328956","voters":352,"total":341,"voted":341,"spoiled":0,"yays":315,"nays":26},{"committee":"УИК №645","vibid":"4164004328957","voters":109,"total":107,"voted":107,"spoiled":0,"yays":104,"nays":3},{"committee":"УИК №646","vibid":"4164004328958","voters":638,"total":620,"voted":620,"spoiled":0,"yays":590,"nays":30},{"committee":"УИК №647","vibid":"4164004328959","voters":655,"total":644,"voted":644,"spoiled":0,"yays":623,"nays":21},{"committee":"УИК №648","vibid":"4164004328960","voters":551,"total":539,"voted":539,"spoiled":0,"yays":512,"nays":27},{"committee":"УИК №649","vibid":"4164004328961","voters":694,"total":669,"voted":669,"spoiled":0,"yays":636,"nays":33},{"committee":"УИК №650","vibid":"4164004328962","voters":658,"total":649,"voted":649,"spoiled":0,"yays":617,"nays":32},{"committee":"УИК №651","vibid":"4164004328963","voters":636,"total":581,"voted":581,"spoiled":0,"yays":530,"nays":51},{"committee":"УИК №652","vibid":"4164004328964","voters":562,"total":549,"voted":549,"spoiled":0,"yays":517,"nays":32},{"committee":"УИК №653","vibid":"4164004328965","voters":379,"total":365,"voted":365,"spoiled":0,"yays":295,"nays":70},{"committee":"УИК №654","vibid":"4164004328966","voters":202,"total":196,"voted":196,"spoiled":0,"yays":186,"nays":10},{"committee":"УИК №655","vibid":"4164004328967","voters":477,"total":458,"voted":458,"spoiled":0,"yays":435,"nays":23},{"committee":"УИК №656","vibid":"4164004328968","voters":208,"total":205,"voted":205,"spoiled":0,"yays":202,"nays":3},{"committee":"УИК №657","vibid":"4164004328969","voters":329,"total":320,"voted":320,"spoiled":0,"yays":307,"nays":13},{"committee":"УИК №658","vibid":"4164004328970","voters":218,"total":212,"voted":212,"spoiled":0,"yays":202,"nays":10},{"committee":"УИК №659","vibid":"4164004328971","voters":327,"total":319,"voted":319,"spoiled":0,"yays":303,"nays":16},{"committee":"УИК №660","vibid":"4164004328972","voters":111,"total":109,"voted":109,"spoiled":0,"yays":104,"nays":5},{"committee":"УИК №661","vibid":"4164004328973","voters":275,"total":267,"voted":267,"spoiled":0,"yays":259,"nays":8},{"committee":"УИК №662","vibid":"4164004328974","voters":307,"total":295,"voted":295,"spoiled":0,"yays":284,"nays":11},{"committee":"УИК №663","vibid":"4164004328975","voters":164,"total":161,"voted":161,"spoiled":0,"yays":155,"nays":6},{"committee":"УИК №2831","vibid":"4164004328976","voters":1085,"total":1035,"voted":1035,"spoiled":0,"yays":984,"nays":51}]