[{"committee":"УИК №1244","vibid":"4164015290481","voters":388,"total":324,"voted":324,"spoiled":4,"yays":282,"nays":38},{"committee":"УИК №1245","vibid":"4164015290482","voters":467,"total":386,"voted":386,"spoiled":5,"yays":338,"nays":43},{"committee":"УИК №1246","vibid":"4164015290483","voters":331,"total":273,"voted":273,"spoiled":0,"yays":221,"nays":52},{"committee":"УИК №1247","vibid":"4164015290484","voters":579,"total":482,"voted":482,"spoiled":7,"yays":402,"nays":73},{"committee":"УИК №1248","vibid":"4164015290485","voters":735,"total":537,"voted":536,"spoiled":6,"yays":451,"nays":79},{"committee":"УИК №1249","vibid":"4164015290486","voters":826,"total":599,"voted":599,"spoiled":4,"yays":405,"nays":190},{"committee":"УИК №1250","vibid":"4164015290487","voters":644,"total":532,"voted":532,"spoiled":3,"yays":410,"nays":119},{"committee":"УИК №1251","vibid":"4164015290488","voters":296,"total":253,"voted":253,"spoiled":2,"yays":240,"nays":11},{"committee":"УИК №1252","vibid":"4164015290489","voters":703,"total":636,"voted":636,"spoiled":0,"yays":566,"nays":70},{"committee":"УИК №1253","vibid":"4164015290490","voters":490,"total":440,"voted":440,"spoiled":1,"yays":337,"nays":102},{"committee":"УИК №1254","vibid":"4164015290491","voters":480,"total":428,"voted":428,"spoiled":0,"yays":390,"nays":38},{"committee":"УИК №1255","vibid":"4164015290492","voters":460,"total":407,"voted":407,"spoiled":4,"yays":380,"nays":23},{"committee":"УИК №1256","vibid":"4164015290493","voters":550,"total":495,"voted":495,"spoiled":5,"yays":442,"nays":48},{"committee":"УИК №1257","vibid":"4164015290494","voters":503,"total":463,"voted":463,"spoiled":7,"yays":433,"nays":23},{"committee":"УИК №1258","vibid":"4164015290495","voters":512,"total":468,"voted":468,"spoiled":3,"yays":441,"nays":24},{"committee":"УИК №1259","vibid":"4164015290496","voters":742,"total":576,"voted":576,"spoiled":2,"yays":388,"nays":186},{"committee":"УИК №1260","vibid":"4164015290497","voters":498,"total":453,"voted":453,"spoiled":4,"yays":333,"nays":116},{"committee":"УИК №1261","vibid":"4164015290498","voters":624,"total":568,"voted":568,"spoiled":7,"yays":512,"nays":49},{"committee":"УИК №1262","vibid":"4164015290499","voters":139,"total":135,"voted":135,"spoiled":0,"yays":110,"nays":25},{"committee":"УИК №1263","vibid":"4164015290500","voters":140,"total":136,"voted":136,"spoiled":0,"yays":131,"nays":5},{"committee":"УИК №1264","vibid":"4164015290501","voters":202,"total":192,"voted":192,"spoiled":0,"yays":187,"nays":5},{"committee":"УИК №1265","vibid":"4164015290502","voters":147,"total":140,"voted":140,"spoiled":0,"yays":138,"nays":2},{"committee":"УИК №1266","vibid":"4164015290503","voters":60,"total":59,"voted":59,"spoiled":0,"yays":55,"nays":4},{"committee":"УИК №1267","vibid":"4164015290504","voters":428,"total":410,"voted":410,"spoiled":5,"yays":378,"nays":27},{"committee":"УИК №1268","vibid":"4164015290505","voters":95,"total":93,"voted":93,"spoiled":0,"yays":90,"nays":3},{"committee":"УИК №1269","vibid":"4164015290506","voters":254,"total":240,"voted":240,"spoiled":11,"yays":218,"nays":11},{"committee":"УИК №1270","vibid":"4164015290507","voters":212,"total":202,"voted":202,"spoiled":0,"yays":189,"nays":13},{"committee":"УИК №1271","vibid":"4164015290508","voters":327,"total":316,"voted":316,"spoiled":0,"yays":274,"nays":42},{"committee":"УИК №1272","vibid":"4164015290509","voters":242,"total":238,"voted":238,"spoiled":0,"yays":212,"nays":26},{"committee":"УИК №1273","vibid":"4164015290510","voters":235,"total":230,"voted":230,"spoiled":0,"yays":212,"nays":18},{"committee":"УИК №1274","vibid":"4164015290511","voters":626,"total":579,"voted":579,"spoiled":0,"yays":544,"nays":35},{"committee":"УИК №1275","vibid":"4164015290512","voters":464,"total":437,"voted":437,"spoiled":0,"yays":406,"nays":31},{"committee":"УИК №1276","vibid":"4164015290513","voters":231,"total":220,"voted":220,"spoiled":0,"yays":204,"nays":16},{"committee":"УИК №1277","vibid":"4164015290514","voters":175,"total":167,"voted":167,"spoiled":0,"yays":157,"nays":10},{"committee":"УИК №1278","vibid":"4164015290515","voters":605,"total":561,"voted":561,"spoiled":0,"yays":546,"nays":15},{"committee":"УИК №1279","vibid":"4164015290516","voters":550,"total":506,"voted":506,"spoiled":3,"yays":457,"nays":46}]