[{"committee":"УИК №221","vibid":"4104003241744","voters":2113,"total":1042,"voted":1042,"spoiled":12,"yays":724,"nays":306},{"committee":"УИК №222","vibid":"4104003241746","voters":426,"total":219,"voted":219,"spoiled":3,"yays":135,"nays":81},{"committee":"УИК №223","vibid":"4104003241747","voters":1347,"total":676,"voted":676,"spoiled":11,"yays":483,"nays":182},{"committee":"УИК №224","vibid":"4104003241748","voters":1516,"total":837,"voted":837,"spoiled":12,"yays":577,"nays":248},{"committee":"УИК №225","vibid":"4104003241749","voters":1430,"total":655,"voted":655,"spoiled":8,"yays":498,"nays":149},{"committee":"УИК №226","vibid":"4104003241750","voters":684,"total":302,"voted":302,"spoiled":2,"yays":130,"nays":170},{"committee":"УИК №227","vibid":"4104003241751","voters":182,"total":93,"voted":93,"spoiled":2,"yays":69,"nays":22},{"committee":"УИК №228","vibid":"4104003241752","voters":981,"total":359,"voted":359,"spoiled":6,"yays":229,"nays":124},{"committee":"УИК №229","vibid":"4104003241753","voters":183,"total":97,"voted":97,"spoiled":1,"yays":67,"nays":29},{"committee":"УИК №230","vibid":"4104003241754","voters":618,"total":402,"voted":402,"spoiled":0,"yays":325,"nays":77},{"committee":"УИК №231","vibid":"4104003241755","voters":1598,"total":583,"voted":583,"spoiled":8,"yays":405,"nays":170},{"committee":"УИК №232","vibid":"4104003241756","voters":1337,"total":606,"voted":606,"spoiled":0,"yays":437,"nays":169},{"committee":"УИК №234","vibid":"4104003241757","voters":424,"total":256,"voted":256,"spoiled":3,"yays":192,"nays":61},{"committee":"УИК №235","vibid":"4104003241758","voters":408,"total":216,"voted":216,"spoiled":2,"yays":140,"nays":74}]