[{"committee":"УИК №42","vibid":"4134002216814","voters":1344,"total":1269,"voted":1269,"spoiled":4,"yays":1160,"nays":105},{"committee":"УИК №43","vibid":"4134002216815","voters":997,"total":921,"voted":921,"spoiled":0,"yays":856,"nays":65},{"committee":"УИК №44","vibid":"4134002216816","voters":1248,"total":1185,"voted":1185,"spoiled":4,"yays":1099,"nays":82},{"committee":"УИК №45","vibid":"4134002216817","voters":221,"total":194,"voted":194,"spoiled":3,"yays":165,"nays":26},{"committee":"УИК №46","vibid":"4134002216818","voters":68,"total":61,"voted":61,"spoiled":0,"yays":55,"nays":6},{"committee":"УИК №47","vibid":"4134002216819","voters":97,"total":87,"voted":87,"spoiled":0,"yays":79,"nays":8},{"committee":"УИК №48","vibid":"4134002216820","voters":134,"total":119,"voted":119,"spoiled":0,"yays":106,"nays":13},{"committee":"УИК №49","vibid":"4134002216821","voters":173,"total":156,"voted":156,"spoiled":0,"yays":148,"nays":8},{"committee":"УИК №50","vibid":"4134002216822","voters":127,"total":112,"voted":112,"spoiled":0,"yays":100,"nays":12},{"committee":"УИК №51","vibid":"4134002216823","voters":262,"total":248,"voted":248,"spoiled":0,"yays":236,"nays":12},{"committee":"УИК №52","vibid":"4134002216824","voters":228,"total":209,"voted":209,"spoiled":0,"yays":193,"nays":16},{"committee":"УИК №53","vibid":"4134002216825","voters":356,"total":309,"voted":309,"spoiled":0,"yays":286,"nays":23},{"committee":"УИК №54","vibid":"4134002216826","voters":375,"total":356,"voted":356,"spoiled":0,"yays":332,"nays":24},{"committee":"УИК №55","vibid":"4134002216827","voters":114,"total":108,"voted":108,"spoiled":0,"yays":101,"nays":7},{"committee":"УИК №56","vibid":"4134002216828","voters":125,"total":113,"voted":113,"spoiled":0,"yays":92,"nays":21},{"committee":"УИК №57","vibid":"4134002216829","voters":454,"total":397,"voted":397,"spoiled":0,"yays":350,"nays":47},{"committee":"УИК №58","vibid":"4134002216830","voters":270,"total":251,"voted":251,"spoiled":0,"yays":233,"nays":18},{"committee":"УИК №59","vibid":"4134002216831","voters":134,"total":119,"voted":119,"spoiled":0,"yays":109,"nays":10},{"committee":"УИК №60","vibid":"4134002216832","voters":316,"total":288,"voted":288,"spoiled":0,"yays":265,"nays":23},{"committee":"УИК №61","vibid":"4134002216833","voters":153,"total":145,"voted":145,"spoiled":0,"yays":140,"nays":5},{"committee":"УИК №62","vibid":"4134002216834","voters":184,"total":175,"voted":175,"spoiled":0,"yays":167,"nays":8},{"committee":"УИК №63","vibid":"4134002216835","voters":172,"total":158,"voted":158,"spoiled":0,"yays":146,"nays":12}]