[{"committee":"УИК №429","vibid":"4114016342193","voters":430,"total":269,"voted":269,"spoiled":0,"yays":226,"nays":43},{"committee":"УИК №430","vibid":"4114016342194","voters":255,"total":149,"voted":149,"spoiled":0,"yays":115,"nays":34},{"committee":"УИК №431","vibid":"4114016342195","voters":1860,"total":1070,"voted":1070,"spoiled":11,"yays":777,"nays":282},{"committee":"УИК №433","vibid":"4114016342196","voters":176,"total":119,"voted":119,"spoiled":0,"yays":109,"nays":10},{"committee":"УИК №434","vibid":"4114016342197","voters":278,"total":193,"voted":193,"spoiled":0,"yays":175,"nays":18},{"committee":"УИК №435","vibid":"4114016342198","voters":449,"total":289,"voted":289,"spoiled":0,"yays":254,"nays":35},{"committee":"УИК №436","vibid":"4114016342199","voters":282,"total":162,"voted":162,"spoiled":1,"yays":111,"nays":50},{"committee":"УИК №437","vibid":"4114016342200","voters":257,"total":137,"voted":137,"spoiled":0,"yays":106,"nays":31},{"committee":"УИК №438","vibid":"4114016342201","voters":88,"total":62,"voted":62,"spoiled":0,"yays":53,"nays":9},{"committee":"УИК №439","vibid":"4114016342202","voters":404,"total":263,"voted":263,"spoiled":0,"yays":201,"nays":62},{"committee":"УИК №440","vibid":"4114016342203","voters":169,"total":97,"voted":97,"spoiled":2,"yays":87,"nays":8},{"committee":"УИК №441","vibid":"4114016342204","voters":242,"total":162,"voted":162,"spoiled":0,"yays":128,"nays":34},{"committee":"УИК №442","vibid":"4114016342205","voters":1881,"total":953,"voted":953,"spoiled":10,"yays":660,"nays":283},{"committee":"УИК №443","vibid":"4114016342206","voters":1737,"total":751,"voted":751,"spoiled":0,"yays":538,"nays":213},{"committee":"УИК №444","vibid":"4114016342207","voters":201,"total":145,"voted":145,"spoiled":0,"yays":109,"nays":36},{"committee":"УИК №446","vibid":"4114016342208","voters":1873,"total":848,"voted":848,"spoiled":3,"yays":635,"nays":210},{"committee":"УИК №447","vibid":"4114016342209","voters":185,"total":118,"voted":118,"spoiled":2,"yays":98,"nays":18},{"committee":"УИК №448","vibid":"4114016342210","voters":1086,"total":706,"voted":706,"spoiled":12,"yays":470,"nays":224},{"committee":"УИК №449","vibid":"4114016342211","voters":496,"total":203,"voted":203,"spoiled":2,"yays":138,"nays":63},{"committee":"УИК №451","vibid":"4114016342212","voters":366,"total":184,"voted":184,"spoiled":3,"yays":127,"nays":54},{"committee":"УИК №677","vibid":"4114016342684","voters":96,"total":89,"voted":89,"spoiled":0,"yays":67,"nays":22}]