[{"committee":"УИК №665","vibid":"4164005287391","voters":1336,"total":1251,"voted":1251,"spoiled":0,"yays":1126,"nays":125},{"committee":"УИК №666","vibid":"4164005287392","voters":1285,"total":1203,"voted":1203,"spoiled":0,"yays":1083,"nays":120},{"committee":"УИК №667","vibid":"4164005287393","voters":1079,"total":1009,"voted":1009,"spoiled":0,"yays":898,"nays":111},{"committee":"УИК №668","vibid":"4164005287394","voters":1122,"total":1059,"voted":1059,"spoiled":0,"yays":943,"nays":116},{"committee":"УИК №669","vibid":"4164005287395","voters":1184,"total":1125,"voted":1125,"spoiled":0,"yays":1012,"nays":113},{"committee":"УИК №670","vibid":"4164005287396","voters":1039,"total":983,"voted":983,"spoiled":0,"yays":875,"nays":108},{"committee":"УИК №671","vibid":"4164005287397","voters":1397,"total":1285,"voted":1285,"spoiled":0,"yays":1169,"nays":116},{"committee":"УИК №673","vibid":"4164005287398","voters":572,"total":554,"voted":554,"spoiled":0,"yays":499,"nays":55},{"committee":"УИК №674","vibid":"4164005287399","voters":992,"total":971,"voted":971,"spoiled":0,"yays":874,"nays":97},{"committee":"УИК №675","vibid":"4164005287400","voters":297,"total":290,"voted":290,"spoiled":0,"yays":264,"nays":26},{"committee":"УИК №676","vibid":"4164005287401","voters":324,"total":306,"voted":306,"spoiled":0,"yays":278,"nays":28},{"committee":"УИК №677","vibid":"4164005287402","voters":252,"total":246,"voted":246,"spoiled":0,"yays":221,"nays":25},{"committee":"УИК №678","vibid":"4164005287403","voters":88,"total":87,"voted":87,"spoiled":0,"yays":80,"nays":7},{"committee":"УИК №679","vibid":"4164005287404","voters":410,"total":404,"voted":404,"spoiled":3,"yays":363,"nays":38},{"committee":"УИК №680","vibid":"4164005287405","voters":100,"total":95,"voted":95,"spoiled":0,"yays":87,"nays":8},{"committee":"УИК №681","vibid":"4164005287406","voters":613,"total":593,"voted":593,"spoiled":0,"yays":534,"nays":59},{"committee":"УИК №682","vibid":"4164005287407","voters":178,"total":169,"voted":169,"spoiled":0,"yays":151,"nays":18},{"committee":"УИК №684","vibid":"4164005287408","voters":154,"total":152,"voted":152,"spoiled":0,"yays":144,"nays":8},{"committee":"УИК №685","vibid":"4164005287409","voters":150,"total":148,"voted":148,"spoiled":0,"yays":138,"nays":10},{"committee":"УИК №686","vibid":"4164005287410","voters":235,"total":232,"voted":232,"spoiled":0,"yays":211,"nays":21},{"committee":"УИК №687","vibid":"4164005287411","voters":89,"total":87,"voted":87,"spoiled":0,"yays":80,"nays":7},{"committee":"УИК №688","vibid":"4164005287412","voters":92,"total":89,"voted":89,"spoiled":0,"yays":81,"nays":8},{"committee":"УИК №689","vibid":"4164005287413","voters":101,"total":98,"voted":98,"spoiled":0,"yays":90,"nays":8},{"committee":"УИК №690","vibid":"4164005287414","voters":323,"total":321,"voted":321,"spoiled":0,"yays":291,"nays":30},{"committee":"УИК №691","vibid":"4164005287415","voters":202,"total":198,"voted":198,"spoiled":0,"yays":178,"nays":20},{"committee":"УИК №692","vibid":"4164005287416","voters":379,"total":360,"voted":360,"spoiled":0,"yays":324,"nays":36},{"committee":"УИК №693","vibid":"4164005287417","voters":165,"total":164,"voted":164,"spoiled":0,"yays":149,"nays":15},{"committee":"УИК №695","vibid":"4164005287418","voters":781,"total":705,"voted":705,"spoiled":0,"yays":627,"nays":78},{"committee":"УИК №697","vibid":"4164005287419","voters":286,"total":281,"voted":281,"spoiled":0,"yays":256,"nays":25},{"committee":"УИК №698","vibid":"4164005287420","voters":106,"total":104,"voted":104,"spoiled":0,"yays":98,"nays":6},{"committee":"УИК №699","vibid":"4164005287421","voters":187,"total":183,"voted":183,"spoiled":0,"yays":173,"nays":10},{"committee":"УИК №701","vibid":"4164005287423","voters":284,"total":278,"voted":278,"spoiled":0,"yays":251,"nays":27},{"committee":"УИК №702","vibid":"4164005287424","voters":118,"total":115,"voted":115,"spoiled":0,"yays":105,"nays":10},{"committee":"УИК №703","vibid":"4164005287425","voters":216,"total":209,"voted":209,"spoiled":0,"yays":190,"nays":19},{"committee":"УИК №704","vibid":"4164005287426","voters":146,"total":144,"voted":144,"spoiled":0,"yays":132,"nays":12},{"committee":"УИК №706","vibid":"4164005287428","voters":302,"total":296,"voted":296,"spoiled":0,"yays":269,"nays":27},{"committee":"УИК №707","vibid":"4164005287429","voters":331,"total":319,"voted":319,"spoiled":0,"yays":288,"nays":31},{"committee":"УИК №708","vibid":"4164005287430","voters":212,"total":210,"voted":210,"spoiled":0,"yays":192,"nays":18},{"committee":"УИК №709","vibid":"4164005287431","voters":477,"total":468,"voted":468,"spoiled":0,"yays":427,"nays":41},{"committee":"УИК №710","vibid":"4164005287432","voters":150,"total":150,"voted":150,"spoiled":0,"yays":147,"nays":3},{"committee":"УИК №711","vibid":"4164005287433","voters":442,"total":431,"voted":431,"spoiled":0,"yays":392,"nays":39},{"committee":"УИК №712","vibid":"4164005287434","voters":144,"total":139,"voted":139,"spoiled":0,"yays":125,"nays":14},{"committee":"УИК №713","vibid":"4164005287435","voters":131,"total":127,"voted":127,"spoiled":0,"yays":124,"nays":3},{"committee":"УИК №714","vibid":"4164005287436","voters":352,"total":341,"voted":341,"spoiled":0,"yays":312,"nays":29}]