[{"committee":"УИК №452","vibid":"4114018294496","voters":701,"total":531,"voted":531,"spoiled":5,"yays":218,"nays":308},{"committee":"УИК №453","vibid":"4114018294497","voters":378,"total":351,"voted":351,"spoiled":4,"yays":242,"nays":105},{"committee":"УИК №454","vibid":"4114018294498","voters":135,"total":94,"voted":94,"spoiled":3,"yays":57,"nays":34},{"committee":"УИК №455","vibid":"4114018294499","voters":504,"total":381,"voted":381,"spoiled":2,"yays":222,"nays":157},{"committee":"УИК №456","vibid":"4114018294500","voters":1361,"total":773,"voted":773,"spoiled":3,"yays":582,"nays":188},{"committee":"УИК №457","vibid":"4114018294501","voters":1858,"total":911,"voted":911,"spoiled":15,"yays":623,"nays":273},{"committee":"УИК №458","vibid":"4114018294502","voters":2004,"total":1007,"voted":1007,"spoiled":6,"yays":740,"nays":261},{"committee":"УИК №459","vibid":"4114018294503","voters":1489,"total":753,"voted":753,"spoiled":10,"yays":426,"nays":317},{"committee":"УИК №460","vibid":"4114018294504","voters":435,"total":326,"voted":326,"spoiled":0,"yays":258,"nays":68},{"committee":"УИК №461","vibid":"4114018294505","voters":94,"total":87,"voted":87,"spoiled":1,"yays":57,"nays":29},{"committee":"УИК №462","vibid":"4114018294506","voters":409,"total":295,"voted":295,"spoiled":3,"yays":205,"nays":87},{"committee":"УИК №463","vibid":"4114018294507","voters":149,"total":123,"voted":123,"spoiled":0,"yays":83,"nays":40},{"committee":"УИК №464","vibid":"4114018294508","voters":2710,"total":2251,"voted":2251,"spoiled":2,"yays":1566,"nays":683},{"committee":"УИК №465","vibid":"4114018294509","voters":207,"total":183,"voted":183,"spoiled":1,"yays":128,"nays":54},{"committee":"УИК №466","vibid":"4114018294510","voters":626,"total":541,"voted":541,"spoiled":2,"yays":398,"nays":141},{"committee":"УИК №467","vibid":"4114018294511","voters":634,"total":542,"voted":542,"spoiled":1,"yays":455,"nays":86},{"committee":"УИК №468","vibid":"4114018294512","voters":149,"total":120,"voted":120,"spoiled":0,"yays":77,"nays":43},{"committee":"УИК №469","vibid":"4114018294513","voters":238,"total":222,"voted":222,"spoiled":0,"yays":176,"nays":46},{"committee":"УИК №470","vibid":"4114018294514","voters":164,"total":147,"voted":147,"spoiled":0,"yays":107,"nays":40},{"committee":"УИК №471","vibid":"4114018294515","voters":135,"total":126,"voted":126,"spoiled":0,"yays":104,"nays":22},{"committee":"УИК №472","vibid":"4114018294516","voters":127,"total":102,"voted":102,"spoiled":0,"yays":82,"nays":20},{"committee":"УИК №473","vibid":"4114018294517","voters":2284,"total":1542,"voted":1542,"spoiled":0,"yays":1112,"nays":430},{"committee":"УИК №474","vibid":"4114018294518","voters":2763,"total":1791,"voted":1791,"spoiled":11,"yays":1199,"nays":581},{"committee":"УИК №475","vibid":"4114018294519","voters":2200,"total":1273,"voted":1273,"spoiled":5,"yays":906,"nays":362},{"committee":"УИК №476","vibid":"4114018294520","voters":69,"total":60,"voted":60,"spoiled":0,"yays":47,"nays":13}]