[{"committee":"УИК №273","vibid":"4124004185749","voters":1707,"total":1349,"voted":1349,"spoiled":28,"yays":1223,"nays":98},{"committee":"УИК №275","vibid":"4124004185751","voters":300,"total":231,"voted":231,"spoiled":5,"yays":180,"nays":46},{"committee":"УИК №276","vibid":"4124004185752","voters":831,"total":672,"voted":672,"spoiled":7,"yays":538,"nays":127},{"committee":"УИК №277","vibid":"4124004185753","voters":305,"total":283,"voted":283,"spoiled":0,"yays":243,"nays":40},{"committee":"УИК №278","vibid":"4124004185754","voters":375,"total":296,"voted":296,"spoiled":1,"yays":237,"nays":58},{"committee":"УИК №279","vibid":"4124004185755","voters":231,"total":185,"voted":185,"spoiled":0,"yays":174,"nays":11},{"committee":"УИК №280","vibid":"4124004185756","voters":1337,"total":1008,"voted":1008,"spoiled":0,"yays":859,"nays":149},{"committee":"УИК №281","vibid":"4124004185757","voters":229,"total":196,"voted":196,"spoiled":0,"yays":186,"nays":10},{"committee":"УИК №282","vibid":"4124004185758","voters":301,"total":236,"voted":236,"spoiled":1,"yays":194,"nays":41},{"committee":"УИК №283","vibid":"4124004185759","voters":429,"total":344,"voted":344,"spoiled":2,"yays":298,"nays":44},{"committee":"УИК №284","vibid":"4124004185760","voters":176,"total":150,"voted":150,"spoiled":1,"yays":139,"nays":10},{"committee":"УИК №285","vibid":"4124004185761","voters":287,"total":232,"voted":232,"spoiled":0,"yays":186,"nays":46},{"committee":"УИК №286","vibid":"4124004185762","voters":187,"total":137,"voted":137,"spoiled":0,"yays":110,"nays":27},{"committee":"УИК №287","vibid":"4124004185763","voters":370,"total":293,"voted":293,"spoiled":0,"yays":240,"nays":53},{"committee":"УИК №288","vibid":"4124004185764","voters":183,"total":150,"voted":150,"spoiled":0,"yays":139,"nays":11},{"committee":"УИК №289","vibid":"4124004185765","voters":396,"total":329,"voted":329,"spoiled":0,"yays":299,"nays":30}]