[{"committee":"УИК №259","vibid":"4134010268832","voters":316,"total":261,"voted":261,"spoiled":2,"yays":202,"nays":57},{"committee":"УИК №260","vibid":"4134010268834","voters":140,"total":126,"voted":126,"spoiled":0,"yays":112,"nays":14},{"committee":"УИК №261","vibid":"4134010268835","voters":302,"total":289,"voted":289,"spoiled":0,"yays":273,"nays":16},{"committee":"УИК №262","vibid":"4134010268836","voters":1017,"total":854,"voted":854,"spoiled":1,"yays":783,"nays":70},{"committee":"УИК №263","vibid":"4134010268837","voters":667,"total":575,"voted":575,"spoiled":0,"yays":544,"nays":31},{"committee":"УИК №264","vibid":"4134010268838","voters":653,"total":581,"voted":581,"spoiled":0,"yays":539,"nays":42},{"committee":"УИК №265","vibid":"4134010268839","voters":722,"total":613,"voted":613,"spoiled":0,"yays":563,"nays":50},{"committee":"УИК №266","vibid":"4134010268840","voters":389,"total":332,"voted":332,"spoiled":0,"yays":301,"nays":31},{"committee":"УИК №267","vibid":"4134010268841","voters":852,"total":743,"voted":743,"spoiled":0,"yays":679,"nays":64},{"committee":"УИК №268","vibid":"4134010268842","voters":768,"total":657,"voted":657,"spoiled":0,"yays":601,"nays":56},{"committee":"УИК №269","vibid":"4134010268843","voters":328,"total":306,"voted":306,"spoiled":0,"yays":275,"nays":31},{"committee":"УИК №270","vibid":"4134010268844","voters":360,"total":296,"voted":296,"spoiled":0,"yays":252,"nays":44},{"committee":"УИК №271","vibid":"4134010268845","voters":650,"total":550,"voted":550,"spoiled":0,"yays":509,"nays":41},{"committee":"УИК №272","vibid":"4134010268846","voters":78,"total":69,"voted":69,"spoiled":0,"yays":67,"nays":2},{"committee":"УИК №273","vibid":"4134010268847","voters":364,"total":339,"voted":339,"spoiled":0,"yays":319,"nays":20},{"committee":"УИК №274","vibid":"4134010268848","voters":167,"total":155,"voted":155,"spoiled":0,"yays":145,"nays":10},{"committee":"УИК №275","vibid":"4134010268849","voters":90,"total":80,"voted":80,"spoiled":0,"yays":75,"nays":5},{"committee":"УИК №276","vibid":"4134010268850","voters":856,"total":733,"voted":733,"spoiled":3,"yays":625,"nays":105},{"committee":"УИК №277","vibid":"4134010268851","voters":392,"total":314,"voted":314,"spoiled":0,"yays":295,"nays":19},{"committee":"УИК №278","vibid":"4134010268852","voters":379,"total":322,"voted":322,"spoiled":0,"yays":308,"nays":14},{"committee":"УИК №279","vibid":"4134010268853","voters":746,"total":628,"voted":628,"spoiled":0,"yays":573,"nays":55},{"committee":"УИК №280","vibid":"4134010268854","voters":203,"total":181,"voted":181,"spoiled":0,"yays":171,"nays":10},{"committee":"УИК №281","vibid":"4134010268855","voters":444,"total":383,"voted":383,"spoiled":0,"yays":357,"nays":26},{"committee":"УИК №282","vibid":"4134010268856","voters":340,"total":296,"voted":296,"spoiled":0,"yays":273,"nays":23},{"committee":"УИК №283","vibid":"4134010268857","voters":405,"total":352,"voted":352,"spoiled":0,"yays":329,"nays":23},{"committee":"УИК №284","vibid":"4134010268858","voters":347,"total":298,"voted":298,"spoiled":0,"yays":273,"nays":25},{"committee":"УИК №285","vibid":"4134010268859","voters":288,"total":249,"voted":249,"spoiled":0,"yays":237,"nays":12},{"committee":"УИК №286","vibid":"4134010268860","voters":258,"total":240,"voted":240,"spoiled":0,"yays":227,"nays":13},{"committee":"УИК №287","vibid":"4134010268861","voters":156,"total":135,"voted":135,"spoiled":0,"yays":122,"nays":13},{"committee":"УИК №288","vibid":"4134010268862","voters":175,"total":161,"voted":161,"spoiled":0,"yays":149,"nays":12},{"committee":"УИК №289","vibid":"4134010268863","voters":90,"total":82,"voted":82,"spoiled":0,"yays":80,"nays":2},{"committee":"УИК №290","vibid":"4134010268864","voters":190,"total":179,"voted":179,"spoiled":0,"yays":166,"nays":13},{"committee":"УИК №291","vibid":"4134010268865","voters":446,"total":416,"voted":416,"spoiled":0,"yays":399,"nays":17},{"committee":"УИК №292","vibid":"4134010268866","voters":226,"total":210,"voted":210,"spoiled":0,"yays":195,"nays":15},{"committee":"УИК №293","vibid":"4134010268867","voters":211,"total":191,"voted":191,"spoiled":0,"yays":180,"nays":11},{"committee":"УИК №294","vibid":"4134010268868","voters":81,"total":75,"voted":75,"spoiled":0,"yays":72,"nays":3},{"committee":"УИК №295","vibid":"4134010268869","voters":110,"total":101,"voted":101,"spoiled":0,"yays":97,"nays":4}]