[{"committee":"УИК №247","vibid":"4114017231368","voters":1352,"total":411,"voted":411,"spoiled":5,"yays":247,"nays":159},{"committee":"УИК №248","vibid":"4114017231369","voters":1219,"total":743,"voted":741,"spoiled":8,"yays":347,"nays":386},{"committee":"УИК №249","vibid":"4114017231370","voters":1518,"total":599,"voted":599,"spoiled":20,"yays":347,"nays":232},{"committee":"УИК №250","vibid":"4114017231371","voters":1415,"total":648,"voted":648,"spoiled":5,"yays":374,"nays":269},{"committee":"УИК №251","vibid":"4114017231372","voters":1535,"total":431,"voted":431,"spoiled":5,"yays":243,"nays":183},{"committee":"УИК №252","vibid":"4114017231373","voters":1506,"total":438,"voted":438,"spoiled":1,"yays":274,"nays":163},{"committee":"УИК №253","vibid":"4114017231374","voters":1642,"total":497,"voted":497,"spoiled":8,"yays":290,"nays":199},{"committee":"УИК №254","vibid":"4114017231375","voters":1460,"total":532,"voted":532,"spoiled":9,"yays":310,"nays":213},{"committee":"УИК №255","vibid":"4114017231376","voters":1349,"total":611,"voted":611,"spoiled":2,"yays":362,"nays":247},{"committee":"УИК №256","vibid":"4114017231377","voters":1521,"total":845,"voted":845,"spoiled":4,"yays":499,"nays":342},{"committee":"УИК №257","vibid":"4114017231378","voters":1204,"total":389,"voted":389,"spoiled":2,"yays":239,"nays":148},{"committee":"УИК №258","vibid":"4114017231379","voters":1225,"total":383,"voted":383,"spoiled":5,"yays":229,"nays":149},{"committee":"УИК №259","vibid":"4114017231380","voters":1530,"total":500,"voted":500,"spoiled":0,"yays":281,"nays":219},{"committee":"УИК №260","vibid":"4114017231381","voters":1488,"total":516,"voted":516,"spoiled":2,"yays":321,"nays":193},{"committee":"УИК №261","vibid":"4114017231382","voters":1792,"total":651,"voted":651,"spoiled":5,"yays":405,"nays":241},{"committee":"УИК №262","vibid":"4114017231383","voters":1822,"total":887,"voted":884,"spoiled":9,"yays":442,"nays":433},{"committee":"УИК №263","vibid":"4114017231384","voters":1421,"total":498,"voted":498,"spoiled":5,"yays":307,"nays":186},{"committee":"УИК №264","vibid":"4114017231385","voters":1476,"total":546,"voted":546,"spoiled":6,"yays":318,"nays":222},{"committee":"УИК №265","vibid":"4114017231386","voters":1728,"total":945,"voted":945,"spoiled":4,"yays":736,"nays":205},{"committee":"УИК №266","vibid":"4114017231387","voters":795,"total":768,"voted":768,"spoiled":9,"yays":453,"nays":306},{"committee":"УИК №267","vibid":"4114017231388","voters":318,"total":208,"voted":207,"spoiled":2,"yays":108,"nays":97},{"committee":"УИК №268","vibid":"4114017231389","voters":785,"total":353,"voted":353,"spoiled":7,"yays":206,"nays":140},{"committee":"УИК №269","vibid":"4114017231390","voters":310,"total":210,"voted":210,"spoiled":5,"yays":138,"nays":67},{"committee":"УИК №270","vibid":"4114017231391","voters":249,"total":157,"voted":157,"spoiled":3,"yays":88,"nays":66},{"committee":"УИК №271","vibid":"4114017231392","voters":85,"total":71,"voted":71,"spoiled":0,"yays":62,"nays":9},{"committee":"УИК №272","vibid":"4114017231393","voters":441,"total":311,"voted":311,"spoiled":1,"yays":195,"nays":115},{"committee":"УИК №273","vibid":"4114017231394","voters":310,"total":246,"voted":246,"spoiled":0,"yays":205,"nays":41},{"committee":"УИК №274","vibid":"4114017231395","voters":828,"total":565,"voted":565,"spoiled":16,"yays":448,"nays":101},{"committee":"УИК №275","vibid":"4114017231396","voters":326,"total":241,"voted":241,"spoiled":4,"yays":210,"nays":27},{"committee":"УИК №669","vibid":"4114017231733","voters":298,"total":298,"voted":298,"spoiled":1,"yays":137,"nays":160},{"committee":"УИК №670","vibid":"4114017231731","voters":64,"total":63,"voted":63,"spoiled":0,"yays":56,"nays":7}]