[{"committee":"УИК №117","vibid":"4124001195746","voters":1582,"total":890,"voted":890,"spoiled":19,"yays":649,"nays":222},{"committee":"УИК №118","vibid":"4124001195747","voters":731,"total":277,"voted":277,"spoiled":5,"yays":184,"nays":88},{"committee":"УИК №119","vibid":"4124001195748","voters":1821,"total":1291,"voted":1291,"spoiled":6,"yays":986,"nays":299},{"committee":"УИК №120","vibid":"4124001195749","voters":945,"total":360,"voted":360,"spoiled":4,"yays":258,"nays":98},{"committee":"УИК №121","vibid":"4124001195750","voters":1754,"total":903,"voted":903,"spoiled":13,"yays":630,"nays":260},{"committee":"УИК №122","vibid":"4124001195751","voters":840,"total":620,"voted":620,"spoiled":6,"yays":561,"nays":53},{"committee":"УИК №123","vibid":"4124001195752","voters":1099,"total":720,"voted":720,"spoiled":2,"yays":531,"nays":187},{"committee":"УИК №124","vibid":"4124001195753","voters":834,"total":498,"voted":498,"spoiled":8,"yays":384,"nays":106},{"committee":"УИК №125","vibid":"4124001195754","voters":1876,"total":1377,"voted":1377,"spoiled":5,"yays":1180,"nays":192},{"committee":"УИК №126","vibid":"4124001195755","voters":1802,"total":807,"voted":807,"spoiled":4,"yays":547,"nays":256},{"committee":"УИК №127","vibid":"4124001195756","voters":1837,"total":1302,"voted":1302,"spoiled":8,"yays":1101,"nays":193},{"committee":"УИК №128","vibid":"4124001195757","voters":844,"total":359,"voted":359,"spoiled":4,"yays":224,"nays":131},{"committee":"УИК №129","vibid":"4124001195758","voters":1046,"total":674,"voted":674,"spoiled":6,"yays":460,"nays":208},{"committee":"УИК №130","vibid":"4124001195759","voters":1871,"total":1217,"voted":1217,"spoiled":11,"yays":862,"nays":344},{"committee":"УИК №131","vibid":"4124001195760","voters":849,"total":728,"voted":728,"spoiled":0,"yays":572,"nays":156},{"committee":"УИК №132","vibid":"4124001195761","voters":905,"total":716,"voted":716,"spoiled":2,"yays":575,"nays":139},{"committee":"УИК №133","vibid":"4124001195762","voters":1929,"total":1314,"voted":1314,"spoiled":15,"yays":1066,"nays":233},{"committee":"УИК №134","vibid":"4124001195763","voters":1096,"total":825,"voted":825,"spoiled":3,"yays":674,"nays":148},{"committee":"УИК №135","vibid":"4124001195764","voters":1127,"total":760,"voted":760,"spoiled":6,"yays":563,"nays":191},{"committee":"УИК №136","vibid":"4124001195765","voters":1644,"total":1233,"voted":1233,"spoiled":5,"yays":986,"nays":242},{"committee":"УИК №137","vibid":"4124001195766","voters":842,"total":635,"voted":635,"spoiled":6,"yays":602,"nays":27},{"committee":"УИК №138","vibid":"4124001195767","voters":1968,"total":1416,"voted":1416,"spoiled":15,"yays":1142,"nays":259},{"committee":"УИК №139","vibid":"4124001195768","voters":960,"total":325,"voted":325,"spoiled":2,"yays":203,"nays":120},{"committee":"УИК №140","vibid":"4124001195769","voters":2308,"total":1630,"voted":1630,"spoiled":18,"yays":1246,"nays":366},{"committee":"УИК №141","vibid":"4124001195770","voters":2002,"total":1414,"voted":1414,"spoiled":14,"yays":1044,"nays":356},{"committee":"УИК №142","vibid":"4124001195771","voters":2157,"total":1648,"voted":1648,"spoiled":11,"yays":1354,"nays":283},{"committee":"УИК №143","vibid":"4124001195772","voters":896,"total":731,"voted":731,"spoiled":4,"yays":564,"nays":163},{"committee":"УИК №144","vibid":"4124001195773","voters":1687,"total":760,"voted":760,"spoiled":21,"yays":463,"nays":276},{"committee":"УИК №145","vibid":"4124001195774","voters":782,"total":469,"voted":469,"spoiled":16,"yays":322,"nays":131},{"committee":"УИК №146","vibid":"4124001195775","voters":1481,"total":616,"voted":616,"spoiled":34,"yays":402,"nays":180},{"committee":"УИК №538","vibid":"4124001199245","voters":2161,"total":2150,"voted":2150,"spoiled":10,"yays":1704,"nays":436}]