[{"committee":"УИК №75","vibid":"4144007273106","voters":669,"total":479,"voted":479,"spoiled":1,"yays":401,"nays":77},{"committee":"УИК №76","vibid":"4144007273107","voters":720,"total":484,"voted":484,"spoiled":0,"yays":404,"nays":80},{"committee":"УИК №77","vibid":"4144007273108","voters":633,"total":412,"voted":412,"spoiled":4,"yays":324,"nays":84},{"committee":"УИК №78","vibid":"4144007273109","voters":731,"total":522,"voted":522,"spoiled":0,"yays":474,"nays":48},{"committee":"УИК №79","vibid":"4144007273110","voters":905,"total":700,"voted":700,"spoiled":0,"yays":575,"nays":125},{"committee":"УИК №80","vibid":"4144007273111","voters":633,"total":531,"voted":531,"spoiled":0,"yays":479,"nays":52},{"committee":"УИК №81","vibid":"4144007273112","voters":617,"total":497,"voted":497,"spoiled":2,"yays":397,"nays":98},{"committee":"УИК №82","vibid":"4144007273113","voters":38,"total":34,"voted":34,"spoiled":0,"yays":31,"nays":3},{"committee":"УИК №83","vibid":"4144007273114","voters":250,"total":226,"voted":226,"spoiled":0,"yays":157,"nays":69},{"committee":"УИК №84","vibid":"4144007273115","voters":113,"total":111,"voted":111,"spoiled":0,"yays":86,"nays":25},{"committee":"УИК №85","vibid":"4144007273116","voters":189,"total":164,"voted":164,"spoiled":0,"yays":135,"nays":29},{"committee":"УИК №86","vibid":"4144007273117","voters":390,"total":351,"voted":351,"spoiled":0,"yays":254,"nays":97},{"committee":"УИК №87","vibid":"4144007273118","voters":406,"total":386,"voted":386,"spoiled":1,"yays":294,"nays":91},{"committee":"УИК №88","vibid":"4144007273119","voters":155,"total":155,"voted":155,"spoiled":1,"yays":121,"nays":33},{"committee":"УИК №89","vibid":"4144007273120","voters":314,"total":305,"voted":305,"spoiled":0,"yays":219,"nays":86},{"committee":"УИК №90","vibid":"4144007273121","voters":323,"total":302,"voted":302,"spoiled":0,"yays":260,"nays":42},{"committee":"УИК №91","vibid":"4144007273122","voters":275,"total":273,"voted":273,"spoiled":5,"yays":190,"nays":78},{"committee":"УИК №92","vibid":"4144007273123","voters":432,"total":427,"voted":427,"spoiled":0,"yays":415,"nays":12},{"committee":"УИК №93","vibid":"4144007273124","voters":376,"total":350,"voted":350,"spoiled":0,"yays":298,"nays":52},{"committee":"УИК №94","vibid":"4144007273125","voters":304,"total":292,"voted":292,"spoiled":5,"yays":257,"nays":30},{"committee":"УИК №95","vibid":"4144007273126","voters":341,"total":323,"voted":323,"spoiled":2,"yays":267,"nays":54},{"committee":"УИК №96","vibid":"4144007273127","voters":248,"total":242,"voted":242,"spoiled":1,"yays":199,"nays":42},{"committee":"УИК №97","vibid":"4144007273128","voters":31,"total":31,"voted":31,"spoiled":1,"yays":25,"nays":5},{"committee":"УИК №98","vibid":"4144007273129","voters":422,"total":400,"voted":400,"spoiled":0,"yays":326,"nays":74},{"committee":"УИК №99","vibid":"4144007273130","voters":32,"total":24,"voted":24,"spoiled":0,"yays":22,"nays":2},{"committee":"УИК №100","vibid":"4144007273131","voters":259,"total":250,"voted":250,"spoiled":0,"yays":213,"nays":37},{"committee":"УИК №101","vibid":"4144007273132","voters":207,"total":191,"voted":191,"spoiled":0,"yays":145,"nays":46},{"committee":"УИК №102","vibid":"4144007273133","voters":179,"total":167,"voted":167,"spoiled":0,"yays":125,"nays":42},{"committee":"УИК №103","vibid":"4144007273134","voters":53,"total":49,"voted":49,"spoiled":1,"yays":41,"nays":7},{"committee":"УИК №104","vibid":"4144007273135","voters":197,"total":177,"voted":177,"spoiled":0,"yays":153,"nays":24},{"committee":"УИК №105","vibid":"4144007273136","voters":195,"total":175,"voted":175,"spoiled":0,"yays":157,"nays":18},{"committee":"УИК №106","vibid":"4144007273137","voters":320,"total":302,"voted":302,"spoiled":7,"yays":222,"nays":73},{"committee":"УИК №107","vibid":"4144007273138","voters":304,"total":289,"voted":289,"spoiled":4,"yays":206,"nays":79},{"committee":"УИК №108","vibid":"4144007273139","voters":131,"total":121,"voted":121,"spoiled":0,"yays":104,"nays":17}]