[{"committee":"УИК №1371","vibid":"4164018210221","voters":102,"total":96,"voted":96,"spoiled":0,"yays":87,"nays":9},{"committee":"УИК №1374","vibid":"4164018210224","voters":1607,"total":1447,"voted":1447,"spoiled":0,"yays":1292,"nays":155},{"committee":"УИК №1375","vibid":"4164018210225","voters":1137,"total":955,"voted":955,"spoiled":2,"yays":880,"nays":73},{"committee":"УИК №1376","vibid":"4164018210226","voters":1225,"total":1055,"voted":1055,"spoiled":4,"yays":888,"nays":163},{"committee":"УИК №1381","vibid":"4164018210231","voters":1877,"total":1606,"voted":1606,"spoiled":10,"yays":1368,"nays":228},{"committee":"УИК №1382","vibid":"4164018210232","voters":131,"total":128,"voted":128,"spoiled":0,"yays":107,"nays":21},{"committee":"УИК №1386","vibid":"4164018210236","voters":1427,"total":1172,"voted":1172,"spoiled":0,"yays":950,"nays":222},{"committee":"УИК №1387","vibid":"4164018210237","voters":850,"total":698,"voted":698,"spoiled":0,"yays":565,"nays":133},{"committee":"УИК №1399","vibid":"4164018210249","voters":2506,"total":2136,"voted":2136,"spoiled":12,"yays":1611,"nays":513},{"committee":"УИК №1400","vibid":"4164018210250","voters":1363,"total":1158,"voted":1158,"spoiled":0,"yays":911,"nays":247},{"committee":"УИК №1407","vibid":"4164018210257","voters":167,"total":141,"voted":141,"spoiled":0,"yays":125,"nays":16},{"committee":"УИК №1408","vibid":"4164018210509","voters":199,"total":199,"voted":199,"spoiled":0,"yays":187,"nays":12},{"committee":"УИК №1409","vibid":"4164018210259","voters":294,"total":280,"voted":280,"spoiled":0,"yays":246,"nays":34}]