[{"committee":"УИК №363","vibid":"4134013244790","voters":2363,"total":2105,"voted":2105,"spoiled":34,"yays":1868,"nays":203},{"committee":"УИК №364","vibid":"4134013244791","voters":515,"total":457,"voted":457,"spoiled":2,"yays":369,"nays":86},{"committee":"УИК №365","vibid":"4134013244792","voters":161,"total":146,"voted":146,"spoiled":0,"yays":130,"nays":16},{"committee":"УИК №366","vibid":"4134013244793","voters":248,"total":229,"voted":229,"spoiled":0,"yays":220,"nays":9},{"committee":"УИК №367","vibid":"4134013244794","voters":119,"total":110,"voted":110,"spoiled":0,"yays":98,"nays":12},{"committee":"УИК №368","vibid":"4134013244795","voters":342,"total":307,"voted":307,"spoiled":0,"yays":262,"nays":45},{"committee":"УИК №369","vibid":"4134013244796","voters":315,"total":282,"voted":282,"spoiled":0,"yays":235,"nays":47},{"committee":"УИК №370","vibid":"4134013244797","voters":257,"total":235,"voted":235,"spoiled":1,"yays":210,"nays":24},{"committee":"УИК №371","vibid":"4134013244798","voters":261,"total":239,"voted":239,"spoiled":0,"yays":214,"nays":25},{"committee":"УИК №372","vibid":"4134013244799","voters":412,"total":351,"voted":351,"spoiled":0,"yays":293,"nays":58},{"committee":"УИК №373","vibid":"4134013244800","voters":725,"total":660,"voted":660,"spoiled":3,"yays":584,"nays":73},{"committee":"УИК №374","vibid":"4134013244801","voters":1000,"total":899,"voted":899,"spoiled":0,"yays":801,"nays":98},{"committee":"УИК №375","vibid":"4134013244802","voters":298,"total":267,"voted":267,"spoiled":1,"yays":234,"nays":32},{"committee":"УИК №376","vibid":"4134013244803","voters":338,"total":308,"voted":308,"spoiled":0,"yays":300,"nays":8}]