[{"committee":"УИК №396","vibid":"4104014242271","voters":1941,"total":930,"voted":930,"spoiled":20,"yays":604,"nays":306},{"committee":"УИК №397","vibid":"4104014242272","voters":1243,"total":671,"voted":670,"spoiled":4,"yays":546,"nays":120},{"committee":"УИК №399","vibid":"4104014242273","voters":2365,"total":926,"voted":926,"spoiled":12,"yays":692,"nays":222},{"committee":"УИК №400","vibid":"4104014242274","voters":420,"total":178,"voted":178,"spoiled":1,"yays":135,"nays":42},{"committee":"УИК №401","vibid":"4104014242275","voters":93,"total":41,"voted":41,"spoiled":1,"yays":37,"nays":3},{"committee":"УИК №402","vibid":"4104014242276","voters":96,"total":62,"voted":62,"spoiled":0,"yays":48,"nays":14},{"committee":"УИК №403","vibid":"4104014242277","voters":856,"total":385,"voted":384,"spoiled":7,"yays":272,"nays":105},{"committee":"УИК №404","vibid":"4104014242278","voters":651,"total":335,"voted":335,"spoiled":3,"yays":246,"nays":86},{"committee":"УИК №405","vibid":"4104014242279","voters":120,"total":73,"voted":73,"spoiled":0,"yays":66,"nays":7},{"committee":"УИК №406","vibid":"4104014242280","voters":354,"total":140,"voted":140,"spoiled":0,"yays":118,"nays":22},{"committee":"УИК №407","vibid":"4104014242281","voters":2506,"total":1093,"voted":1091,"spoiled":13,"yays":853,"nays":225},{"committee":"УИК №408","vibid":"4104014242282","voters":158,"total":106,"voted":106,"spoiled":0,"yays":92,"nays":14},{"committee":"УИК №409","vibid":"4104014242283","voters":171,"total":87,"voted":87,"spoiled":1,"yays":72,"nays":14},{"committee":"УИК №410","vibid":"4104014242284","voters":388,"total":197,"voted":197,"spoiled":1,"yays":155,"nays":41},{"committee":"УИК №411","vibid":"4104014242285","voters":177,"total":84,"voted":84,"spoiled":1,"yays":76,"nays":7},{"committee":"УИК №412","vibid":"4104014242286","voters":181,"total":119,"voted":119,"spoiled":2,"yays":102,"nays":15},{"committee":"УИК №413","vibid":"4104014242287","voters":904,"total":412,"voted":412,"spoiled":4,"yays":312,"nays":96},{"committee":"УИК №414","vibid":"4104014242288","voters":160,"total":81,"voted":81,"spoiled":0,"yays":78,"nays":3},{"committee":"УИК №415","vibid":"4104014242289","voters":108,"total":62,"voted":62,"spoiled":1,"yays":55,"nays":6},{"committee":"УИК №416","vibid":"4104014242290","voters":129,"total":81,"voted":81,"spoiled":1,"yays":71,"nays":9},{"committee":"УИК №417","vibid":"4104014243546","voters":12,"total":10,"voted":10,"spoiled":1,"yays":8,"nays":1}]