[{"committee":"УИК №531","vibid":"4144027269355","voters":159,"total":156,"voted":156,"spoiled":1,"yays":119,"nays":36},{"committee":"УИК №532","vibid":"4144027269356","voters":686,"total":598,"voted":598,"spoiled":2,"yays":466,"nays":130},{"committee":"УИК №533","vibid":"4144027269357","voters":268,"total":248,"voted":248,"spoiled":2,"yays":173,"nays":73},{"committee":"УИК №534","vibid":"4144027269358","voters":599,"total":548,"voted":548,"spoiled":5,"yays":307,"nays":236},{"committee":"УИК №535","vibid":"4144027269359","voters":503,"total":459,"voted":459,"spoiled":0,"yays":408,"nays":51},{"committee":"УИК №536","vibid":"4144027269360","voters":352,"total":319,"voted":319,"spoiled":1,"yays":236,"nays":82},{"committee":"УИК №537","vibid":"4144027269361","voters":570,"total":530,"voted":530,"spoiled":1,"yays":438,"nays":91},{"committee":"УИК №538","vibid":"4144027269362","voters":828,"total":623,"voted":623,"spoiled":4,"yays":407,"nays":212},{"committee":"УИК №539","vibid":"4144027269363","voters":505,"total":437,"voted":437,"spoiled":5,"yays":289,"nays":143},{"committee":"УИК №540","vibid":"4144027269364","voters":137,"total":130,"voted":130,"spoiled":0,"yays":94,"nays":36},{"committee":"УИК №541","vibid":"4144027269365","voters":476,"total":388,"voted":388,"spoiled":6,"yays":236,"nays":146},{"committee":"УИК №542","vibid":"4144027269366","voters":700,"total":490,"voted":490,"spoiled":4,"yays":292,"nays":194},{"committee":"УИК №543","vibid":"4144027269367","voters":353,"total":283,"voted":283,"spoiled":3,"yays":212,"nays":68},{"committee":"УИК №544","vibid":"4144027269368","voters":1565,"total":1121,"voted":1121,"spoiled":7,"yays":982,"nays":132},{"committee":"УИК №545","vibid":"4144027269369","voters":1524,"total":1201,"voted":1201,"spoiled":19,"yays":862,"nays":320},{"committee":"УИК №546","vibid":"4144027269370","voters":1677,"total":1028,"voted":1028,"spoiled":8,"yays":613,"nays":407}]