[{"committee":"УИК №199","vibid":"4194003260900","voters":1809,"total":814,"voted":814,"spoiled":6,"yays":693,"nays":115},{"committee":"УИК №200","vibid":"4194003260906","voters":2158,"total":1061,"voted":1061,"spoiled":6,"yays":837,"nays":218},{"committee":"УИК №201","vibid":"4194003260907","voters":1860,"total":1102,"voted":1102,"spoiled":6,"yays":814,"nays":282},{"committee":"УИК №202","vibid":"4194003260908","voters":425,"total":243,"voted":243,"spoiled":5,"yays":198,"nays":40},{"committee":"УИК №203","vibid":"4194003260909","voters":376,"total":205,"voted":205,"spoiled":3,"yays":150,"nays":52},{"committee":"УИК №204","vibid":"4194003260910","voters":186,"total":104,"voted":104,"spoiled":0,"yays":74,"nays":30},{"committee":"УИК №205","vibid":"4194003260911","voters":1453,"total":575,"voted":575,"spoiled":2,"yays":484,"nays":89},{"committee":"УИК №206","vibid":"4194003260913","voters":1726,"total":735,"voted":735,"spoiled":20,"yays":550,"nays":165},{"committee":"УИК №207","vibid":"4194003260914","voters":363,"total":201,"voted":201,"spoiled":3,"yays":155,"nays":43},{"committee":"УИК №208","vibid":"4194003260915","voters":668,"total":410,"voted":410,"spoiled":7,"yays":266,"nays":137},{"committee":"УИК №209","vibid":"4194003260916","voters":785,"total":590,"voted":590,"spoiled":5,"yays":455,"nays":130},{"committee":"УИК №210","vibid":"4194003260917","voters":320,"total":200,"voted":200,"spoiled":0,"yays":156,"nays":44},{"committee":"УИК №211","vibid":"4194003260918","voters":157,"total":133,"voted":133,"spoiled":0,"yays":119,"nays":14},{"committee":"УИК №212","vibid":"4194003260920","voters":338,"total":212,"voted":212,"spoiled":2,"yays":178,"nays":32},{"committee":"УИК №213","vibid":"4194003260921","voters":696,"total":343,"voted":343,"spoiled":0,"yays":274,"nays":69},{"committee":"УИК №214","vibid":"4194003260922","voters":183,"total":141,"voted":141,"spoiled":0,"yays":122,"nays":19},{"committee":"УИК №215","vibid":"4194003260923","voters":119,"total":99,"voted":99,"spoiled":0,"yays":87,"nays":12},{"committee":"УИК №216","vibid":"4194003260924","voters":158,"total":145,"voted":145,"spoiled":0,"yays":120,"nays":25},{"committee":"УИК №217","vibid":"4194003260925","voters":589,"total":364,"voted":364,"spoiled":5,"yays":278,"nays":81},{"committee":"УИК №218","vibid":"4194003260927","voters":1009,"total":503,"voted":503,"spoiled":4,"yays":438,"nays":61},{"committee":"УИК №219","vibid":"4194003260928","voters":572,"total":329,"voted":329,"spoiled":6,"yays":232,"nays":91},{"committee":"УИК №220","vibid":"4194003260929","voters":212,"total":144,"voted":144,"spoiled":0,"yays":113,"nays":31},{"committee":"УИК №221","vibid":"4194003260930","voters":575,"total":321,"voted":321,"spoiled":4,"yays":281,"nays":36},{"committee":"УИК №222","vibid":"4194003260931","voters":290,"total":165,"voted":165,"spoiled":1,"yays":100,"nays":64},{"committee":"УИК №223","vibid":"4194003260932","voters":754,"total":572,"voted":572,"spoiled":1,"yays":456,"nays":115},{"committee":"УИК №224","vibid":"4194003260934","voters":281,"total":176,"voted":176,"spoiled":3,"yays":129,"nays":44},{"committee":"УИК №225","vibid":"4194003260935","voters":201,"total":145,"voted":145,"spoiled":0,"yays":126,"nays":19},{"committee":"УИК №226","vibid":"4194003260936","voters":168,"total":93,"voted":93,"spoiled":0,"yays":57,"nays":36},{"committee":"УИК №227","vibid":"4194003260937","voters":984,"total":538,"voted":538,"spoiled":88,"yays":355,"nays":95},{"committee":"УИК №228","vibid":"4194003260938","voters":745,"total":443,"voted":443,"spoiled":4,"yays":345,"nays":94},{"committee":"УИК №229","vibid":"4194003260939","voters":824,"total":504,"voted":504,"spoiled":5,"yays":341,"nays":158},{"committee":"УИК №230","vibid":"4194003260941","voters":1201,"total":847,"voted":847,"spoiled":1,"yays":639,"nays":207},{"committee":"УИК №231","vibid":"4194003260942","voters":1363,"total":812,"voted":812,"spoiled":10,"yays":679,"nays":123},{"committee":"УИК №232","vibid":"4194003260943","voters":97,"total":55,"voted":55,"spoiled":0,"yays":49,"nays":6},{"committee":"УИК №233","vibid":"4194003260944","voters":1358,"total":646,"voted":646,"spoiled":7,"yays":447,"nays":192},{"committee":"УИК №234","vibid":"4194003260945","voters":89,"total":70,"voted":70,"spoiled":0,"yays":53,"nays":17},{"committee":"УИК №235","vibid":"4194003260946","voters":1811,"total":634,"voted":634,"spoiled":1,"yays":406,"nays":227},{"committee":"УИК №236","vibid":"4194003260948","voters":1419,"total":524,"voted":524,"spoiled":4,"yays":330,"nays":190},{"committee":"УИК №237","vibid":"4194003260949","voters":389,"total":225,"voted":225,"spoiled":1,"yays":154,"nays":70},{"committee":"УИК №238","vibid":"4194003260950","voters":223,"total":147,"voted":147,"spoiled":0,"yays":110,"nays":37},{"committee":"УИК №239","vibid":"4194003260951","voters":328,"total":245,"voted":245,"spoiled":0,"yays":206,"nays":39},{"committee":"УИК №240","vibid":"4194003260952","voters":85,"total":74,"voted":74,"spoiled":0,"yays":63,"nays":11}]