[{"committee":"УИК №1734","vibid":"4164031381088","voters":404,"total":400,"voted":400,"spoiled":0,"yays":389,"nays":11},{"committee":"УИК №1736","vibid":"4164031381090","voters":301,"total":287,"voted":287,"spoiled":0,"yays":246,"nays":41},{"committee":"УИК №1754","vibid":"4164031381108","voters":1123,"total":1098,"voted":1097,"spoiled":0,"yays":1007,"nays":90},{"committee":"УИК №1756","vibid":"4164031381110","voters":1216,"total":1079,"voted":1079,"spoiled":0,"yays":896,"nays":183},{"committee":"УИК №1767","vibid":"4164031381121","voters":410,"total":390,"voted":390,"spoiled":0,"yays":335,"nays":55},{"committee":"УИК №1768","vibid":"4164031381122","voters":544,"total":539,"voted":539,"spoiled":0,"yays":533,"nays":6},{"committee":"УИК №1769","vibid":"4164031381123","voters":537,"total":501,"voted":501,"spoiled":0,"yays":435,"nays":66},{"committee":"УИК №1772","vibid":"4164031381126","voters":296,"total":286,"voted":286,"spoiled":0,"yays":246,"nays":40},{"committee":"УИК №1773","vibid":"4164031381127","voters":614,"total":600,"voted":600,"spoiled":0,"yays":519,"nays":81},{"committee":"УИК №1774","vibid":"4164031381128","voters":163,"total":160,"voted":160,"spoiled":0,"yays":139,"nays":21},{"committee":"УИК №1777","vibid":"4164031381131","voters":101,"total":99,"voted":99,"spoiled":0,"yays":87,"nays":12},{"committee":"УИК №1778","vibid":"4164031381132","voters":548,"total":509,"voted":509,"spoiled":0,"yays":443,"nays":66},{"committee":"УИК №1779","vibid":"4164031381133","voters":653,"total":602,"voted":602,"spoiled":0,"yays":524,"nays":78},{"committee":"УИК №1780","vibid":"4164031381134","voters":819,"total":761,"voted":761,"spoiled":0,"yays":666,"nays":95},{"committee":"УИК №1781","vibid":"4164031381135","voters":1187,"total":1115,"voted":1115,"spoiled":5,"yays":992,"nays":118},{"committee":"УИК №1782","vibid":"4164031381136","voters":586,"total":571,"voted":571,"spoiled":0,"yays":543,"nays":28},{"committee":"УИК №1783","vibid":"4164031381137","voters":904,"total":855,"voted":855,"spoiled":8,"yays":785,"nays":62},{"committee":"УИК №1784","vibid":"4164031381138","voters":988,"total":915,"voted":915,"spoiled":0,"yays":787,"nays":128},{"committee":"УИК №1785","vibid":"4164031381139","voters":767,"total":720,"voted":720,"spoiled":2,"yays":655,"nays":63},{"committee":"УИК №1786","vibid":"4164031381140","voters":668,"total":626,"voted":626,"spoiled":2,"yays":541,"nays":83}]