[{"committee":"УИК №489","vibid":"4144025177833","voters":1273,"total":658,"voted":658,"spoiled":3,"yays":496,"nays":159},{"committee":"УИК №490","vibid":"4144025177834","voters":1435,"total":778,"voted":778,"spoiled":6,"yays":552,"nays":220},{"committee":"УИК №491","vibid":"4144025177835","voters":391,"total":294,"voted":294,"spoiled":1,"yays":250,"nays":43},{"committee":"УИК №492","vibid":"4144025177836","voters":297,"total":233,"voted":233,"spoiled":3,"yays":174,"nays":56},{"committee":"УИК №493","vibid":"4144025177837","voters":222,"total":152,"voted":152,"spoiled":0,"yays":134,"nays":18},{"committee":"УИК №494","vibid":"4144025177838","voters":430,"total":322,"voted":322,"spoiled":1,"yays":276,"nays":45},{"committee":"УИК №495","vibid":"4144025177839","voters":287,"total":214,"voted":214,"spoiled":1,"yays":176,"nays":37},{"committee":"УИК №496","vibid":"4144025177840","voters":353,"total":242,"voted":242,"spoiled":0,"yays":201,"nays":41},{"committee":"УИК №497","vibid":"4144025177841","voters":462,"total":316,"voted":316,"spoiled":2,"yays":242,"nays":72},{"committee":"УИК №498","vibid":"4144025177842","voters":346,"total":312,"voted":312,"spoiled":4,"yays":278,"nays":30},{"committee":"УИК №499","vibid":"4144025177843","voters":215,"total":134,"voted":134,"spoiled":0,"yays":115,"nays":19}]