[{"committee":"УИК №90","vibid":"4194007229090","voters":2103,"total":752,"voted":751,"spoiled":11,"yays":518,"nays":222},{"committee":"УИК №91","vibid":"4194007229091","voters":1818,"total":687,"voted":687,"spoiled":8,"yays":475,"nays":204},{"committee":"УИК №92","vibid":"4194007229092","voters":1697,"total":539,"voted":539,"spoiled":1,"yays":377,"nays":161},{"committee":"УИК №93","vibid":"4194007229093","voters":1771,"total":768,"voted":768,"spoiled":4,"yays":538,"nays":226},{"committee":"УИК №94","vibid":"4194007229094","voters":1775,"total":737,"voted":737,"spoiled":6,"yays":515,"nays":216},{"committee":"УИК №95","vibid":"4194007229095","voters":2035,"total":1025,"voted":1025,"spoiled":1,"yays":720,"nays":304},{"committee":"УИК №96","vibid":"4194007229096","voters":1839,"total":1050,"voted":1050,"spoiled":14,"yays":793,"nays":243},{"committee":"УИК №97","vibid":"4194007229097","voters":1711,"total":764,"voted":764,"spoiled":5,"yays":531,"nays":228},{"committee":"УИК №98","vibid":"4194007229098","voters":1785,"total":723,"voted":721,"spoiled":5,"yays":511,"nays":205},{"committee":"УИК №99","vibid":"4194007229099","voters":1774,"total":746,"voted":746,"spoiled":4,"yays":523,"nays":219},{"committee":"УИК №100","vibid":"4194007229100","voters":2622,"total":1363,"voted":1360,"spoiled":18,"yays":939,"nays":403},{"committee":"УИК №101","vibid":"4194007229101","voters":2001,"total":956,"voted":955,"spoiled":7,"yays":670,"nays":278},{"committee":"УИК №102","vibid":"4194007229102","voters":2276,"total":1022,"voted":1022,"spoiled":3,"yays":720,"nays":299},{"committee":"УИК №103","vibid":"4194007229103","voters":1584,"total":756,"voted":756,"spoiled":8,"yays":535,"nays":213},{"committee":"УИК №104","vibid":"4194007229104","voters":1795,"total":761,"voted":761,"spoiled":6,"yays":529,"nays":226},{"committee":"УИК №105","vibid":"4194007229105","voters":1969,"total":806,"voted":805,"spoiled":10,"yays":538,"nays":257},{"committee":"УИК №106","vibid":"4194007229106","voters":1603,"total":736,"voted":735,"spoiled":8,"yays":509,"nays":218},{"committee":"УИК №107","vibid":"4194007229107","voters":1999,"total":866,"voted":863,"spoiled":10,"yays":597,"nays":256},{"committee":"УИК №108","vibid":"4194007229108","voters":2855,"total":1064,"voted":1064,"spoiled":8,"yays":739,"nays":317},{"committee":"УИК №109","vibid":"4194007229109","voters":1925,"total":716,"voted":712,"spoiled":10,"yays":494,"nays":208},{"committee":"УИК №110","vibid":"4194007229110","voters":2097,"total":956,"voted":953,"spoiled":14,"yays":660,"nays":279},{"committee":"УИК №111","vibid":"4194007229111","voters":168,"total":104,"voted":104,"spoiled":2,"yays":75,"nays":27},{"committee":"УИК №112","vibid":"4194007229112","voters":1859,"total":960,"voted":960,"spoiled":18,"yays":662,"nays":280},{"committee":"УИК №113","vibid":"4194007229113","voters":2108,"total":927,"voted":926,"spoiled":10,"yays":651,"nays":265},{"committee":"УИК №114","vibid":"4194007229114","voters":2183,"total":960,"voted":958,"spoiled":11,"yays":667,"nays":280},{"committee":"УИК №115","vibid":"4194007229888","voters":117,"total":117,"voted":117,"spoiled":0,"yays":84,"nays":33}]