[{"committee":"УИК №161","vibid":"4104012268821","voters":2445,"total":1001,"voted":1001,"spoiled":12,"yays":748,"nays":241},{"committee":"УИК №162","vibid":"4104012268822","voters":2269,"total":812,"voted":810,"spoiled":5,"yays":588,"nays":217},{"committee":"УИК №163","vibid":"4104012268823","voters":526,"total":258,"voted":258,"spoiled":3,"yays":189,"nays":66},{"committee":"УИК №164","vibid":"4104012268824","voters":1900,"total":730,"voted":730,"spoiled":11,"yays":519,"nays":200},{"committee":"УИК №165","vibid":"4104012268825","voters":2112,"total":890,"voted":890,"spoiled":7,"yays":639,"nays":244},{"committee":"УИК №166","vibid":"4104012268826","voters":319,"total":138,"voted":138,"spoiled":1,"yays":106,"nays":31},{"committee":"УИК №167","vibid":"4104012268827","voters":684,"total":286,"voted":286,"spoiled":1,"yays":206,"nays":79},{"committee":"УИК №168","vibid":"4104012268828","voters":1633,"total":696,"voted":696,"spoiled":6,"yays":522,"nays":168},{"committee":"УИК №169","vibid":"4104012268829","voters":1050,"total":388,"voted":388,"spoiled":1,"yays":303,"nays":84},{"committee":"УИК №170","vibid":"4104012268830","voters":746,"total":406,"voted":406,"spoiled":1,"yays":330,"nays":75},{"committee":"УИК №171","vibid":"4104012269148","voters":224,"total":208,"voted":206,"spoiled":1,"yays":104,"nays":101},{"committee":"УИК №172","vibid":"4104012268831","voters":327,"total":201,"voted":201,"spoiled":1,"yays":163,"nays":37},{"committee":"УИК №173","vibid":"4104012268832","voters":640,"total":245,"voted":245,"spoiled":2,"yays":193,"nays":50},{"committee":"УИК №174","vibid":"4104012268833","voters":1927,"total":674,"voted":674,"spoiled":5,"yays":498,"nays":171},{"committee":"УИК №175","vibid":"4104012270053","voters":51,"total":51,"voted":51,"spoiled":0,"yays":37,"nays":14}]