[{"committee":"УИК №271","vibid":"4104007275782","voters":2224,"total":968,"voted":968,"spoiled":9,"yays":700,"nays":259},{"committee":"УИК №272","vibid":"4104007275783","voters":1445,"total":550,"voted":550,"spoiled":5,"yays":414,"nays":131},{"committee":"УИК №273","vibid":"4104007275784","voters":1677,"total":791,"voted":791,"spoiled":8,"yays":563,"nays":220},{"committee":"УИК №274","vibid":"4104007275785","voters":2432,"total":863,"voted":863,"spoiled":24,"yays":669,"nays":170},{"committee":"УИК №275","vibid":"4104007275786","voters":576,"total":240,"voted":240,"spoiled":1,"yays":213,"nays":26},{"committee":"УИК №276","vibid":"4104007275787","voters":469,"total":301,"voted":301,"spoiled":1,"yays":241,"nays":59},{"committee":"УИК №277","vibid":"4104007275788","voters":1060,"total":470,"voted":470,"spoiled":4,"yays":356,"nays":110},{"committee":"УИК №278","vibid":"4104007275789","voters":360,"total":158,"voted":158,"spoiled":0,"yays":106,"nays":52},{"committee":"УИК №279","vibid":"4104007275790","voters":446,"total":162,"voted":162,"spoiled":3,"yays":127,"nays":32},{"committee":"УИК №280","vibid":"4104007275791","voters":285,"total":177,"voted":177,"spoiled":0,"yays":145,"nays":32},{"committee":"УИК №281","vibid":"4104007275792","voters":265,"total":142,"voted":142,"spoiled":1,"yays":119,"nays":22},{"committee":"УИК №282","vibid":"4104007275793","voters":208,"total":66,"voted":66,"spoiled":0,"yays":54,"nays":12},{"committee":"УИК №283","vibid":"4104007275794","voters":76,"total":30,"voted":30,"spoiled":0,"yays":25,"nays":5},{"committee":"УИК №284","vibid":"4104007275795","voters":295,"total":180,"voted":180,"spoiled":0,"yays":160,"nays":20},{"committee":"УИК №285","vibid":"4104007276631","voters":33,"total":33,"voted":33,"spoiled":0,"yays":22,"nays":11}]