[{"committee":"УИК №997","vibid":"4164010222242","voters":1444,"total":1357,"voted":1357,"spoiled":3,"yays":1246,"nays":108},{"committee":"УИК №998","vibid":"4164010222243","voters":1304,"total":1234,"voted":1234,"spoiled":3,"yays":1144,"nays":87},{"committee":"УИК №999","vibid":"4164010222244","voters":260,"total":255,"voted":255,"spoiled":0,"yays":240,"nays":15},{"committee":"УИК №1000","vibid":"4164010222245","voters":653,"total":646,"voted":646,"spoiled":0,"yays":631,"nays":15},{"committee":"УИК №1001","vibid":"4164010222246","voters":449,"total":446,"voted":446,"spoiled":0,"yays":435,"nays":11},{"committee":"УИК №1002","vibid":"4164010222247","voters":158,"total":155,"voted":155,"spoiled":0,"yays":152,"nays":3},{"committee":"УИК №1003","vibid":"4164010222248","voters":296,"total":286,"voted":286,"spoiled":0,"yays":283,"nays":3},{"committee":"УИК №1004","vibid":"4164010222249","voters":554,"total":539,"voted":539,"spoiled":0,"yays":512,"nays":27},{"committee":"УИК №1005","vibid":"4164010222250","voters":134,"total":133,"voted":133,"spoiled":0,"yays":129,"nays":4},{"committee":"УИК №1006","vibid":"4164010222251","voters":394,"total":386,"voted":386,"spoiled":0,"yays":372,"nays":14},{"committee":"УИК №1007","vibid":"4164010222252","voters":646,"total":628,"voted":628,"spoiled":3,"yays":585,"nays":40},{"committee":"УИК №1008","vibid":"4164010222253","voters":470,"total":461,"voted":461,"spoiled":4,"yays":440,"nays":17},{"committee":"УИК №1009","vibid":"4164010222254","voters":296,"total":288,"voted":288,"spoiled":0,"yays":276,"nays":12},{"committee":"УИК №1010","vibid":"4164010222255","voters":225,"total":221,"voted":221,"spoiled":0,"yays":213,"nays":8},{"committee":"УИК №1011","vibid":"4164010222256","voters":305,"total":295,"voted":295,"spoiled":3,"yays":288,"nays":4},{"committee":"УИК №1012","vibid":"4164010222257","voters":130,"total":127,"voted":127,"spoiled":0,"yays":122,"nays":5},{"committee":"УИК №1013","vibid":"4164010222258","voters":260,"total":252,"voted":252,"spoiled":1,"yays":233,"nays":18},{"committee":"УИК №1014","vibid":"4164010222259","voters":98,"total":95,"voted":95,"spoiled":1,"yays":91,"nays":3},{"committee":"УИК №1015","vibid":"4164010222260","voters":295,"total":286,"voted":286,"spoiled":0,"yays":272,"nays":14},{"committee":"УИК №1016","vibid":"4164010222261","voters":168,"total":166,"voted":166,"spoiled":0,"yays":150,"nays":16},{"committee":"УИК №1017","vibid":"4164010222262","voters":702,"total":674,"voted":674,"spoiled":0,"yays":636,"nays":38},{"committee":"УИК №1018","vibid":"4164010222263","voters":159,"total":157,"voted":157,"spoiled":3,"yays":152,"nays":2},{"committee":"УИК №1019","vibid":"4164010222264","voters":389,"total":381,"voted":381,"spoiled":0,"yays":376,"nays":5},{"committee":"УИК №1020","vibid":"4164010222265","voters":226,"total":221,"voted":221,"spoiled":0,"yays":216,"nays":5}]