[{"committee":"УИК №477","vibid":"4114015336415","voters":102,"total":71,"voted":71,"spoiled":0,"yays":62,"nays":9},{"committee":"УИК №478","vibid":"4114015336416","voters":748,"total":423,"voted":423,"spoiled":6,"yays":342,"nays":75},{"committee":"УИК №479","vibid":"4114015336417","voters":644,"total":336,"voted":336,"spoiled":3,"yays":246,"nays":87},{"committee":"УИК №480","vibid":"4114015336418","voters":226,"total":140,"voted":140,"spoiled":0,"yays":99,"nays":41},{"committee":"УИК №481","vibid":"4114015336419","voters":152,"total":113,"voted":113,"spoiled":0,"yays":90,"nays":23},{"committee":"УИК №482","vibid":"4114015336420","voters":355,"total":169,"voted":169,"spoiled":0,"yays":146,"nays":23},{"committee":"УИК №483","vibid":"4114015336421","voters":140,"total":76,"voted":76,"spoiled":0,"yays":72,"nays":4},{"committee":"УИК №484","vibid":"4114015336422","voters":333,"total":232,"voted":232,"spoiled":2,"yays":194,"nays":36},{"committee":"УИК №485","vibid":"4114015336423","voters":169,"total":109,"voted":109,"spoiled":0,"yays":97,"nays":12},{"committee":"УИК №486","vibid":"4114015336424","voters":504,"total":259,"voted":259,"spoiled":3,"yays":189,"nays":67},{"committee":"УИК №487","vibid":"4114015336425","voters":269,"total":144,"voted":144,"spoiled":0,"yays":106,"nays":38},{"committee":"УИК №488","vibid":"4114015336426","voters":518,"total":248,"voted":248,"spoiled":3,"yays":163,"nays":82},{"committee":"УИК №489","vibid":"4114015336427","voters":1762,"total":799,"voted":799,"spoiled":7,"yays":587,"nays":205},{"committee":"УИК №490","vibid":"4114015336428","voters":810,"total":474,"voted":474,"spoiled":5,"yays":325,"nays":144},{"committee":"УИК №491","vibid":"4114015336429","voters":167,"total":123,"voted":123,"spoiled":1,"yays":93,"nays":29},{"committee":"УИК №492","vibid":"4114015336430","voters":728,"total":466,"voted":466,"spoiled":5,"yays":377,"nays":84},{"committee":"УИК №493","vibid":"4114015336431","voters":1334,"total":801,"voted":801,"spoiled":13,"yays":589,"nays":199},{"committee":"УИК №494","vibid":"4114015336432","voters":568,"total":293,"voted":293,"spoiled":4,"yays":231,"nays":58},{"committee":"УИК №495","vibid":"4114015336433","voters":71,"total":37,"voted":37,"spoiled":0,"yays":32,"nays":5},{"committee":"УИК №496","vibid":"4114015336434","voters":226,"total":122,"voted":122,"spoiled":0,"yays":101,"nays":21},{"committee":"УИК №497","vibid":"4114015336435","voters":238,"total":100,"voted":100,"spoiled":0,"yays":86,"nays":14},{"committee":"УИК №498","vibid":"4114015336436","voters":76,"total":29,"voted":29,"spoiled":0,"yays":18,"nays":11},{"committee":"УИК №499","vibid":"4114015336437","voters":345,"total":199,"voted":199,"spoiled":0,"yays":156,"nays":43},{"committee":"УИК №680","vibid":"4114015336903","voters":132,"total":132,"voted":132,"spoiled":2,"yays":80,"nays":50}]