[{"committee":"УИК №1624","vibid":"4164029262237","voters":137,"total":130,"voted":130,"spoiled":0,"yays":117,"nays":13},{"committee":"УИК №1625","vibid":"4164029262238","voters":318,"total":313,"voted":313,"spoiled":1,"yays":302,"nays":10},{"committee":"УИК №1626","vibid":"4164029262239","voters":172,"total":170,"voted":170,"spoiled":0,"yays":167,"nays":3},{"committee":"УИК №1627","vibid":"4164029262240","voters":135,"total":134,"voted":134,"spoiled":0,"yays":131,"nays":3},{"committee":"УИК №1628","vibid":"4164029262241","voters":251,"total":250,"voted":250,"spoiled":0,"yays":248,"nays":2},{"committee":"УИК №1629","vibid":"4164029262242","voters":132,"total":131,"voted":131,"spoiled":0,"yays":131,"nays":0},{"committee":"УИК №1630","vibid":"4164029262243","voters":115,"total":112,"voted":112,"spoiled":0,"yays":107,"nays":5},{"committee":"УИК №1631","vibid":"4164029262244","voters":128,"total":123,"voted":123,"spoiled":0,"yays":118,"nays":5},{"committee":"УИК №1632","vibid":"4164029262245","voters":106,"total":102,"voted":102,"spoiled":0,"yays":101,"nays":1},{"committee":"УИК №1633","vibid":"4164029262246","voters":102,"total":98,"voted":98,"spoiled":0,"yays":94,"nays":4},{"committee":"УИК №1634","vibid":"4164029262247","voters":623,"total":588,"voted":588,"spoiled":0,"yays":547,"nays":41},{"committee":"УИК №1635","vibid":"4164029262248","voters":643,"total":599,"voted":599,"spoiled":0,"yays":557,"nays":42},{"committee":"УИК №1636","vibid":"4164029262249","voters":154,"total":149,"voted":149,"spoiled":0,"yays":142,"nays":7},{"committee":"УИК №1637","vibid":"4164029262250","voters":348,"total":334,"voted":334,"spoiled":0,"yays":325,"nays":9},{"committee":"УИК №1638","vibid":"4164029262251","voters":175,"total":169,"voted":169,"spoiled":0,"yays":158,"nays":11},{"committee":"УИК №1639","vibid":"4164029262252","voters":97,"total":93,"voted":93,"spoiled":0,"yays":92,"nays":1},{"committee":"УИК №1640","vibid":"4164029262253","voters":137,"total":137,"voted":137,"spoiled":0,"yays":134,"nays":3},{"committee":"УИК №1641","vibid":"4164029262254","voters":115,"total":115,"voted":115,"spoiled":0,"yays":113,"nays":2},{"committee":"УИК №1642","vibid":"4164029262255","voters":119,"total":115,"voted":115,"spoiled":0,"yays":110,"nays":5},{"committee":"УИК №1643","vibid":"4164029262256","voters":132,"total":129,"voted":129,"spoiled":0,"yays":123,"nays":6},{"committee":"УИК №1644","vibid":"4164029262257","voters":140,"total":137,"voted":137,"spoiled":0,"yays":131,"nays":6},{"committee":"УИК №1645","vibid":"4164029262258","voters":67,"total":63,"voted":63,"spoiled":0,"yays":61,"nays":2},{"committee":"УИК №1646","vibid":"4164029262259","voters":51,"total":50,"voted":50,"spoiled":0,"yays":48,"nays":2},{"committee":"УИК №1647","vibid":"4164029262260","voters":1097,"total":1031,"voted":1031,"spoiled":6,"yays":897,"nays":128},{"committee":"УИК №1648","vibid":"4164029262261","voters":822,"total":774,"voted":774,"spoiled":8,"yays":675,"nays":91},{"committee":"УИК №1649","vibid":"4164029262262","voters":757,"total":712,"voted":712,"spoiled":7,"yays":624,"nays":81},{"committee":"УИК №1650","vibid":"4164029262263","voters":1090,"total":1015,"voted":1015,"spoiled":2,"yays":873,"nays":140},{"committee":"УИК №1651","vibid":"4164029262264","voters":615,"total":588,"voted":588,"spoiled":2,"yays":542,"nays":44},{"committee":"УИК №1652","vibid":"4164029262265","voters":662,"total":616,"voted":616,"spoiled":5,"yays":542,"nays":69},{"committee":"УИК №1653","vibid":"4164029262266","voters":777,"total":724,"voted":724,"spoiled":11,"yays":638,"nays":75},{"committee":"УИК №1654","vibid":"4164029262267","voters":633,"total":590,"voted":590,"spoiled":3,"yays":521,"nays":66},{"committee":"УИК №1655","vibid":"4164029262268","voters":369,"total":347,"voted":347,"spoiled":1,"yays":316,"nays":30},{"committee":"УИК №1656","vibid":"4164029262269","voters":47,"total":47,"voted":47,"spoiled":0,"yays":47,"nays":0},{"committee":"УИК №1657","vibid":"4164029262270","voters":499,"total":485,"voted":485,"spoiled":0,"yays":458,"nays":27},{"committee":"УИК №1658","vibid":"4164029262271","voters":175,"total":170,"voted":170,"spoiled":0,"yays":161,"nays":9},{"committee":"УИК №1659","vibid":"4164029262272","voters":339,"total":325,"voted":325,"spoiled":0,"yays":309,"nays":16},{"committee":"УИК №1660","vibid":"4164029262273","voters":112,"total":111,"voted":111,"spoiled":0,"yays":106,"nays":5},{"committee":"УИК №1661","vibid":"4164029262274","voters":298,"total":287,"voted":287,"spoiled":0,"yays":270,"nays":17},{"committee":"УИК №1662","vibid":"4164029262275","voters":104,"total":104,"voted":104,"spoiled":0,"yays":99,"nays":5}]