[{"committee":"УИК №63","vibid":"4104019320123","voters":1529,"total":817,"voted":816,"spoiled":5,"yays":499,"nays":312},{"committee":"УИК №64","vibid":"4104019320124","voters":1664,"total":855,"voted":854,"spoiled":9,"yays":545,"nays":300},{"committee":"УИК №65","vibid":"4104019320125","voters":1104,"total":544,"voted":544,"spoiled":7,"yays":358,"nays":179},{"committee":"УИК №66","vibid":"4104019320126","voters":1255,"total":621,"voted":621,"spoiled":5,"yays":369,"nays":247},{"committee":"УИК №67","vibid":"4104019320127","voters":1125,"total":502,"voted":502,"spoiled":3,"yays":304,"nays":195},{"committee":"УИК №68","vibid":"4104019320128","voters":1307,"total":589,"voted":589,"spoiled":7,"yays":374,"nays":208},{"committee":"УИК №69","vibid":"4104019320129","voters":1291,"total":515,"voted":515,"spoiled":0,"yays":328,"nays":187},{"committee":"УИК №70","vibid":"4104019320130","voters":1146,"total":529,"voted":528,"spoiled":4,"yays":382,"nays":142},{"committee":"УИК №71","vibid":"4104019320131","voters":1510,"total":645,"voted":645,"spoiled":6,"yays":425,"nays":214},{"committee":"УИК №72","vibid":"4104019320132","voters":1168,"total":410,"voted":410,"spoiled":3,"yays":294,"nays":113},{"committee":"УИК №73","vibid":"4104019320133","voters":1259,"total":529,"voted":529,"spoiled":1,"yays":357,"nays":171},{"committee":"УИК №74","vibid":"4104019320134","voters":1312,"total":539,"voted":539,"spoiled":5,"yays":334,"nays":200},{"committee":"УИК №75","vibid":"4104019320135","voters":1160,"total":472,"voted":472,"spoiled":4,"yays":296,"nays":172},{"committee":"УИК №76","vibid":"4104019320136","voters":1915,"total":828,"voted":828,"spoiled":5,"yays":514,"nays":309},{"committee":"УИК №77","vibid":"4104019320137","voters":1535,"total":650,"voted":650,"spoiled":4,"yays":420,"nays":226},{"committee":"УИК №78","vibid":"4104019320138","voters":1052,"total":445,"voted":444,"spoiled":2,"yays":286,"nays":156},{"committee":"УИК №79","vibid":"4104019320139","voters":1286,"total":604,"voted":604,"spoiled":5,"yays":378,"nays":221},{"committee":"УИК №80","vibid":"4104019320140","voters":2649,"total":1231,"voted":1230,"spoiled":7,"yays":759,"nays":464},{"committee":"УИК №81","vibid":"4104019320141","voters":1848,"total":679,"voted":679,"spoiled":9,"yays":475,"nays":195},{"committee":"УИК №82","vibid":"4104019320142","voters":1514,"total":642,"voted":642,"spoiled":8,"yays":447,"nays":187},{"committee":"УИК №83","vibid":"4104019320143","voters":1437,"total":647,"voted":647,"spoiled":2,"yays":434,"nays":211},{"committee":"УИК №84","vibid":"4104019320144","voters":1509,"total":659,"voted":659,"spoiled":7,"yays":411,"nays":241},{"committee":"УИК №85","vibid":"4104019320145","voters":1479,"total":672,"voted":671,"spoiled":8,"yays":433,"nays":230},{"committee":"УИК №86","vibid":"4104019320146","voters":1926,"total":842,"voted":841,"spoiled":12,"yays":574,"nays":255},{"committee":"УИК №87","vibid":"4104019320147","voters":1421,"total":634,"voted":634,"spoiled":4,"yays":431,"nays":199},{"committee":"УИК №88","vibid":"4104019320148","voters":1416,"total":645,"voted":645,"spoiled":7,"yays":439,"nays":199},{"committee":"УИК №89","vibid":"4104019320149","voters":1296,"total":556,"voted":552,"spoiled":7,"yays":364,"nays":181},{"committee":"УИК №90","vibid":"4104019320150","voters":2150,"total":1140,"voted":1139,"spoiled":8,"yays":733,"nays":398},{"committee":"УИК №91","vibid":"4104019320151","voters":196,"total":167,"voted":167,"spoiled":3,"yays":133,"nays":31},{"committee":"УИК №92","vibid":"4104019320152","voters":1313,"total":646,"voted":646,"spoiled":7,"yays":422,"nays":217},{"committee":"УИК №93","vibid":"4104019320153","voters":2060,"total":926,"voted":926,"spoiled":6,"yays":619,"nays":301},{"committee":"УИК №94","vibid":"4104019320154","voters":2742,"total":1206,"voted":1206,"spoiled":4,"yays":700,"nays":502},{"committee":"УИК №95","vibid":"4104019320155","voters":1672,"total":807,"voted":800,"spoiled":11,"yays":529,"nays":260},{"committee":"УИК №96","vibid":"4104019320156","voters":2027,"total":962,"voted":962,"spoiled":7,"yays":639,"nays":316},{"committee":"УИК №97","vibid":"4104019320157","voters":1441,"total":679,"voted":678,"spoiled":8,"yays":458,"nays":212},{"committee":"УИК №98","vibid":"4104019320158","voters":1444,"total":703,"voted":703,"spoiled":6,"yays":474,"nays":223},{"committee":"УИК №99","vibid":"4104019320159","voters":1073,"total":536,"voted":536,"spoiled":2,"yays":367,"nays":167},{"committee":"УИК №100","vibid":"4104019320160","voters":1529,"total":679,"voted":679,"spoiled":8,"yays":473,"nays":198},{"committee":"УИК №101","vibid":"4104019320161","voters":1377,"total":596,"voted":596,"spoiled":11,"yays":413,"nays":172},{"committee":"УИК №102","vibid":"4104019320162","voters":1494,"total":686,"voted":685,"spoiled":7,"yays":448,"nays":230},{"committee":"УИК №103","vibid":"4104019320163","voters":1567,"total":706,"voted":704,"spoiled":5,"yays":471,"nays":228},{"committee":"УИК №104","vibid":"4104019320164","voters":2364,"total":962,"voted":962,"spoiled":7,"yays":624,"nays":331},{"committee":"УИК №105","vibid":"4104019320165","voters":1517,"total":646,"voted":646,"spoiled":5,"yays":463,"nays":178},{"committee":"УИК №106","vibid":"4104019320166","voters":1503,"total":658,"voted":658,"spoiled":6,"yays":445,"nays":207},{"committee":"УИК №107","vibid":"4104019320167","voters":1487,"total":508,"voted":508,"spoiled":2,"yays":314,"nays":192},{"committee":"УИК №108","vibid":"4104019320168","voters":1481,"total":730,"voted":729,"spoiled":9,"yays":500,"nays":220},{"committee":"УИК №109","vibid":"4104019320169","voters":1739,"total":822,"voted":822,"spoiled":14,"yays":545,"nays":263},{"committee":"УИК №110","vibid":"4104019320170","voters":1570,"total":740,"voted":740,"spoiled":3,"yays":498,"nays":239},{"committee":"УИК №111","vibid":"4104019320171","voters":1314,"total":538,"voted":538,"spoiled":7,"yays":360,"nays":171},{"committee":"УИК №112","vibid":"4104019320172","voters":1615,"total":730,"voted":730,"spoiled":6,"yays":517,"nays":207},{"committee":"УИК №113","vibid":"4104019320173","voters":1600,"total":788,"voted":788,"spoiled":7,"yays":516,"nays":265},{"committee":"УИК №114","vibid":"4104019320174","voters":2428,"total":1047,"voted":1047,"spoiled":7,"yays":741,"nays":299},{"committee":"УИК №115","vibid":"4104019320175","voters":1800,"total":792,"voted":792,"spoiled":6,"yays":531,"nays":255},{"committee":"УИК №116","vibid":"4104019320176","voters":2282,"total":1021,"voted":1021,"spoiled":7,"yays":653,"nays":361},{"committee":"УИК №117","vibid":"4104019320177","voters":1458,"total":634,"voted":634,"spoiled":8,"yays":427,"nays":199},{"committee":"УИК №118","vibid":"4104019320178","voters":1486,"total":607,"voted":607,"spoiled":5,"yays":425,"nays":177},{"committee":"УИК №119","vibid":"4104019320179","voters":2276,"total":919,"voted":919,"spoiled":3,"yays":612,"nays":304},{"committee":"УИК №120","vibid":"4104019320180","voters":1402,"total":530,"voted":530,"spoiled":4,"yays":365,"nays":161},{"committee":"УИК №121","vibid":"4104019320181","voters":924,"total":431,"voted":431,"spoiled":0,"yays":333,"nays":98},{"committee":"УИК №122","vibid":"4104019320182","voters":899,"total":363,"voted":362,"spoiled":4,"yays":260,"nays":98},{"committee":"УИК №123","vibid":"4104019320183","voters":1738,"total":886,"voted":886,"spoiled":5,"yays":555,"nays":326},{"committee":"УИК №124","vibid":"4104019320184","voters":1472,"total":592,"voted":592,"spoiled":3,"yays":345,"nays":244},{"committee":"УИК №125","vibid":"4104019320185","voters":1966,"total":793,"voted":793,"spoiled":3,"yays":502,"nays":288},{"committee":"УИК №126","vibid":"4104019320186","voters":2784,"total":1094,"voted":1093,"spoiled":5,"yays":682,"nays":406},{"committee":"УИК №127","vibid":"4104019321047","voters":31,"total":22,"voted":22,"spoiled":0,"yays":13,"nays":9},{"committee":"УИК №128","vibid":"4104019321059","voters":148,"total":135,"voted":135,"spoiled":2,"yays":88,"nays":45},{"committee":"УИК №129","vibid":"4104019321060","voters":91,"total":58,"voted":58,"spoiled":0,"yays":35,"nays":23},{"committee":"УИК №130","vibid":"4104019321061","voters":401,"total":266,"voted":266,"spoiled":0,"yays":189,"nays":77}]