[{"committee":"УИК №109","vibid":"4144008175926","voters":173,"total":112,"voted":112,"spoiled":0,"yays":87,"nays":25},{"committee":"УИК №110","vibid":"4144008175927","voters":296,"total":215,"voted":215,"spoiled":2,"yays":161,"nays":52},{"committee":"УИК №111","vibid":"4144008175928","voters":299,"total":224,"voted":224,"spoiled":0,"yays":163,"nays":61},{"committee":"УИК №112","vibid":"4144008175929","voters":159,"total":111,"voted":111,"spoiled":2,"yays":84,"nays":25},{"committee":"УИК №113","vibid":"4144008175930","voters":742,"total":397,"voted":397,"spoiled":3,"yays":289,"nays":105},{"committee":"УИК №114","vibid":"4144008175931","voters":356,"total":188,"voted":188,"spoiled":2,"yays":140,"nays":46},{"committee":"УИК №115","vibid":"4144008175932","voters":501,"total":265,"voted":265,"spoiled":2,"yays":192,"nays":71},{"committee":"УИК №116","vibid":"4144008175933","voters":265,"total":140,"voted":140,"spoiled":5,"yays":99,"nays":36},{"committee":"УИК №117","vibid":"4144008175934","voters":92,"total":54,"voted":54,"spoiled":1,"yays":42,"nays":11}]