[{"committee":"УИК №1811","vibid":"4164058313422","voters":259,"total":253,"voted":253,"spoiled":0,"yays":222,"nays":31},{"committee":"УИК №1812","vibid":"4164058313423","voters":774,"total":714,"voted":714,"spoiled":4,"yays":621,"nays":89},{"committee":"УИК №1813","vibid":"4164058313424","voters":509,"total":469,"voted":469,"spoiled":0,"yays":403,"nays":66},{"committee":"УИК №1814","vibid":"4164058313425","voters":108,"total":104,"voted":104,"spoiled":0,"yays":90,"nays":14},{"committee":"УИК №1815","vibid":"4164058313426","voters":523,"total":494,"voted":494,"spoiled":0,"yays":427,"nays":67},{"committee":"УИК №1816","vibid":"4164058313427","voters":89,"total":82,"voted":82,"spoiled":0,"yays":81,"nays":1},{"committee":"УИК №1817","vibid":"4164058313428","voters":587,"total":541,"voted":541,"spoiled":2,"yays":464,"nays":75},{"committee":"УИК №1818","vibid":"4164058313429","voters":302,"total":278,"voted":278,"spoiled":0,"yays":239,"nays":39},{"committee":"УИК №1819","vibid":"4164058313430","voters":328,"total":302,"voted":302,"spoiled":0,"yays":260,"nays":42},{"committee":"УИК №1820","vibid":"4164058313431","voters":656,"total":595,"voted":595,"spoiled":6,"yays":481,"nays":108},{"committee":"УИК №1821","vibid":"4164058313432","voters":191,"total":175,"voted":175,"spoiled":0,"yays":157,"nays":18},{"committee":"УИК №1822","vibid":"4164058313433","voters":259,"total":240,"voted":240,"spoiled":0,"yays":204,"nays":36},{"committee":"УИК №1823","vibid":"4164058313434","voters":215,"total":197,"voted":197,"spoiled":0,"yays":173,"nays":24},{"committee":"УИК №1824","vibid":"4164058313435","voters":672,"total":619,"voted":619,"spoiled":5,"yays":533,"nays":81},{"committee":"УИК №1825","vibid":"4164058313436","voters":481,"total":443,"voted":443,"spoiled":0,"yays":381,"nays":62},{"committee":"УИК №1826","vibid":"4164058313437","voters":461,"total":438,"voted":438,"spoiled":2,"yays":387,"nays":49},{"committee":"УИК №1827","vibid":"4164058313438","voters":866,"total":797,"voted":797,"spoiled":0,"yays":709,"nays":88},{"committee":"УИК №1828","vibid":"4164058313439","voters":488,"total":450,"voted":450,"spoiled":0,"yays":387,"nays":63},{"committee":"УИК №1829","vibid":"4164058313440","voters":396,"total":367,"voted":367,"spoiled":0,"yays":344,"nays":23},{"committee":"УИК №1830","vibid":"4164058313441","voters":925,"total":851,"voted":851,"spoiled":0,"yays":731,"nays":120},{"committee":"УИК №1832","vibid":"4164058313443","voters":641,"total":597,"voted":597,"spoiled":1,"yays":513,"nays":83},{"committee":"УИК №1833","vibid":"4164058313444","voters":817,"total":752,"voted":752,"spoiled":7,"yays":647,"nays":98},{"committee":"УИК №1834","vibid":"4164058313445","voters":358,"total":329,"voted":329,"spoiled":3,"yays":258,"nays":68},{"committee":"УИК №1835","vibid":"4164058313446","voters":229,"total":218,"voted":218,"spoiled":6,"yays":191,"nays":21},{"committee":"УИК №1836","vibid":"4164058313447","voters":854,"total":786,"voted":786,"spoiled":3,"yays":669,"nays":114},{"committee":"УИК №1837","vibid":"4164058313448","voters":1160,"total":1067,"voted":1067,"spoiled":0,"yays":918,"nays":149},{"committee":"УИК №1838","vibid":"4164058313449","voters":454,"total":438,"voted":438,"spoiled":0,"yays":402,"nays":36},{"committee":"УИК №1839","vibid":"4164058313450","voters":370,"total":364,"voted":364,"spoiled":4,"yays":338,"nays":22},{"committee":"УИК №1840","vibid":"4164058313451","voters":301,"total":278,"voted":278,"spoiled":0,"yays":247,"nays":31},{"committee":"УИК №1841","vibid":"4164058313452","voters":84,"total":78,"voted":78,"spoiled":0,"yays":68,"nays":10},{"committee":"УИК №1842","vibid":"4164058313453","voters":816,"total":744,"voted":744,"spoiled":4,"yays":684,"nays":56},{"committee":"УИК №1843","vibid":"4164058313454","voters":764,"total":724,"voted":724,"spoiled":3,"yays":666,"nays":55}]