[{"committee":"УИК №86","vibid":"4174007222027","voters":2286,"total":2265,"voted":2265,"spoiled":0,"yays":2210,"nays":55},{"committee":"УИК №87","vibid":"4174007222028","voters":2524,"total":2474,"voted":2474,"spoiled":0,"yays":2426,"nays":48},{"committee":"УИК №88","vibid":"4174007222029","voters":2672,"total":2658,"voted":2658,"spoiled":0,"yays":2627,"nays":31},{"committee":"УИК №89","vibid":"4174007222030","voters":2704,"total":2638,"voted":2638,"spoiled":7,"yays":2566,"nays":65},{"committee":"УИК №90","vibid":"4174007221999","voters":735,"total":735,"voted":735,"spoiled":0,"yays":729,"nays":6},{"committee":"УИК №91","vibid":"4174007222031","voters":578,"total":575,"voted":575,"spoiled":0,"yays":562,"nays":13},{"committee":"УИК №92","vibid":"4174007222032","voters":676,"total":671,"voted":671,"spoiled":0,"yays":654,"nays":17},{"committee":"УИК №93","vibid":"4174007222033","voters":273,"total":263,"voted":263,"spoiled":0,"yays":258,"nays":5},{"committee":"УИК №94","vibid":"4174007222034","voters":741,"total":737,"voted":737,"spoiled":0,"yays":715,"nays":22},{"committee":"УИК №95","vibid":"4174007222035","voters":337,"total":337,"voted":337,"spoiled":0,"yays":334,"nays":3},{"committee":"УИК №96","vibid":"4174007222036","voters":1245,"total":1237,"voted":1237,"spoiled":0,"yays":1212,"nays":25},{"committee":"УИК №97","vibid":"4174007222037","voters":989,"total":958,"voted":958,"spoiled":0,"yays":936,"nays":22},{"committee":"УИК №98","vibid":"4174007222038","voters":750,"total":743,"voted":743,"spoiled":1,"yays":721,"nays":21},{"committee":"УИК №99","vibid":"4174007222039","voters":652,"total":647,"voted":647,"spoiled":2,"yays":591,"nays":54}]