[{"committee":"УИК №1243","vibid":"4164034263436","voters":93,"total":90,"voted":90,"spoiled":0,"yays":84,"nays":6},{"committee":"УИК №1897","vibid":"4164034263437","voters":213,"total":205,"voted":205,"spoiled":3,"yays":187,"nays":15},{"committee":"УИК №1898","vibid":"4164034263438","voters":465,"total":450,"voted":450,"spoiled":5,"yays":422,"nays":23},{"committee":"УИК №1899","vibid":"4164034263439","voters":356,"total":341,"voted":341,"spoiled":2,"yays":316,"nays":23},{"committee":"УИК №1900","vibid":"4164034263440","voters":358,"total":342,"voted":342,"spoiled":3,"yays":314,"nays":25},{"committee":"УИК №1904","vibid":"4164034263444","voters":1001,"total":900,"voted":900,"spoiled":18,"yays":755,"nays":127},{"committee":"УИК №1905","vibid":"4164034263445","voters":940,"total":846,"voted":846,"spoiled":7,"yays":722,"nays":117},{"committee":"УИК №1907","vibid":"4164034263447","voters":1021,"total":943,"voted":943,"spoiled":23,"yays":745,"nays":175},{"committee":"УИК №1909","vibid":"4164034263449","voters":956,"total":865,"voted":865,"spoiled":5,"yays":717,"nays":143},{"committee":"УИК №1910","vibid":"4164034263450","voters":1023,"total":941,"voted":941,"spoiled":23,"yays":751,"nays":167},{"committee":"УИК №1911","vibid":"4164034263451","voters":934,"total":841,"voted":841,"spoiled":22,"yays":701,"nays":118},{"committee":"УИК №1913","vibid":"4164034263453","voters":1025,"total":820,"voted":820,"spoiled":15,"yays":657,"nays":148},{"committee":"УИК №1914","vibid":"4164034263454","voters":346,"total":328,"voted":328,"spoiled":2,"yays":305,"nays":21},{"committee":"УИК №1916","vibid":"4164034263456","voters":628,"total":571,"voted":571,"spoiled":2,"yays":542,"nays":27},{"committee":"УИК №1918","vibid":"4164034263458","voters":597,"total":568,"voted":568,"spoiled":5,"yays":507,"nays":56},{"committee":"УИК №1919","vibid":"4164034263459","voters":192,"total":186,"voted":186,"spoiled":0,"yays":167,"nays":19},{"committee":"УИК №1924","vibid":"4164034263464","voters":292,"total":284,"voted":284,"spoiled":0,"yays":277,"nays":7},{"committee":"УИК №1925","vibid":"4164034263465","voters":435,"total":415,"voted":415,"spoiled":2,"yays":393,"nays":20},{"committee":"УИК №1926","vibid":"4164034263466","voters":264,"total":259,"voted":259,"spoiled":1,"yays":237,"nays":21},{"committee":"УИК №1927","vibid":"4164034263467","voters":360,"total":354,"voted":354,"spoiled":0,"yays":348,"nays":6},{"committee":"УИК №1928","vibid":"4164034263468","voters":426,"total":415,"voted":415,"spoiled":3,"yays":382,"nays":30},{"committee":"УИК №1933","vibid":"4164034263473","voters":329,"total":321,"voted":321,"spoiled":0,"yays":315,"nays":6}]