[{"committee":"УИК №456","vibid":"4104016447439","voters":865,"total":284,"voted":284,"spoiled":1,"yays":198,"nays":85},{"committee":"УИК №457","vibid":"4104016447372","voters":966,"total":378,"voted":378,"spoiled":2,"yays":283,"nays":93},{"committee":"УИК №458","vibid":"4104016447373","voters":1962,"total":781,"voted":781,"spoiled":11,"yays":572,"nays":198},{"committee":"УИК №459","vibid":"4104016447374","voters":1817,"total":585,"voted":585,"spoiled":4,"yays":426,"nays":155},{"committee":"УИК №460","vibid":"4104016447375","voters":1868,"total":834,"voted":834,"spoiled":11,"yays":601,"nays":222},{"committee":"УИК №461","vibid":"4104016447376","voters":1837,"total":786,"voted":786,"spoiled":8,"yays":585,"nays":193},{"committee":"УИК №462","vibid":"4104016447377","voters":2302,"total":927,"voted":924,"spoiled":9,"yays":733,"nays":182},{"committee":"УИК №463","vibid":"4104016447378","voters":2528,"total":1053,"voted":1048,"spoiled":14,"yays":749,"nays":285},{"committee":"УИК №464","vibid":"4104016447379","voters":1961,"total":805,"voted":804,"spoiled":5,"yays":598,"nays":201},{"committee":"УИК №465","vibid":"4104016447380","voters":1579,"total":630,"voted":630,"spoiled":2,"yays":411,"nays":217},{"committee":"УИК №466","vibid":"4104016447381","voters":1000,"total":413,"voted":413,"spoiled":9,"yays":294,"nays":110},{"committee":"УИК №467","vibid":"4104016447382","voters":724,"total":451,"voted":451,"spoiled":4,"yays":335,"nays":112},{"committee":"УИК №468","vibid":"4104016447383","voters":611,"total":270,"voted":270,"spoiled":0,"yays":205,"nays":65},{"committee":"УИК №469","vibid":"4104016447384","voters":317,"total":168,"voted":168,"spoiled":1,"yays":128,"nays":39},{"committee":"УИК №470","vibid":"4104016447385","voters":1586,"total":736,"voted":733,"spoiled":7,"yays":567,"nays":159},{"committee":"УИК №471","vibid":"4104016447386","voters":1175,"total":515,"voted":515,"spoiled":6,"yays":390,"nays":119},{"committee":"УИК №472","vibid":"4104016447387","voters":1707,"total":672,"voted":672,"spoiled":2,"yays":507,"nays":163},{"committee":"УИК №473","vibid":"4104016447388","voters":405,"total":195,"voted":195,"spoiled":2,"yays":157,"nays":36},{"committee":"УИК №474","vibid":"4104016447389","voters":704,"total":450,"voted":450,"spoiled":5,"yays":321,"nays":124},{"committee":"УИК №475","vibid":"4104016447390","voters":117,"total":74,"voted":74,"spoiled":0,"yays":56,"nays":18},{"committee":"УИК №476","vibid":"4104016447391","voters":347,"total":226,"voted":226,"spoiled":2,"yays":169,"nays":55},{"committee":"УИК №477","vibid":"4104016447392","voters":307,"total":215,"voted":215,"spoiled":3,"yays":155,"nays":57},{"committee":"УИК №478","vibid":"4104016447393","voters":157,"total":91,"voted":91,"spoiled":0,"yays":76,"nays":15},{"committee":"УИК №479","vibid":"4104016447394","voters":464,"total":255,"voted":255,"spoiled":3,"yays":192,"nays":60},{"committee":"УИК №480","vibid":"4104016447395","voters":262,"total":167,"voted":167,"spoiled":0,"yays":126,"nays":41},{"committee":"УИК №481","vibid":"4104016447396","voters":466,"total":321,"voted":321,"spoiled":0,"yays":272,"nays":49},{"committee":"УИК №482","vibid":"4104016447397","voters":165,"total":111,"voted":111,"spoiled":1,"yays":94,"nays":16},{"committee":"УИК №483","vibid":"4104016447398","voters":222,"total":139,"voted":139,"spoiled":0,"yays":117,"nays":22},{"committee":"УИК №484","vibid":"4104016447399","voters":919,"total":405,"voted":405,"spoiled":3,"yays":287,"nays":115},{"committee":"УИК №485","vibid":"4104016447400","voters":107,"total":61,"voted":61,"spoiled":0,"yays":39,"nays":22},{"committee":"УИК №486","vibid":"4104016448401","voters":806,"total":653,"voted":652,"spoiled":3,"yays":386,"nays":263},{"committee":"УИК №487","vibid":"4104016449589","voters":266,"total":266,"voted":266,"spoiled":0,"yays":197,"nays":69}]