[{"committee":"УИК №136","vibid":"4164024264489","voters":1902,"total":1233,"voted":1233,"spoiled":7,"yays":961,"nays":265},{"committee":"УИК №137","vibid":"4164024264490","voters":1824,"total":745,"voted":745,"spoiled":4,"yays":582,"nays":159},{"committee":"УИК №138","vibid":"4164024264491","voters":1855,"total":1266,"voted":1265,"spoiled":8,"yays":1057,"nays":200},{"committee":"УИК №148","vibid":"4164024264501","voters":1594,"total":1058,"voted":1058,"spoiled":14,"yays":909,"nays":135},{"committee":"УИК №149","vibid":"4164024264502","voters":1670,"total":1136,"voted":1136,"spoiled":15,"yays":943,"nays":178},{"committee":"УИК №150","vibid":"4164024264503","voters":1937,"total":1273,"voted":1268,"spoiled":9,"yays":1031,"nays":228},{"committee":"УИК №151","vibid":"4164024264504","voters":1390,"total":838,"voted":838,"spoiled":8,"yays":652,"nays":178},{"committee":"УИК №153","vibid":"4164024264506","voters":2066,"total":1282,"voted":1279,"spoiled":3,"yays":997,"nays":279},{"committee":"УИК №156","vibid":"4164024264509","voters":2007,"total":1285,"voted":1285,"spoiled":2,"yays":1148,"nays":135},{"committee":"УИК №160","vibid":"4164024264513","voters":1668,"total":1107,"voted":1107,"spoiled":2,"yays":867,"nays":238},{"committee":"УИК №161","vibid":"4164024264514","voters":1578,"total":1031,"voted":1030,"spoiled":6,"yays":803,"nays":221},{"committee":"УИК №165","vibid":"4164024264518","voters":1994,"total":777,"voted":777,"spoiled":7,"yays":624,"nays":146},{"committee":"УИК №169","vibid":"4164024264522","voters":1918,"total":1214,"voted":1214,"spoiled":4,"yays":876,"nays":334},{"committee":"УИК №170","vibid":"4164024264523","voters":2022,"total":1251,"voted":1250,"spoiled":12,"yays":1017,"nays":221},{"committee":"УИК №172","vibid":"4164024264525","voters":2219,"total":1400,"voted":1400,"spoiled":10,"yays":1112,"nays":278},{"committee":"УИК №173","vibid":"4164024264526","voters":2259,"total":1386,"voted":1386,"spoiled":20,"yays":1243,"nays":123},{"committee":"УИК №175","vibid":"4164024264528","voters":1612,"total":1014,"voted":1013,"spoiled":17,"yays":773,"nays":223},{"committee":"УИК №181","vibid":"4164024264534","voters":433,"total":329,"voted":329,"spoiled":5,"yays":261,"nays":63},{"committee":"УИК №182","vibid":"4164024265002","voters":46,"total":46,"voted":46,"spoiled":0,"yays":43,"nays":3},{"committee":"УИК №184","vibid":"4164024265003","voters":59,"total":59,"voted":59,"spoiled":0,"yays":54,"nays":5},{"committee":"УИК №185","vibid":"4164024265004","voters":19,"total":19,"voted":19,"spoiled":0,"yays":17,"nays":2}]