[{"committee":"УИК №62","vibid":"4124018294268","voters":1702,"total":750,"voted":750,"spoiled":4,"yays":503,"nays":243},{"committee":"УИК №63","vibid":"4124018294269","voters":2419,"total":1539,"voted":1539,"spoiled":11,"yays":1132,"nays":396},{"committee":"УИК №64","vibid":"4124018294270","voters":1700,"total":931,"voted":931,"spoiled":12,"yays":568,"nays":351},{"committee":"УИК №65","vibid":"4124018294271","voters":1709,"total":778,"voted":778,"spoiled":11,"yays":483,"nays":284},{"committee":"УИК №66","vibid":"4124018294272","voters":1938,"total":1075,"voted":1075,"spoiled":13,"yays":689,"nays":373},{"committee":"УИК №67","vibid":"4124018294273","voters":1219,"total":504,"voted":504,"spoiled":3,"yays":330,"nays":171},{"committee":"УИК №68","vibid":"4124018294274","voters":1356,"total":651,"voted":651,"spoiled":4,"yays":401,"nays":246},{"committee":"УИК №69","vibid":"4124018294275","voters":1090,"total":463,"voted":463,"spoiled":4,"yays":301,"nays":158},{"committee":"УИК №70","vibid":"4124018294276","voters":1004,"total":507,"voted":507,"spoiled":4,"yays":294,"nays":209},{"committee":"УИК №71","vibid":"4124018294277","voters":1944,"total":785,"voted":785,"spoiled":3,"yays":512,"nays":270},{"committee":"УИК №72","vibid":"4124018294278","voters":2159,"total":965,"voted":964,"spoiled":4,"yays":643,"nays":317},{"committee":"УИК №73","vibid":"4124018294279","voters":1389,"total":528,"voted":528,"spoiled":4,"yays":341,"nays":183},{"committee":"УИК №74","vibid":"4124018294280","voters":1365,"total":580,"voted":580,"spoiled":3,"yays":344,"nays":233},{"committee":"УИК №75","vibid":"4124018294281","voters":1742,"total":712,"voted":711,"spoiled":3,"yays":480,"nays":228},{"committee":"УИК №76","vibid":"4124018294282","voters":1359,"total":573,"voted":573,"spoiled":5,"yays":392,"nays":176},{"committee":"УИК №77","vibid":"4124018294283","voters":1665,"total":776,"voted":776,"spoiled":7,"yays":473,"nays":296},{"committee":"УИК №78","vibid":"4124018294284","voters":1644,"total":691,"voted":691,"spoiled":8,"yays":461,"nays":222},{"committee":"УИК №79","vibid":"4124018294285","voters":2168,"total":1008,"voted":1008,"spoiled":10,"yays":648,"nays":350},{"committee":"УИК №80","vibid":"4124018294286","voters":1470,"total":650,"voted":650,"spoiled":2,"yays":405,"nays":243},{"committee":"УИК №81","vibid":"4124018294287","voters":2177,"total":845,"voted":845,"spoiled":2,"yays":538,"nays":305},{"committee":"УИК №82","vibid":"4124018294288","voters":2152,"total":905,"voted":905,"spoiled":7,"yays":591,"nays":307},{"committee":"УИК №83","vibid":"4124018294289","voters":1601,"total":795,"voted":795,"spoiled":7,"yays":545,"nays":243},{"committee":"УИК №84","vibid":"4124018294290","voters":1585,"total":861,"voted":860,"spoiled":9,"yays":525,"nays":326},{"committee":"УИК №85","vibid":"4124018294291","voters":1622,"total":708,"voted":708,"spoiled":4,"yays":470,"nays":234},{"committee":"УИК №86","vibid":"4124018294292","voters":1898,"total":735,"voted":735,"spoiled":5,"yays":495,"nays":235},{"committee":"УИК №87","vibid":"4124018294293","voters":1913,"total":764,"voted":764,"spoiled":5,"yays":544,"nays":215},{"committee":"УИК №88","vibid":"4124018294294","voters":1763,"total":901,"voted":899,"spoiled":12,"yays":592,"nays":295},{"committee":"УИК №89","vibid":"4124018294295","voters":1821,"total":796,"voted":796,"spoiled":6,"yays":515,"nays":275},{"committee":"УИК №90","vibid":"4124018294296","voters":1735,"total":524,"voted":524,"spoiled":6,"yays":330,"nays":188},{"committee":"УИК №91","vibid":"4124018294297","voters":2453,"total":1510,"voted":1510,"spoiled":7,"yays":936,"nays":567},{"committee":"УИК №92","vibid":"4124018294298","voters":2506,"total":1151,"voted":1151,"spoiled":10,"yays":753,"nays":388},{"committee":"УИК №93","vibid":"4124018294299","voters":2644,"total":1228,"voted":1228,"spoiled":8,"yays":794,"nays":426},{"committee":"УИК №94","vibid":"4124018294300","voters":2503,"total":1188,"voted":1188,"spoiled":59,"yays":725,"nays":404},{"committee":"УИК №95","vibid":"4124018294301","voters":2654,"total":1120,"voted":1120,"spoiled":10,"yays":626,"nays":484},{"committee":"УИК №96","vibid":"4124018294302","voters":2754,"total":1053,"voted":1053,"spoiled":9,"yays":632,"nays":412},{"committee":"УИК №97","vibid":"4124018294303","voters":2139,"total":885,"voted":885,"spoiled":10,"yays":607,"nays":268},{"committee":"УИК №98","vibid":"4124018294304","voters":1689,"total":680,"voted":679,"spoiled":8,"yays":451,"nays":220},{"committee":"УИК №99","vibid":"4124018294305","voters":1442,"total":597,"voted":597,"spoiled":5,"yays":419,"nays":173},{"committee":"УИК №100","vibid":"4124018294306","voters":1698,"total":805,"voted":805,"spoiled":2,"yays":542,"nays":261},{"committee":"УИК №101","vibid":"4124018294307","voters":1790,"total":715,"voted":715,"spoiled":8,"yays":453,"nays":254},{"committee":"УИК №102","vibid":"4124018294308","voters":1508,"total":509,"voted":508,"spoiled":7,"yays":342,"nays":159},{"committee":"УИК №103","vibid":"4124018294309","voters":1902,"total":701,"voted":701,"spoiled":6,"yays":436,"nays":259},{"committee":"УИК №104","vibid":"4124018294310","voters":1496,"total":531,"voted":529,"spoiled":5,"yays":334,"nays":190},{"committee":"УИК №105","vibid":"4124018294311","voters":1814,"total":730,"voted":730,"spoiled":9,"yays":470,"nays":251},{"committee":"УИК №106","vibid":"4124018294312","voters":1852,"total":752,"voted":752,"spoiled":11,"yays":531,"nays":210},{"committee":"УИК №107","vibid":"4124018294313","voters":1554,"total":641,"voted":641,"spoiled":4,"yays":438,"nays":199},{"committee":"УИК №108","vibid":"4124018294314","voters":2017,"total":730,"voted":730,"spoiled":5,"yays":451,"nays":274},{"committee":"УИК №109","vibid":"4124018294315","voters":1781,"total":814,"voted":814,"spoiled":3,"yays":505,"nays":306},{"committee":"УИК №110","vibid":"4124018294316","voters":2172,"total":774,"voted":774,"spoiled":6,"yays":478,"nays":290},{"committee":"УИК №111","vibid":"4124018294317","voters":2288,"total":788,"voted":788,"spoiled":4,"yays":640,"nays":144},{"committee":"УИК №112","vibid":"4124018294318","voters":2229,"total":954,"voted":954,"spoiled":7,"yays":539,"nays":408},{"committee":"УИК №113","vibid":"4124018294319","voters":995,"total":387,"voted":387,"spoiled":1,"yays":228,"nays":158},{"committee":"УИК №114","vibid":"4124018294320","voters":1859,"total":674,"voted":674,"spoiled":7,"yays":422,"nays":245},{"committee":"УИК №115","vibid":"4124018294321","voters":711,"total":257,"voted":257,"spoiled":0,"yays":181,"nays":76},{"committee":"УИК №116","vibid":"4124018294322","voters":632,"total":417,"voted":417,"spoiled":3,"yays":250,"nays":164},{"committee":"УИК №526","vibid":"4124018294323","voters":1739,"total":681,"voted":681,"spoiled":4,"yays":429,"nays":248},{"committee":"УИК №535","vibid":"4124018296262","voters":571,"total":563,"voted":563,"spoiled":3,"yays":458,"nays":102},{"committee":"УИК №536","vibid":"4124018296263","voters":772,"total":729,"voted":729,"spoiled":2,"yays":383,"nays":344},{"committee":"УИК №537","vibid":"4124018296264","voters":5069,"total":4959,"voted":4959,"spoiled":44,"yays":3769,"nays":1146}]