[{"committee":"УИК №185","vibid":"4124017224592","voters":976,"total":712,"voted":712,"spoiled":4,"yays":534,"nays":174},{"committee":"УИК №186","vibid":"4124017224593","voters":512,"total":369,"voted":369,"spoiled":3,"yays":314,"nays":52},{"committee":"УИК №187","vibid":"4124017224594","voters":267,"total":197,"voted":197,"spoiled":0,"yays":172,"nays":25},{"committee":"УИК №188","vibid":"4124017224595","voters":309,"total":246,"voted":246,"spoiled":1,"yays":191,"nays":54},{"committee":"УИК №189","vibid":"4124017224596","voters":920,"total":661,"voted":661,"spoiled":0,"yays":481,"nays":180},{"committee":"УИК №190","vibid":"4124017224597","voters":457,"total":329,"voted":329,"spoiled":23,"yays":255,"nays":51},{"committee":"УИК №191","vibid":"4124017224598","voters":748,"total":531,"voted":531,"spoiled":3,"yays":398,"nays":130},{"committee":"УИК №192","vibid":"4124017224599","voters":431,"total":399,"voted":399,"spoiled":1,"yays":41,"nays":357},{"committee":"УИК №193","vibid":"4124017224600","voters":540,"total":387,"voted":387,"spoiled":3,"yays":293,"nays":91},{"committee":"УИК №194","vibid":"4124017224601","voters":276,"total":201,"voted":201,"spoiled":1,"yays":171,"nays":29},{"committee":"УИК №195","vibid":"4124017224602","voters":422,"total":325,"voted":325,"spoiled":4,"yays":250,"nays":71},{"committee":"УИК №196","vibid":"4124017224603","voters":148,"total":130,"voted":130,"spoiled":0,"yays":112,"nays":18},{"committee":"УИК №197","vibid":"4124017224604","voters":217,"total":181,"voted":181,"spoiled":0,"yays":143,"nays":38},{"committee":"УИК №198","vibid":"4124017224605","voters":674,"total":538,"voted":538,"spoiled":0,"yays":485,"nays":53},{"committee":"УИК №199","vibid":"4124017224606","voters":423,"total":338,"voted":338,"spoiled":5,"yays":262,"nays":71},{"committee":"УИК №200","vibid":"4124017224607","voters":863,"total":663,"voted":663,"spoiled":12,"yays":489,"nays":162},{"committee":"УИК №201","vibid":"4124017224608","voters":396,"total":273,"voted":273,"spoiled":1,"yays":190,"nays":82},{"committee":"УИК №202","vibid":"4124017224609","voters":283,"total":210,"voted":210,"spoiled":3,"yays":161,"nays":46},{"committee":"УИК №203","vibid":"4124017224610","voters":272,"total":196,"voted":196,"spoiled":2,"yays":130,"nays":64},{"committee":"УИК №204","vibid":"4124017224611","voters":594,"total":423,"voted":423,"spoiled":21,"yays":339,"nays":63},{"committee":"УИК №206","vibid":"4124017224612","voters":504,"total":374,"voted":374,"spoiled":12,"yays":267,"nays":95},{"committee":"УИК №207","vibid":"4124017224613","voters":447,"total":341,"voted":341,"spoiled":14,"yays":229,"nays":98},{"committee":"УИК №208","vibid":"4124017224614","voters":528,"total":398,"voted":398,"spoiled":0,"yays":339,"nays":59},{"committee":"УИК №209","vibid":"4124017224615","voters":650,"total":456,"voted":456,"spoiled":2,"yays":364,"nays":90},{"committee":"УИК №210","vibid":"4124017224616","voters":1018,"total":719,"voted":719,"spoiled":5,"yays":501,"nays":213},{"committee":"УИК №211","vibid":"4124017224617","voters":309,"total":217,"voted":217,"spoiled":2,"yays":175,"nays":40},{"committee":"УИК №212","vibid":"4124017224618","voters":642,"total":462,"voted":462,"spoiled":2,"yays":325,"nays":135},{"committee":"УИК №213","vibid":"4124017224619","voters":595,"total":398,"voted":398,"spoiled":3,"yays":287,"nays":108},{"committee":"УИК №214","vibid":"4124017224620","voters":121,"total":89,"voted":89,"spoiled":3,"yays":75,"nays":11},{"committee":"УИК №215","vibid":"4124017224621","voters":276,"total":195,"voted":195,"spoiled":0,"yays":154,"nays":41},{"committee":"УИК №216","vibid":"4124017224622","voters":663,"total":546,"voted":546,"spoiled":1,"yays":456,"nays":89},{"committee":"УИК №217","vibid":"4124017224623","voters":725,"total":501,"voted":501,"spoiled":4,"yays":332,"nays":165},{"committee":"УИК №218","vibid":"4124017224624","voters":203,"total":150,"voted":150,"spoiled":3,"yays":110,"nays":37},{"committee":"УИК №219","vibid":"4124017224625","voters":201,"total":152,"voted":152,"spoiled":5,"yays":96,"nays":51},{"committee":"УИК №220","vibid":"4124017224626","voters":219,"total":161,"voted":161,"spoiled":1,"yays":137,"nays":23},{"committee":"УИК №221","vibid":"4124017224627","voters":217,"total":171,"voted":171,"spoiled":1,"yays":122,"nays":48},{"committee":"УИК №222","vibid":"4124017224628","voters":451,"total":330,"voted":330,"spoiled":0,"yays":272,"nays":58},{"committee":"УИК №223","vibid":"4124017224629","voters":566,"total":405,"voted":405,"spoiled":4,"yays":274,"nays":127},{"committee":"УИК №224","vibid":"4124017224630","voters":425,"total":315,"voted":315,"spoiled":5,"yays":240,"nays":70},{"committee":"УИК №225","vibid":"4124017224631","voters":788,"total":568,"voted":568,"spoiled":9,"yays":403,"nays":156}]