[{"committee":"УИК №341","vibid":"4104010304902","voters":1404,"total":567,"voted":567,"spoiled":5,"yays":432,"nays":130},{"committee":"УИК №342","vibid":"4104010304903","voters":1558,"total":743,"voted":743,"spoiled":13,"yays":568,"nays":162},{"committee":"УИК №343","vibid":"4104010304904","voters":892,"total":420,"voted":420,"spoiled":2,"yays":314,"nays":104},{"committee":"УИК №344","vibid":"4104010304905","voters":1976,"total":980,"voted":979,"spoiled":9,"yays":754,"nays":216},{"committee":"УИК №345","vibid":"4104010304906","voters":1025,"total":507,"voted":507,"spoiled":5,"yays":362,"nays":140},{"committee":"УИК №346","vibid":"4104010304907","voters":1047,"total":468,"voted":468,"spoiled":3,"yays":362,"nays":103},{"committee":"УИК №347","vibid":"4104010304908","voters":1684,"total":668,"voted":668,"spoiled":9,"yays":481,"nays":178},{"committee":"УИК №348","vibid":"4104010304909","voters":889,"total":430,"voted":430,"spoiled":4,"yays":317,"nays":109},{"committee":"УИК №349","vibid":"4104010304910","voters":231,"total":134,"voted":134,"spoiled":0,"yays":116,"nays":18},{"committee":"УИК №350","vibid":"4104010304911","voters":278,"total":210,"voted":210,"spoiled":1,"yays":165,"nays":44},{"committee":"УИК №351","vibid":"4104010304912","voters":945,"total":529,"voted":529,"spoiled":8,"yays":423,"nays":98},{"committee":"УИК №352","vibid":"4104010304913","voters":1255,"total":642,"voted":642,"spoiled":6,"yays":493,"nays":143},{"committee":"УИК №353","vibid":"4104010304914","voters":436,"total":396,"voted":396,"spoiled":7,"yays":373,"nays":16},{"committee":"УИК №355","vibid":"4104010304915","voters":462,"total":321,"voted":321,"spoiled":8,"yays":232,"nays":81},{"committee":"УИК №357","vibid":"4104010304916","voters":300,"total":157,"voted":157,"spoiled":0,"yays":118,"nays":39},{"committee":"УИК №358","vibid":"4104010304917","voters":450,"total":263,"voted":263,"spoiled":1,"yays":223,"nays":39},{"committee":"УИК №359","vibid":"4104010304918","voters":824,"total":447,"voted":447,"spoiled":4,"yays":379,"nays":64},{"committee":"УИК №360","vibid":"4104010304919","voters":336,"total":186,"voted":186,"spoiled":0,"yays":176,"nays":10},{"committee":"УИК №361","vibid":"4104010304920","voters":770,"total":398,"voted":398,"spoiled":10,"yays":298,"nays":90},{"committee":"УИК №362","vibid":"4104010304921","voters":393,"total":221,"voted":221,"spoiled":1,"yays":192,"nays":28},{"committee":"УИК №363","vibid":"4104010304922","voters":997,"total":583,"voted":583,"spoiled":6,"yays":472,"nays":105},{"committee":"УИК №364","vibid":"4104010304923","voters":1177,"total":472,"voted":472,"spoiled":2,"yays":344,"nays":126},{"committee":"УИК №365","vibid":"4104010306060","voters":104,"total":104,"voted":104,"spoiled":0,"yays":74,"nays":30}]