[{"committee":"УИК №442","vibid":"4134016244325","voters":773,"total":696,"voted":696,"spoiled":0,"yays":635,"nays":61},{"committee":"УИК №443","vibid":"4134016244326","voters":806,"total":718,"voted":718,"spoiled":0,"yays":655,"nays":63},{"committee":"УИК №444","vibid":"4134016244327","voters":706,"total":614,"voted":614,"spoiled":2,"yays":556,"nays":56},{"committee":"УИК №445","vibid":"4134016244328","voters":60,"total":54,"voted":54,"spoiled":0,"yays":51,"nays":3},{"committee":"УИК №446","vibid":"4134016244329","voters":635,"total":569,"voted":569,"spoiled":0,"yays":477,"nays":92},{"committee":"УИК №447","vibid":"4134016244330","voters":667,"total":596,"voted":596,"spoiled":7,"yays":453,"nays":136},{"committee":"УИК №448","vibid":"4134016244331","voters":690,"total":622,"voted":622,"spoiled":3,"yays":572,"nays":47},{"committee":"УИК №449","vibid":"4134016244332","voters":1540,"total":1352,"voted":1351,"spoiled":3,"yays":1241,"nays":107},{"committee":"УИК №450","vibid":"4134016244333","voters":1482,"total":1362,"voted":1362,"spoiled":0,"yays":1242,"nays":120},{"committee":"УИК №451","vibid":"4134016244334","voters":304,"total":274,"voted":274,"spoiled":0,"yays":255,"nays":19},{"committee":"УИК №452","vibid":"4134016244335","voters":395,"total":350,"voted":350,"spoiled":0,"yays":318,"nays":32},{"committee":"УИК №453","vibid":"4134016244336","voters":133,"total":119,"voted":119,"spoiled":0,"yays":107,"nays":12},{"committee":"УИК №454","vibid":"4134016244337","voters":418,"total":395,"voted":395,"spoiled":8,"yays":355,"nays":32},{"committee":"УИК №455","vibid":"4134016244338","voters":337,"total":320,"voted":308,"spoiled":5,"yays":275,"nays":28},{"committee":"УИК №456","vibid":"4134016244339","voters":1659,"total":1491,"voted":1491,"spoiled":68,"yays":1387,"nays":36},{"committee":"УИК №457","vibid":"4134016244340","voters":134,"total":123,"voted":123,"spoiled":0,"yays":115,"nays":8},{"committee":"УИК №458","vibid":"4134016244341","voters":279,"total":254,"voted":254,"spoiled":0,"yays":232,"nays":22},{"committee":"УИК №459","vibid":"4134016244342","voters":273,"total":239,"voted":239,"spoiled":0,"yays":216,"nays":23},{"committee":"УИК №460","vibid":"4134016244343","voters":205,"total":187,"voted":187,"spoiled":1,"yays":170,"nays":16},{"committee":"УИК №461","vibid":"4134016244344","voters":137,"total":123,"voted":123,"spoiled":0,"yays":107,"nays":16},{"committee":"УИК №462","vibid":"4134016244345","voters":315,"total":281,"voted":281,"spoiled":10,"yays":251,"nays":20},{"committee":"УИК №463","vibid":"4134016244346","voters":164,"total":156,"voted":156,"spoiled":1,"yays":152,"nays":3},{"committee":"УИК №464","vibid":"4134016244347","voters":223,"total":197,"voted":197,"spoiled":0,"yays":179,"nays":18},{"committee":"УИК №465","vibid":"4134016244348","voters":135,"total":122,"voted":122,"spoiled":0,"yays":112,"nays":10},{"committee":"УИК №466","vibid":"4134016244349","voters":165,"total":146,"voted":146,"spoiled":0,"yays":136,"nays":10},{"committee":"УИК №467","vibid":"4134016244350","voters":365,"total":325,"voted":325,"spoiled":2,"yays":294,"nays":29},{"committee":"УИК №468","vibid":"4134016244351","voters":182,"total":163,"voted":163,"spoiled":0,"yays":153,"nays":10},{"committee":"УИК №469","vibid":"4134016244352","voters":255,"total":223,"voted":223,"spoiled":2,"yays":204,"nays":17},{"committee":"УИК №470","vibid":"4134016244353","voters":507,"total":446,"voted":446,"spoiled":2,"yays":408,"nays":36},{"committee":"УИК №471","vibid":"4134016244354","voters":460,"total":408,"voted":408,"spoiled":0,"yays":378,"nays":30},{"committee":"УИК №472","vibid":"4134016244355","voters":206,"total":186,"voted":186,"spoiled":0,"yays":169,"nays":17}]