[{"committee":"УИК №163","vibid":"4114004192020","voters":511,"total":315,"voted":315,"spoiled":0,"yays":208,"nays":107},{"committee":"УИК №164","vibid":"4114004192021","voters":90,"total":70,"voted":70,"spoiled":0,"yays":62,"nays":8},{"committee":"УИК №165","vibid":"4114004192022","voters":185,"total":138,"voted":138,"spoiled":6,"yays":114,"nays":18},{"committee":"УИК №166","vibid":"4114004192023","voters":407,"total":197,"voted":197,"spoiled":2,"yays":175,"nays":20},{"committee":"УИК №167","vibid":"4114004192024","voters":695,"total":224,"voted":224,"spoiled":1,"yays":122,"nays":101},{"committee":"УИК №168","vibid":"4114004192025","voters":1517,"total":505,"voted":505,"spoiled":11,"yays":322,"nays":172},{"committee":"УИК №169","vibid":"4114004192026","voters":718,"total":177,"voted":177,"spoiled":3,"yays":139,"nays":35},{"committee":"УИК №170","vibid":"4114004192027","voters":1944,"total":577,"voted":577,"spoiled":10,"yays":354,"nays":213},{"committee":"УИК №171","vibid":"4114004192028","voters":1492,"total":410,"voted":410,"spoiled":5,"yays":273,"nays":132},{"committee":"УИК №172","vibid":"4114004192029","voters":1165,"total":420,"voted":420,"spoiled":0,"yays":274,"nays":146},{"committee":"УИК №173","vibid":"4114004192030","voters":1330,"total":465,"voted":465,"spoiled":6,"yays":304,"nays":155},{"committee":"УИК №174","vibid":"4114004192031","voters":1605,"total":577,"voted":576,"spoiled":6,"yays":345,"nays":225},{"committee":"УИК №175","vibid":"4114004192032","voters":1280,"total":410,"voted":410,"spoiled":9,"yays":250,"nays":151},{"committee":"УИК №176","vibid":"4114004192033","voters":1400,"total":429,"voted":429,"spoiled":6,"yays":271,"nays":152},{"committee":"УИК №177","vibid":"4114004192034","voters":1346,"total":415,"voted":413,"spoiled":5,"yays":267,"nays":141},{"committee":"УИК №178","vibid":"4114004192035","voters":1373,"total":433,"voted":433,"spoiled":2,"yays":293,"nays":138},{"committee":"УИК №179","vibid":"4114004192036","voters":1485,"total":408,"voted":408,"spoiled":10,"yays":284,"nays":114},{"committee":"УИК №180","vibid":"4114004192037","voters":1246,"total":343,"voted":343,"spoiled":0,"yays":218,"nays":125},{"committee":"УИК №181","vibid":"4114004192038","voters":1701,"total":471,"voted":471,"spoiled":5,"yays":306,"nays":160},{"committee":"УИК №182","vibid":"4114004192039","voters":928,"total":315,"voted":315,"spoiled":2,"yays":201,"nays":112},{"committee":"УИК №183","vibid":"4114004192040","voters":590,"total":169,"voted":169,"spoiled":2,"yays":107,"nays":60},{"committee":"УИК №184","vibid":"4114004192041","voters":380,"total":160,"voted":160,"spoiled":1,"yays":121,"nays":38},{"committee":"УИК №185","vibid":"4114004192042","voters":741,"total":165,"voted":165,"spoiled":1,"yays":125,"nays":39},{"committee":"УИК №186","vibid":"4114004192435","voters":400,"total":397,"voted":397,"spoiled":5,"yays":234,"nays":158}]