[{"committee":"УИК №1","vibid":"4174006318364","voters":2067,"total":1737,"voted":1737,"spoiled":5,"yays":1650,"nays":82},{"committee":"УИК №2","vibid":"4174006318365","voters":2822,"total":2343,"voted":2343,"spoiled":24,"yays":2063,"nays":256},{"committee":"УИК №3","vibid":"4174006318366","voters":2624,"total":2152,"voted":2152,"spoiled":15,"yays":1980,"nays":157},{"committee":"УИК №4","vibid":"4174006318367","voters":2753,"total":2450,"voted":2450,"spoiled":0,"yays":2352,"nays":98},{"committee":"УИК №5","vibid":"4174006318368","voters":2517,"total":2113,"voted":2113,"spoiled":3,"yays":2028,"nays":82},{"committee":"УИК №6","vibid":"4174006318369","voters":1548,"total":1405,"voted":1405,"spoiled":2,"yays":1374,"nays":29},{"committee":"УИК №7","vibid":"4174006318370","voters":2798,"total":2179,"voted":2179,"spoiled":0,"yays":2113,"nays":66},{"committee":"УИК №8","vibid":"4174006318371","voters":2725,"total":2290,"voted":2290,"spoiled":3,"yays":2199,"nays":88},{"committee":"УИК №9","vibid":"4174006318372","voters":2327,"total":2136,"voted":2136,"spoiled":1,"yays":2050,"nays":85},{"committee":"УИК №10","vibid":"4174006318373","voters":2263,"total":2068,"voted":2068,"spoiled":1,"yays":1984,"nays":83},{"committee":"УИК №11","vibid":"4174006318374","voters":1733,"total":1528,"voted":1528,"spoiled":7,"yays":1483,"nays":38},{"committee":"УИК №12","vibid":"4174006318375","voters":1618,"total":1373,"voted":1373,"spoiled":11,"yays":1263,"nays":99},{"committee":"УИК №13","vibid":"4174006318376","voters":2824,"total":2675,"voted":2675,"spoiled":13,"yays":2485,"nays":177},{"committee":"УИК №14","vibid":"4174006318377","voters":2572,"total":2366,"voted":2366,"spoiled":9,"yays":2190,"nays":167},{"committee":"УИК №15","vibid":"4174006318378","voters":2225,"total":2002,"voted":2002,"spoiled":9,"yays":1844,"nays":149},{"committee":"УИК №16","vibid":"4174006318379","voters":2539,"total":2364,"voted":2364,"spoiled":6,"yays":2221,"nays":137},{"committee":"УИК №17","vibid":"4174006318380","voters":1689,"total":1410,"voted":1410,"spoiled":22,"yays":1355,"nays":33},{"committee":"УИК №18","vibid":"4174006318381","voters":1638,"total":1224,"voted":1224,"spoiled":0,"yays":1190,"nays":34},{"committee":"УИК №19","vibid":"4174006318382","voters":3216,"total":2763,"voted":2763,"spoiled":6,"yays":2646,"nays":111},{"committee":"УИК №20","vibid":"4174006318383","voters":1800,"total":1661,"voted":1661,"spoiled":10,"yays":1595,"nays":56},{"committee":"УИК №21","vibid":"4174006318384","voters":1977,"total":1429,"voted":1429,"spoiled":3,"yays":1286,"nays":140},{"committee":"УИК №22","vibid":"4174006318385","voters":1732,"total":1400,"voted":1400,"spoiled":0,"yays":1330,"nays":70},{"committee":"УИК №23","vibid":"4174006318386","voters":2174,"total":1561,"voted":1561,"spoiled":0,"yays":1423,"nays":138},{"committee":"УИК №24","vibid":"4174006318387","voters":1408,"total":1283,"voted":1283,"spoiled":7,"yays":1199,"nays":77},{"committee":"УИК №25","vibid":"4174006318388","voters":1705,"total":1675,"voted":1675,"spoiled":1,"yays":1609,"nays":65},{"committee":"УИК №26","vibid":"4174006318389","voters":2260,"total":1961,"voted":1961,"spoiled":5,"yays":1854,"nays":102},{"committee":"УИК №27","vibid":"4174006318390","voters":1781,"total":1600,"voted":1600,"spoiled":0,"yays":1536,"nays":64},{"committee":"УИК №28","vibid":"4174006318391","voters":1981,"total":1730,"voted":1730,"spoiled":0,"yays":1662,"nays":68},{"committee":"УИК №29","vibid":"4174006318392","voters":1947,"total":1496,"voted":1496,"spoiled":81,"yays":1343,"nays":72},{"committee":"УИК №30","vibid":"4174006318393","voters":3265,"total":2589,"voted":2589,"spoiled":12,"yays":2468,"nays":109},{"committee":"УИК №31","vibid":"4174006318394","voters":3199,"total":2112,"voted":2111,"spoiled":14,"yays":2027,"nays":70},{"committee":"УИК №32","vibid":"4174006318395","voters":2166,"total":1926,"voted":1926,"spoiled":3,"yays":1852,"nays":71}]