[{"committee":"УИК №2339","vibid":"4164062332655","voters":781,"total":723,"voted":723,"spoiled":0,"yays":669,"nays":54},{"committee":"УИК №2341","vibid":"4164062332656","voters":197,"total":185,"voted":185,"spoiled":0,"yays":170,"nays":15},{"committee":"УИК №2342","vibid":"4164062332657","voters":290,"total":264,"voted":264,"spoiled":0,"yays":241,"nays":23},{"committee":"УИК №2343","vibid":"4164062332658","voters":330,"total":308,"voted":308,"spoiled":0,"yays":282,"nays":26},{"committee":"УИК №2344","vibid":"4164062332659","voters":307,"total":284,"voted":284,"spoiled":0,"yays":261,"nays":23},{"committee":"УИК №2345","vibid":"4164062332660","voters":311,"total":287,"voted":287,"spoiled":0,"yays":263,"nays":24},{"committee":"УИК №2346","vibid":"4164062332661","voters":141,"total":131,"voted":131,"spoiled":0,"yays":120,"nays":11},{"committee":"УИК №2347","vibid":"4164062332662","voters":294,"total":275,"voted":275,"spoiled":0,"yays":253,"nays":22},{"committee":"УИК №2348","vibid":"4164062332663","voters":419,"total":390,"voted":390,"spoiled":0,"yays":358,"nays":32},{"committee":"УИК №2349","vibid":"4164062332664","voters":355,"total":332,"voted":332,"spoiled":0,"yays":301,"nays":31},{"committee":"УИК №2350","vibid":"4164062332665","voters":200,"total":185,"voted":185,"spoiled":0,"yays":171,"nays":14},{"committee":"УИК №2351","vibid":"4164062332666","voters":352,"total":330,"voted":330,"spoiled":0,"yays":305,"nays":25},{"committee":"УИК №2352","vibid":"4164062332667","voters":240,"total":225,"voted":225,"spoiled":0,"yays":207,"nays":18},{"committee":"УИК №2353","vibid":"4164062332668","voters":282,"total":260,"voted":260,"spoiled":0,"yays":238,"nays":22},{"committee":"УИК №2354","vibid":"4164062332669","voters":532,"total":494,"voted":494,"spoiled":0,"yays":452,"nays":42},{"committee":"УИК №2355","vibid":"4164062332670","voters":221,"total":205,"voted":205,"spoiled":0,"yays":190,"nays":15},{"committee":"УИК №2359","vibid":"4164062332673","voters":396,"total":361,"voted":361,"spoiled":0,"yays":334,"nays":27},{"committee":"УИК №2360","vibid":"4164062332674","voters":334,"total":310,"voted":310,"spoiled":0,"yays":284,"nays":26},{"committee":"УИК №2361","vibid":"4164062332675","voters":673,"total":628,"voted":628,"spoiled":0,"yays":583,"nays":45},{"committee":"УИК №2362","vibid":"4164062332676","voters":537,"total":491,"voted":491,"spoiled":0,"yays":456,"nays":35},{"committee":"УИК №2363","vibid":"4164062332677","voters":580,"total":539,"voted":539,"spoiled":0,"yays":494,"nays":45},{"committee":"УИК №2364","vibid":"4164062332678","voters":373,"total":339,"voted":339,"spoiled":0,"yays":314,"nays":25},{"committee":"УИК №2365","vibid":"4164062332679","voters":820,"total":771,"voted":771,"spoiled":0,"yays":714,"nays":57},{"committee":"УИК №2366","vibid":"4164062332680","voters":493,"total":468,"voted":468,"spoiled":0,"yays":431,"nays":37},{"committee":"УИК №2368","vibid":"4164062332682","voters":398,"total":371,"voted":371,"spoiled":0,"yays":342,"nays":29},{"committee":"УИК №2370","vibid":"4164062332684","voters":894,"total":835,"voted":835,"spoiled":0,"yays":774,"nays":61},{"committee":"УИК №2371","vibid":"4164062332685","voters":423,"total":392,"voted":392,"spoiled":0,"yays":358,"nays":34},{"committee":"УИК №2372","vibid":"4164062332686","voters":364,"total":337,"voted":337,"spoiled":0,"yays":310,"nays":27},{"committee":"УИК №2373","vibid":"4164062332687","voters":319,"total":297,"voted":297,"spoiled":0,"yays":273,"nays":24},{"committee":"УИК №2374","vibid":"4164062332688","voters":134,"total":127,"voted":127,"spoiled":0,"yays":115,"nays":12},{"committee":"УИК №2378","vibid":"4164062332691","voters":440,"total":405,"voted":405,"spoiled":0,"yays":372,"nays":33},{"committee":"УИК №2380","vibid":"4164062332692","voters":179,"total":167,"voted":167,"spoiled":0,"yays":153,"nays":14}]