[{"committee":"УИК №178","vibid":"4174018183891","voters":672,"total":650,"voted":650,"spoiled":1,"yays":646,"nays":3},{"committee":"УИК №179","vibid":"4174018183892","voters":1840,"total":1799,"voted":1799,"spoiled":2,"yays":1790,"nays":7},{"committee":"УИК №180","vibid":"4174018183893","voters":554,"total":545,"voted":545,"spoiled":0,"yays":540,"nays":5},{"committee":"УИК №181","vibid":"4174018183894","voters":413,"total":401,"voted":401,"spoiled":0,"yays":399,"nays":2},{"committee":"УИК №182","vibid":"4174018183895","voters":1036,"total":990,"voted":990,"spoiled":0,"yays":986,"nays":4},{"committee":"УИК №183","vibid":"4174018183896","voters":115,"total":112,"voted":112,"spoiled":0,"yays":110,"nays":2}]