[{"committee":"УИК №77","vibid":"4194012146639","voters":1488,"total":738,"voted":738,"spoiled":8,"yays":451,"nays":279},{"committee":"УИК №78","vibid":"4194012146643","voters":722,"total":351,"voted":351,"spoiled":3,"yays":238,"nays":110},{"committee":"УИК №79","vibid":"4194012146644","voters":718,"total":329,"voted":329,"spoiled":4,"yays":216,"nays":109},{"committee":"УИК №80","vibid":"4194012146645","voters":652,"total":363,"voted":363,"spoiled":4,"yays":232,"nays":127},{"committee":"УИК №81","vibid":"4194012146646","voters":650,"total":374,"voted":374,"spoiled":14,"yays":246,"nays":114},{"committee":"УИК №82","vibid":"4194012146647","voters":696,"total":419,"voted":419,"spoiled":36,"yays":245,"nays":138},{"committee":"УИК №83","vibid":"4194012146648","voters":683,"total":353,"voted":353,"spoiled":5,"yays":233,"nays":115},{"committee":"УИК №84","vibid":"4194012146649","voters":2134,"total":1499,"voted":1499,"spoiled":26,"yays":1027,"nays":446},{"committee":"УИК №85","vibid":"4194012146650","voters":1326,"total":680,"voted":680,"spoiled":6,"yays":454,"nays":220},{"committee":"УИК №86","vibid":"4194012146651","voters":675,"total":387,"voted":387,"spoiled":6,"yays":254,"nays":127},{"committee":"УИК №87","vibid":"4194012146641","voters":712,"total":343,"voted":343,"spoiled":5,"yays":229,"nays":109}]