[{"committee":"УИК №535","vibid":"4114007323182","voters":443,"total":209,"voted":209,"spoiled":2,"yays":180,"nays":27},{"committee":"УИК №536","vibid":"4114007323183","voters":1154,"total":569,"voted":568,"spoiled":10,"yays":403,"nays":155},{"committee":"УИК №537","vibid":"4114007323184","voters":180,"total":83,"voted":83,"spoiled":1,"yays":71,"nays":11},{"committee":"УИК №538","vibid":"4114007323185","voters":302,"total":172,"voted":172,"spoiled":0,"yays":133,"nays":39},{"committee":"УИК №539","vibid":"4114007323186","voters":576,"total":334,"voted":334,"spoiled":7,"yays":218,"nays":109},{"committee":"УИК №540","vibid":"4114007323187","voters":833,"total":373,"voted":373,"spoiled":7,"yays":218,"nays":148},{"committee":"УИК №541","vibid":"4114007323188","voters":1604,"total":756,"voted":756,"spoiled":13,"yays":456,"nays":287},{"committee":"УИК №542","vibid":"4114007323189","voters":1263,"total":633,"voted":633,"spoiled":7,"yays":375,"nays":251},{"committee":"УИК №543","vibid":"4114007323190","voters":384,"total":187,"voted":187,"spoiled":4,"yays":112,"nays":71},{"committee":"УИК №544","vibid":"4114007323191","voters":180,"total":117,"voted":117,"spoiled":0,"yays":85,"nays":32},{"committee":"УИК №545","vibid":"4114007323192","voters":550,"total":276,"voted":276,"spoiled":0,"yays":210,"nays":66},{"committee":"УИК №546","vibid":"4114007323193","voters":331,"total":176,"voted":176,"spoiled":0,"yays":145,"nays":31},{"committee":"УИК №547","vibid":"4114007323194","voters":632,"total":380,"voted":380,"spoiled":6,"yays":280,"nays":94},{"committee":"УИК №548","vibid":"4114007323195","voters":337,"total":193,"voted":193,"spoiled":4,"yays":149,"nays":40},{"committee":"УИК №549","vibid":"4114007323196","voters":532,"total":271,"voted":271,"spoiled":2,"yays":225,"nays":44},{"committee":"УИК №550","vibid":"4114007323197","voters":215,"total":128,"voted":128,"spoiled":0,"yays":108,"nays":20},{"committee":"УИК №551","vibid":"4114007323198","voters":459,"total":265,"voted":265,"spoiled":4,"yays":196,"nays":65},{"committee":"УИК №552","vibid":"4114007323199","voters":1465,"total":682,"voted":682,"spoiled":14,"yays":509,"nays":159},{"committee":"УИК №553","vibid":"4114007323200","voters":451,"total":274,"voted":274,"spoiled":2,"yays":208,"nays":64},{"committee":"УИК №554","vibid":"4114007323201","voters":537,"total":343,"voted":343,"spoiled":0,"yays":273,"nays":70},{"committee":"УИК №555","vibid":"4114007323202","voters":970,"total":488,"voted":488,"spoiled":10,"yays":326,"nays":152},{"committee":"УИК №556","vibid":"4114007323203","voters":429,"total":228,"voted":228,"spoiled":2,"yays":199,"nays":27},{"committee":"УИК №557","vibid":"4114007323204","voters":271,"total":144,"voted":144,"spoiled":2,"yays":98,"nays":44},{"committee":"УИК №558","vibid":"4114007323205","voters":629,"total":336,"voted":336,"spoiled":0,"yays":257,"nays":79},{"committee":"УИК №559","vibid":"4114007323206","voters":263,"total":147,"voted":147,"spoiled":1,"yays":94,"nays":52},{"committee":"УИК №560","vibid":"4114007323207","voters":616,"total":343,"voted":343,"spoiled":30,"yays":233,"nays":80},{"committee":"УИК №561","vibid":"4114007323208","voters":203,"total":105,"voted":105,"spoiled":0,"yays":85,"nays":20},{"committee":"УИК №562","vibid":"4114007323209","voters":142,"total":91,"voted":91,"spoiled":0,"yays":82,"nays":9},{"committee":"УИК №563","vibid":"4114007323210","voters":1197,"total":582,"voted":582,"spoiled":5,"yays":442,"nays":135},{"committee":"УИК №682","vibid":"4114007323957","voters":28,"total":28,"voted":28,"spoiled":0,"yays":23,"nays":5}]