[{"committee":"УИК №1433","vibid":"4164019173303","voters":1364,"total":1174,"voted":1174,"spoiled":11,"yays":994,"nays":169},{"committee":"УИК №1434","vibid":"4164019173304","voters":1383,"total":1187,"voted":1187,"spoiled":9,"yays":987,"nays":191},{"committee":"УИК №1435","vibid":"4164019173305","voters":1577,"total":1388,"voted":1388,"spoiled":1,"yays":1114,"nays":273},{"committee":"УИК №1436","vibid":"4164019173306","voters":1340,"total":1187,"voted":1187,"spoiled":6,"yays":973,"nays":208},{"committee":"УИК №1437","vibid":"4164019173307","voters":1350,"total":1181,"voted":1181,"spoiled":6,"yays":971,"nays":204},{"committee":"УИК №1438","vibid":"4164019173308","voters":1373,"total":1209,"voted":1209,"spoiled":7,"yays":997,"nays":205},{"committee":"УИК №1439","vibid":"4164019173309","voters":1332,"total":1178,"voted":1178,"spoiled":4,"yays":963,"nays":211},{"committee":"УИК №1440","vibid":"4164019173310","voters":1355,"total":1191,"voted":1191,"spoiled":4,"yays":1006,"nays":181},{"committee":"УИК №1441","vibid":"4164019173311","voters":1420,"total":1246,"voted":1245,"spoiled":7,"yays":1008,"nays":230},{"committee":"УИК №1442","vibid":"4164019173312","voters":1519,"total":1347,"voted":1347,"spoiled":2,"yays":1043,"nays":302},{"committee":"УИК №1443","vibid":"4164019173313","voters":1535,"total":1318,"voted":1318,"spoiled":2,"yays":1048,"nays":268},{"committee":"УИК №1444","vibid":"4164019173314","voters":1519,"total":1271,"voted":1271,"spoiled":8,"yays":1027,"nays":236},{"committee":"УИК №1445","vibid":"4164019173315","voters":1489,"total":1311,"voted":1311,"spoiled":3,"yays":1152,"nays":156},{"committee":"УИК №1446","vibid":"4164019173316","voters":1517,"total":1343,"voted":1343,"spoiled":6,"yays":1085,"nays":252},{"committee":"УИК №1447","vibid":"4164019173317","voters":1464,"total":1209,"voted":1209,"spoiled":3,"yays":1004,"nays":202},{"committee":"УИК №1448","vibid":"4164019173318","voters":1739,"total":1541,"voted":1541,"spoiled":2,"yays":1297,"nays":242},{"committee":"УИК №1449","vibid":"4164019173319","voters":1593,"total":1334,"voted":1334,"spoiled":2,"yays":1104,"nays":228},{"committee":"УИК №1450","vibid":"4164019173320","voters":1677,"total":1466,"voted":1466,"spoiled":11,"yays":1162,"nays":293},{"committee":"УИК №1451","vibid":"4164019173321","voters":1765,"total":1547,"voted":1547,"spoiled":7,"yays":1251,"nays":289},{"committee":"УИК №1452","vibid":"4164019173322","voters":1771,"total":1563,"voted":1563,"spoiled":9,"yays":1303,"nays":251}]