[{"committee":"УИК №615","vibid":"4144031164995","voters":403,"total":269,"voted":269,"spoiled":5,"yays":204,"nays":60},{"committee":"УИК №616","vibid":"4144031164996","voters":943,"total":368,"voted":368,"spoiled":5,"yays":271,"nays":92},{"committee":"УИК №617","vibid":"4144031164997","voters":1070,"total":499,"voted":499,"spoiled":2,"yays":337,"nays":160},{"committee":"УИК №618","vibid":"4144031164998","voters":54,"total":46,"voted":46,"spoiled":0,"yays":33,"nays":13},{"committee":"УИК №619","vibid":"4144031164999","voters":427,"total":246,"voted":246,"spoiled":5,"yays":202,"nays":39},{"committee":"УИК №620","vibid":"4144031165000","voters":346,"total":292,"voted":292,"spoiled":3,"yays":141,"nays":148},{"committee":"УИК №621","vibid":"4144031165001","voters":193,"total":121,"voted":121,"spoiled":2,"yays":88,"nays":31},{"committee":"УИК №622","vibid":"4144031165002","voters":345,"total":238,"voted":238,"spoiled":0,"yays":177,"nays":61},{"committee":"УИК №623","vibid":"4144031165003","voters":450,"total":281,"voted":281,"spoiled":6,"yays":215,"nays":60},{"committee":"УИК №624","vibid":"4144031165004","voters":202,"total":161,"voted":161,"spoiled":0,"yays":101,"nays":60},{"committee":"УИК №625","vibid":"4144031165005","voters":291,"total":208,"voted":208,"spoiled":0,"yays":146,"nays":62},{"committee":"УИК №626","vibid":"4144031165006","voters":74,"total":59,"voted":59,"spoiled":0,"yays":45,"nays":14}]