[{"committee":"УИК №1934","vibid":"4164035313048","voters":340,"total":334,"voted":334,"spoiled":0,"yays":301,"nays":33},{"committee":"УИК №1935","vibid":"4164035313049","voters":284,"total":280,"voted":280,"spoiled":0,"yays":252,"nays":28},{"committee":"УИК №1936","vibid":"4164035313050","voters":217,"total":211,"voted":211,"spoiled":0,"yays":198,"nays":13},{"committee":"УИК №1937","vibid":"4164035313051","voters":362,"total":355,"voted":355,"spoiled":0,"yays":313,"nays":42},{"committee":"УИК №1938","vibid":"4164035313052","voters":103,"total":97,"voted":97,"spoiled":0,"yays":91,"nays":6},{"committee":"УИК №1939","vibid":"4164035313053","voters":419,"total":399,"voted":399,"spoiled":0,"yays":367,"nays":32},{"committee":"УИК №1941","vibid":"4164035313054","voters":331,"total":322,"voted":322,"spoiled":0,"yays":298,"nays":24},{"committee":"УИК №1942","vibid":"4164035313055","voters":211,"total":207,"voted":207,"spoiled":0,"yays":189,"nays":18},{"committee":"УИК №1943","vibid":"4164035313056","voters":378,"total":374,"voted":374,"spoiled":0,"yays":343,"nays":31},{"committee":"УИК №1944","vibid":"4164035313057","voters":248,"total":240,"voted":240,"spoiled":0,"yays":215,"nays":25},{"committee":"УИК №1945","vibid":"4164035313058","voters":161,"total":156,"voted":156,"spoiled":0,"yays":142,"nays":14},{"committee":"УИК №1946","vibid":"4164035313059","voters":225,"total":216,"voted":216,"spoiled":0,"yays":194,"nays":22},{"committee":"УИК №1947","vibid":"4164035313060","voters":190,"total":177,"voted":177,"spoiled":1,"yays":163,"nays":13},{"committee":"УИК №1948","vibid":"4164035313061","voters":614,"total":599,"voted":599,"spoiled":0,"yays":526,"nays":73},{"committee":"УИК №1949","vibid":"4164035313062","voters":179,"total":168,"voted":168,"spoiled":0,"yays":144,"nays":24},{"committee":"УИК №1950","vibid":"4164035313063","voters":724,"total":687,"voted":687,"spoiled":0,"yays":596,"nays":91},{"committee":"УИК №1951","vibid":"4164035313064","voters":133,"total":129,"voted":129,"spoiled":0,"yays":111,"nays":18},{"committee":"УИК №1952","vibid":"4164035313065","voters":98,"total":89,"voted":89,"spoiled":0,"yays":76,"nays":13},{"committee":"УИК №1953","vibid":"4164035313066","voters":291,"total":285,"voted":285,"spoiled":0,"yays":258,"nays":27},{"committee":"УИК №1954","vibid":"4164035313067","voters":320,"total":313,"voted":313,"spoiled":0,"yays":271,"nays":42},{"committee":"УИК №1955","vibid":"4164035313068","voters":84,"total":78,"voted":78,"spoiled":0,"yays":69,"nays":9},{"committee":"УИК №1956","vibid":"4164035313069","voters":248,"total":237,"voted":237,"spoiled":0,"yays":216,"nays":21},{"committee":"УИК №1957","vibid":"4164035313070","voters":349,"total":342,"voted":342,"spoiled":0,"yays":306,"nays":36},{"committee":"УИК №1958","vibid":"4164035313071","voters":81,"total":77,"voted":77,"spoiled":0,"yays":67,"nays":10},{"committee":"УИК №1959","vibid":"4164035313072","voters":326,"total":318,"voted":318,"spoiled":0,"yays":279,"nays":39},{"committee":"УИК №1960","vibid":"4164035313073","voters":232,"total":229,"voted":229,"spoiled":0,"yays":207,"nays":22},{"committee":"УИК №1961","vibid":"4164035313074","voters":260,"total":254,"voted":254,"spoiled":0,"yays":223,"nays":31},{"committee":"УИК №1962","vibid":"4164035313075","voters":114,"total":108,"voted":108,"spoiled":0,"yays":96,"nays":12},{"committee":"УИК №1963","vibid":"4164035313076","voters":232,"total":223,"voted":223,"spoiled":0,"yays":210,"nays":13},{"committee":"УИК №1964","vibid":"4164035313077","voters":169,"total":159,"voted":159,"spoiled":0,"yays":144,"nays":15},{"committee":"УИК №1965","vibid":"4164035313078","voters":216,"total":210,"voted":210,"spoiled":0,"yays":185,"nays":25},{"committee":"УИК №1966","vibid":"4164035313079","voters":179,"total":173,"voted":173,"spoiled":0,"yays":157,"nays":16},{"committee":"УИК №1967","vibid":"4164035313080","voters":219,"total":208,"voted":208,"spoiled":0,"yays":193,"nays":15},{"committee":"УИК №1968","vibid":"4164035313081","voters":287,"total":267,"voted":267,"spoiled":0,"yays":232,"nays":35},{"committee":"УИК №1969","vibid":"4164035313082","voters":182,"total":172,"voted":172,"spoiled":0,"yays":151,"nays":21},{"committee":"УИК №1970","vibid":"4164035313083","voters":925,"total":832,"voted":832,"spoiled":0,"yays":722,"nays":110},{"committee":"УИК №1971","vibid":"4164035313084","voters":654,"total":607,"voted":607,"spoiled":0,"yays":526,"nays":81},{"committee":"УИК №1972","vibid":"4164035313085","voters":659,"total":573,"voted":573,"spoiled":0,"yays":504,"nays":69},{"committee":"УИК №1973","vibid":"4164035313086","voters":818,"total":720,"voted":720,"spoiled":0,"yays":597,"nays":123},{"committee":"УИК №1974","vibid":"4164035313087","voters":697,"total":586,"voted":586,"spoiled":0,"yays":492,"nays":94},{"committee":"УИК №1975","vibid":"4164035313088","voters":795,"total":687,"voted":687,"spoiled":0,"yays":570,"nays":117},{"committee":"УИК №1976","vibid":"4164035313089","voters":1037,"total":901,"voted":901,"spoiled":2,"yays":774,"nays":125},{"committee":"УИК №1977","vibid":"4164035313090","voters":1014,"total":864,"voted":864,"spoiled":0,"yays":718,"nays":146},{"committee":"УИК №1978","vibid":"4164035313091","voters":818,"total":712,"voted":712,"spoiled":0,"yays":605,"nays":107},{"committee":"УИК №1979","vibid":"4164035313092","voters":913,"total":814,"voted":814,"spoiled":0,"yays":691,"nays":123},{"committee":"УИК №1980","vibid":"4164035313093","voters":866,"total":762,"voted":762,"spoiled":6,"yays":632,"nays":124},{"committee":"УИК №1981","vibid":"4164035313094","voters":873,"total":769,"voted":769,"spoiled":0,"yays":623,"nays":146},{"committee":"УИК №1982","vibid":"4164035313095","voters":1042,"total":883,"voted":883,"spoiled":0,"yays":724,"nays":159},{"committee":"УИК №1983","vibid":"4164035313096","voters":887,"total":773,"voted":773,"spoiled":0,"yays":632,"nays":141},{"committee":"УИК №1984","vibid":"4164035313097","voters":606,"total":529,"voted":529,"spoiled":0,"yays":448,"nays":81}]