[{"committee":"УИК №44","vibid":"4144004231515","voters":1390,"total":715,"voted":715,"spoiled":4,"yays":406,"nays":305},{"committee":"УИК №45","vibid":"4144004231517","voters":1512,"total":839,"voted":839,"spoiled":8,"yays":450,"nays":381},{"committee":"УИК №46","vibid":"4144004231519","voters":1809,"total":1133,"voted":1133,"spoiled":10,"yays":576,"nays":547},{"committee":"УИК №47","vibid":"4144004231521","voters":290,"total":262,"voted":262,"spoiled":1,"yays":157,"nays":104},{"committee":"УИК №48","vibid":"4144004231522","voters":581,"total":482,"voted":482,"spoiled":5,"yays":243,"nays":234},{"committee":"УИК №49","vibid":"4144004231523","voters":245,"total":215,"voted":215,"spoiled":0,"yays":107,"nays":108},{"committee":"УИК №50","vibid":"4144004231524","voters":757,"total":565,"voted":565,"spoiled":3,"yays":331,"nays":231},{"committee":"УИК №51","vibid":"4144004231525","voters":848,"total":609,"voted":609,"spoiled":4,"yays":380,"nays":225},{"committee":"УИК №52","vibid":"4144004231526","voters":642,"total":466,"voted":466,"spoiled":3,"yays":251,"nays":212},{"committee":"УИК №53","vibid":"4144004231527","voters":387,"total":291,"voted":291,"spoiled":2,"yays":202,"nays":87},{"committee":"УИК №54","vibid":"4144004231528","voters":411,"total":342,"voted":342,"spoiled":3,"yays":214,"nays":125},{"committee":"УИК №55","vibid":"4144004231529","voters":991,"total":867,"voted":867,"spoiled":29,"yays":597,"nays":241},{"committee":"УИК №56","vibid":"4144004231530","voters":418,"total":316,"voted":316,"spoiled":5,"yays":204,"nays":107},{"committee":"УИК №57","vibid":"4144004231531","voters":373,"total":265,"voted":265,"spoiled":1,"yays":159,"nays":105},{"committee":"УИК №58","vibid":"4144004231532","voters":520,"total":415,"voted":415,"spoiled":1,"yays":261,"nays":153},{"committee":"УИК №59","vibid":"4144004231533","voters":371,"total":328,"voted":328,"spoiled":0,"yays":146,"nays":182},{"committee":"УИК №60","vibid":"4144004231534","voters":150,"total":134,"voted":134,"spoiled":0,"yays":91,"nays":43}]