[{"committee":"УИК №2696","vibid":"41640491083560","voters":472,"total":465,"voted":465,"spoiled":1,"yays":441,"nays":23},{"committee":"УИК №2697","vibid":"41640491083561","voters":246,"total":239,"voted":239,"spoiled":2,"yays":229,"nays":8},{"committee":"УИК №2698","vibid":"41640491083562","voters":70,"total":69,"voted":69,"spoiled":0,"yays":69,"nays":0},{"committee":"УИК №2699","vibid":"41640491083563","voters":501,"total":491,"voted":491,"spoiled":0,"yays":480,"nays":11},{"committee":"УИК №2700","vibid":"41640491083564","voters":428,"total":427,"voted":427,"spoiled":0,"yays":413,"nays":14},{"committee":"УИК №2701","vibid":"41640491083565","voters":123,"total":120,"voted":120,"spoiled":0,"yays":118,"nays":2},{"committee":"УИК №2702","vibid":"41640491083566","voters":161,"total":159,"voted":159,"spoiled":1,"yays":147,"nays":11},{"committee":"УИК №2703","vibid":"41640491083567","voters":446,"total":432,"voted":432,"spoiled":0,"yays":418,"nays":14},{"committee":"УИК №2704","vibid":"41640491083568","voters":143,"total":136,"voted":136,"spoiled":0,"yays":123,"nays":13},{"committee":"УИК №2705","vibid":"41640491083569","voters":305,"total":298,"voted":298,"spoiled":0,"yays":291,"nays":7},{"committee":"УИК №2706","vibid":"41640491083570","voters":402,"total":386,"voted":386,"spoiled":0,"yays":369,"nays":17},{"committee":"УИК №2707","vibid":"41640491083571","voters":209,"total":199,"voted":199,"spoiled":0,"yays":189,"nays":10},{"committee":"УИК №2708","vibid":"41640491083572","voters":928,"total":902,"voted":902,"spoiled":16,"yays":841,"nays":45},{"committee":"УИК №2709","vibid":"41640491083573","voters":130,"total":130,"voted":130,"spoiled":0,"yays":125,"nays":5},{"committee":"УИК №2710","vibid":"41640491083574","voters":317,"total":314,"voted":314,"spoiled":0,"yays":311,"nays":3},{"committee":"УИК №2711","vibid":"41640491083575","voters":211,"total":201,"voted":201,"spoiled":0,"yays":187,"nays":14},{"committee":"УИК №2712","vibid":"41640491083576","voters":180,"total":174,"voted":174,"spoiled":0,"yays":169,"nays":5},{"committee":"УИК №2713","vibid":"41640491083577","voters":426,"total":411,"voted":411,"spoiled":0,"yays":397,"nays":14},{"committee":"УИК №2714","vibid":"41640491083578","voters":348,"total":331,"voted":331,"spoiled":0,"yays":307,"nays":24},{"committee":"УИК №2715","vibid":"41640491083579","voters":151,"total":146,"voted":146,"spoiled":0,"yays":136,"nays":10},{"committee":"УИК №2716","vibid":"41640491083580","voters":409,"total":398,"voted":398,"spoiled":0,"yays":359,"nays":39},{"committee":"УИК №2717","vibid":"41640491083581","voters":628,"total":610,"voted":610,"spoiled":0,"yays":579,"nays":31},{"committee":"УИК №2718","vibid":"41640491083582","voters":399,"total":387,"voted":387,"spoiled":0,"yays":364,"nays":23},{"committee":"УИК №2719","vibid":"41640491083583","voters":345,"total":331,"voted":331,"spoiled":0,"yays":313,"nays":18},{"committee":"УИК №2720","vibid":"41640491083584","voters":400,"total":396,"voted":396,"spoiled":0,"yays":379,"nays":17},{"committee":"УИК №2721","vibid":"41640491083585","voters":575,"total":564,"voted":564,"spoiled":0,"yays":548,"nays":16},{"committee":"УИК №2722","vibid":"41640491083586","voters":1204,"total":1149,"voted":1149,"spoiled":2,"yays":1059,"nays":88},{"committee":"УИК №2723","vibid":"41640491083587","voters":1188,"total":1086,"voted":1086,"spoiled":1,"yays":998,"nays":87},{"committee":"УИК №2724","vibid":"41640491083588","voters":1202,"total":1126,"voted":1126,"spoiled":0,"yays":990,"nays":136},{"committee":"УИК №2725","vibid":"41640491083589","voters":868,"total":841,"voted":841,"spoiled":4,"yays":782,"nays":55},{"committee":"УИК №2726","vibid":"41640491083590","voters":342,"total":329,"voted":329,"spoiled":0,"yays":307,"nays":22},{"committee":"УИК №2727","vibid":"41640491083591","voters":345,"total":342,"voted":342,"spoiled":0,"yays":338,"nays":4},{"committee":"УИК №2728","vibid":"41640491083592","voters":280,"total":276,"voted":276,"spoiled":0,"yays":273,"nays":3},{"committee":"УИК №2729","vibid":"41640491083593","voters":86,"total":86,"voted":86,"spoiled":0,"yays":83,"nays":3}]