[{"committee":"УИК №118","vibid":"4144009323952","voters":512,"total":241,"voted":241,"spoiled":0,"yays":149,"nays":92},{"committee":"УИК №119","vibid":"4144009323953","voters":625,"total":323,"voted":323,"spoiled":1,"yays":219,"nays":103},{"committee":"УИК №120","vibid":"4144009323954","voters":893,"total":340,"voted":340,"spoiled":4,"yays":231,"nays":105},{"committee":"УИК №121","vibid":"4144009323955","voters":502,"total":173,"voted":173,"spoiled":1,"yays":135,"nays":37},{"committee":"УИК №122","vibid":"4144009323956","voters":352,"total":143,"voted":143,"spoiled":4,"yays":91,"nays":48},{"committee":"УИК №123","vibid":"4144009323957","voters":825,"total":473,"voted":473,"spoiled":5,"yays":345,"nays":123},{"committee":"УИК №124","vibid":"4144009323958","voters":151,"total":121,"voted":121,"spoiled":1,"yays":108,"nays":12},{"committee":"УИК №125","vibid":"4144009323959","voters":654,"total":412,"voted":412,"spoiled":0,"yays":302,"nays":110},{"committee":"УИК №126","vibid":"4144009323960","voters":615,"total":408,"voted":408,"spoiled":3,"yays":304,"nays":101},{"committee":"УИК №127","vibid":"4144009323961","voters":383,"total":229,"voted":229,"spoiled":0,"yays":165,"nays":64},{"committee":"УИК №128","vibid":"4144009323962","voters":388,"total":273,"voted":273,"spoiled":1,"yays":181,"nays":91},{"committee":"УИК №129","vibid":"4144009323963","voters":111,"total":88,"voted":88,"spoiled":0,"yays":37,"nays":51},{"committee":"УИК №130","vibid":"4144009323964","voters":367,"total":258,"voted":258,"spoiled":1,"yays":179,"nays":78},{"committee":"УИК №131","vibid":"4144009323965","voters":324,"total":216,"voted":216,"spoiled":5,"yays":122,"nays":89},{"committee":"УИК №132","vibid":"4144009323966","voters":281,"total":213,"voted":213,"spoiled":3,"yays":155,"nays":55},{"committee":"УИК №133","vibid":"4144009323967","voters":246,"total":166,"voted":166,"spoiled":2,"yays":123,"nays":41},{"committee":"УИК №134","vibid":"4144009323968","voters":233,"total":168,"voted":168,"spoiled":1,"yays":121,"nays":46},{"committee":"УИК №135","vibid":"4144009323969","voters":232,"total":166,"voted":166,"spoiled":0,"yays":131,"nays":35},{"committee":"УИК №136","vibid":"4144009323970","voters":220,"total":123,"voted":123,"spoiled":6,"yays":77,"nays":40},{"committee":"УИК №137","vibid":"4144009323971","voters":117,"total":76,"voted":76,"spoiled":2,"yays":59,"nays":15},{"committee":"УИК №138","vibid":"4144009323972","voters":151,"total":110,"voted":110,"spoiled":1,"yays":79,"nays":30},{"committee":"УИК №139","vibid":"4144009323973","voters":60,"total":46,"voted":46,"spoiled":1,"yays":35,"nays":10},{"committee":"УИК №816","vibid":"4144009327551","voters":56,"total":56,"voted":56,"spoiled":1,"yays":23,"nays":32}]