[{"committee":"УИК №608","vibid":"4114006215615","voters":366,"total":237,"voted":237,"spoiled":1,"yays":177,"nays":59},{"committee":"УИК №609","vibid":"4114006215616","voters":466,"total":308,"voted":308,"spoiled":5,"yays":192,"nays":111},{"committee":"УИК №610","vibid":"4114006215617","voters":255,"total":194,"voted":194,"spoiled":3,"yays":140,"nays":51},{"committee":"УИК №611","vibid":"4114006215618","voters":318,"total":274,"voted":274,"spoiled":4,"yays":196,"nays":74},{"committee":"УИК №612","vibid":"4114006215619","voters":115,"total":92,"voted":92,"spoiled":0,"yays":77,"nays":15},{"committee":"УИК №613","vibid":"4114006215620","voters":193,"total":148,"voted":148,"spoiled":3,"yays":117,"nays":28},{"committee":"УИК №614","vibid":"4114006215621","voters":265,"total":168,"voted":168,"spoiled":0,"yays":145,"nays":23},{"committee":"УИК №615","vibid":"4114006215622","voters":159,"total":100,"voted":100,"spoiled":1,"yays":80,"nays":19},{"committee":"УИК №616","vibid":"4114006215623","voters":1433,"total":810,"voted":810,"spoiled":3,"yays":600,"nays":207},{"committee":"УИК №617","vibid":"4114006215624","voters":1160,"total":748,"voted":748,"spoiled":0,"yays":551,"nays":197},{"committee":"УИК №618","vibid":"4114006215625","voters":1040,"total":698,"voted":698,"spoiled":8,"yays":484,"nays":206},{"committee":"УИК №619","vibid":"4114006215626","voters":372,"total":261,"voted":261,"spoiled":3,"yays":207,"nays":51},{"committee":"УИК №621","vibid":"4114006215627","voters":834,"total":559,"voted":559,"spoiled":2,"yays":412,"nays":145}]