[{"committee":"УИК №878","vibid":"4164008324699","voters":882,"total":853,"voted":853,"spoiled":0,"yays":809,"nays":44},{"committee":"УИК №879","vibid":"4164008324700","voters":733,"total":711,"voted":711,"spoiled":0,"yays":698,"nays":13},{"committee":"УИК №880","vibid":"4164008324701","voters":1102,"total":1047,"voted":1047,"spoiled":8,"yays":967,"nays":72},{"committee":"УИК №881","vibid":"4164008324702","voters":1060,"total":984,"voted":984,"spoiled":0,"yays":935,"nays":49},{"committee":"УИК №882","vibid":"4164008324703","voters":294,"total":282,"voted":282,"spoiled":0,"yays":256,"nays":26},{"committee":"УИК №883","vibid":"4164008324704","voters":231,"total":225,"voted":225,"spoiled":0,"yays":215,"nays":10},{"committee":"УИК №884","vibid":"4164008324705","voters":121,"total":121,"voted":121,"spoiled":0,"yays":118,"nays":3},{"committee":"УИК №885","vibid":"4164008324706","voters":155,"total":152,"voted":152,"spoiled":0,"yays":149,"nays":3},{"committee":"УИК №886","vibid":"4164008324707","voters":350,"total":340,"voted":340,"spoiled":0,"yays":327,"nays":13},{"committee":"УИК №887","vibid":"4164008324708","voters":166,"total":165,"voted":165,"spoiled":0,"yays":164,"nays":1},{"committee":"УИК №888","vibid":"4164008324709","voters":282,"total":274,"voted":274,"spoiled":0,"yays":263,"nays":11},{"committee":"УИК №889","vibid":"4164008324710","voters":308,"total":299,"voted":299,"spoiled":0,"yays":287,"nays":12},{"committee":"УИК №890","vibid":"4164008324711","voters":154,"total":152,"voted":152,"spoiled":0,"yays":150,"nays":2},{"committee":"УИК №891","vibid":"4164008324712","voters":178,"total":175,"voted":175,"spoiled":0,"yays":170,"nays":5},{"committee":"УИК №892","vibid":"4164008324713","voters":222,"total":222,"voted":222,"spoiled":0,"yays":214,"nays":8},{"committee":"УИК №893","vibid":"4164008324714","voters":183,"total":181,"voted":181,"spoiled":0,"yays":175,"nays":6},{"committee":"УИК №894","vibid":"4164008324715","voters":131,"total":130,"voted":130,"spoiled":0,"yays":126,"nays":4},{"committee":"УИК №895","vibid":"4164008324716","voters":91,"total":91,"voted":91,"spoiled":0,"yays":87,"nays":4},{"committee":"УИК №896","vibid":"4164008324717","voters":230,"total":227,"voted":227,"spoiled":0,"yays":225,"nays":2},{"committee":"УИК №897","vibid":"4164008324718","voters":144,"total":142,"voted":142,"spoiled":0,"yays":139,"nays":3},{"committee":"УИК №898","vibid":"4164008324719","voters":315,"total":311,"voted":311,"spoiled":0,"yays":308,"nays":3},{"committee":"УИК №899","vibid":"4164008324720","voters":187,"total":183,"voted":183,"spoiled":0,"yays":177,"nays":6},{"committee":"УИК №900","vibid":"4164008324721","voters":209,"total":206,"voted":206,"spoiled":0,"yays":203,"nays":3},{"committee":"УИК №901","vibid":"4164008324722","voters":107,"total":102,"voted":102,"spoiled":0,"yays":99,"nays":3},{"committee":"УИК №902","vibid":"4164008324723","voters":269,"total":265,"voted":265,"spoiled":0,"yays":263,"nays":2},{"committee":"УИК №903","vibid":"4164008324724","voters":101,"total":101,"voted":101,"spoiled":0,"yays":96,"nays":5},{"committee":"УИК №904","vibid":"4164008324725","voters":140,"total":138,"voted":138,"spoiled":0,"yays":136,"nays":2},{"committee":"УИК №905","vibid":"4164008324726","voters":112,"total":111,"voted":111,"spoiled":0,"yays":108,"nays":3},{"committee":"УИК №906","vibid":"4164008324727","voters":678,"total":641,"voted":641,"spoiled":0,"yays":617,"nays":24},{"committee":"УИК №907","vibid":"4164008324728","voters":552,"total":535,"voted":535,"spoiled":4,"yays":513,"nays":18},{"committee":"УИК №908","vibid":"4164008324729","voters":403,"total":397,"voted":397,"spoiled":0,"yays":377,"nays":20},{"committee":"УИК №909","vibid":"4164008324730","voters":433,"total":425,"voted":425,"spoiled":0,"yays":409,"nays":16},{"committee":"УИК №910","vibid":"4164008324731","voters":257,"total":257,"voted":257,"spoiled":1,"yays":252,"nays":4},{"committee":"УИК №911","vibid":"4164008324732","voters":57,"total":57,"voted":57,"spoiled":0,"yays":56,"nays":1},{"committee":"УИК №912","vibid":"4164008324733","voters":192,"total":190,"voted":190,"spoiled":0,"yays":186,"nays":4},{"committee":"УИК №913","vibid":"4164008324734","voters":207,"total":203,"voted":203,"spoiled":0,"yays":198,"nays":5},{"committee":"УИК №914","vibid":"4164008324735","voters":74,"total":73,"voted":73,"spoiled":0,"yays":73,"nays":0},{"committee":"УИК №915","vibid":"4164008324736","voters":273,"total":266,"voted":266,"spoiled":0,"yays":264,"nays":2},{"committee":"УИК №916","vibid":"4164008324737","voters":246,"total":243,"voted":243,"spoiled":2,"yays":234,"nays":7},{"committee":"УИК №917","vibid":"4164008324738","voters":110,"total":110,"voted":110,"spoiled":0,"yays":109,"nays":1},{"committee":"УИК №918","vibid":"4164008324739","voters":387,"total":381,"voted":381,"spoiled":0,"yays":373,"nays":8},{"committee":"УИК №919","vibid":"4164008324740","voters":207,"total":203,"voted":203,"spoiled":0,"yays":199,"nays":4},{"committee":"УИК №920","vibid":"4164008324741","voters":99,"total":99,"voted":99,"spoiled":0,"yays":98,"nays":1},{"committee":"УИК №921","vibid":"4164008324742","voters":301,"total":291,"voted":291,"spoiled":0,"yays":281,"nays":10},{"committee":"УИК №922","vibid":"4164008324743","voters":181,"total":177,"voted":177,"spoiled":0,"yays":173,"nays":4},{"committee":"УИК №923","vibid":"4164008324744","voters":359,"total":344,"voted":344,"spoiled":0,"yays":334,"nays":10},{"committee":"УИК №924","vibid":"4164008324745","voters":95,"total":95,"voted":95,"spoiled":0,"yays":91,"nays":4},{"committee":"УИК №925","vibid":"4164008324746","voters":243,"total":242,"voted":242,"spoiled":0,"yays":239,"nays":3},{"committee":"УИК №926","vibid":"4164008324747","voters":110,"total":108,"voted":108,"spoiled":0,"yays":106,"nays":2},{"committee":"УИК №927","vibid":"4164008324748","voters":251,"total":244,"voted":244,"spoiled":0,"yays":234,"nays":10},{"committee":"УИК №928","vibid":"4164008324749","voters":308,"total":298,"voted":298,"spoiled":0,"yays":289,"nays":9},{"committee":"УИК №929","vibid":"4164008324750","voters":276,"total":268,"voted":268,"spoiled":0,"yays":260,"nays":8},{"committee":"УИК №930","vibid":"4164008324751","voters":139,"total":139,"voted":139,"spoiled":0,"yays":138,"nays":1},{"committee":"УИК №931","vibid":"4164008324752","voters":109,"total":107,"voted":107,"spoiled":0,"yays":102,"nays":5},{"committee":"УИК №932","vibid":"4164008324753","voters":141,"total":136,"voted":136,"spoiled":0,"yays":132,"nays":4},{"committee":"УИК №933","vibid":"4164008324754","voters":192,"total":189,"voted":189,"spoiled":0,"yays":182,"nays":7},{"committee":"УИК №934","vibid":"4164008324755","voters":93,"total":88,"voted":88,"spoiled":0,"yays":88,"nays":0}]