[{"committee":"УИК №2184","vibid":"4164038391898","voters":2171,"total":1764,"voted":1764,"spoiled":2,"yays":1749,"nays":13},{"committee":"УИК №2185","vibid":"4164038391899","voters":1879,"total":1516,"voted":1516,"spoiled":6,"yays":1202,"nays":308},{"committee":"УИК №2186","vibid":"4164038391900","voters":1958,"total":1578,"voted":1578,"spoiled":10,"yays":1262,"nays":306},{"committee":"УИК №2188","vibid":"4164038391902","voters":1391,"total":1304,"voted":1304,"spoiled":0,"yays":1043,"nays":261},{"committee":"УИК №2191","vibid":"4164038391905","voters":1658,"total":1408,"voted":1408,"spoiled":15,"yays":1331,"nays":62},{"committee":"УИК №2193","vibid":"4164038391907","voters":1450,"total":1190,"voted":1190,"spoiled":9,"yays":1036,"nays":145},{"committee":"УИК №2194","vibid":"4164038394495","voters":171,"total":166,"voted":166,"spoiled":0,"yays":152,"nays":14},{"committee":"УИК №2197","vibid":"4164038391911","voters":1783,"total":1578,"voted":1578,"spoiled":0,"yays":1309,"nays":269},{"committee":"УИК №2198","vibid":"4164038391912","voters":2064,"total":1664,"voted":1664,"spoiled":7,"yays":1332,"nays":325},{"committee":"УИК №2199","vibid":"4164038391913","voters":2110,"total":1794,"voted":1794,"spoiled":11,"yays":1471,"nays":312},{"committee":"УИК №2203","vibid":"4164038391917","voters":2148,"total":1887,"voted":1887,"spoiled":15,"yays":1622,"nays":250},{"committee":"УИК №2206","vibid":"4164038391920","voters":2409,"total":2049,"voted":2049,"spoiled":0,"yays":1745,"nays":304},{"committee":"УИК №2208","vibid":"4164038391922","voters":1802,"total":1453,"voted":1453,"spoiled":11,"yays":1165,"nays":277},{"committee":"УИК №2209","vibid":"4164038391923","voters":1971,"total":1563,"voted":1563,"spoiled":8,"yays":1221,"nays":334},{"committee":"УИК №2213","vibid":"4164038391927","voters":1961,"total":1573,"voted":1573,"spoiled":0,"yays":1259,"nays":314},{"committee":"УИК №2214","vibid":"4164038391928","voters":2721,"total":2275,"voted":2275,"spoiled":3,"yays":1943,"nays":329},{"committee":"УИК №2219","vibid":"4164038391933","voters":2069,"total":1676,"voted":1676,"spoiled":3,"yays":1656,"nays":17},{"committee":"УИК №2220","vibid":"4164038391934","voters":2144,"total":1729,"voted":1729,"spoiled":4,"yays":1707,"nays":18},{"committee":"УИК №2221","vibid":"4164038391935","voters":1793,"total":1432,"voted":1432,"spoiled":10,"yays":1039,"nays":383},{"committee":"УИК №2222","vibid":"4164038391936","voters":1803,"total":1539,"voted":1539,"spoiled":41,"yays":1273,"nays":225},{"committee":"УИК №2223","vibid":"4164038391937","voters":1964,"total":1572,"voted":1572,"spoiled":0,"yays":1257,"nays":315},{"committee":"УИК №2230","vibid":"4164038391944","voters":2046,"total":1689,"voted":1689,"spoiled":0,"yays":1385,"nays":304},{"committee":"УИК №2231","vibid":"4164038391945","voters":2087,"total":1683,"voted":1683,"spoiled":0,"yays":1343,"nays":340},{"committee":"УИК №2232","vibid":"4164038394496","voters":106,"total":84,"voted":84,"spoiled":0,"yays":77,"nays":7},{"committee":"УИК №2236","vibid":"4164038391950","voters":2490,"total":2015,"voted":2010,"spoiled":26,"yays":1612,"nays":372},{"committee":"УИК №2243","vibid":"4164038391957","voters":1973,"total":1583,"voted":1583,"spoiled":0,"yays":1267,"nays":316},{"committee":"УИК №2244","vibid":"4164038391958","voters":1971,"total":1580,"voted":1580,"spoiled":8,"yays":1264,"nays":308},{"committee":"УИК №2245","vibid":"4164038391959","voters":2394,"total":1916,"voted":1916,"spoiled":9,"yays":1534,"nays":373},{"committee":"УИК №2247","vibid":"4164038391961","voters":2816,"total":2152,"voted":2152,"spoiled":110,"yays":1177,"nays":865},{"committee":"УИК №2248","vibid":"4164038391962","voters":2687,"total":2111,"voted":2111,"spoiled":27,"yays":1450,"nays":634},{"committee":"УИК №2252","vibid":"4164038391966","voters":1888,"total":1538,"voted":1538,"spoiled":3,"yays":1196,"nays":339},{"committee":"УИК №2253","vibid":"4164038391967","voters":2086,"total":1842,"voted":1842,"spoiled":0,"yays":1639,"nays":203},{"committee":"УИК №2256","vibid":"4164038391970","voters":1894,"total":1522,"voted":1521,"spoiled":5,"yays":1255,"nays":261},{"committee":"УИК №2258","vibid":"4164038391972","voters":2263,"total":2082,"voted":2082,"spoiled":0,"yays":1888,"nays":194},{"committee":"УИК №2259","vibid":"4164038391973","voters":1987,"total":1593,"voted":1593,"spoiled":16,"yays":1262,"nays":315},{"committee":"УИК №2260","vibid":"4164038391974","voters":2948,"total":2377,"voted":2377,"spoiled":5,"yays":1896,"nays":476},{"committee":"УИК №2262","vibid":"4164038391976","voters":3129,"total":2551,"voted":2551,"spoiled":0,"yays":2041,"nays":510}]