[{"committee":"УИК №1093","vibid":"4164013250870","voters":1775,"total":1545,"voted":1545,"spoiled":15,"yays":1209,"nays":321},{"committee":"УИК №1094","vibid":"4164013250871","voters":1571,"total":1376,"voted":1376,"spoiled":9,"yays":1087,"nays":280},{"committee":"УИК №1095","vibid":"4164013250872","voters":1606,"total":1405,"voted":1405,"spoiled":12,"yays":1104,"nays":289},{"committee":"УИК №1096","vibid":"4164013250873","voters":1562,"total":1358,"voted":1358,"spoiled":8,"yays":1144,"nays":206},{"committee":"УИК №1097","vibid":"4164013250874","voters":1397,"total":1256,"voted":1256,"spoiled":0,"yays":990,"nays":266},{"committee":"УИК №1098","vibid":"4164013250875","voters":842,"total":751,"voted":751,"spoiled":0,"yays":660,"nays":91},{"committee":"УИК №1099","vibid":"4164013250876","voters":1593,"total":1404,"voted":1404,"spoiled":0,"yays":1233,"nays":171},{"committee":"УИК №1100","vibid":"4164013250877","voters":1150,"total":962,"voted":962,"spoiled":3,"yays":745,"nays":214},{"committee":"УИК №1101","vibid":"4164013250878","voters":1409,"total":1192,"voted":1192,"spoiled":10,"yays":942,"nays":240},{"committee":"УИК №1102","vibid":"4164013250879","voters":1096,"total":908,"voted":908,"spoiled":0,"yays":735,"nays":173},{"committee":"УИК №1103","vibid":"4164013250880","voters":1179,"total":999,"voted":999,"spoiled":0,"yays":748,"nays":251},{"committee":"УИК №1104","vibid":"4164013250881","voters":932,"total":782,"voted":782,"spoiled":0,"yays":626,"nays":156},{"committee":"УИК №1105","vibid":"4164013250882","voters":2118,"total":1857,"voted":1857,"spoiled":16,"yays":1465,"nays":376},{"committee":"УИК №1106","vibid":"4164013250883","voters":1355,"total":1178,"voted":1178,"spoiled":0,"yays":955,"nays":223},{"committee":"УИК №1107","vibid":"4164013250884","voters":1324,"total":1126,"voted":1126,"spoiled":0,"yays":890,"nays":236},{"committee":"УИК №1108","vibid":"4164013250885","voters":1245,"total":1058,"voted":1058,"spoiled":0,"yays":794,"nays":264},{"committee":"УИК №1109","vibid":"4164013250886","voters":1592,"total":1382,"voted":1382,"spoiled":17,"yays":1106,"nays":259},{"committee":"УИК №1110","vibid":"4164013250887","voters":1870,"total":1760,"voted":1568,"spoiled":0,"yays":1240,"nays":328},{"committee":"УИК №1111","vibid":"4164013250888","voters":1245,"total":1102,"voted":1102,"spoiled":0,"yays":842,"nays":260},{"committee":"УИК №1112","vibid":"4164013250889","voters":1157,"total":1012,"voted":1012,"spoiled":0,"yays":877,"nays":135},{"committee":"УИК №1113","vibid":"4164013250890","voters":1033,"total":851,"voted":851,"spoiled":0,"yays":673,"nays":178},{"committee":"УИК №1115","vibid":"4164013250891","voters":1921,"total":1580,"voted":1579,"spoiled":18,"yays":1341,"nays":220},{"committee":"УИК №1116","vibid":"4164013250892","voters":1583,"total":1379,"voted":1379,"spoiled":12,"yays":1107,"nays":260},{"committee":"УИК №1117","vibid":"4164013250893","voters":1638,"total":1388,"voted":1384,"spoiled":27,"yays":1048,"nays":309},{"committee":"УИК №1118","vibid":"4164013250894","voters":1823,"total":1564,"voted":1564,"spoiled":0,"yays":1239,"nays":325},{"committee":"УИК №1119","vibid":"4164013250895","voters":1476,"total":1181,"voted":1181,"spoiled":4,"yays":932,"nays":245},{"committee":"УИК №1120","vibid":"4164013250896","voters":1412,"total":1185,"voted":1185,"spoiled":0,"yays":936,"nays":249},{"committee":"УИК №1121","vibid":"4164013250897","voters":1186,"total":1009,"voted":1009,"spoiled":6,"yays":799,"nays":204},{"committee":"УИК №1122","vibid":"4164013250898","voters":1088,"total":960,"voted":960,"spoiled":0,"yays":759,"nays":201},{"committee":"УИК №1123","vibid":"4164013250899","voters":1056,"total":897,"voted":897,"spoiled":2,"yays":743,"nays":152},{"committee":"УИК №1124","vibid":"4164013250900","voters":1023,"total":871,"voted":871,"spoiled":8,"yays":698,"nays":165},{"committee":"УИК №1125","vibid":"4164013250901","voters":1210,"total":1029,"voted":1029,"spoiled":2,"yays":833,"nays":194},{"committee":"УИК №1126","vibid":"4164013250902","voters":1640,"total":1356,"voted":1356,"spoiled":12,"yays":1071,"nays":273},{"committee":"УИК №1127","vibid":"4164013250903","voters":1432,"total":1222,"voted":1222,"spoiled":12,"yays":966,"nays":244},{"committee":"УИК №1128","vibid":"4164013250904","voters":1479,"total":1257,"voted":1257,"spoiled":11,"yays":1005,"nays":241},{"committee":"УИК №1129","vibid":"4164013250905","voters":1530,"total":1301,"voted":1301,"spoiled":9,"yays":1021,"nays":271},{"committee":"УИК №1130","vibid":"4164013250906","voters":1583,"total":1339,"voted":1339,"spoiled":0,"yays":1057,"nays":282},{"committee":"УИК №1131","vibid":"4164013250907","voters":1743,"total":1398,"voted":1398,"spoiled":8,"yays":1098,"nays":292},{"committee":"УИК №1132","vibid":"4164013250908","voters":1134,"total":924,"voted":924,"spoiled":0,"yays":709,"nays":215},{"committee":"УИК №1133","vibid":"4164013250909","voters":1136,"total":951,"voted":951,"spoiled":0,"yays":782,"nays":169},{"committee":"УИК №1134","vibid":"4164013250910","voters":1473,"total":1243,"voted":1243,"spoiled":6,"yays":983,"nays":254},{"committee":"УИК №1135","vibid":"4164013250911","voters":1610,"total":1352,"voted":1352,"spoiled":8,"yays":1070,"nays":274},{"committee":"УИК №1136","vibid":"4164013250912","voters":1123,"total":954,"voted":954,"spoiled":0,"yays":754,"nays":200},{"committee":"УИК №1137","vibid":"4164013250913","voters":943,"total":802,"voted":802,"spoiled":7,"yays":629,"nays":166},{"committee":"УИК №1138","vibid":"4164013250914","voters":1466,"total":1198,"voted":1198,"spoiled":0,"yays":876,"nays":322},{"committee":"УИК №1140","vibid":"4164013250915","voters":1728,"total":1468,"voted":1468,"spoiled":0,"yays":1023,"nays":445},{"committee":"УИК №1141","vibid":"4164013252015","voters":93,"total":93,"voted":93,"spoiled":0,"yays":78,"nays":15},{"committee":"УИК №1142","vibid":"4164013252016","voters":285,"total":285,"voted":285,"spoiled":0,"yays":279,"nays":6}]