[{"committee":"УИК №187","vibid":"4164025318974","voters":1581,"total":1023,"voted":1019,"spoiled":4,"yays":797,"nays":218},{"committee":"УИК №188","vibid":"4164025318975","voters":1786,"total":1155,"voted":1154,"spoiled":7,"yays":900,"nays":247},{"committee":"УИК №189","vibid":"4164025318976","voters":1860,"total":1201,"voted":1196,"spoiled":35,"yays":931,"nays":230},{"committee":"УИК №190","vibid":"4164025318977","voters":1938,"total":1254,"voted":1250,"spoiled":30,"yays":972,"nays":248},{"committee":"УИК №193","vibid":"4164025318980","voters":1334,"total":860,"voted":850,"spoiled":10,"yays":655,"nays":185},{"committee":"УИК №194","vibid":"4164025318981","voters":1892,"total":1218,"voted":1215,"spoiled":10,"yays":944,"nays":261},{"committee":"УИК №195","vibid":"4164025318982","voters":2022,"total":1309,"voted":1306,"spoiled":11,"yays":1025,"nays":270},{"committee":"УИК №198","vibid":"4164025318985","voters":2046,"total":1330,"voted":1328,"spoiled":7,"yays":1042,"nays":279},{"committee":"УИК №201","vibid":"4164025318988","voters":1744,"total":1125,"voted":1123,"spoiled":3,"yays":872,"nays":248},{"committee":"УИК №202","vibid":"4164025318989","voters":1860,"total":1198,"voted":1197,"spoiled":2,"yays":936,"nays":259},{"committee":"УИК №207","vibid":"4164025318994","voters":2164,"total":1396,"voted":1393,"spoiled":8,"yays":1089,"nays":296},{"committee":"УИК №208","vibid":"4164025318995","voters":2480,"total":1599,"voted":1596,"spoiled":9,"yays":1248,"nays":339},{"committee":"УИК №212","vibid":"4164025318999","voters":2433,"total":1574,"voted":1570,"spoiled":14,"yays":1232,"nays":324},{"committee":"УИК №214","vibid":"4164025319001","voters":2097,"total":1356,"voted":1352,"spoiled":19,"yays":1058,"nays":275},{"committee":"УИК №215","vibid":"4164025319002","voters":2272,"total":1464,"voted":1460,"spoiled":10,"yays":1154,"nays":296},{"committee":"УИК №217","vibid":"4164025319004","voters":2081,"total":1338,"voted":1334,"spoiled":9,"yays":1070,"nays":255},{"committee":"УИК №218","vibid":"4164025319005","voters":1606,"total":1036,"voted":1033,"spoiled":20,"yays":806,"nays":207},{"committee":"УИК №223","vibid":"4164025319010","voters":2200,"total":1423,"voted":1422,"spoiled":3,"yays":1115,"nays":304},{"committee":"УИК №234","vibid":"4164025319021","voters":2512,"total":1623,"voted":1621,"spoiled":5,"yays":1268,"nays":348},{"committee":"УИК №237","vibid":"4164025319024","voters":2509,"total":1615,"voted":1610,"spoiled":10,"yays":1249,"nays":351},{"committee":"УИК №240","vibid":"4164025319027","voters":2540,"total":1825,"voted":1825,"spoiled":39,"yays":1376,"nays":410},{"committee":"УИК №241","vibid":"4164025319028","voters":2462,"total":1581,"voted":1577,"spoiled":10,"yays":1273,"nays":294},{"committee":"УИК №244","vibid":"4164025319031","voters":2542,"total":1633,"voted":1630,"spoiled":6,"yays":1274,"nays":350},{"committee":"УИК №245","vibid":"4164025319032","voters":2566,"total":1650,"voted":1647,"spoiled":11,"yays":1292,"nays":344},{"committee":"УИК №246","vibid":"4164025319033","voters":2615,"total":1681,"voted":1677,"spoiled":12,"yays":1312,"nays":353},{"committee":"УИК №250","vibid":"4164025319037","voters":2738,"total":1756,"voted":1753,"spoiled":14,"yays":1366,"nays":373},{"committee":"УИК №254","vibid":"4164025319041","voters":2357,"total":1513,"voted":1500,"spoiled":25,"yays":1169,"nays":306},{"committee":"УИК №257","vibid":"4164025319044","voters":2355,"total":1512,"voted":1509,"spoiled":12,"yays":1179,"nays":318},{"committee":"УИК №259","vibid":"4164025319046","voters":2593,"total":830,"voted":827,"spoiled":7,"yays":420,"nays":400},{"committee":"УИК №2759","vibid":"4164025319504","voters":121,"total":115,"voted":115,"spoiled":4,"yays":80,"nays":31},{"committee":"УИК №2760","vibid":"4164025319505","voters":94,"total":93,"voted":93,"spoiled":2,"yays":41,"nays":50}]