[{"committee":"УИК №657","vibid":"4144033241039","voters":536,"total":351,"voted":351,"spoiled":0,"yays":185,"nays":166},{"committee":"УИК №658","vibid":"4144033241041","voters":268,"total":254,"voted":254,"spoiled":1,"yays":171,"nays":82},{"committee":"УИК №659","vibid":"4144033241042","voters":291,"total":165,"voted":165,"spoiled":2,"yays":95,"nays":68},{"committee":"УИК №660","vibid":"4144033241043","voters":408,"total":336,"voted":336,"spoiled":2,"yays":214,"nays":120},{"committee":"УИК №661","vibid":"4144033241044","voters":26,"total":21,"voted":21,"spoiled":0,"yays":15,"nays":6},{"committee":"УИК №662","vibid":"4144033241045","voters":813,"total":431,"voted":431,"spoiled":4,"yays":241,"nays":186},{"committee":"УИК №663","vibid":"4144033241046","voters":343,"total":269,"voted":269,"spoiled":3,"yays":173,"nays":93},{"committee":"УИК №664","vibid":"4144033241047","voters":586,"total":420,"voted":420,"spoiled":3,"yays":214,"nays":203},{"committee":"УИК №665","vibid":"4144033241048","voters":756,"total":517,"voted":517,"spoiled":5,"yays":298,"nays":214},{"committee":"УИК №666","vibid":"4144033241049","voters":45,"total":40,"voted":40,"spoiled":0,"yays":35,"nays":5},{"committee":"УИК №667","vibid":"4144033241050","voters":400,"total":318,"voted":318,"spoiled":1,"yays":252,"nays":65},{"committee":"УИК №668","vibid":"4144033241051","voters":38,"total":32,"voted":32,"spoiled":1,"yays":24,"nays":7},{"committee":"УИК №669","vibid":"4144033241052","voters":588,"total":361,"voted":361,"spoiled":2,"yays":221,"nays":138},{"committee":"УИК №670","vibid":"4144033241053","voters":121,"total":100,"voted":100,"spoiled":0,"yays":45,"nays":55},{"committee":"УИК №671","vibid":"4144033241054","voters":93,"total":82,"voted":82,"spoiled":0,"yays":40,"nays":42},{"committee":"УИК №672","vibid":"4144033241055","voters":46,"total":38,"voted":38,"spoiled":0,"yays":26,"nays":12},{"committee":"УИК №673","vibid":"4144033241056","voters":336,"total":241,"voted":241,"spoiled":1,"yays":133,"nays":107},{"committee":"УИК №674","vibid":"4144033241057","voters":571,"total":459,"voted":459,"spoiled":3,"yays":270,"nays":186},{"committee":"УИК №675","vibid":"4144033241058","voters":425,"total":320,"voted":320,"spoiled":2,"yays":210,"nays":108},{"committee":"УИК №676","vibid":"4144033241059","voters":47,"total":34,"voted":34,"spoiled":0,"yays":25,"nays":9},{"committee":"УИК №677","vibid":"4144033241060","voters":422,"total":315,"voted":315,"spoiled":1,"yays":185,"nays":129},{"committee":"УИК №678","vibid":"4144033241061","voters":824,"total":539,"voted":539,"spoiled":2,"yays":328,"nays":209},{"committee":"УИК №679","vibid":"4144033241062","voters":36,"total":30,"voted":30,"spoiled":0,"yays":26,"nays":4},{"committee":"УИК №680","vibid":"4144033241063","voters":396,"total":277,"voted":277,"spoiled":1,"yays":140,"nays":136},{"committee":"УИК №681","vibid":"4144033241064","voters":925,"total":526,"voted":526,"spoiled":0,"yays":282,"nays":244},{"committee":"УИК №682","vibid":"4144033241065","voters":1527,"total":787,"voted":787,"spoiled":3,"yays":403,"nays":381},{"committee":"УИК №683","vibid":"4144033241066","voters":1534,"total":801,"voted":801,"spoiled":5,"yays":377,"nays":419},{"committee":"УИК №684","vibid":"4144033241067","voters":1238,"total":650,"voted":650,"spoiled":1,"yays":339,"nays":310},{"committee":"УИК №685","vibid":"4144033241068","voters":1508,"total":835,"voted":835,"spoiled":3,"yays":463,"nays":369}]