[{"committee":"УИК №33","vibid":"4174001129690","voters":1488,"total":1273,"voted":1273,"spoiled":0,"yays":1244,"nays":29},{"committee":"УИК №34","vibid":"4174001129691","voters":1104,"total":1059,"voted":1059,"spoiled":0,"yays":1027,"nays":32},{"committee":"УИК №35","vibid":"4174001129692","voters":1156,"total":1096,"voted":1095,"spoiled":1,"yays":1057,"nays":37},{"committee":"УИК №36","vibid":"4174001129693","voters":1257,"total":1173,"voted":1173,"spoiled":2,"yays":1147,"nays":24},{"committee":"УИК №37","vibid":"4174001129694","voters":1256,"total":1118,"voted":1118,"spoiled":0,"yays":1084,"nays":34},{"committee":"УИК №38","vibid":"4174001129695","voters":1141,"total":970,"voted":970,"spoiled":1,"yays":939,"nays":30}]