[{"committee":"УИК №689","vibid":"4144035495009","voters":1775,"total":808,"voted":808,"spoiled":7,"yays":413,"nays":388},{"committee":"УИК №690","vibid":"4144035495010","voters":2223,"total":802,"voted":802,"spoiled":4,"yays":385,"nays":413},{"committee":"УИК №691","vibid":"4144035495011","voters":1005,"total":529,"voted":529,"spoiled":4,"yays":227,"nays":298},{"committee":"УИК №692","vibid":"4144035495012","voters":1005,"total":427,"voted":427,"spoiled":5,"yays":223,"nays":199},{"committee":"УИК №693","vibid":"4144035495013","voters":1577,"total":790,"voted":790,"spoiled":5,"yays":359,"nays":426},{"committee":"УИК №694","vibid":"4144035495014","voters":2222,"total":1153,"voted":1153,"spoiled":4,"yays":467,"nays":682},{"committee":"УИК №695","vibid":"4144035495015","voters":2483,"total":1147,"voted":1147,"spoiled":10,"yays":488,"nays":649},{"committee":"УИК №696","vibid":"4144035495016","voters":2076,"total":993,"voted":992,"spoiled":6,"yays":530,"nays":456},{"committee":"УИК №697","vibid":"4144035495017","voters":2179,"total":791,"voted":791,"spoiled":3,"yays":353,"nays":435},{"committee":"УИК №698","vibid":"4144035495018","voters":1990,"total":793,"voted":793,"spoiled":5,"yays":362,"nays":426},{"committee":"УИК №699","vibid":"4144035495019","voters":1947,"total":723,"voted":723,"spoiled":5,"yays":314,"nays":404},{"committee":"УИК №700","vibid":"4144035495020","voters":2515,"total":760,"voted":759,"spoiled":4,"yays":403,"nays":352},{"committee":"УИК №701","vibid":"4144035495021","voters":2030,"total":834,"voted":834,"spoiled":2,"yays":395,"nays":437},{"committee":"УИК №702","vibid":"4144035495022","voters":1366,"total":634,"voted":634,"spoiled":2,"yays":291,"nays":341},{"committee":"УИК №703","vibid":"4144035495023","voters":1702,"total":792,"voted":784,"spoiled":9,"yays":380,"nays":395},{"committee":"УИК №704","vibid":"4144035495024","voters":1585,"total":799,"voted":799,"spoiled":6,"yays":350,"nays":443},{"committee":"УИК №705","vibid":"4144035495025","voters":1869,"total":955,"voted":954,"spoiled":2,"yays":399,"nays":553},{"committee":"УИК №706","vibid":"4144035495026","voters":343,"total":264,"voted":264,"spoiled":2,"yays":71,"nays":191},{"committee":"УИК №707","vibid":"4144035495027","voters":1736,"total":955,"voted":954,"spoiled":6,"yays":339,"nays":609},{"committee":"УИК №708","vibid":"4144035495028","voters":1755,"total":992,"voted":991,"spoiled":4,"yays":461,"nays":526},{"committee":"УИК №709","vibid":"4144035495029","voters":2032,"total":1279,"voted":1279,"spoiled":3,"yays":538,"nays":738},{"committee":"УИК №710","vibid":"4144035495030","voters":2512,"total":1402,"voted":1402,"spoiled":5,"yays":577,"nays":820},{"committee":"УИК №711","vibid":"4144035495031","voters":862,"total":421,"voted":421,"spoiled":3,"yays":157,"nays":261},{"committee":"УИК №712","vibid":"4144035495032","voters":2361,"total":1304,"voted":1304,"spoiled":5,"yays":550,"nays":749},{"committee":"УИК №713","vibid":"4144035495033","voters":1723,"total":872,"voted":872,"spoiled":6,"yays":406,"nays":460},{"committee":"УИК №714","vibid":"4144035495034","voters":1808,"total":1050,"voted":1050,"spoiled":8,"yays":468,"nays":574},{"committee":"УИК №715","vibid":"4144035495035","voters":1515,"total":845,"voted":845,"spoiled":7,"yays":411,"nays":427},{"committee":"УИК №716","vibid":"4144035495036","voters":884,"total":613,"voted":611,"spoiled":11,"yays":279,"nays":321},{"committee":"УИК №717","vibid":"4144035495037","voters":2540,"total":1365,"voted":1364,"spoiled":8,"yays":593,"nays":763},{"committee":"УИК №718","vibid":"4144035495038","voters":1576,"total":841,"voted":841,"spoiled":3,"yays":602,"nays":236},{"committee":"УИК №719","vibid":"4144035495039","voters":1551,"total":577,"voted":577,"spoiled":5,"yays":263,"nays":309},{"committee":"УИК №720","vibid":"4144035495040","voters":884,"total":422,"voted":422,"spoiled":1,"yays":201,"nays":220},{"committee":"УИК №721","vibid":"4144035495041","voters":2116,"total":1017,"voted":1017,"spoiled":59,"yays":492,"nays":466},{"committee":"УИК №722","vibid":"4144035495042","voters":1792,"total":1013,"voted":1012,"spoiled":9,"yays":436,"nays":567},{"committee":"УИК №723","vibid":"4144035495043","voters":1708,"total":907,"voted":907,"spoiled":4,"yays":432,"nays":471},{"committee":"УИК №724","vibid":"4144035495044","voters":1643,"total":798,"voted":797,"spoiled":13,"yays":413,"nays":371},{"committee":"УИК №725","vibid":"4144035495045","voters":1332,"total":773,"voted":772,"spoiled":5,"yays":377,"nays":390},{"committee":"УИК №726","vibid":"4144035495046","voters":1142,"total":552,"voted":552,"spoiled":4,"yays":250,"nays":298},{"committee":"УИК №727","vibid":"4144035495047","voters":1205,"total":743,"voted":743,"spoiled":12,"yays":341,"nays":390},{"committee":"УИК №728","vibid":"4144035495048","voters":1019,"total":486,"voted":486,"spoiled":5,"yays":209,"nays":272},{"committee":"УИК №729","vibid":"4144035495049","voters":1109,"total":1097,"voted":1096,"spoiled":6,"yays":779,"nays":311},{"committee":"УИК №730","vibid":"4144035495050","voters":1995,"total":680,"voted":680,"spoiled":9,"yays":333,"nays":338},{"committee":"УИК №731","vibid":"4144035495051","voters":2517,"total":1005,"voted":1004,"spoiled":10,"yays":431,"nays":563},{"committee":"УИК №732","vibid":"4144035495052","voters":869,"total":270,"voted":270,"spoiled":2,"yays":152,"nays":116},{"committee":"УИК №733","vibid":"4144035495053","voters":1823,"total":486,"voted":486,"spoiled":5,"yays":220,"nays":261},{"committee":"УИК №734","vibid":"4144035495054","voters":831,"total":341,"voted":341,"spoiled":7,"yays":170,"nays":164},{"committee":"УИК №735","vibid":"4144035495055","voters":2598,"total":1316,"voted":1316,"spoiled":13,"yays":493,"nays":810},{"committee":"УИК №736","vibid":"4144035495056","voters":2660,"total":855,"voted":855,"spoiled":3,"yays":374,"nays":478},{"committee":"УИК №737","vibid":"4144035495057","voters":2266,"total":1012,"voted":1012,"spoiled":4,"yays":440,"nays":568},{"committee":"УИК №738","vibid":"4144035495058","voters":1234,"total":620,"voted":620,"spoiled":0,"yays":334,"nays":286},{"committee":"УИК №739","vibid":"4144035495059","voters":1431,"total":826,"voted":826,"spoiled":2,"yays":395,"nays":429},{"committee":"УИК №740","vibid":"4144035495060","voters":1357,"total":598,"voted":598,"spoiled":39,"yays":317,"nays":242},{"committee":"УИК №741","vibid":"4144035495061","voters":1849,"total":989,"voted":989,"spoiled":8,"yays":436,"nays":545},{"committee":"УИК №742","vibid":"4144035495062","voters":1836,"total":798,"voted":797,"spoiled":9,"yays":388,"nays":400},{"committee":"УИК №743","vibid":"4144035495063","voters":2120,"total":894,"voted":894,"spoiled":12,"yays":436,"nays":446},{"committee":"УИК №744","vibid":"4144035495064","voters":2158,"total":1957,"voted":1957,"spoiled":8,"yays":1451,"nays":498},{"committee":"УИК №745","vibid":"4144035495065","voters":2099,"total":957,"voted":955,"spoiled":6,"yays":508,"nays":441},{"committee":"УИК №746","vibid":"4144035495066","voters":1649,"total":845,"voted":845,"spoiled":4,"yays":404,"nays":437},{"committee":"УИК №747","vibid":"4144035495067","voters":1648,"total":614,"voted":614,"spoiled":10,"yays":285,"nays":319},{"committee":"УИК №748","vibid":"4144035495068","voters":2358,"total":1051,"voted":1051,"spoiled":5,"yays":518,"nays":528},{"committee":"УИК №749","vibid":"4144035495069","voters":1006,"total":390,"voted":390,"spoiled":5,"yays":211,"nays":174},{"committee":"УИК №750","vibid":"4144035495070","voters":1544,"total":795,"voted":795,"spoiled":8,"yays":477,"nays":310},{"committee":"УИК №751","vibid":"4144035495071","voters":2154,"total":743,"voted":743,"spoiled":10,"yays":460,"nays":273},{"committee":"УИК №752","vibid":"4144035495072","voters":527,"total":464,"voted":464,"spoiled":3,"yays":392,"nays":69},{"committee":"УИК №753","vibid":"4144035495073","voters":1387,"total":519,"voted":519,"spoiled":51,"yays":274,"nays":194},{"committee":"УИК №754","vibid":"4144035495074","voters":1579,"total":572,"voted":571,"spoiled":11,"yays":332,"nays":228},{"committee":"УИК №755","vibid":"4144035495075","voters":2509,"total":960,"voted":960,"spoiled":20,"yays":553,"nays":387},{"committee":"УИК №756","vibid":"4144035495076","voters":1413,"total":564,"voted":564,"spoiled":8,"yays":325,"nays":231},{"committee":"УИК №757","vibid":"4144035495077","voters":2431,"total":795,"voted":795,"spoiled":0,"yays":428,"nays":367},{"committee":"УИК №758","vibid":"4144035495078","voters":577,"total":208,"voted":208,"spoiled":1,"yays":116,"nays":91},{"committee":"УИК №759","vibid":"4144035495079","voters":361,"total":234,"voted":234,"spoiled":0,"yays":159,"nays":75},{"committee":"УИК №760","vibid":"4144035495080","voters":1183,"total":730,"voted":729,"spoiled":8,"yays":544,"nays":177},{"committee":"УИК №761","vibid":"4144035495081","voters":1863,"total":1051,"voted":1051,"spoiled":6,"yays":468,"nays":577},{"committee":"УИК №762","vibid":"4144035495082","voters":1509,"total":1049,"voted":1049,"spoiled":5,"yays":514,"nays":530},{"committee":"УИК №763","vibid":"4144035495083","voters":1731,"total":536,"voted":536,"spoiled":5,"yays":287,"nays":244},{"committee":"УИК №764","vibid":"4144035495084","voters":1750,"total":794,"voted":794,"spoiled":7,"yays":474,"nays":313},{"committee":"УИК №765","vibid":"4144035495085","voters":1123,"total":978,"voted":978,"spoiled":4,"yays":576,"nays":398},{"committee":"УИК №766","vibid":"4144035495086","voters":1506,"total":546,"voted":546,"spoiled":5,"yays":334,"nays":207},{"committee":"УИК №767","vibid":"4144035495087","voters":2008,"total":901,"voted":901,"spoiled":13,"yays":428,"nays":460},{"committee":"УИК №768","vibid":"4144035495088","voters":1235,"total":808,"voted":808,"spoiled":0,"yays":567,"nays":241},{"committee":"УИК №769","vibid":"4144035495089","voters":1573,"total":730,"voted":730,"spoiled":10,"yays":449,"nays":271},{"committee":"УИК №770","vibid":"4144035495090","voters":1723,"total":800,"voted":800,"spoiled":6,"yays":501,"nays":293},{"committee":"УИК №771","vibid":"4144035495091","voters":1550,"total":749,"voted":749,"spoiled":13,"yays":474,"nays":262},{"committee":"УИК №772","vibid":"4144035495092","voters":1922,"total":1010,"voted":1010,"spoiled":3,"yays":517,"nays":490},{"committee":"УИК №773","vibid":"4144035495093","voters":229,"total":104,"voted":104,"spoiled":0,"yays":67,"nays":37},{"committee":"УИК №774","vibid":"4144035495094","voters":192,"total":145,"voted":145,"spoiled":1,"yays":76,"nays":68},{"committee":"УИК №775","vibid":"4144035495095","voters":1019,"total":505,"voted":505,"spoiled":3,"yays":339,"nays":163},{"committee":"УИК №776","vibid":"4144035495096","voters":2613,"total":1124,"voted":1124,"spoiled":6,"yays":512,"nays":606},{"committee":"УИК №777","vibid":"4144035495097","voters":1951,"total":766,"voted":766,"spoiled":3,"yays":372,"nays":391},{"committee":"УИК №778","vibid":"4144035495098","voters":2216,"total":1098,"voted":1098,"spoiled":13,"yays":439,"nays":646},{"committee":"УИК №779","vibid":"4144035495099","voters":2116,"total":1217,"voted":1217,"spoiled":20,"yays":521,"nays":676},{"committee":"УИК №780","vibid":"4144035495100","voters":1398,"total":750,"voted":750,"spoiled":3,"yays":318,"nays":429},{"committee":"УИК №781","vibid":"4144035495101","voters":1948,"total":982,"voted":982,"spoiled":0,"yays":433,"nays":549},{"committee":"УИК №782","vibid":"4144035495102","voters":1658,"total":799,"voted":799,"spoiled":6,"yays":302,"nays":491},{"committee":"УИК №783","vibid":"4144035495103","voters":93,"total":70,"voted":70,"spoiled":0,"yays":26,"nays":44},{"committee":"УИК №784","vibid":"4144035495104","voters":99,"total":92,"voted":92,"spoiled":1,"yays":25,"nays":66},{"committee":"УИК №785","vibid":"4144035495105","voters":1047,"total":463,"voted":463,"spoiled":2,"yays":224,"nays":237},{"committee":"УИК №786","vibid":"4144035495106","voters":2683,"total":2217,"voted":2217,"spoiled":3,"yays":1905,"nays":309},{"committee":"УИК №787","vibid":"4144035495107","voters":1779,"total":1208,"voted":1208,"spoiled":7,"yays":810,"nays":391},{"committee":"УИК №788","vibid":"4144035495108","voters":1022,"total":324,"voted":315,"spoiled":4,"yays":127,"nays":184},{"committee":"УИК №789","vibid":"4144035495109","voters":2512,"total":1407,"voted":1406,"spoiled":8,"yays":561,"nays":837},{"committee":"УИК №790","vibid":"4144035495110","voters":2073,"total":865,"voted":865,"spoiled":9,"yays":421,"nays":435},{"committee":"УИК №791","vibid":"4144035495111","voters":1570,"total":948,"voted":948,"spoiled":5,"yays":392,"nays":551},{"committee":"УИК №792","vibid":"4144035495112","voters":1888,"total":677,"voted":677,"spoiled":7,"yays":364,"nays":306},{"committee":"УИК №793","vibid":"4144035495113","voters":350,"total":298,"voted":298,"spoiled":1,"yays":250,"nays":47},{"committee":"УИК №794","vibid":"4144035495114","voters":1132,"total":431,"voted":430,"spoiled":4,"yays":208,"nays":218},{"committee":"УИК №795","vibid":"4144035495115","voters":883,"total":346,"voted":346,"spoiled":4,"yays":199,"nays":143},{"committee":"УИК №796","vibid":"4144035495116","voters":912,"total":353,"voted":353,"spoiled":4,"yays":156,"nays":193},{"committee":"УИК №797","vibid":"4144035495117","voters":1755,"total":558,"voted":558,"spoiled":4,"yays":298,"nays":256},{"committee":"УИК №798","vibid":"4144035495118","voters":1619,"total":706,"voted":705,"spoiled":6,"yays":303,"nays":396},{"committee":"УИК №799","vibid":"4144035495119","voters":992,"total":348,"voted":348,"spoiled":5,"yays":169,"nays":174},{"committee":"УИК №800","vibid":"4144035495120","voters":2574,"total":2157,"voted":2155,"spoiled":3,"yays":1466,"nays":686},{"committee":"УИК №801","vibid":"4144035495121","voters":1267,"total":482,"voted":482,"spoiled":8,"yays":280,"nays":194},{"committee":"УИК №802","vibid":"4144035495122","voters":1007,"total":459,"voted":459,"spoiled":1,"yays":249,"nays":209},{"committee":"УИК №803","vibid":"4144035495123","voters":1025,"total":623,"voted":623,"spoiled":6,"yays":284,"nays":333},{"committee":"УИК №804","vibid":"4144035495124","voters":3141,"total":1771,"voted":1771,"spoiled":7,"yays":568,"nays":1196},{"committee":"УИК №805","vibid":"4144035495125","voters":1013,"total":512,"voted":512,"spoiled":3,"yays":206,"nays":303},{"committee":"УИК №806","vibid":"4144035496539","voters":204,"total":192,"voted":192,"spoiled":5,"yays":115,"nays":72},{"committee":"УИК №813","vibid":"4144035496540","voters":258,"total":238,"voted":238,"spoiled":6,"yays":153,"nays":79},{"committee":"УИК №818","vibid":"4144035529863","voters":103,"total":103,"voted":103,"spoiled":0,"yays":65,"nays":38},{"committee":"УИК №819","vibid":"4144035529865","voters":82,"total":79,"voted":79,"spoiled":0,"yays":57,"nays":22},{"committee":"УИК №834","vibid":"4144035531464","voters":786,"total":786,"voted":786,"spoiled":261,"yays":514,"nays":11}]