[{"committee":"УИК №564","vibid":"4134019281742","voters":1764,"total":1173,"voted":1173,"spoiled":11,"yays":969,"nays":193},{"committee":"УИК №565","vibid":"4134019281743","voters":1409,"total":899,"voted":897,"spoiled":11,"yays":643,"nays":243},{"committee":"УИК №566","vibid":"4134019281744","voters":2352,"total":1875,"voted":1875,"spoiled":4,"yays":1485,"nays":386},{"committee":"УИК №567","vibid":"4134019281745","voters":1478,"total":1089,"voted":1089,"spoiled":2,"yays":877,"nays":210},{"committee":"УИК №569","vibid":"4134019281747","voters":1657,"total":1171,"voted":1171,"spoiled":3,"yays":949,"nays":219},{"committee":"УИК №570","vibid":"4134019281748","voters":1293,"total":913,"voted":913,"spoiled":3,"yays":749,"nays":161},{"committee":"УИК №571","vibid":"4134019281749","voters":1595,"total":1153,"voted":1144,"spoiled":8,"yays":932,"nays":204},{"committee":"УИК №572","vibid":"4134019281750","voters":1216,"total":861,"voted":861,"spoiled":5,"yays":734,"nays":122},{"committee":"УИК №573","vibid":"4134019281751","voters":1018,"total":795,"voted":795,"spoiled":62,"yays":668,"nays":65},{"committee":"УИК №574","vibid":"4134019281752","voters":2165,"total":1585,"voted":1585,"spoiled":39,"yays":1270,"nays":276},{"committee":"УИК №575","vibid":"4134019281753","voters":2675,"total":1871,"voted":1871,"spoiled":10,"yays":1498,"nays":363},{"committee":"УИК №576","vibid":"4134019281754","voters":2632,"total":2600,"voted":1662,"spoiled":0,"yays":1342,"nays":320},{"committee":"УИК №577","vibid":"4134019281755","voters":2738,"total":1737,"voted":1735,"spoiled":7,"yays":1274,"nays":454},{"committee":"УИК №578","vibid":"4134019281756","voters":2550,"total":1618,"voted":1618,"spoiled":15,"yays":1281,"nays":322},{"committee":"УИК №579","vibid":"4134019281757","voters":2417,"total":1608,"voted":1604,"spoiled":6,"yays":1225,"nays":373},{"committee":"УИК №580","vibid":"4134019281758","voters":2291,"total":1309,"voted":1306,"spoiled":9,"yays":984,"nays":313},{"committee":"УИК №581","vibid":"4134019281759","voters":2538,"total":1683,"voted":1683,"spoiled":13,"yays":1422,"nays":248},{"committee":"УИК №582","vibid":"4134019281760","voters":2399,"total":1801,"voted":1801,"spoiled":22,"yays":1367,"nays":412},{"committee":"УИК №583","vibid":"4134019281761","voters":2627,"total":1810,"voted":1810,"spoiled":21,"yays":1375,"nays":414},{"committee":"УИК №584","vibid":"4134019281762","voters":2548,"total":1660,"voted":1660,"spoiled":115,"yays":1117,"nays":428},{"committee":"УИК №585","vibid":"4134019281763","voters":2087,"total":1507,"voted":1507,"spoiled":9,"yays":1220,"nays":278},{"committee":"УИК №586","vibid":"4134019281764","voters":2309,"total":1496,"voted":1496,"spoiled":8,"yays":1307,"nays":181},{"committee":"УИК №587","vibid":"4134019281765","voters":1307,"total":945,"voted":945,"spoiled":0,"yays":781,"nays":164},{"committee":"УИК №588","vibid":"4134019281766","voters":2246,"total":1575,"voted":1574,"spoiled":6,"yays":1222,"nays":346},{"committee":"УИК №589","vibid":"4134019281767","voters":2367,"total":1819,"voted":1814,"spoiled":5,"yays":1429,"nays":380},{"committee":"УИК №590","vibid":"4134019281768","voters":2468,"total":1794,"voted":1790,"spoiled":3,"yays":1401,"nays":386},{"committee":"УИК №591","vibid":"4134019281769","voters":2086,"total":1362,"voted":1362,"spoiled":9,"yays":1146,"nays":207},{"committee":"УИК №592","vibid":"4134019281770","voters":2021,"total":1429,"voted":1428,"spoiled":5,"yays":1204,"nays":219},{"committee":"УИК №593","vibid":"4134019281771","voters":2330,"total":1610,"voted":1610,"spoiled":3,"yays":1281,"nays":326},{"committee":"УИК №594","vibid":"4134019281772","voters":2737,"total":1838,"voted":1838,"spoiled":8,"yays":1466,"nays":364},{"committee":"УИК №595","vibid":"4134019281773","voters":2766,"total":1848,"voted":1847,"spoiled":19,"yays":1510,"nays":318},{"committee":"УИК №596","vibid":"4134019281774","voters":2786,"total":1964,"voted":1963,"spoiled":20,"yays":1526,"nays":417},{"committee":"УИК №597","vibid":"4134019281775","voters":2926,"total":1570,"voted":1564,"spoiled":17,"yays":1013,"nays":534},{"committee":"УИК №598","vibid":"4134019281776","voters":2536,"total":1709,"voted":1699,"spoiled":35,"yays":1355,"nays":309},{"committee":"УИК №599","vibid":"4134019281777","voters":1225,"total":858,"voted":858,"spoiled":5,"yays":681,"nays":172},{"committee":"УИК №600","vibid":"4134019281778","voters":2093,"total":1466,"voted":1460,"spoiled":0,"yays":1170,"nays":290},{"committee":"УИК №601","vibid":"4134019281779","voters":1696,"total":1142,"voted":1142,"spoiled":0,"yays":945,"nays":197},{"committee":"УИК №602","vibid":"4134019281780","voters":665,"total":481,"voted":481,"spoiled":1,"yays":370,"nays":110},{"committee":"УИК №603","vibid":"4134019281781","voters":2135,"total":1434,"voted":1433,"spoiled":7,"yays":1229,"nays":197},{"committee":"УИК №604","vibid":"4134019281782","voters":2146,"total":1570,"voted":1570,"spoiled":20,"yays":1281,"nays":269},{"committee":"УИК №605","vibid":"4134019281783","voters":765,"total":615,"voted":615,"spoiled":1,"yays":515,"nays":99},{"committee":"УИК №606","vibid":"4134019281784","voters":824,"total":660,"voted":660,"spoiled":6,"yays":554,"nays":100},{"committee":"УИК №607","vibid":"4134019281785","voters":320,"total":279,"voted":279,"spoiled":4,"yays":237,"nays":38},{"committee":"УИК №608","vibid":"4134019281786","voters":1639,"total":1064,"voted":1062,"spoiled":7,"yays":895,"nays":160},{"committee":"УИК №609","vibid":"4134019281787","voters":1994,"total":1325,"voted":1325,"spoiled":12,"yays":1099,"nays":214},{"committee":"УИК №610","vibid":"4134019281788","voters":1383,"total":987,"voted":987,"spoiled":0,"yays":800,"nays":187},{"committee":"УИК №611","vibid":"4134019281789","voters":2100,"total":1458,"voted":1458,"spoiled":10,"yays":1177,"nays":271},{"committee":"УИК №612","vibid":"4134019281790","voters":411,"total":328,"voted":328,"spoiled":0,"yays":288,"nays":40},{"committee":"УИК №613","vibid":"4134019281791","voters":661,"total":460,"voted":460,"spoiled":0,"yays":373,"nays":87},{"committee":"УИК №614","vibid":"4134019281792","voters":1101,"total":827,"voted":827,"spoiled":45,"yays":618,"nays":164},{"committee":"УИК №615","vibid":"4134019281793","voters":1064,"total":720,"voted":720,"spoiled":5,"yays":565,"nays":150},{"committee":"УИК №616","vibid":"4134019281794","voters":276,"total":243,"voted":243,"spoiled":0,"yays":214,"nays":29},{"committee":"УИК №617","vibid":"4134019281795","voters":3016,"total":2154,"voted":2154,"spoiled":5,"yays":1657,"nays":492},{"committee":"УИК №618","vibid":"4134019281796","voters":2781,"total":1885,"voted":1885,"spoiled":7,"yays":1395,"nays":483}]