[{"committee":"УИК №275","vibid":"4194005207619","voters":553,"total":349,"voted":349,"spoiled":2,"yays":241,"nays":106},{"committee":"УИК №276","vibid":"4194005207620","voters":66,"total":53,"voted":53,"spoiled":0,"yays":47,"nays":6},{"committee":"УИК №277","vibid":"4194005207621","voters":997,"total":428,"voted":428,"spoiled":7,"yays":312,"nays":109},{"committee":"УИК №278","vibid":"4194005207622","voters":213,"total":139,"voted":139,"spoiled":0,"yays":93,"nays":46},{"committee":"УИК №280","vibid":"4194005207623","voters":72,"total":42,"voted":42,"spoiled":0,"yays":23,"nays":19},{"committee":"УИК №281","vibid":"4194005207624","voters":1030,"total":829,"voted":829,"spoiled":12,"yays":489,"nays":328},{"committee":"УИК №282","vibid":"4194005207625","voters":207,"total":150,"voted":150,"spoiled":0,"yays":115,"nays":35},{"committee":"УИК №284","vibid":"4194005207626","voters":437,"total":258,"voted":258,"spoiled":3,"yays":197,"nays":58},{"committee":"УИК №285","vibid":"4194005207627","voters":90,"total":54,"voted":54,"spoiled":0,"yays":44,"nays":10},{"committee":"УИК №286","vibid":"4194005207628","voters":754,"total":470,"voted":470,"spoiled":12,"yays":312,"nays":146},{"committee":"УИК №287","vibid":"4194005207629","voters":93,"total":75,"voted":75,"spoiled":0,"yays":65,"nays":10},{"committee":"УИК №288","vibid":"4194005207630","voters":178,"total":160,"voted":160,"spoiled":0,"yays":128,"nays":32},{"committee":"УИК №289","vibid":"4194005207631","voters":129,"total":79,"voted":79,"spoiled":0,"yays":75,"nays":4},{"committee":"УИК №290","vibid":"4194005207632","voters":559,"total":349,"voted":349,"spoiled":1,"yays":252,"nays":96},{"committee":"УИК №291","vibid":"4194005207633","voters":110,"total":103,"voted":103,"spoiled":0,"yays":81,"nays":22},{"committee":"УИК №292","vibid":"4194005207634","voters":1570,"total":672,"voted":672,"spoiled":7,"yays":423,"nays":242},{"committee":"УИК №293","vibid":"4194005207635","voters":1139,"total":429,"voted":429,"spoiled":2,"yays":285,"nays":142},{"committee":"УИК №294","vibid":"4194005207636","voters":532,"total":237,"voted":237,"spoiled":4,"yays":188,"nays":45},{"committee":"УИК №295","vibid":"4194005207637","voters":115,"total":102,"voted":102,"spoiled":2,"yays":77,"nays":23},{"committee":"УИК №296","vibid":"4194005207638","voters":530,"total":235,"voted":235,"spoiled":2,"yays":151,"nays":82},{"committee":"УИК №297","vibid":"4194005207639","voters":136,"total":86,"voted":86,"spoiled":4,"yays":56,"nays":26},{"committee":"УИК №298","vibid":"4194005207640","voters":61,"total":58,"voted":58,"spoiled":1,"yays":52,"nays":5},{"committee":"УИК №299","vibid":"4194005207641","voters":400,"total":248,"voted":248,"spoiled":2,"yays":186,"nays":60},{"committee":"УИК №300","vibid":"4194005207642","voters":484,"total":344,"voted":344,"spoiled":3,"yays":244,"nays":97}]