[{"committee":"УИК №485","vibid":"4144024165271","voters":1278,"total":1166,"voted":1166,"spoiled":6,"yays":850,"nays":310},{"committee":"УИК №486","vibid":"4144024165272","voters":411,"total":406,"voted":406,"spoiled":3,"yays":322,"nays":81},{"committee":"УИК №487","vibid":"4144024165273","voters":368,"total":347,"voted":347,"spoiled":1,"yays":245,"nays":101},{"committee":"УИК №488","vibid":"4144024165274","voters":205,"total":195,"voted":195,"spoiled":3,"yays":128,"nays":64}]