[{"committee":"УИК №432","vibid":"4124011195002","voters":2098,"total":1317,"voted":1317,"spoiled":10,"yays":1104,"nays":203},{"committee":"УИК №433","vibid":"4124011195003","voters":455,"total":330,"voted":330,"spoiled":1,"yays":271,"nays":58},{"committee":"УИК №434","vibid":"4124011195004","voters":1713,"total":1001,"voted":1001,"spoiled":8,"yays":712,"nays":281},{"committee":"УИК №435","vibid":"4124011195005","voters":436,"total":261,"voted":261,"spoiled":2,"yays":184,"nays":75},{"committee":"УИК №436","vibid":"4124011195006","voters":458,"total":375,"voted":375,"spoiled":0,"yays":304,"nays":71},{"committee":"УИК №437","vibid":"4124011195007","voters":454,"total":385,"voted":385,"spoiled":0,"yays":311,"nays":74},{"committee":"УИК №438","vibid":"4124011195008","voters":461,"total":338,"voted":338,"spoiled":3,"yays":243,"nays":92},{"committee":"УИК №439","vibid":"4124011195009","voters":516,"total":416,"voted":416,"spoiled":1,"yays":348,"nays":67},{"committee":"УИК №440","vibid":"4124011195010","voters":231,"total":185,"voted":185,"spoiled":0,"yays":172,"nays":13},{"committee":"УИК №441","vibid":"4124011195011","voters":427,"total":345,"voted":345,"spoiled":0,"yays":282,"nays":63},{"committee":"УИК №442","vibid":"4124011195012","voters":956,"total":846,"voted":846,"spoiled":6,"yays":701,"nays":139},{"committee":"УИК №443","vibid":"4124011195013","voters":639,"total":448,"voted":448,"spoiled":2,"yays":365,"nays":81},{"committee":"УИК №444","vibid":"4124011195014","voters":438,"total":390,"voted":390,"spoiled":24,"yays":334,"nays":32},{"committee":"УИК №445","vibid":"4124011195015","voters":402,"total":332,"voted":332,"spoiled":3,"yays":288,"nays":41},{"committee":"УИК №446","vibid":"4124011195016","voters":448,"total":324,"voted":324,"spoiled":3,"yays":271,"nays":50},{"committee":"УИК №447","vibid":"4124011195017","voters":334,"total":258,"voted":258,"spoiled":2,"yays":214,"nays":42},{"committee":"УИК №448","vibid":"4124011195018","voters":499,"total":409,"voted":409,"spoiled":43,"yays":341,"nays":25}]