[{"committee":"УИК №297","vibid":"4114003252487","voters":247,"total":132,"voted":132,"spoiled":1,"yays":108,"nays":23},{"committee":"УИК №298","vibid":"4114003252488","voters":286,"total":165,"voted":165,"spoiled":0,"yays":150,"nays":15},{"committee":"УИК №299","vibid":"4114003252489","voters":635,"total":304,"voted":304,"spoiled":1,"yays":251,"nays":52},{"committee":"УИК №300","vibid":"4114003252490","voters":307,"total":160,"voted":160,"spoiled":2,"yays":112,"nays":46},{"committee":"УИК №301","vibid":"4114003252491","voters":423,"total":316,"voted":316,"spoiled":8,"yays":193,"nays":115},{"committee":"УИК №302","vibid":"4114003252492","voters":811,"total":439,"voted":439,"spoiled":7,"yays":274,"nays":158},{"committee":"УИК №303","vibid":"4114003252493","voters":684,"total":387,"voted":387,"spoiled":4,"yays":246,"nays":137},{"committee":"УИК №304","vibid":"4114003252494","voters":940,"total":483,"voted":483,"spoiled":4,"yays":322,"nays":157},{"committee":"УИК №305","vibid":"4114003252495","voters":225,"total":158,"voted":158,"spoiled":0,"yays":97,"nays":61},{"committee":"УИК №306","vibid":"4114003252496","voters":1917,"total":863,"voted":862,"spoiled":6,"yays":452,"nays":404},{"committee":"УИК №307","vibid":"4114003252497","voters":1213,"total":603,"voted":602,"spoiled":8,"yays":296,"nays":298},{"committee":"УИК №308","vibid":"4114003252498","voters":141,"total":73,"voted":73,"spoiled":0,"yays":57,"nays":16},{"committee":"УИК №309","vibid":"4114003252499","voters":496,"total":259,"voted":259,"spoiled":2,"yays":156,"nays":101},{"committee":"УИК №310","vibid":"4114003252500","voters":474,"total":285,"voted":285,"spoiled":3,"yays":194,"nays":88},{"committee":"УИК №311","vibid":"4114003252501","voters":515,"total":305,"voted":305,"spoiled":1,"yays":232,"nays":72},{"committee":"УИК №312","vibid":"4114003252502","voters":185,"total":143,"voted":143,"spoiled":1,"yays":116,"nays":26},{"committee":"УИК №313","vibid":"4114003252503","voters":311,"total":221,"voted":221,"spoiled":5,"yays":158,"nays":58},{"committee":"УИК №314","vibid":"4114003252504","voters":216,"total":147,"voted":147,"spoiled":1,"yays":98,"nays":48},{"committee":"УИК №315","vibid":"4114003252505","voters":424,"total":239,"voted":239,"spoiled":4,"yays":142,"nays":93},{"committee":"УИК №316","vibid":"4114003252506","voters":2220,"total":846,"voted":846,"spoiled":7,"yays":553,"nays":286},{"committee":"УИК №317","vibid":"4114003252507","voters":545,"total":371,"voted":371,"spoiled":0,"yays":315,"nays":56},{"committee":"УИК №318","vibid":"4114003252508","voters":483,"total":282,"voted":282,"spoiled":5,"yays":198,"nays":79},{"committee":"УИК №319","vibid":"4114003252509","voters":257,"total":162,"voted":162,"spoiled":1,"yays":118,"nays":43},{"committee":"УИК №320","vibid":"4114003252510","voters":685,"total":385,"voted":385,"spoiled":5,"yays":291,"nays":89}]