[{"committee":"УИК №491","vibid":"4104018224753","voters":2000,"total":804,"voted":804,"spoiled":9,"yays":560,"nays":235},{"committee":"УИК №492","vibid":"4104018224754","voters":2526,"total":1077,"voted":1077,"spoiled":22,"yays":779,"nays":276},{"committee":"УИК №493","vibid":"4104018224755","voters":1950,"total":1022,"voted":1022,"spoiled":17,"yays":742,"nays":263},{"committee":"УИК №494","vibid":"4104018224756","voters":998,"total":480,"voted":480,"spoiled":2,"yays":330,"nays":148},{"committee":"УИК №495","vibid":"4104018224757","voters":191,"total":163,"voted":163,"spoiled":3,"yays":132,"nays":28},{"committee":"УИК №496","vibid":"4104018224758","voters":236,"total":130,"voted":130,"spoiled":0,"yays":99,"nays":31},{"committee":"УИК №497","vibid":"4104018224759","voters":215,"total":130,"voted":130,"spoiled":1,"yays":95,"nays":34},{"committee":"УИК №498","vibid":"4104018224760","voters":935,"total":455,"voted":455,"spoiled":6,"yays":349,"nays":100},{"committee":"УИК №499","vibid":"4104018224761","voters":103,"total":48,"voted":48,"spoiled":0,"yays":44,"nays":4},{"committee":"УИК №500","vibid":"4104018224762","voters":762,"total":384,"voted":384,"spoiled":5,"yays":284,"nays":95},{"committee":"УИК №501","vibid":"4104018224763","voters":1241,"total":631,"voted":631,"spoiled":8,"yays":426,"nays":197},{"committee":"УИК №502","vibid":"4104018224764","voters":1026,"total":541,"voted":541,"spoiled":3,"yays":428,"nays":110},{"committee":"УИК №503","vibid":"4104018224765","voters":153,"total":122,"voted":122,"spoiled":0,"yays":112,"nays":10},{"committee":"УИК №504","vibid":"4104018224766","voters":127,"total":65,"voted":65,"spoiled":0,"yays":64,"nays":1},{"committee":"УИК №505","vibid":"4104018224767","voters":432,"total":281,"voted":281,"spoiled":1,"yays":218,"nays":62},{"committee":"УИК №506","vibid":"4104018224768","voters":612,"total":286,"voted":286,"spoiled":8,"yays":224,"nays":54},{"committee":"УИК №507","vibid":"4104018224769","voters":492,"total":245,"voted":245,"spoiled":1,"yays":186,"nays":58},{"committee":"УИК №508","vibid":"4104018224770","voters":331,"total":194,"voted":194,"spoiled":1,"yays":157,"nays":36},{"committee":"УИК №509","vibid":"4104018224771","voters":116,"total":72,"voted":72,"spoiled":0,"yays":67,"nays":5},{"committee":"УИК №510","vibid":"4104018224772","voters":585,"total":255,"voted":255,"spoiled":2,"yays":196,"nays":57}]