[{"committee":"УИК №56","vibid":"4174004391878","voters":1660,"total":1577,"voted":1577,"spoiled":12,"yays":1526,"nays":39},{"committee":"УИК №57","vibid":"4174004391879","voters":1604,"total":1600,"voted":1600,"spoiled":10,"yays":1561,"nays":29},{"committee":"УИК №58","vibid":"4174004391880","voters":1541,"total":1524,"voted":1524,"spoiled":6,"yays":1474,"nays":44},{"committee":"УИК №59","vibid":"4174004391881","voters":1489,"total":1460,"voted":1460,"spoiled":3,"yays":1428,"nays":29},{"committee":"УИК №60","vibid":"4174004391882","voters":476,"total":462,"voted":462,"spoiled":0,"yays":454,"nays":8},{"committee":"УИК №61","vibid":"4174004391883","voters":352,"total":342,"voted":342,"spoiled":0,"yays":337,"nays":5},{"committee":"УИК №62","vibid":"4174004391884","voters":879,"total":876,"voted":876,"spoiled":0,"yays":869,"nays":7},{"committee":"УИК №63","vibid":"4174004391885","voters":860,"total":860,"voted":860,"spoiled":0,"yays":851,"nays":9},{"committee":"УИК №64","vibid":"4174004391886","voters":630,"total":579,"voted":579,"spoiled":0,"yays":569,"nays":10},{"committee":"УИК №65","vibid":"4174004391887","voters":306,"total":303,"voted":303,"spoiled":0,"yays":297,"nays":6},{"committee":"УИК №66","vibid":"4174004391888","voters":1009,"total":988,"voted":988,"spoiled":0,"yays":970,"nays":18},{"committee":"УИК №67","vibid":"4174004391889","voters":1051,"total":1029,"voted":1029,"spoiled":0,"yays":1011,"nays":18},{"committee":"УИК №68","vibid":"4174004391890","voters":518,"total":510,"voted":510,"spoiled":2,"yays":504,"nays":4},{"committee":"УИК №69","vibid":"4174004391891","voters":774,"total":756,"voted":756,"spoiled":0,"yays":744,"nays":12},{"committee":"УИК №70","vibid":"4174004391876","voters":131,"total":131,"voted":131,"spoiled":0,"yays":131,"nays":0}]