[{"committee":"УИК №377","vibid":"4134014278541","voters":1095,"total":986,"voted":986,"spoiled":4,"yays":895,"nays":87},{"committee":"УИК №378","vibid":"4134014278542","voters":945,"total":862,"voted":862,"spoiled":1,"yays":828,"nays":33},{"committee":"УИК №379","vibid":"4134014278543","voters":472,"total":425,"voted":425,"spoiled":0,"yays":378,"nays":47},{"committee":"УИК №380","vibid":"4134014278544","voters":1100,"total":990,"voted":990,"spoiled":6,"yays":864,"nays":120},{"committee":"УИК №381","vibid":"4134014278545","voters":954,"total":811,"voted":811,"spoiled":0,"yays":738,"nays":73},{"committee":"УИК №382","vibid":"4134014278546","voters":950,"total":818,"voted":818,"spoiled":0,"yays":681,"nays":137},{"committee":"УИК №383","vibid":"4134014278547","voters":510,"total":439,"voted":438,"spoiled":1,"yays":379,"nays":58},{"committee":"УИК №384","vibid":"4134014278548","voters":865,"total":735,"voted":735,"spoiled":5,"yays":615,"nays":115},{"committee":"УИК №385","vibid":"4134014278549","voters":436,"total":398,"voted":398,"spoiled":1,"yays":373,"nays":24},{"committee":"УИК №386","vibid":"4134014278550","voters":887,"total":851,"voted":851,"spoiled":0,"yays":826,"nays":25},{"committee":"УИК №388","vibid":"4134014278551","voters":552,"total":540,"voted":540,"spoiled":0,"yays":526,"nays":14},{"committee":"УИК №389","vibid":"4134014278552","voters":478,"total":463,"voted":463,"spoiled":0,"yays":453,"nays":10},{"committee":"УИК №390","vibid":"4134014278553","voters":301,"total":292,"voted":292,"spoiled":0,"yays":283,"nays":9},{"committee":"УИК №391","vibid":"4134014278554","voters":454,"total":429,"voted":429,"spoiled":0,"yays":421,"nays":8},{"committee":"УИК №392","vibid":"4134014278555","voters":305,"total":295,"voted":295,"spoiled":3,"yays":280,"nays":12},{"committee":"УИК №393","vibid":"4134014278556","voters":430,"total":425,"voted":425,"spoiled":1,"yays":420,"nays":4},{"committee":"УИК №394","vibid":"4134014278557","voters":357,"total":310,"voted":310,"spoiled":2,"yays":295,"nays":13},{"committee":"УИК №395","vibid":"4134014278558","voters":737,"total":700,"voted":700,"spoiled":0,"yays":679,"nays":21},{"committee":"УИК №396","vibid":"4134014278559","voters":418,"total":405,"voted":405,"spoiled":0,"yays":400,"nays":5},{"committee":"УИК №397","vibid":"4134014278560","voters":342,"total":330,"voted":330,"spoiled":0,"yays":327,"nays":3},{"committee":"УИК №398","vibid":"4134014278561","voters":322,"total":306,"voted":306,"spoiled":0,"yays":299,"nays":7},{"committee":"УИК №399","vibid":"4134014278562","voters":1114,"total":1047,"voted":1047,"spoiled":0,"yays":1005,"nays":42},{"committee":"УИК №400","vibid":"4134014278563","voters":635,"total":610,"voted":610,"spoiled":0,"yays":598,"nays":12},{"committee":"УИК №401","vibid":"4134014278564","voters":596,"total":568,"voted":568,"spoiled":1,"yays":539,"nays":28},{"committee":"УИК №402","vibid":"4134014278565","voters":392,"total":373,"voted":373,"spoiled":0,"yays":363,"nays":10},{"committee":"УИК №403","vibid":"4134014278566","voters":609,"total":590,"voted":590,"spoiled":3,"yays":578,"nays":9},{"committee":"УИК №404","vibid":"4134014278567","voters":134,"total":129,"voted":129,"spoiled":0,"yays":125,"nays":4},{"committee":"УИК №405","vibid":"4134014278568","voters":296,"total":285,"voted":281,"spoiled":0,"yays":274,"nays":7},{"committee":"УИК №406","vibid":"4134014278569","voters":789,"total":606,"voted":606,"spoiled":5,"yays":496,"nays":105},{"committee":"УИК №407","vibid":"4134014278570","voters":376,"total":361,"voted":361,"spoiled":3,"yays":356,"nays":2},{"committee":"УИК №408","vibid":"4134014278571","voters":302,"total":284,"voted":284,"spoiled":0,"yays":267,"nays":17}]