[{"committee":"УИК №2460","vibid":"4164043291949","voters":558,"total":548,"voted":548,"spoiled":0,"yays":521,"nays":27},{"committee":"УИК №2461","vibid":"4164043291950","voters":518,"total":506,"voted":506,"spoiled":0,"yays":480,"nays":26},{"committee":"УИК №2462","vibid":"4164043291951","voters":192,"total":187,"voted":187,"spoiled":0,"yays":176,"nays":11},{"committee":"УИК №2463","vibid":"4164043291952","voters":428,"total":414,"voted":414,"spoiled":0,"yays":394,"nays":20},{"committee":"УИК №2464","vibid":"4164043291953","voters":579,"total":574,"voted":574,"spoiled":0,"yays":544,"nays":30},{"committee":"УИК №2465","vibid":"4164043291954","voters":208,"total":204,"voted":204,"spoiled":0,"yays":192,"nays":12},{"committee":"УИК №2466","vibid":"4164043291955","voters":436,"total":425,"voted":425,"spoiled":0,"yays":403,"nays":22},{"committee":"УИК №2467","vibid":"4164043291956","voters":535,"total":524,"voted":524,"spoiled":0,"yays":494,"nays":30},{"committee":"УИК №2468","vibid":"4164043291957","voters":396,"total":384,"voted":384,"spoiled":0,"yays":364,"nays":20},{"committee":"УИК №2469","vibid":"4164043291958","voters":390,"total":382,"voted":382,"spoiled":0,"yays":363,"nays":19},{"committee":"УИК №2470","vibid":"4164043291959","voters":392,"total":381,"voted":381,"spoiled":0,"yays":362,"nays":19},{"committee":"УИК №2471","vibid":"4164043291960","voters":454,"total":439,"voted":439,"spoiled":0,"yays":408,"nays":31},{"committee":"УИК №2472","vibid":"4164043291961","voters":443,"total":435,"voted":435,"spoiled":0,"yays":414,"nays":21},{"committee":"УИК №2473","vibid":"4164043291962","voters":222,"total":219,"voted":219,"spoiled":0,"yays":209,"nays":10},{"committee":"УИК №2474","vibid":"4164043291963","voters":331,"total":322,"voted":322,"spoiled":0,"yays":310,"nays":12},{"committee":"УИК №2475","vibid":"4164043291964","voters":196,"total":190,"voted":190,"spoiled":0,"yays":183,"nays":7},{"committee":"УИК №2476","vibid":"4164043291965","voters":864,"total":839,"voted":839,"spoiled":0,"yays":791,"nays":48},{"committee":"УИК №2477","vibid":"4164043291966","voters":346,"total":337,"voted":337,"spoiled":0,"yays":319,"nays":18},{"committee":"УИК №2478","vibid":"4164043291967","voters":518,"total":504,"voted":504,"spoiled":0,"yays":483,"nays":21},{"committee":"УИК №2479","vibid":"4164043291968","voters":260,"total":253,"voted":253,"spoiled":0,"yays":240,"nays":13},{"committee":"УИК №2480","vibid":"4164043291969","voters":304,"total":297,"voted":297,"spoiled":2,"yays":283,"nays":12},{"committee":"УИК №2481","vibid":"4164043291970","voters":254,"total":249,"voted":249,"spoiled":0,"yays":239,"nays":10},{"committee":"УИК №2482","vibid":"4164043291971","voters":1343,"total":1244,"voted":1244,"spoiled":0,"yays":1050,"nays":194},{"committee":"УИК №2483","vibid":"4164043291972","voters":1352,"total":1257,"voted":1257,"spoiled":0,"yays":1059,"nays":198},{"committee":"УИК №2484","vibid":"4164043291973","voters":1257,"total":1166,"voted":1166,"spoiled":0,"yays":991,"nays":175},{"committee":"УИК №2485","vibid":"4164043291974","voters":1421,"total":1336,"voted":1336,"spoiled":0,"yays":1131,"nays":205},{"committee":"УИК №2486","vibid":"4164043291975","voters":1388,"total":1289,"voted":1289,"spoiled":0,"yays":1087,"nays":202},{"committee":"УИК №2487","vibid":"4164043291976","voters":545,"total":535,"voted":535,"spoiled":0,"yays":508,"nays":27},{"committee":"УИК №2488","vibid":"4164043291977","voters":156,"total":150,"voted":150,"spoiled":0,"yays":141,"nays":9},{"committee":"УИК №2489","vibid":"4164043291978","voters":653,"total":636,"voted":636,"spoiled":0,"yays":600,"nays":36},{"committee":"УИК №2490","vibid":"4164043291979","voters":627,"total":610,"voted":610,"spoiled":0,"yays":575,"nays":35},{"committee":"УИК №2491","vibid":"4164043291980","voters":346,"total":339,"voted":339,"spoiled":0,"yays":319,"nays":20},{"committee":"УИК №2492","vibid":"4164043291981","voters":205,"total":199,"voted":199,"spoiled":0,"yays":187,"nays":12},{"committee":"УИК №2493","vibid":"4164043291982","voters":628,"total":617,"voted":617,"spoiled":0,"yays":582,"nays":35},{"committee":"УИК №2494","vibid":"4164043291983","voters":1292,"total":1178,"voted":1178,"spoiled":0,"yays":934,"nays":244},{"committee":"УИК №2495","vibid":"4164043291984","voters":1023,"total":940,"voted":940,"spoiled":0,"yays":763,"nays":177},{"committee":"УИК №2496","vibid":"4164043291985","voters":1044,"total":948,"voted":948,"spoiled":0,"yays":747,"nays":201},{"committee":"УИК №2497","vibid":"4164043291986","voters":1180,"total":1079,"voted":1079,"spoiled":0,"yays":879,"nays":200},{"committee":"УИК №2498","vibid":"4164043291987","voters":433,"total":391,"voted":391,"spoiled":0,"yays":311,"nays":80},{"committee":"УИК №2499","vibid":"4164043291988","voters":591,"total":578,"voted":578,"spoiled":0,"yays":556,"nays":22}]