[{"committee":"УИК №212","vibid":"4104002199087","voters":1958,"total":1012,"voted":1011,"spoiled":9,"yays":744,"nays":258},{"committee":"УИК №213","vibid":"4104002199089","voters":1454,"total":731,"voted":731,"spoiled":3,"yays":564,"nays":164},{"committee":"УИК №214","vibid":"4104002199091","voters":229,"total":195,"voted":195,"spoiled":3,"yays":157,"nays":35},{"committee":"УИК №215","vibid":"4104002199093","voters":1483,"total":946,"voted":946,"spoiled":0,"yays":744,"nays":202},{"committee":"УИК №216","vibid":"4104002199095","voters":266,"total":211,"voted":211,"spoiled":1,"yays":143,"nays":67},{"committee":"УИК №217","vibid":"4104002199097","voters":423,"total":238,"voted":238,"spoiled":1,"yays":205,"nays":32},{"committee":"УИК №218","vibid":"4104002199099","voters":297,"total":195,"voted":195,"spoiled":2,"yays":158,"nays":35},{"committee":"УИК №219","vibid":"4104002199101","voters":361,"total":250,"voted":250,"spoiled":4,"yays":203,"nays":43}]