[{"committee":"УИК №627","vibid":"4144032345409","voters":229,"total":165,"voted":165,"spoiled":2,"yays":124,"nays":39},{"committee":"УИК №628","vibid":"4144032345410","voters":292,"total":200,"voted":200,"spoiled":3,"yays":171,"nays":26},{"committee":"УИК №629","vibid":"4144032345411","voters":244,"total":192,"voted":192,"spoiled":1,"yays":158,"nays":33},{"committee":"УИК №630","vibid":"4144032345412","voters":622,"total":375,"voted":375,"spoiled":3,"yays":270,"nays":102},{"committee":"УИК №631","vibid":"4144032345413","voters":192,"total":142,"voted":142,"spoiled":0,"yays":76,"nays":66},{"committee":"УИК №632","vibid":"4144032345414","voters":285,"total":204,"voted":204,"spoiled":1,"yays":125,"nays":78},{"committee":"УИК №633","vibid":"4144032345415","voters":190,"total":144,"voted":144,"spoiled":0,"yays":89,"nays":55},{"committee":"УИК №634","vibid":"4144032345416","voters":801,"total":503,"voted":503,"spoiled":3,"yays":263,"nays":237},{"committee":"УИК №635","vibid":"4144032345417","voters":1133,"total":649,"voted":649,"spoiled":7,"yays":373,"nays":269},{"committee":"УИК №636","vibid":"4144032345418","voters":80,"total":76,"voted":76,"spoiled":0,"yays":58,"nays":18},{"committee":"УИК №637","vibid":"4144032345419","voters":1033,"total":555,"voted":555,"spoiled":12,"yays":415,"nays":128},{"committee":"УИК №638","vibid":"4144032345420","voters":33,"total":33,"voted":33,"spoiled":0,"yays":27,"nays":6},{"committee":"УИК №639","vibid":"4144032345421","voters":2288,"total":936,"voted":936,"spoiled":9,"yays":554,"nays":373},{"committee":"УИК №640","vibid":"4144032345422","voters":1273,"total":641,"voted":641,"spoiled":5,"yays":439,"nays":197},{"committee":"УИК №641","vibid":"4144032345423","voters":317,"total":152,"voted":152,"spoiled":1,"yays":86,"nays":65},{"committee":"УИК №642","vibid":"4144032345424","voters":960,"total":377,"voted":377,"spoiled":4,"yays":210,"nays":163},{"committee":"УИК №643","vibid":"4144032345425","voters":2366,"total":966,"voted":966,"spoiled":23,"yays":488,"nays":455},{"committee":"УИК №644","vibid":"4144032345426","voters":2913,"total":1755,"voted":1755,"spoiled":12,"yays":1012,"nays":731},{"committee":"УИК №645","vibid":"4144032345427","voters":730,"total":394,"voted":394,"spoiled":4,"yays":183,"nays":207},{"committee":"УИК №646","vibid":"4144032345428","voters":1839,"total":1036,"voted":1036,"spoiled":8,"yays":489,"nays":539},{"committee":"УИК №647","vibid":"4144032345429","voters":656,"total":449,"voted":449,"spoiled":4,"yays":240,"nays":205},{"committee":"УИК №648","vibid":"4144032345430","voters":380,"total":275,"voted":275,"spoiled":2,"yays":108,"nays":165},{"committee":"УИК №649","vibid":"4144032345431","voters":1268,"total":794,"voted":794,"spoiled":11,"yays":352,"nays":431},{"committee":"УИК №650","vibid":"4144032345432","voters":443,"total":371,"voted":371,"spoiled":3,"yays":191,"nays":177},{"committee":"УИК №651","vibid":"4144032345433","voters":162,"total":115,"voted":115,"spoiled":1,"yays":74,"nays":40},{"committee":"УИК №652","vibid":"4144032345434","voters":527,"total":367,"voted":367,"spoiled":1,"yays":163,"nays":203},{"committee":"УИК №653","vibid":"4144032345435","voters":574,"total":416,"voted":416,"spoiled":2,"yays":235,"nays":179},{"committee":"УИК №654","vibid":"4144032345436","voters":165,"total":118,"voted":118,"spoiled":1,"yays":73,"nays":44},{"committee":"УИК №655","vibid":"4144032345437","voters":528,"total":289,"voted":289,"spoiled":4,"yays":157,"nays":128},{"committee":"УИК №656","vibid":"4144032345438","voters":163,"total":100,"voted":100,"spoiled":1,"yays":72,"nays":27}]