[{"committee":"УИК №2063","vibid":"4164037311466","voters":2140,"total":1738,"voted":1738,"spoiled":36,"yays":1345,"nays":357},{"committee":"УИК №2064","vibid":"4164037311467","voters":2794,"total":2269,"voted":2267,"spoiled":13,"yays":1793,"nays":461},{"committee":"УИК №2065","vibid":"4164037311468","voters":2904,"total":2393,"voted":2392,"spoiled":5,"yays":1862,"nays":525},{"committee":"УИК №2066","vibid":"4164037311469","voters":2555,"total":2074,"voted":2074,"spoiled":12,"yays":1629,"nays":433},{"committee":"УИК №2067","vibid":"4164037311470","voters":2358,"total":1897,"voted":1897,"spoiled":12,"yays":1489,"nays":396},{"committee":"УИК №2068","vibid":"4164037311471","voters":2515,"total":2009,"voted":2009,"spoiled":7,"yays":1582,"nays":420},{"committee":"УИК №2071","vibid":"4164037311474","voters":2632,"total":2143,"voted":2140,"spoiled":15,"yays":1693,"nays":432},{"committee":"УИК №2072","vibid":"4164037311475","voters":2525,"total":2058,"voted":2058,"spoiled":0,"yays":1626,"nays":432},{"committee":"УИК №2073","vibid":"4164037311476","voters":2110,"total":1717,"voted":1717,"spoiled":2,"yays":1339,"nays":376},{"committee":"УИК №2074","vibid":"4164037311477","voters":2135,"total":1746,"voted":1746,"spoiled":15,"yays":1362,"nays":369},{"committee":"УИК №2075","vibid":"4164037311478","voters":2531,"total":2022,"voted":2022,"spoiled":24,"yays":1579,"nays":419},{"committee":"УИК №2076","vibid":"4164037311479","voters":2159,"total":1781,"voted":1781,"spoiled":0,"yays":1407,"nays":374},{"committee":"УИК №2083","vibid":"4164037311486","voters":2573,"total":1952,"voted":1951,"spoiled":15,"yays":1627,"nays":309},{"committee":"УИК №2085","vibid":"4164037311488","voters":2011,"total":1655,"voted":1654,"spoiled":33,"yays":1307,"nays":314},{"committee":"УИК №2086","vibid":"4164037311489","voters":2599,"total":2079,"voted":2077,"spoiled":32,"yays":1616,"nays":429},{"committee":"УИК №2087","vibid":"4164037311490","voters":2465,"total":2030,"voted":2030,"spoiled":11,"yays":1595,"nays":424},{"committee":"УИК №2089","vibid":"4164037311492","voters":2750,"total":2058,"voted":2058,"spoiled":16,"yays":1540,"nays":502},{"committee":"УИК №2090","vibid":"4164037311493","voters":2318,"total":1889,"voted":1889,"spoiled":56,"yays":1473,"nays":360},{"committee":"УИК №2092","vibid":"4164037311495","voters":2112,"total":1562,"voted":1562,"spoiled":13,"yays":1345,"nays":204},{"committee":"УИК №2097","vibid":"4164037311500","voters":2400,"total":1961,"voted":1961,"spoiled":29,"yays":1519,"nays":413},{"committee":"УИК №2099","vibid":"4164037311502","voters":1268,"total":1030,"voted":1030,"spoiled":9,"yays":806,"nays":215},{"committee":"УИК №2104","vibid":"4164037311507","voters":2405,"total":1918,"voted":1918,"spoiled":20,"yays":1456,"nays":442},{"committee":"УИК №2106","vibid":"4164037311509","voters":2581,"total":2099,"voted":2099,"spoiled":3,"yays":1637,"nays":459},{"committee":"УИК №2109","vibid":"4164037311512","voters":2414,"total":1960,"voted":1960,"spoiled":3,"yays":1546,"nays":411},{"committee":"УИК №2110","vibid":"4164037311513","voters":1864,"total":1502,"voted":1502,"spoiled":4,"yays":1183,"nays":315},{"committee":"УИК №2111","vibid":"4164037311514","voters":1923,"total":1573,"voted":1573,"spoiled":4,"yays":1240,"nays":329},{"committee":"УИК №2117","vibid":"4164037311520","voters":2375,"total":1940,"voted":1940,"spoiled":54,"yays":1490,"nays":396},{"committee":"УИК №2118","vibid":"4164037311521","voters":2595,"total":2080,"voted":2080,"spoiled":25,"yays":1705,"nays":350}]