[{"committee":"УИК №8","vibid":"4144002203949","voters":747,"total":256,"voted":256,"spoiled":0,"yays":174,"nays":82},{"committee":"УИК №9","vibid":"4144002203950","voters":2039,"total":591,"voted":591,"spoiled":10,"yays":385,"nays":196},{"committee":"УИК №10","vibid":"4144002203951","voters":1944,"total":797,"voted":797,"spoiled":8,"yays":415,"nays":374},{"committee":"УИК №11","vibid":"4144002203952","voters":1650,"total":565,"voted":565,"spoiled":8,"yays":338,"nays":219},{"committee":"УИК №12","vibid":"4144002203953","voters":1225,"total":489,"voted":489,"spoiled":2,"yays":334,"nays":153},{"committee":"УИК №13","vibid":"4144002203954","voters":1110,"total":496,"voted":496,"spoiled":9,"yays":331,"nays":156},{"committee":"УИК №14","vibid":"4144002203955","voters":1213,"total":471,"voted":471,"spoiled":7,"yays":304,"nays":160},{"committee":"УИК №15","vibid":"4144002203956","voters":1737,"total":588,"voted":588,"spoiled":6,"yays":346,"nays":236},{"committee":"УИК №16","vibid":"4144002203957","voters":1270,"total":489,"voted":489,"spoiled":8,"yays":277,"nays":204},{"committee":"УИК №17","vibid":"4144002203958","voters":1817,"total":886,"voted":886,"spoiled":11,"yays":528,"nays":347},{"committee":"УИК №18","vibid":"4144002203959","voters":359,"total":144,"voted":144,"spoiled":2,"yays":93,"nays":49},{"committee":"УИК №19","vibid":"4144002203960","voters":220,"total":137,"voted":137,"spoiled":1,"yays":116,"nays":20},{"committee":"УИК №20","vibid":"4144002203961","voters":1385,"total":629,"voted":629,"spoiled":12,"yays":313,"nays":304},{"committee":"УИК №21","vibid":"4144002203962","voters":1528,"total":621,"voted":621,"spoiled":13,"yays":322,"nays":286},{"committee":"УИК №22","vibid":"4144002203963","voters":1648,"total":523,"voted":523,"spoiled":11,"yays":289,"nays":223},{"committee":"УИК №24","vibid":"4144002203964","voters":232,"total":128,"voted":128,"spoiled":4,"yays":90,"nays":34},{"committee":"УИК №26","vibid":"4144002203965","voters":457,"total":195,"voted":195,"spoiled":4,"yays":116,"nays":75},{"committee":"УИК №27","vibid":"4144002203966","voters":1839,"total":752,"voted":752,"spoiled":9,"yays":490,"nays":253},{"committee":"УИК №28","vibid":"4144002203967","voters":948,"total":330,"voted":330,"spoiled":3,"yays":214,"nays":113},{"committee":"УИК №29","vibid":"4144002203968","voters":1173,"total":402,"voted":402,"spoiled":10,"yays":245,"nays":147},{"committee":"УИК №30","vibid":"4144002203969","voters":938,"total":314,"voted":314,"spoiled":6,"yays":199,"nays":109},{"committee":"УИК №31","vibid":"4144002203970","voters":430,"total":223,"voted":223,"spoiled":2,"yays":167,"nays":54},{"committee":"УИК №32","vibid":"4144002203971","voters":169,"total":109,"voted":109,"spoiled":2,"yays":73,"nays":34},{"committee":"УИК №33","vibid":"4144002203972","voters":1973,"total":1116,"voted":1116,"spoiled":12,"yays":623,"nays":481},{"committee":"УИК №34","vibid":"4144002203973","voters":781,"total":353,"voted":353,"spoiled":8,"yays":213,"nays":132},{"committee":"УИК №36","vibid":"4144002203974","voters":1001,"total":499,"voted":499,"spoiled":4,"yays":300,"nays":195},{"committee":"УИК №37","vibid":"4144002203975","voters":265,"total":173,"voted":173,"spoiled":1,"yays":110,"nays":62},{"committee":"УИК №38","vibid":"4144002203976","voters":155,"total":86,"voted":86,"spoiled":0,"yays":72,"nays":14},{"committee":"УИК №820","vibid":"4144002210073","voters":774,"total":689,"voted":689,"spoiled":7,"yays":227,"nays":455},{"committee":"УИК №821","vibid":"4144002210074","voters":505,"total":503,"voted":501,"spoiled":12,"yays":154,"nays":335},{"committee":"УИК №822","vibid":"4144002210075","voters":257,"total":257,"voted":257,"spoiled":10,"yays":90,"nays":157},{"committee":"УИК №823","vibid":"4144002210076","voters":371,"total":361,"voted":361,"spoiled":14,"yays":131,"nays":216},{"committee":"УИК №824","vibid":"4144002210077","voters":221,"total":220,"voted":220,"spoiled":1,"yays":70,"nays":149},{"committee":"УИК №830","vibid":"4144002210545","voters":95,"total":94,"voted":94,"spoiled":0,"yays":86,"nays":8},{"committee":"УИК №831","vibid":"4144002210547","voters":99,"total":99,"voted":99,"spoiled":0,"yays":53,"nays":46}]