[{"committee":"УИК №168","vibid":"4174016356943","voters":2389,"total":2269,"voted":2269,"spoiled":10,"yays":2146,"nays":113},{"committee":"УИК №169","vibid":"4174016356944","voters":675,"total":663,"voted":663,"spoiled":3,"yays":654,"nays":6},{"committee":"УИК №170","vibid":"4174016356945","voters":191,"total":188,"voted":188,"spoiled":1,"yays":181,"nays":6},{"committee":"УИК №171","vibid":"4174016356946","voters":832,"total":827,"voted":827,"spoiled":3,"yays":802,"nays":22}]