[{"committee":"УИК №443","vibid":"4164027447519","voters":106,"total":86,"voted":86,"spoiled":0,"yays":59,"nays":27},{"committee":"УИК №444","vibid":"4164027447520","voters":143,"total":143,"voted":143,"spoiled":0,"yays":97,"nays":46},{"committee":"УИК №445","vibid":"4164027447521","voters":84,"total":83,"voted":83,"spoiled":0,"yays":57,"nays":26},{"committee":"УИК №446","vibid":"4164027447522","voters":265,"total":263,"voted":263,"spoiled":0,"yays":179,"nays":84},{"committee":"УИК №447","vibid":"4164027447523","voters":68,"total":68,"voted":68,"spoiled":3,"yays":47,"nays":18},{"committee":"УИК №448","vibid":"4164027447524","voters":261,"total":261,"voted":261,"spoiled":0,"yays":237,"nays":24},{"committee":"УИК №449","vibid":"4164027447525","voters":666,"total":666,"voted":666,"spoiled":0,"yays":605,"nays":61},{"committee":"УИК №450","vibid":"4164027447526","voters":96,"total":96,"voted":96,"spoiled":0,"yays":66,"nays":30}]