[{"committee":"УИК №89","vibid":"4164023283003","voters":1662,"total":1142,"voted":1142,"spoiled":6,"yays":889,"nays":247},{"committee":"УИК №90","vibid":"4164023283004","voters":438,"total":293,"voted":293,"spoiled":2,"yays":246,"nays":45},{"committee":"УИК №91","vibid":"4164023283005","voters":2265,"total":1422,"voted":1422,"spoiled":3,"yays":1249,"nays":170},{"committee":"УИК №92","vibid":"4164023283006","voters":1954,"total":1262,"voted":1260,"spoiled":13,"yays":998,"nays":249},{"committee":"УИК №94","vibid":"4164023283008","voters":2410,"total":1547,"voted":1547,"spoiled":5,"yays":1233,"nays":309},{"committee":"УИК №95","vibid":"4164023283009","voters":1676,"total":1093,"voted":1089,"spoiled":5,"yays":920,"nays":164},{"committee":"УИК №100","vibid":"4164023283014","voters":2410,"total":1525,"voted":1525,"spoiled":33,"yays":1174,"nays":318},{"committee":"УИК №101","vibid":"4164023283015","voters":2310,"total":928,"voted":918,"spoiled":10,"yays":650,"nays":258},{"committee":"УИК №102","vibid":"4164023283016","voters":1953,"total":1233,"voted":1233,"spoiled":9,"yays":979,"nays":245},{"committee":"УИК №103","vibid":"4164023283017","voters":1561,"total":1082,"voted":1082,"spoiled":13,"yays":834,"nays":235},{"committee":"УИК №107","vibid":"4164023283021","voters":2193,"total":1368,"voted":1368,"spoiled":12,"yays":1072,"nays":284},{"committee":"УИК №108","vibid":"4164023283022","voters":2645,"total":1658,"voted":1658,"spoiled":2,"yays":1358,"nays":298},{"committee":"УИК №112","vibid":"4164023283026","voters":1910,"total":1271,"voted":1270,"spoiled":9,"yays":1076,"nays":185},{"committee":"УИК №113","vibid":"4164023283027","voters":1039,"total":764,"voted":764,"spoiled":2,"yays":633,"nays":129},{"committee":"УИК №117","vibid":"4164023283031","voters":1703,"total":1226,"voted":1226,"spoiled":18,"yays":996,"nays":212},{"committee":"УИК №120","vibid":"4164023283034","voters":1622,"total":1055,"voted":1055,"spoiled":8,"yays":910,"nays":137},{"committee":"УИК №122","vibid":"4164023283036","voters":2218,"total":1402,"voted":1402,"spoiled":5,"yays":1149,"nays":248},{"committee":"УИК №123","vibid":"4164023283037","voters":2687,"total":1695,"voted":1693,"spoiled":8,"yays":1465,"nays":220},{"committee":"УИК №129","vibid":"4164023283043","voters":456,"total":299,"voted":299,"spoiled":0,"yays":240,"nays":59},{"committee":"УИК №130","vibid":"4164023283044","voters":934,"total":662,"voted":662,"spoiled":0,"yays":536,"nays":126},{"committee":"УИК №131","vibid":"4164023283675","voters":50,"total":50,"voted":50,"spoiled":2,"yays":45,"nays":3},{"committee":"УИК №132","vibid":"4164023283676","voters":572,"total":572,"voted":572,"spoiled":5,"yays":502,"nays":65},{"committee":"УИК №133","vibid":"4164023283677","voters":81,"total":81,"voted":81,"spoiled":1,"yays":58,"nays":22}]