[{"committee":"УИК №296","vibid":"4134011156192","voters":1141,"total":933,"voted":933,"spoiled":3,"yays":839,"nays":91},{"committee":"УИК №297","vibid":"4134011156193","voters":1042,"total":885,"voted":885,"spoiled":1,"yays":789,"nays":95},{"committee":"УИК №298","vibid":"4134011156194","voters":1382,"total":1173,"voted":1173,"spoiled":2,"yays":1042,"nays":129},{"committee":"УИК №299","vibid":"4134011156195","voters":511,"total":461,"voted":461,"spoiled":0,"yays":446,"nays":15},{"committee":"УИК №300","vibid":"4134011156196","voters":443,"total":360,"voted":360,"spoiled":0,"yays":320,"nays":40},{"committee":"УИК №301","vibid":"4134011156197","voters":439,"total":365,"voted":365,"spoiled":0,"yays":336,"nays":29},{"committee":"УИК №302","vibid":"4134011156198","voters":212,"total":176,"voted":176,"spoiled":0,"yays":161,"nays":15},{"committee":"УИК №303","vibid":"4134011156199","voters":344,"total":312,"voted":312,"spoiled":0,"yays":307,"nays":5},{"committee":"УИК №304","vibid":"4134011156200","voters":125,"total":110,"voted":110,"spoiled":0,"yays":89,"nays":21},{"committee":"УИК №305","vibid":"4134011156201","voters":159,"total":127,"voted":127,"spoiled":0,"yays":119,"nays":8},{"committee":"УИК №306","vibid":"4134011156202","voters":139,"total":115,"voted":115,"spoiled":2,"yays":105,"nays":8},{"committee":"УИК №307","vibid":"4134011156203","voters":67,"total":59,"voted":59,"spoiled":0,"yays":58,"nays":1}]