[{"committee":"УИК №46","vibid":"4174003198064","voters":1515,"total":1460,"voted":1460,"spoiled":0,"yays":1434,"nays":26},{"committee":"УИК №47","vibid":"4174003198065","voters":1564,"total":1502,"voted":1502,"spoiled":5,"yays":1470,"nays":27},{"committee":"УИК №48","vibid":"4174003198066","voters":462,"total":444,"voted":444,"spoiled":0,"yays":400,"nays":44},{"committee":"УИК №49","vibid":"4174003198067","voters":318,"total":317,"voted":317,"spoiled":0,"yays":311,"nays":6},{"committee":"УИК №50","vibid":"4174003198068","voters":799,"total":777,"voted":777,"spoiled":0,"yays":761,"nays":16},{"committee":"УИК №51","vibid":"4174003198069","voters":333,"total":323,"voted":323,"spoiled":0,"yays":318,"nays":5},{"committee":"УИК №52","vibid":"4174003198070","voters":416,"total":411,"voted":411,"spoiled":2,"yays":401,"nays":8},{"committee":"УИК №53","vibid":"4174003198071","voters":665,"total":641,"voted":641,"spoiled":1,"yays":625,"nays":15},{"committee":"УИК №54","vibid":"4174003198072","voters":319,"total":318,"voted":318,"spoiled":0,"yays":312,"nays":6},{"committee":"УИК №55","vibid":"4174003198073","voters":939,"total":901,"voted":901,"spoiled":0,"yays":880,"nays":21}]