[{"committee":"УИК №619","vibid":"4134020242943","voters":2010,"total":1349,"voted":1349,"spoiled":8,"yays":1011,"nays":330},{"committee":"УИК №620","vibid":"4134020242944","voters":2236,"total":1476,"voted":1476,"spoiled":57,"yays":1150,"nays":269},{"committee":"УИК №621","vibid":"4134020242945","voters":2373,"total":1633,"voted":1632,"spoiled":10,"yays":1354,"nays":268},{"committee":"УИК №622","vibid":"4134020242946","voters":1914,"total":1317,"voted":1317,"spoiled":6,"yays":1075,"nays":236},{"committee":"УИК №623","vibid":"4134020242947","voters":1989,"total":1455,"voted":1455,"spoiled":0,"yays":1164,"nays":291},{"committee":"УИК №624","vibid":"4134020242948","voters":2047,"total":1364,"voted":1364,"spoiled":7,"yays":1103,"nays":254},{"committee":"УИК №625","vibid":"4134020242949","voters":1822,"total":1247,"voted":1247,"spoiled":17,"yays":1017,"nays":213},{"committee":"УИК №626","vibid":"4134020242950","voters":1889,"total":1214,"voted":1214,"spoiled":2,"yays":1019,"nays":193},{"committee":"УИК №627","vibid":"4134020242951","voters":1720,"total":1630,"voted":1149,"spoiled":5,"yays":930,"nays":214},{"committee":"УИК №628","vibid":"4134020242952","voters":2330,"total":1622,"voted":1622,"spoiled":21,"yays":1272,"nays":329},{"committee":"УИК №629","vibid":"4134020242953","voters":2164,"total":1482,"voted":1480,"spoiled":11,"yays":1173,"nays":296},{"committee":"УИК №630","vibid":"4134020242954","voters":2055,"total":1448,"voted":1448,"spoiled":9,"yays":1195,"nays":244},{"committee":"УИК №631","vibid":"4134020242955","voters":2771,"total":1884,"voted":1884,"spoiled":12,"yays":1554,"nays":318},{"committee":"УИК №632","vibid":"4134020242956","voters":2588,"total":1790,"voted":1790,"spoiled":0,"yays":1589,"nays":201},{"committee":"УИК №633","vibid":"4134020242957","voters":2100,"total":1445,"voted":1445,"spoiled":8,"yays":1211,"nays":226},{"committee":"УИК №634","vibid":"4134020242958","voters":437,"total":402,"voted":402,"spoiled":2,"yays":312,"nays":88},{"committee":"УИК №635","vibid":"4134020242959","voters":1815,"total":1275,"voted":1275,"spoiled":5,"yays":930,"nays":340},{"committee":"УИК №636","vibid":"4134020242960","voters":2108,"total":1335,"voted":1335,"spoiled":9,"yays":1117,"nays":209},{"committee":"УИК №637","vibid":"4134020242961","voters":2220,"total":1536,"voted":1536,"spoiled":15,"yays":1321,"nays":200},{"committee":"УИК №638","vibid":"4134020242962","voters":2336,"total":1604,"voted":1604,"spoiled":7,"yays":1401,"nays":196},{"committee":"УИК №639","vibid":"4134020242963","voters":2002,"total":1405,"voted":1405,"spoiled":9,"yays":1189,"nays":207},{"committee":"УИК №640","vibid":"4134020242964","voters":2918,"total":2020,"voted":2020,"spoiled":12,"yays":1627,"nays":381},{"committee":"УИК №641","vibid":"4134020242965","voters":1838,"total":1255,"voted":1255,"spoiled":11,"yays":1084,"nays":160},{"committee":"УИК №642","vibid":"4134020242966","voters":1352,"total":1075,"voted":1075,"spoiled":2,"yays":956,"nays":117},{"committee":"УИК №643","vibid":"4134020242967","voters":2116,"total":1426,"voted":1426,"spoiled":12,"yays":1149,"nays":265},{"committee":"УИК №644","vibid":"4134020242968","voters":2490,"total":1674,"voted":1674,"spoiled":9,"yays":1329,"nays":336},{"committee":"УИК №645","vibid":"4134020242969","voters":2229,"total":1514,"voted":1514,"spoiled":0,"yays":1296,"nays":218},{"committee":"УИК №646","vibid":"4134020242970","voters":2122,"total":1497,"voted":1497,"spoiled":7,"yays":1243,"nays":247},{"committee":"УИК №647","vibid":"4134020242971","voters":1808,"total":1244,"voted":1244,"spoiled":5,"yays":1053,"nays":186},{"committee":"УИК №648","vibid":"4134020242972","voters":2428,"total":1722,"voted":1722,"spoiled":12,"yays":1477,"nays":233},{"committee":"УИК №649","vibid":"4134020242973","voters":2843,"total":1833,"voted":1833,"spoiled":9,"yays":1496,"nays":328},{"committee":"УИК №650","vibid":"4134020242974","voters":1180,"total":768,"voted":768,"spoiled":7,"yays":601,"nays":160},{"committee":"УИК №651","vibid":"4134020242975","voters":2878,"total":1934,"voted":1934,"spoiled":13,"yays":1579,"nays":342},{"committee":"УИК №652","vibid":"4134020242976","voters":2752,"total":2165,"voted":2165,"spoiled":14,"yays":1804,"nays":347}]