[{"committee":"УИК №172","vibid":"4194002198649","voters":1430,"total":589,"voted":589,"spoiled":9,"yays":387,"nays":193},{"committee":"УИК №173","vibid":"4194002198650","voters":1206,"total":583,"voted":583,"spoiled":6,"yays":369,"nays":208},{"committee":"УИК №174","vibid":"4194002198651","voters":751,"total":501,"voted":501,"spoiled":0,"yays":369,"nays":132},{"committee":"УИК №175","vibid":"4194002198652","voters":1150,"total":490,"voted":490,"spoiled":3,"yays":323,"nays":164},{"committee":"УИК №176","vibid":"4194002198653","voters":1146,"total":544,"voted":544,"spoiled":7,"yays":341,"nays":196},{"committee":"УИК №177","vibid":"4194002198654","voters":992,"total":571,"voted":571,"spoiled":5,"yays":364,"nays":202},{"committee":"УИК №178","vibid":"4194002198655","voters":1201,"total":747,"voted":747,"spoiled":9,"yays":520,"nays":218},{"committee":"УИК №179","vibid":"4194002198656","voters":1336,"total":575,"voted":575,"spoiled":7,"yays":374,"nays":194},{"committee":"УИК №180","vibid":"4194002198657","voters":1747,"total":824,"voted":824,"spoiled":13,"yays":529,"nays":282},{"committee":"УИК №181","vibid":"4194002198658","voters":1069,"total":644,"voted":644,"spoiled":6,"yays":466,"nays":172},{"committee":"УИК №182","vibid":"4194002198659","voters":180,"total":171,"voted":171,"spoiled":0,"yays":123,"nays":48},{"committee":"УИК №183","vibid":"4194002198660","voters":1075,"total":690,"voted":690,"spoiled":3,"yays":384,"nays":303},{"committee":"УИК №184","vibid":"4194002198661","voters":466,"total":333,"voted":333,"spoiled":8,"yays":237,"nays":88},{"committee":"УИК №185","vibid":"4194002198662","voters":134,"total":109,"voted":109,"spoiled":1,"yays":61,"nays":47},{"committee":"УИК №186","vibid":"4194002198663","voters":688,"total":493,"voted":493,"spoiled":1,"yays":367,"nays":125},{"committee":"УИК №187","vibid":"4194002198664","voters":154,"total":126,"voted":126,"spoiled":0,"yays":108,"nays":18},{"committee":"УИК №188","vibid":"4194002198665","voters":79,"total":64,"voted":64,"spoiled":1,"yays":53,"nays":10},{"committee":"УИК №189","vibid":"4194002198666","voters":265,"total":233,"voted":233,"spoiled":1,"yays":191,"nays":41},{"committee":"УИК №190","vibid":"4194002198667","voters":261,"total":203,"voted":203,"spoiled":2,"yays":139,"nays":62},{"committee":"УИК №191","vibid":"4194002198668","voters":173,"total":123,"voted":123,"spoiled":2,"yays":96,"nays":25},{"committee":"УИК №192","vibid":"4194002198669","voters":800,"total":464,"voted":464,"spoiled":4,"yays":313,"nays":147},{"committee":"УИК №193","vibid":"4194002198670","voters":590,"total":381,"voted":381,"spoiled":2,"yays":201,"nays":178},{"committee":"УИК №194","vibid":"4194002198671","voters":570,"total":402,"voted":402,"spoiled":1,"yays":280,"nays":121},{"committee":"УИК №195","vibid":"4194002198672","voters":827,"total":587,"voted":587,"spoiled":3,"yays":423,"nays":161}]