[{"committee":"УИК №2586","vibid":"4164046360985","voters":1106,"total":1025,"voted":1025,"spoiled":12,"yays":942,"nays":71},{"committee":"УИК №2587","vibid":"4164046360986","voters":531,"total":503,"voted":503,"spoiled":5,"yays":431,"nays":67},{"committee":"УИК №2588","vibid":"4164046360987","voters":689,"total":657,"voted":657,"spoiled":7,"yays":545,"nays":105},{"committee":"УИК №2589","vibid":"4164046360988","voters":1165,"total":1069,"voted":1069,"spoiled":17,"yays":902,"nays":150},{"committee":"УИК №2590","vibid":"4164046360989","voters":1216,"total":1124,"voted":1124,"spoiled":4,"yays":981,"nays":139},{"committee":"УИК №2591","vibid":"4164046360990","voters":1202,"total":1120,"voted":1120,"spoiled":10,"yays":906,"nays":204},{"committee":"УИК №2592","vibid":"4164046360991","voters":671,"total":631,"voted":631,"spoiled":4,"yays":492,"nays":135},{"committee":"УИК №2593","vibid":"4164046360992","voters":1272,"total":1191,"voted":1191,"spoiled":12,"yays":1033,"nays":146},{"committee":"УИК №2600","vibid":"4164046360999","voters":199,"total":194,"voted":194,"spoiled":1,"yays":181,"nays":12},{"committee":"УИК №2601","vibid":"4164046361000","voters":202,"total":194,"voted":194,"spoiled":1,"yays":180,"nays":13},{"committee":"УИК №2602","vibid":"4164046361001","voters":169,"total":166,"voted":166,"spoiled":1,"yays":158,"nays":7},{"committee":"УИК №2604","vibid":"4164046361003","voters":316,"total":303,"voted":303,"spoiled":3,"yays":272,"nays":28},{"committee":"УИК №2605","vibid":"4164046361004","voters":457,"total":441,"voted":441,"spoiled":7,"yays":418,"nays":16},{"committee":"УИК №2611","vibid":"4164046361010","voters":259,"total":247,"voted":247,"spoiled":1,"yays":231,"nays":15},{"committee":"УИК №2612","vibid":"4164046361011","voters":89,"total":84,"voted":84,"spoiled":2,"yays":80,"nays":2},{"committee":"УИК №2613","vibid":"4164046361012","voters":137,"total":133,"voted":133,"spoiled":1,"yays":125,"nays":7},{"committee":"УИК №2614","vibid":"4164046361013","voters":207,"total":202,"voted":202,"spoiled":3,"yays":192,"nays":7},{"committee":"УИК №2615","vibid":"4164046361014","voters":197,"total":185,"voted":185,"spoiled":1,"yays":170,"nays":14},{"committee":"УИК №2616","vibid":"4164046361015","voters":278,"total":276,"voted":276,"spoiled":2,"yays":256,"nays":18},{"committee":"УИК №2617","vibid":"4164046361016","voters":301,"total":295,"voted":295,"spoiled":1,"yays":264,"nays":30},{"committee":"УИК №2618","vibid":"4164046361017","voters":291,"total":278,"voted":278,"spoiled":3,"yays":247,"nays":28},{"committee":"УИК №2621","vibid":"4164046361020","voters":355,"total":341,"voted":341,"spoiled":3,"yays":311,"nays":27},{"committee":"УИК №2622","vibid":"4164046361021","voters":157,"total":152,"voted":152,"spoiled":1,"yays":141,"nays":10},{"committee":"УИК №2623","vibid":"4164046361022","voters":302,"total":293,"voted":293,"spoiled":2,"yays":269,"nays":22}]