[{"committee":"УИК №357","vibid":"4144019213667","voters":894,"total":374,"voted":374,"spoiled":3,"yays":230,"nays":141},{"committee":"УИК №358","vibid":"4144019213668","voters":2181,"total":854,"voted":854,"spoiled":9,"yays":515,"nays":330},{"committee":"УИК №359","vibid":"4144019213669","voters":1552,"total":526,"voted":526,"spoiled":6,"yays":305,"nays":215},{"committee":"УИК №360","vibid":"4144019213670","voters":778,"total":467,"voted":467,"spoiled":3,"yays":290,"nays":174},{"committee":"УИК №361","vibid":"4144019213671","voters":812,"total":494,"voted":494,"spoiled":4,"yays":291,"nays":199},{"committee":"УИК №362","vibid":"4144019213672","voters":1802,"total":581,"voted":581,"spoiled":7,"yays":365,"nays":209},{"committee":"УИК №363","vibid":"4144019213673","voters":1119,"total":676,"voted":676,"spoiled":9,"yays":409,"nays":258},{"committee":"УИК №364","vibid":"4144019213674","voters":1342,"total":820,"voted":820,"spoiled":2,"yays":505,"nays":313},{"committee":"УИК №365","vibid":"4144019213675","voters":1452,"total":612,"voted":612,"spoiled":4,"yays":374,"nays":234},{"committee":"УИК №366","vibid":"4144019213676","voters":2145,"total":898,"voted":898,"spoiled":6,"yays":506,"nays":386},{"committee":"УИК №367","vibid":"4144019213677","voters":1560,"total":1118,"voted":1118,"spoiled":17,"yays":576,"nays":525},{"committee":"УИК №368","vibid":"4144019213678","voters":1672,"total":1061,"voted":1060,"spoiled":18,"yays":611,"nays":431},{"committee":"УИК №369","vibid":"4144019213679","voters":1304,"total":808,"voted":808,"spoiled":7,"yays":490,"nays":311},{"committee":"УИК №370","vibid":"4144019213680","voters":2412,"total":1168,"voted":1167,"spoiled":12,"yays":601,"nays":554},{"committee":"УИК №371","vibid":"4144019213681","voters":2468,"total":1047,"voted":1047,"spoiled":6,"yays":573,"nays":468},{"committee":"УИК №372","vibid":"4144019213682","voters":2012,"total":1133,"voted":1133,"spoiled":14,"yays":605,"nays":514},{"committee":"УИК №373","vibid":"4144019213683","voters":1405,"total":961,"voted":961,"spoiled":7,"yays":483,"nays":471},{"committee":"УИК №374","vibid":"4144019213684","voters":1740,"total":707,"voted":707,"spoiled":4,"yays":424,"nays":279},{"committee":"УИК №375","vibid":"4144019213685","voters":1571,"total":945,"voted":945,"spoiled":4,"yays":522,"nays":419},{"committee":"УИК №376","vibid":"4144019213686","voters":1595,"total":771,"voted":771,"spoiled":9,"yays":477,"nays":285},{"committee":"УИК №377","vibid":"4144019213687","voters":1605,"total":701,"voted":701,"spoiled":8,"yays":429,"nays":264},{"committee":"УИК №378","vibid":"4144019213688","voters":1270,"total":741,"voted":741,"spoiled":10,"yays":417,"nays":314},{"committee":"УИК №379","vibid":"4144019213689","voters":897,"total":567,"voted":567,"spoiled":2,"yays":373,"nays":192},{"committee":"УИК №380","vibid":"4144019213690","voters":1166,"total":757,"voted":757,"spoiled":9,"yays":459,"nays":289},{"committee":"УИК №381","vibid":"4144019213691","voters":1248,"total":755,"voted":755,"spoiled":15,"yays":428,"nays":312},{"committee":"УИК №382","vibid":"4144019213692","voters":82,"total":81,"voted":81,"spoiled":0,"yays":71,"nays":10},{"committee":"УИК №383","vibid":"4144019213693","voters":689,"total":414,"voted":413,"spoiled":5,"yays":222,"nays":186},{"committee":"УИК №384","vibid":"4144019213694","voters":659,"total":314,"voted":314,"spoiled":7,"yays":178,"nays":129},{"committee":"УИК №385","vibid":"4144019213695","voters":683,"total":485,"voted":485,"spoiled":3,"yays":293,"nays":189},{"committee":"УИК №386","vibid":"4144019213696","voters":1445,"total":685,"voted":685,"spoiled":3,"yays":368,"nays":314},{"committee":"УИК №387","vibid":"4144019213697","voters":435,"total":296,"voted":296,"spoiled":0,"yays":216,"nays":80},{"committee":"УИК №388","vibid":"4144019213698","voters":748,"total":708,"voted":708,"spoiled":5,"yays":490,"nays":213},{"committee":"УИК №389","vibid":"4144019213699","voters":684,"total":655,"voted":655,"spoiled":0,"yays":436,"nays":219},{"committee":"УИК №390","vibid":"4144019213700","voters":683,"total":683,"voted":683,"spoiled":11,"yays":232,"nays":440},{"committee":"УИК №833","vibid":"4144019217370","voters":67,"total":67,"voted":67,"spoiled":1,"yays":24,"nays":42}]