[{"committee":"УИК №65","vibid":"4144006194726","voters":1048,"total":542,"voted":542,"spoiled":4,"yays":361,"nays":177},{"committee":"УИК №66","vibid":"4144006194727","voters":611,"total":265,"voted":265,"spoiled":0,"yays":193,"nays":72},{"committee":"УИК №67","vibid":"4144006194728","voters":663,"total":305,"voted":305,"spoiled":8,"yays":218,"nays":79},{"committee":"УИК №68","vibid":"4144006194729","voters":750,"total":401,"voted":401,"spoiled":6,"yays":228,"nays":167},{"committee":"УИК №69","vibid":"4144006194730","voters":309,"total":179,"voted":179,"spoiled":0,"yays":126,"nays":53},{"committee":"УИК №70","vibid":"4144006194731","voters":592,"total":451,"voted":451,"spoiled":5,"yays":338,"nays":108},{"committee":"УИК №71","vibid":"4144006194732","voters":347,"total":245,"voted":245,"spoiled":2,"yays":172,"nays":71},{"committee":"УИК №72","vibid":"4144006194733","voters":313,"total":203,"voted":203,"spoiled":0,"yays":146,"nays":57},{"committee":"УИК №73","vibid":"4144006194734","voters":152,"total":127,"voted":127,"spoiled":0,"yays":109,"nays":18},{"committee":"УИК №74","vibid":"4144006194735","voters":486,"total":348,"voted":348,"spoiled":0,"yays":273,"nays":75},{"committee":"УИК №809","vibid":"4144006194846","voters":2,"total":2,"voted":2,"spoiled":0,"yays":1,"nays":1},{"committee":"УИК №810","vibid":"4144006194848","voters":2,"total":2,"voted":2,"spoiled":0,"yays":2,"nays":0},{"committee":"УИК №811","vibid":"4144006194850","voters":7,"total":7,"voted":7,"spoiled":0,"yays":7,"nays":0},{"committee":"УИК №817","vibid":"4144006196549","voters":123,"total":123,"voted":123,"spoiled":1,"yays":84,"nays":38},{"committee":"УИК №828","vibid":"4144006197200","voters":91,"total":91,"voted":91,"spoiled":1,"yays":36,"nays":54}]