[{"committee":"УИК №2761","vibid":"4164060355195","voters":781,"total":734,"voted":734,"spoiled":0,"yays":646,"nays":88},{"committee":"УИК №2762","vibid":"4164060355196","voters":86,"total":82,"voted":82,"spoiled":0,"yays":73,"nays":9},{"committee":"УИК №2763","vibid":"4164060355197","voters":241,"total":232,"voted":232,"spoiled":0,"yays":222,"nays":10},{"committee":"УИК №2765","vibid":"4164060355199","voters":198,"total":186,"voted":186,"spoiled":1,"yays":172,"nays":13},{"committee":"УИК №2766","vibid":"4164060355200","voters":264,"total":249,"voted":249,"spoiled":0,"yays":230,"nays":19},{"committee":"УИК №2767","vibid":"4164060355201","voters":501,"total":466,"voted":466,"spoiled":0,"yays":419,"nays":47},{"committee":"УИК №2769","vibid":"4164060355203","voters":156,"total":147,"voted":147,"spoiled":0,"yays":136,"nays":11},{"committee":"УИК №2770","vibid":"4164060355204","voters":1507,"total":1432,"voted":1432,"spoiled":0,"yays":1303,"nays":129},{"committee":"УИК №2771","vibid":"4164060355205","voters":502,"total":472,"voted":472,"spoiled":0,"yays":434,"nays":38},{"committee":"УИК №2772","vibid":"4164060355206","voters":342,"total":329,"voted":329,"spoiled":0,"yays":303,"nays":26},{"committee":"УИК №2773","vibid":"4164060355207","voters":215,"total":205,"voted":205,"spoiled":0,"yays":189,"nays":16},{"committee":"УИК №2774","vibid":"4164060355208","voters":101,"total":97,"voted":97,"spoiled":0,"yays":89,"nays":8},{"committee":"УИК №2775","vibid":"4164060355209","voters":430,"total":413,"voted":413,"spoiled":0,"yays":380,"nays":33},{"committee":"УИК №2776","vibid":"4164060355210","voters":153,"total":146,"voted":146,"spoiled":0,"yays":135,"nays":11},{"committee":"УИК №2780","vibid":"4164060355214","voters":221,"total":211,"voted":211,"spoiled":0,"yays":190,"nays":21},{"committee":"УИК №2783","vibid":"4164060355217","voters":413,"total":389,"voted":389,"spoiled":3,"yays":356,"nays":30},{"committee":"УИК №2784","vibid":"4164060355218","voters":214,"total":202,"voted":202,"spoiled":0,"yays":186,"nays":16},{"committee":"УИК №2785","vibid":"4164060355219","voters":224,"total":216,"voted":216,"spoiled":0,"yays":199,"nays":17},{"committee":"УИК №2786","vibid":"4164060355220","voters":410,"total":394,"voted":394,"spoiled":0,"yays":362,"nays":32},{"committee":"УИК №2789","vibid":"4164060355223","voters":85,"total":81,"voted":81,"spoiled":0,"yays":76,"nays":5},{"committee":"УИК №2790","vibid":"4164060355224","voters":88,"total":83,"voted":83,"spoiled":0,"yays":77,"nays":6},{"committee":"УИК №2791","vibid":"4164060355225","voters":398,"total":371,"voted":371,"spoiled":0,"yays":333,"nays":38},{"committee":"УИК №2793","vibid":"4164060355227","voters":1087,"total":989,"voted":989,"spoiled":0,"yays":870,"nays":119},{"committee":"УИК №2794","vibid":"4164060355228","voters":1174,"total":1070,"voted":1070,"spoiled":15,"yays":941,"nays":114}]