[{"committee":"УИК №185","vibid":"4144012150500","voters":2031,"total":1084,"voted":1084,"spoiled":7,"yays":746,"nays":331},{"committee":"УИК №186","vibid":"4144012150501","voters":255,"total":125,"voted":125,"spoiled":0,"yays":80,"nays":45},{"committee":"УИК №187","vibid":"4144012150502","voters":284,"total":200,"voted":200,"spoiled":0,"yays":159,"nays":41},{"committee":"УИК №188","vibid":"4144012150503","voters":171,"total":135,"voted":135,"spoiled":0,"yays":109,"nays":26},{"committee":"УИК №189","vibid":"4144012150504","voters":135,"total":89,"voted":89,"spoiled":2,"yays":72,"nays":15},{"committee":"УИК №815","vibid":"4144012151665","voters":333,"total":333,"voted":333,"spoiled":53,"yays":141,"nays":139}]