[{"committee":"УИК №155","vibid":"4174015212971","voters":1646,"total":1635,"voted":1635,"spoiled":0,"yays":1597,"nays":38},{"committee":"УИК №156","vibid":"4174015212972","voters":1577,"total":1569,"voted":1569,"spoiled":0,"yays":1520,"nays":49},{"committee":"УИК №157","vibid":"4174015212973","voters":1270,"total":1262,"voted":1262,"spoiled":0,"yays":1224,"nays":38},{"committee":"УИК №158","vibid":"4174015212974","voters":1246,"total":1215,"voted":1215,"spoiled":0,"yays":1185,"nays":30},{"committee":"УИК №159","vibid":"4174015212975","voters":429,"total":421,"voted":421,"spoiled":0,"yays":418,"nays":3},{"committee":"УИК №160","vibid":"4174015212976","voters":1241,"total":1240,"voted":1240,"spoiled":0,"yays":1202,"nays":38},{"committee":"УИК №161","vibid":"4174015212977","voters":388,"total":378,"voted":378,"spoiled":0,"yays":371,"nays":7},{"committee":"УИК №162","vibid":"4174015212978","voters":548,"total":548,"voted":548,"spoiled":3,"yays":539,"nays":6},{"committee":"УИК №163","vibid":"4174015212979","voters":792,"total":790,"voted":790,"spoiled":0,"yays":783,"nays":7},{"committee":"УИК №164","vibid":"4174015212980","voters":449,"total":447,"voted":447,"spoiled":5,"yays":436,"nays":6},{"committee":"УИК №165","vibid":"4174015212981","voters":867,"total":863,"voted":863,"spoiled":0,"yays":859,"nays":4},{"committee":"УИК №166","vibid":"4174015212982","voters":406,"total":406,"voted":406,"spoiled":0,"yays":401,"nays":5},{"committee":"УИК №167","vibid":"4174015212983","voters":343,"total":340,"voted":340,"spoiled":0,"yays":340,"nays":0}]