[{"committee":"УИК №122","vibid":"4174011203440","voters":720,"total":717,"voted":717,"spoiled":1,"yays":697,"nays":19},{"committee":"УИК №123","vibid":"4174011203441","voters":356,"total":354,"voted":354,"spoiled":0,"yays":352,"nays":2},{"committee":"УИК №124","vibid":"4174011203442","voters":507,"total":507,"voted":507,"spoiled":0,"yays":506,"nays":1},{"committee":"УИК №125","vibid":"4174011203443","voters":2136,"total":2123,"voted":2123,"spoiled":0,"yays":2115,"nays":8},{"committee":"УИК №126","vibid":"4174011203444","voters":530,"total":528,"voted":528,"spoiled":0,"yays":527,"nays":1},{"committee":"УИК №127","vibid":"4174011203445","voters":328,"total":327,"voted":327,"spoiled":0,"yays":326,"nays":1},{"committee":"УИК №128","vibid":"4174011203446","voters":663,"total":662,"voted":662,"spoiled":0,"yays":659,"nays":3}]