[{"committee":"УИК №407","vibid":"4114005258821","voters":934,"total":730,"voted":730,"spoiled":6,"yays":404,"nays":320},{"committee":"УИК №408","vibid":"4114005258823","voters":276,"total":181,"voted":181,"spoiled":3,"yays":156,"nays":22},{"committee":"УИК №410","vibid":"4114005258824","voters":292,"total":161,"voted":161,"spoiled":0,"yays":135,"nays":26},{"committee":"УИК №411","vibid":"4114005258825","voters":356,"total":216,"voted":216,"spoiled":0,"yays":180,"nays":36},{"committee":"УИК №412","vibid":"4114005258826","voters":200,"total":126,"voted":126,"spoiled":0,"yays":96,"nays":30},{"committee":"УИК №414","vibid":"4114005258827","voters":1617,"total":1010,"voted":1010,"spoiled":13,"yays":451,"nays":546},{"committee":"УИК №415","vibid":"4114005258828","voters":175,"total":156,"voted":156,"spoiled":0,"yays":135,"nays":21},{"committee":"УИК №416","vibid":"4114005258829","voters":525,"total":344,"voted":344,"spoiled":1,"yays":260,"nays":83},{"committee":"УИК №417","vibid":"4114005258830","voters":95,"total":71,"voted":71,"spoiled":0,"yays":50,"nays":21},{"committee":"УИК №418","vibid":"4114005258831","voters":1012,"total":522,"voted":522,"spoiled":4,"yays":308,"nays":210},{"committee":"УИК №419","vibid":"4114005258832","voters":248,"total":162,"voted":162,"spoiled":3,"yays":123,"nays":36},{"committee":"УИК №420","vibid":"4114005258833","voters":1324,"total":705,"voted":705,"spoiled":10,"yays":484,"nays":211},{"committee":"УИК №421","vibid":"4114005258834","voters":1244,"total":782,"voted":782,"spoiled":14,"yays":514,"nays":254},{"committee":"УИК №422","vibid":"4114005258835","voters":1543,"total":892,"voted":892,"spoiled":12,"yays":518,"nays":362},{"committee":"УИК №423","vibid":"4114005258836","voters":2081,"total":1057,"voted":1057,"spoiled":12,"yays":669,"nays":376},{"committee":"УИК №424","vibid":"4114005258837","voters":640,"total":390,"voted":390,"spoiled":5,"yays":234,"nays":151},{"committee":"УИК №425","vibid":"4114005258838","voters":1033,"total":604,"voted":604,"spoiled":6,"yays":420,"nays":178},{"committee":"УИК №426","vibid":"4114005258839","voters":1345,"total":743,"voted":743,"spoiled":4,"yays":353,"nays":386},{"committee":"УИК №427","vibid":"4114005258840","voters":387,"total":243,"voted":243,"spoiled":0,"yays":161,"nays":82},{"committee":"УИК №428","vibid":"4114005258841","voters":348,"total":222,"voted":222,"spoiled":0,"yays":187,"nays":35}]