[{"committee":"УИК №1","vibid":"4194013432401","voters":1382,"total":534,"voted":534,"spoiled":3,"yays":352,"nays":179},{"committee":"УИК №2","vibid":"4194013432403","voters":1072,"total":477,"voted":477,"spoiled":3,"yays":306,"nays":168},{"committee":"УИК №3","vibid":"4194013432404","voters":1454,"total":655,"voted":655,"spoiled":4,"yays":431,"nays":220},{"committee":"УИК №4","vibid":"4194013432405","voters":1790,"total":840,"voted":840,"spoiled":3,"yays":480,"nays":357},{"committee":"УИК №5","vibid":"4194013432407","voters":1419,"total":529,"voted":529,"spoiled":7,"yays":339,"nays":183},{"committee":"УИК №6","vibid":"4194013432408","voters":1306,"total":597,"voted":597,"spoiled":5,"yays":373,"nays":219},{"committee":"УИК №7","vibid":"4194013432409","voters":1391,"total":675,"voted":675,"spoiled":6,"yays":410,"nays":259},{"committee":"УИК №8","vibid":"4194013432411","voters":1354,"total":537,"voted":537,"spoiled":7,"yays":372,"nays":158},{"committee":"УИК №9","vibid":"4194013432412","voters":1620,"total":648,"voted":648,"spoiled":5,"yays":439,"nays":204},{"committee":"УИК №10","vibid":"4194013432413","voters":1616,"total":660,"voted":660,"spoiled":0,"yays":438,"nays":222},{"committee":"УИК №11","vibid":"4194013432414","voters":2997,"total":940,"voted":940,"spoiled":7,"yays":523,"nays":410},{"committee":"УИК №12","vibid":"4194013432416","voters":1926,"total":860,"voted":859,"spoiled":3,"yays":560,"nays":296},{"committee":"УИК №13","vibid":"4194013432417","voters":1748,"total":721,"voted":721,"spoiled":15,"yays":434,"nays":272},{"committee":"УИК №14","vibid":"4194013432418","voters":1578,"total":536,"voted":536,"spoiled":2,"yays":358,"nays":176},{"committee":"УИК №15","vibid":"4194013432419","voters":1865,"total":608,"voted":608,"spoiled":2,"yays":447,"nays":159},{"committee":"УИК №16","vibid":"4194013432420","voters":1529,"total":456,"voted":456,"spoiled":3,"yays":302,"nays":151},{"committee":"УИК №17","vibid":"4194013432422","voters":2113,"total":771,"voted":771,"spoiled":4,"yays":404,"nays":363},{"committee":"УИК №18","vibid":"4194013432423","voters":1928,"total":870,"voted":869,"spoiled":2,"yays":567,"nays":300},{"committee":"УИК №19","vibid":"4194013432424","voters":2416,"total":927,"voted":927,"spoiled":7,"yays":576,"nays":344},{"committee":"УИК №20","vibid":"4194013432425","voters":1969,"total":835,"voted":835,"spoiled":2,"yays":545,"nays":288},{"committee":"УИК №21","vibid":"4194013432426","voters":1226,"total":427,"voted":427,"spoiled":2,"yays":278,"nays":147},{"committee":"УИК №22","vibid":"4194013432427","voters":2265,"total":1093,"voted":1093,"spoiled":6,"yays":663,"nays":424},{"committee":"УИК №23","vibid":"4194013432429","voters":1657,"total":613,"voted":613,"spoiled":5,"yays":382,"nays":226},{"committee":"УИК №24","vibid":"4194013432430","voters":1973,"total":580,"voted":580,"spoiled":5,"yays":360,"nays":215},{"committee":"УИК №25","vibid":"4194013432431","voters":1528,"total":789,"voted":789,"spoiled":3,"yays":607,"nays":179},{"committee":"УИК №26","vibid":"4194013432432","voters":1476,"total":574,"voted":574,"spoiled":14,"yays":362,"nays":198},{"committee":"УИК №27","vibid":"4194013432433","voters":1425,"total":556,"voted":556,"spoiled":4,"yays":379,"nays":173},{"committee":"УИК №28","vibid":"4194013432434","voters":1701,"total":613,"voted":613,"spoiled":2,"yays":416,"nays":195},{"committee":"УИК №29","vibid":"4194013432436","voters":1442,"total":574,"voted":574,"spoiled":3,"yays":391,"nays":180},{"committee":"УИК №30","vibid":"4194013432437","voters":1477,"total":554,"voted":554,"spoiled":1,"yays":390,"nays":163},{"committee":"УИК №31","vibid":"4194013432438","voters":1291,"total":400,"voted":400,"spoiled":3,"yays":280,"nays":117},{"committee":"УИК №32","vibid":"4194013432439","voters":1339,"total":527,"voted":527,"spoiled":3,"yays":326,"nays":198},{"committee":"УИК №33","vibid":"4194013432440","voters":1425,"total":675,"voted":673,"spoiled":6,"yays":387,"nays":280},{"committee":"УИК №34","vibid":"4194013432441","voters":2070,"total":768,"voted":768,"spoiled":9,"yays":494,"nays":265},{"committee":"УИК №35","vibid":"4194013432443","voters":1771,"total":623,"voted":622,"spoiled":3,"yays":397,"nays":222},{"committee":"УИК №36","vibid":"4194013432444","voters":1608,"total":607,"voted":607,"spoiled":2,"yays":406,"nays":199},{"committee":"УИК №37","vibid":"4194013432445","voters":1513,"total":469,"voted":469,"spoiled":3,"yays":299,"nays":167},{"committee":"УИК №38","vibid":"4194013432446","voters":1304,"total":533,"voted":533,"spoiled":2,"yays":350,"nays":181},{"committee":"УИК №39","vibid":"4194013432447","voters":2168,"total":875,"voted":875,"spoiled":9,"yays":530,"nays":336},{"committee":"УИК №40","vibid":"4194013432448","voters":1969,"total":784,"voted":784,"spoiled":14,"yays":509,"nays":261},{"committee":"УИК №41","vibid":"4194013432450","voters":1456,"total":558,"voted":558,"spoiled":6,"yays":365,"nays":187},{"committee":"УИК №42","vibid":"4194013432451","voters":2014,"total":728,"voted":726,"spoiled":6,"yays":476,"nays":244},{"committee":"УИК №43","vibid":"4194013432452","voters":1385,"total":504,"voted":504,"spoiled":4,"yays":329,"nays":171},{"committee":"УИК №44","vibid":"4194013432453","voters":1574,"total":621,"voted":621,"spoiled":4,"yays":400,"nays":217},{"committee":"УИК №45","vibid":"4194013432454","voters":1468,"total":523,"voted":523,"spoiled":9,"yays":358,"nays":156},{"committee":"УИК №46","vibid":"4194013432455","voters":2807,"total":694,"voted":694,"spoiled":3,"yays":464,"nays":227},{"committee":"УИК №47","vibid":"4194013432457","voters":1500,"total":657,"voted":657,"spoiled":10,"yays":426,"nays":221},{"committee":"УИК №48","vibid":"4194013432458","voters":1704,"total":707,"voted":707,"spoiled":8,"yays":445,"nays":254},{"committee":"УИК №49","vibid":"4194013432459","voters":1600,"total":579,"voted":579,"spoiled":5,"yays":334,"nays":240},{"committee":"УИК №50","vibid":"4194013432460","voters":1428,"total":473,"voted":473,"spoiled":2,"yays":301,"nays":170},{"committee":"УИК №51","vibid":"4194013432461","voters":1751,"total":681,"voted":681,"spoiled":2,"yays":430,"nays":249},{"committee":"УИК №52","vibid":"4194013432462","voters":1783,"total":680,"voted":680,"spoiled":4,"yays":414,"nays":262},{"committee":"УИК №53","vibid":"4194013432464","voters":1545,"total":682,"voted":682,"spoiled":6,"yays":442,"nays":234},{"committee":"УИК №54","vibid":"4194013432465","voters":2316,"total":869,"voted":869,"spoiled":6,"yays":539,"nays":324},{"committee":"УИК №55","vibid":"4194013432466","voters":2373,"total":944,"voted":944,"spoiled":6,"yays":550,"nays":388},{"committee":"УИК №56","vibid":"4194013432467","voters":1641,"total":673,"voted":673,"spoiled":8,"yays":454,"nays":211},{"committee":"УИК №57","vibid":"4194013432468","voters":1321,"total":491,"voted":491,"spoiled":1,"yays":303,"nays":187},{"committee":"УИК №58","vibid":"4194013432469","voters":2727,"total":1071,"voted":1071,"spoiled":13,"yays":662,"nays":396},{"committee":"УИК №59","vibid":"4194013432471","voters":2005,"total":1140,"voted":1140,"spoiled":9,"yays":857,"nays":274},{"committee":"УИК №60","vibid":"4194013432472","voters":1853,"total":813,"voted":813,"spoiled":5,"yays":503,"nays":305},{"committee":"УИК №61","vibid":"4194013432473","voters":2018,"total":766,"voted":766,"spoiled":7,"yays":511,"nays":248},{"committee":"УИК №62","vibid":"4194013432474","voters":2208,"total":996,"voted":996,"spoiled":5,"yays":592,"nays":399},{"committee":"УИК №63","vibid":"4194013432475","voters":2403,"total":1001,"voted":1001,"spoiled":3,"yays":578,"nays":420},{"committee":"УИК №64","vibid":"4194013432476","voters":1009,"total":461,"voted":461,"spoiled":2,"yays":306,"nays":153},{"committee":"УИК №65","vibid":"4194013432478","voters":1226,"total":559,"voted":556,"spoiled":3,"yays":357,"nays":196},{"committee":"УИК №66","vibid":"4194013432479","voters":1830,"total":764,"voted":764,"spoiled":11,"yays":490,"nays":263},{"committee":"УИК №67","vibid":"4194013432480","voters":1907,"total":668,"voted":667,"spoiled":4,"yays":445,"nays":218},{"committee":"УИК №68","vibid":"4194013432481","voters":1796,"total":823,"voted":823,"spoiled":6,"yays":493,"nays":324},{"committee":"УИК №69","vibid":"4194013432482","voters":396,"total":206,"voted":206,"spoiled":5,"yays":119,"nays":82},{"committee":"УИК №70","vibid":"4194013432483","voters":2607,"total":1003,"voted":993,"spoiled":6,"yays":615,"nays":372},{"committee":"УИК №71","vibid":"4194013432485","voters":1618,"total":608,"voted":608,"spoiled":0,"yays":391,"nays":217},{"committee":"УИК №72","vibid":"4194013432486","voters":1767,"total":672,"voted":672,"spoiled":10,"yays":450,"nays":212},{"committee":"УИК №73","vibid":"4194013432487","voters":3090,"total":1193,"voted":1193,"spoiled":3,"yays":615,"nays":575},{"committee":"УИК №74","vibid":"4194013432488","voters":2843,"total":875,"voted":875,"spoiled":4,"yays":565,"nays":306},{"committee":"УИК №75","vibid":"4194013433875","voters":83,"total":83,"voted":83,"spoiled":0,"yays":51,"nays":32},{"committee":"УИК №76","vibid":"4194013433876","voters":427,"total":427,"voted":427,"spoiled":4,"yays":339,"nays":84}]