[{"committee":"УИК №358","vibid":"4194009260998","voters":639,"total":308,"voted":308,"spoiled":1,"yays":231,"nays":76},{"committee":"УИК №359","vibid":"4194009261000","voters":1443,"total":674,"voted":674,"spoiled":5,"yays":414,"nays":255},{"committee":"УИК №360","vibid":"4194009261002","voters":1507,"total":864,"voted":864,"spoiled":8,"yays":534,"nays":322},{"committee":"УИК №361","vibid":"4194009261004","voters":1458,"total":626,"voted":626,"spoiled":4,"yays":424,"nays":198},{"committee":"УИК №362","vibid":"4194009261006","voters":1547,"total":633,"voted":633,"spoiled":12,"yays":419,"nays":202},{"committee":"УИК №363","vibid":"4194009261008","voters":1693,"total":919,"voted":919,"spoiled":16,"yays":655,"nays":248},{"committee":"УИК №364","vibid":"4194009261010","voters":986,"total":511,"voted":511,"spoiled":4,"yays":323,"nays":184},{"committee":"УИК №365","vibid":"4194009261012","voters":1346,"total":525,"voted":525,"spoiled":2,"yays":330,"nays":193},{"committee":"УИК №366","vibid":"4194009261014","voters":479,"total":242,"voted":242,"spoiled":4,"yays":163,"nays":75},{"committee":"УИК №367","vibid":"4194009261016","voters":419,"total":180,"voted":180,"spoiled":1,"yays":97,"nays":82},{"committee":"УИК №368","vibid":"4194009261018","voters":270,"total":155,"voted":155,"spoiled":0,"yays":105,"nays":50},{"committee":"УИК №369","vibid":"4194009261020","voters":1183,"total":670,"voted":669,"spoiled":8,"yays":374,"nays":287},{"committee":"УИК №370","vibid":"4194009261022","voters":1487,"total":784,"voted":784,"spoiled":3,"yays":497,"nays":284},{"committee":"УИК №371","vibid":"4194009261024","voters":1277,"total":661,"voted":661,"spoiled":3,"yays":420,"nays":238},{"committee":"УИК №372","vibid":"4194009261026","voters":2547,"total":990,"voted":988,"spoiled":5,"yays":598,"nays":385},{"committee":"УИК №373","vibid":"4194009261028","voters":681,"total":373,"voted":373,"spoiled":1,"yays":238,"nays":134},{"committee":"УИК №374","vibid":"4194009261030","voters":1764,"total":815,"voted":815,"spoiled":5,"yays":526,"nays":284},{"committee":"УИК №375","vibid":"4194009261032","voters":1068,"total":676,"voted":676,"spoiled":0,"yays":495,"nays":181},{"committee":"УИК №376","vibid":"4194009261034","voters":716,"total":294,"voted":294,"spoiled":1,"yays":189,"nays":104},{"committee":"УИК №377","vibid":"4194009261036","voters":1490,"total":889,"voted":889,"spoiled":6,"yays":619,"nays":264},{"committee":"УИК №378","vibid":"4194009261038","voters":865,"total":619,"voted":619,"spoiled":8,"yays":381,"nays":230},{"committee":"УИК №379","vibid":"4194009261040","voters":237,"total":194,"voted":194,"spoiled":0,"yays":120,"nays":74},{"committee":"УИК №380","vibid":"4194009261042","voters":674,"total":295,"voted":295,"spoiled":3,"yays":217,"nays":75},{"committee":"УИК №381","vibid":"4194009261044","voters":121,"total":109,"voted":109,"spoiled":0,"yays":71,"nays":38},{"committee":"УИК №382","vibid":"4194009261046","voters":1071,"total":551,"voted":551,"spoiled":0,"yays":401,"nays":150},{"committee":"УИК №384","vibid":"4194009261048","voters":1314,"total":859,"voted":859,"spoiled":5,"yays":597,"nays":257},{"committee":"УИК №386","vibid":"4194009261050","voters":1162,"total":722,"voted":722,"spoiled":10,"yays":534,"nays":178},{"committee":"УИК №388","vibid":"4194009261052","voters":1000,"total":653,"voted":653,"spoiled":2,"yays":431,"nays":220},{"committee":"УИК №389","vibid":"4194009261054","voters":795,"total":398,"voted":398,"spoiled":3,"yays":233,"nays":162},{"committee":"УИК №390","vibid":"4194009261056","voters":510,"total":326,"voted":326,"spoiled":0,"yays":219,"nays":107},{"committee":"УИК №391","vibid":"4194009261058","voters":233,"total":204,"voted":204,"spoiled":5,"yays":121,"nays":78}]