[{"committee":"УИК №119","vibid":"4194013199401","voters":2324,"total":1037,"voted":1037,"spoiled":8,"yays":663,"nays":366},{"committee":"УИК №120","vibid":"4194013199402","voters":1432,"total":766,"voted":766,"spoiled":11,"yays":538,"nays":217},{"committee":"УИК №121","vibid":"4194013199403","voters":1591,"total":916,"voted":916,"spoiled":4,"yays":669,"nays":243},{"committee":"УИК №122","vibid":"4194013199404","voters":2130,"total":994,"voted":994,"spoiled":4,"yays":728,"nays":262},{"committee":"УИК №123","vibid":"4194013199405","voters":622,"total":473,"voted":473,"spoiled":4,"yays":343,"nays":126}]