[{"committee":"УИК №1192","vibid":"4164063339653","voters":518,"total":489,"voted":489,"spoiled":0,"yays":466,"nays":23},{"committee":"УИК №1193","vibid":"4164063339654","voters":315,"total":302,"voted":302,"spoiled":0,"yays":288,"nays":14},{"committee":"УИК №1194","vibid":"4164063339655","voters":160,"total":155,"voted":155,"spoiled":0,"yays":151,"nays":4},{"committee":"УИК №1195","vibid":"4164063339656","voters":200,"total":200,"voted":200,"spoiled":0,"yays":196,"nays":4},{"committee":"УИК №1196","vibid":"4164063339657","voters":144,"total":139,"voted":139,"spoiled":0,"yays":137,"nays":2},{"committee":"УИК №1198","vibid":"4164063339659","voters":122,"total":117,"voted":117,"spoiled":0,"yays":112,"nays":5},{"committee":"УИК №1199","vibid":"4164063339660","voters":149,"total":144,"voted":144,"spoiled":0,"yays":140,"nays":4},{"committee":"УИК №1200","vibid":"4164063339661","voters":592,"total":554,"voted":554,"spoiled":0,"yays":531,"nays":23},{"committee":"УИК №1201","vibid":"4164063339662","voters":167,"total":161,"voted":161,"spoiled":0,"yays":157,"nays":4},{"committee":"УИК №1202","vibid":"4164063339663","voters":65,"total":65,"voted":65,"spoiled":0,"yays":63,"nays":2},{"committee":"УИК №1203","vibid":"4164063339664","voters":158,"total":156,"voted":156,"spoiled":0,"yays":153,"nays":3},{"committee":"УИК №1204","vibid":"4164063339665","voters":139,"total":132,"voted":132,"spoiled":0,"yays":128,"nays":4},{"committee":"УИК №1205","vibid":"4164063339666","voters":256,"total":254,"voted":254,"spoiled":0,"yays":250,"nays":4},{"committee":"УИК №1206","vibid":"4164063339667","voters":160,"total":155,"voted":155,"spoiled":0,"yays":152,"nays":3},{"committee":"УИК №1207","vibid":"4164063339668","voters":396,"total":378,"voted":378,"spoiled":0,"yays":368,"nays":10},{"committee":"УИК №1208","vibid":"4164063339669","voters":75,"total":71,"voted":71,"spoiled":0,"yays":69,"nays":2},{"committee":"УИК №1209","vibid":"4164063339670","voters":80,"total":77,"voted":77,"spoiled":0,"yays":76,"nays":1},{"committee":"УИК №1211","vibid":"4164063339672","voters":135,"total":131,"voted":131,"spoiled":0,"yays":125,"nays":6},{"committee":"УИК №1213","vibid":"4164063339674","voters":216,"total":195,"voted":195,"spoiled":0,"yays":181,"nays":14},{"committee":"УИК №1214","vibid":"4164063339675","voters":294,"total":277,"voted":277,"spoiled":0,"yays":261,"nays":16},{"committee":"УИК №1215","vibid":"4164063339676","voters":202,"total":192,"voted":192,"spoiled":0,"yays":180,"nays":12},{"committee":"УИК №1217","vibid":"4164063339678","voters":671,"total":628,"voted":627,"spoiled":0,"yays":598,"nays":29},{"committee":"УИК №1219","vibid":"4164063339680","voters":901,"total":837,"voted":837,"spoiled":0,"yays":804,"nays":33},{"committee":"УИК №1220","vibid":"4164063339681","voters":94,"total":93,"voted":93,"spoiled":0,"yays":91,"nays":2},{"committee":"УИК №1224","vibid":"4164063339685","voters":136,"total":136,"voted":136,"spoiled":0,"yays":133,"nays":3},{"committee":"УИК №1225","vibid":"4164063339686","voters":215,"total":208,"voted":208,"spoiled":3,"yays":197,"nays":8},{"committee":"УИК №1227","vibid":"4164063339688","voters":385,"total":365,"voted":365,"spoiled":0,"yays":345,"nays":20},{"committee":"УИК №1228","vibid":"4164063339689","voters":445,"total":441,"voted":441,"spoiled":0,"yays":436,"nays":5},{"committee":"УИК №1230","vibid":"4164063339691","voters":261,"total":258,"voted":258,"spoiled":0,"yays":253,"nays":5},{"committee":"УИК №1232","vibid":"4164063339693","voters":89,"total":87,"voted":87,"spoiled":0,"yays":85,"nays":2},{"committee":"УИК №1234","vibid":"4164063339695","voters":418,"total":401,"voted":401,"spoiled":0,"yays":385,"nays":16},{"committee":"УИК №1236","vibid":"4164063339697","voters":469,"total":440,"voted":440,"spoiled":0,"yays":426,"nays":14},{"committee":"УИК №1237","vibid":"4164063339698","voters":121,"total":118,"voted":118,"spoiled":0,"yays":114,"nays":4},{"committee":"УИК №2795","vibid":"4164063339703","voters":276,"total":257,"voted":257,"spoiled":0,"yays":252,"nays":5}]