[{"committee":"УИК №125","vibid":"4134005189255","voters":169,"total":157,"voted":157,"spoiled":0,"yays":140,"nays":17},{"committee":"УИК №126","vibid":"4134005189256","voters":472,"total":392,"voted":392,"spoiled":0,"yays":355,"nays":37},{"committee":"УИК №127","vibid":"4134005189257","voters":2294,"total":1906,"voted":1895,"spoiled":4,"yays":1751,"nays":140},{"committee":"УИК №128","vibid":"4134005189258","voters":194,"total":175,"voted":175,"spoiled":0,"yays":157,"nays":18},{"committee":"УИК №129","vibid":"4134005189259","voters":168,"total":151,"voted":151,"spoiled":0,"yays":136,"nays":15},{"committee":"УИК №130","vibid":"4134005189260","voters":142,"total":132,"voted":132,"spoiled":0,"yays":121,"nays":11},{"committee":"УИК №131","vibid":"4134005189261","voters":283,"total":257,"voted":257,"spoiled":0,"yays":233,"nays":24},{"committee":"УИК №132","vibid":"4134005189262","voters":122,"total":107,"voted":107,"spoiled":0,"yays":98,"nays":9},{"committee":"УИК №133","vibid":"4134005189263","voters":196,"total":171,"voted":171,"spoiled":0,"yays":150,"nays":21},{"committee":"УИК №134","vibid":"4134005189264","voters":142,"total":129,"voted":129,"spoiled":0,"yays":113,"nays":16},{"committee":"УИК №135","vibid":"4134005189265","voters":176,"total":166,"voted":166,"spoiled":0,"yays":149,"nays":17},{"committee":"УИК №136","vibid":"4134005189266","voters":148,"total":134,"voted":134,"spoiled":0,"yays":117,"nays":17},{"committee":"УИК №137","vibid":"4134005189267","voters":122,"total":110,"voted":110,"spoiled":0,"yays":100,"nays":10},{"committee":"УИК №138","vibid":"4134005189268","voters":324,"total":291,"voted":291,"spoiled":0,"yays":262,"nays":29},{"committee":"УИК №139","vibid":"4134005189269","voters":221,"total":197,"voted":197,"spoiled":0,"yays":182,"nays":15},{"committee":"УИК №140","vibid":"4134005189270","voters":107,"total":99,"voted":99,"spoiled":0,"yays":94,"nays":5},{"committee":"УИК №141","vibid":"4134005189271","voters":160,"total":139,"voted":139,"spoiled":0,"yays":124,"nays":15},{"committee":"УИК №142","vibid":"4134005189272","voters":156,"total":139,"voted":139,"spoiled":0,"yays":120,"nays":19}]