[{"committee":"УИК №142","vibid":"4174013173715","voters":2463,"total":2452,"voted":2452,"spoiled":0,"yays":2435,"nays":17},{"committee":"УИК №143","vibid":"4174013173717","voters":660,"total":658,"voted":658,"spoiled":0,"yays":656,"nays":2},{"committee":"УИК №144","vibid":"4174013173718","voters":689,"total":689,"voted":689,"spoiled":0,"yays":688,"nays":1},{"committee":"УИК №145","vibid":"4174013173719","voters":464,"total":464,"voted":464,"spoiled":1,"yays":458,"nays":5},{"committee":"УИК №146","vibid":"4174013173720","voters":259,"total":259,"voted":259,"spoiled":0,"yays":258,"nays":1},{"committee":"УИК №147","vibid":"4174013173721","voters":561,"total":561,"voted":561,"spoiled":0,"yays":556,"nays":5},{"committee":"УИК №148","vibid":"4174013173722","voters":649,"total":649,"voted":649,"spoiled":0,"yays":646,"nays":3}]