[{"committee":"УИК №172","vibid":"4174017217825","voters":2140,"total":1990,"voted":1990,"spoiled":0,"yays":1930,"nays":60},{"committee":"УИК №173","vibid":"4174017217826","voters":661,"total":637,"voted":637,"spoiled":0,"yays":623,"nays":14},{"committee":"УИК №174","vibid":"4174017217827","voters":756,"total":698,"voted":698,"spoiled":1,"yays":685,"nays":12},{"committee":"УИК №175","vibid":"4174017217828","voters":167,"total":155,"voted":155,"spoiled":0,"yays":150,"nays":5},{"committee":"УИК №176","vibid":"4174017217829","voters":848,"total":777,"voted":777,"spoiled":0,"yays":748,"nays":29},{"committee":"УИК №177","vibid":"4174017217830","voters":176,"total":172,"voted":172,"spoiled":0,"yays":167,"nays":5}]