[{"committee":"УИК №1143","vibid":"4164054282825","voters":143,"total":133,"voted":133,"spoiled":0,"yays":125,"nays":8},{"committee":"УИК №1144","vibid":"4164054282826","voters":393,"total":366,"voted":366,"spoiled":0,"yays":304,"nays":62},{"committee":"УИК №1145","vibid":"4164054282827","voters":1196,"total":1120,"voted":1120,"spoiled":0,"yays":930,"nays":190},{"committee":"УИК №1146","vibid":"4164054282828","voters":268,"total":257,"voted":257,"spoiled":0,"yays":218,"nays":39},{"committee":"УИК №1147","vibid":"4164054282829","voters":521,"total":505,"voted":505,"spoiled":0,"yays":449,"nays":56},{"committee":"УИК №1148","vibid":"4164054282830","voters":688,"total":640,"voted":640,"spoiled":0,"yays":531,"nays":109},{"committee":"УИК №1149","vibid":"4164054282831","voters":358,"total":351,"voted":351,"spoiled":0,"yays":295,"nays":56},{"committee":"УИК №1150","vibid":"4164054282832","voters":489,"total":456,"voted":456,"spoiled":2,"yays":379,"nays":75},{"committee":"УИК №1151","vibid":"4164054282833","voters":519,"total":488,"voted":488,"spoiled":0,"yays":406,"nays":82},{"committee":"УИК №1152","vibid":"4164054282834","voters":297,"total":277,"voted":277,"spoiled":0,"yays":247,"nays":30},{"committee":"УИК №1153","vibid":"4164054282835","voters":580,"total":551,"voted":551,"spoiled":0,"yays":493,"nays":58},{"committee":"УИК №1155","vibid":"4164054282837","voters":296,"total":276,"voted":276,"spoiled":0,"yays":247,"nays":29},{"committee":"УИК №1156","vibid":"4164054282838","voters":352,"total":321,"voted":321,"spoiled":11,"yays":267,"nays":43},{"committee":"УИК №1157","vibid":"4164054282839","voters":568,"total":561,"voted":561,"spoiled":0,"yays":465,"nays":96},{"committee":"УИК №1158","vibid":"4164054282840","voters":291,"total":272,"voted":272,"spoiled":0,"yays":251,"nays":21},{"committee":"УИК №1159","vibid":"4164054282841","voters":125,"total":119,"voted":119,"spoiled":0,"yays":119,"nays":0},{"committee":"УИК №1160","vibid":"4164054282842","voters":435,"total":405,"voted":405,"spoiled":0,"yays":347,"nays":58},{"committee":"УИК №1161","vibid":"4164054282843","voters":691,"total":657,"voted":657,"spoiled":0,"yays":585,"nays":72},{"committee":"УИК №1162","vibid":"4164054282844","voters":351,"total":346,"voted":346,"spoiled":0,"yays":297,"nays":49},{"committee":"УИК №1163","vibid":"4164054282845","voters":232,"total":222,"voted":222,"spoiled":0,"yays":184,"nays":38},{"committee":"УИК №1164","vibid":"4164054282846","voters":422,"total":392,"voted":392,"spoiled":0,"yays":325,"nays":67},{"committee":"УИК №1165","vibid":"4164054282847","voters":403,"total":380,"voted":380,"spoiled":0,"yays":320,"nays":60},{"committee":"УИК №1166","vibid":"4164054282848","voters":119,"total":114,"voted":114,"spoiled":0,"yays":98,"nays":16},{"committee":"УИК №1167","vibid":"4164054282849","voters":425,"total":396,"voted":396,"spoiled":1,"yays":329,"nays":66},{"committee":"УИК №1168","vibid":"4164054282850","voters":509,"total":479,"voted":479,"spoiled":0,"yays":398,"nays":81},{"committee":"УИК №1169","vibid":"4164054282851","voters":502,"total":470,"voted":470,"spoiled":0,"yays":390,"nays":80},{"committee":"УИК №1170","vibid":"4164054282852","voters":983,"total":865,"voted":865,"spoiled":0,"yays":659,"nays":206},{"committee":"УИК №1171","vibid":"4164054282853","voters":1487,"total":1326,"voted":1326,"spoiled":0,"yays":1010,"nays":316},{"committee":"УИК №1172","vibid":"4164054282854","voters":1374,"total":1251,"voted":1251,"spoiled":1,"yays":954,"nays":296}]