[{"committee":"УИК №89","vibid":"4114013184764","voters":1175,"total":699,"voted":699,"spoiled":3,"yays":470,"nays":226},{"committee":"УИК №90","vibid":"4114013184765","voters":2290,"total":1461,"voted":1461,"spoiled":3,"yays":952,"nays":506},{"committee":"УИК №91","vibid":"4114013184766","voters":2042,"total":1353,"voted":1353,"spoiled":37,"yays":848,"nays":468},{"committee":"УИК №92","vibid":"4114013184767","voters":1571,"total":948,"voted":947,"spoiled":12,"yays":739,"nays":196},{"committee":"УИК №93","vibid":"4114013184768","voters":1695,"total":1048,"voted":1048,"spoiled":16,"yays":658,"nays":374},{"committee":"УИК №94","vibid":"4114013184769","voters":1918,"total":1230,"voted":1230,"spoiled":12,"yays":800,"nays":418},{"committee":"УИК №95","vibid":"4114013184770","voters":1258,"total":914,"voted":914,"spoiled":8,"yays":661,"nays":245},{"committee":"УИК №96","vibid":"4114013184771","voters":2056,"total":1466,"voted":1466,"spoiled":13,"yays":856,"nays":597},{"committee":"УИК №97","vibid":"4114013184772","voters":1990,"total":1128,"voted":1128,"spoiled":28,"yays":675,"nays":425},{"committee":"УИК №98","vibid":"4114013184773","voters":1960,"total":1425,"voted":1425,"spoiled":12,"yays":966,"nays":447},{"committee":"УИК №99","vibid":"4114013184774","voters":2025,"total":1034,"voted":1034,"spoiled":7,"yays":665,"nays":362},{"committee":"УИК №100","vibid":"4114013184775","voters":1874,"total":1030,"voted":1030,"spoiled":5,"yays":705,"nays":320},{"committee":"УИК №101","vibid":"4114013184776","voters":2044,"total":1275,"voted":1275,"spoiled":30,"yays":857,"nays":388},{"committee":"УИК №102","vibid":"4114013184777","voters":2196,"total":900,"voted":900,"spoiled":5,"yays":618,"nays":277},{"committee":"УИК №103","vibid":"4114013184778","voters":2161,"total":1120,"voted":1116,"spoiled":8,"yays":827,"nays":281},{"committee":"УИК №104","vibid":"4114013184779","voters":1113,"total":676,"voted":676,"spoiled":5,"yays":504,"nays":167},{"committee":"УИК №105","vibid":"4114013184780","voters":1464,"total":928,"voted":928,"spoiled":15,"yays":533,"nays":380},{"committee":"УИК №106","vibid":"4114013184781","voters":1370,"total":908,"voted":908,"spoiled":4,"yays":692,"nays":212},{"committee":"УИК №107","vibid":"4114013184782","voters":1161,"total":689,"voted":689,"spoiled":6,"yays":378,"nays":305},{"committee":"УИК №108","vibid":"4114013184783","voters":1240,"total":600,"voted":600,"spoiled":8,"yays":430,"nays":162},{"committee":"УИК №109","vibid":"4114013184784","voters":2017,"total":1213,"voted":1205,"spoiled":14,"yays":905,"nays":286},{"committee":"УИК №110","vibid":"4114013184785","voters":2007,"total":1269,"voted":1269,"spoiled":17,"yays":999,"nays":253},{"committee":"УИК №111","vibid":"4114013186453","voters":171,"total":157,"voted":157,"spoiled":8,"yays":82,"nays":67}]