[{"committee":"УИК №1844","vibid":"4164033449102","voters":269,"total":259,"voted":259,"spoiled":0,"yays":248,"nays":11},{"committee":"УИК №1845","vibid":"4164033449103","voters":493,"total":444,"voted":444,"spoiled":0,"yays":417,"nays":27},{"committee":"УИК №1846","vibid":"4164033449104","voters":245,"total":240,"voted":240,"spoiled":0,"yays":223,"nays":17},{"committee":"УИК №1847","vibid":"4164033449105","voters":196,"total":192,"voted":192,"spoiled":0,"yays":190,"nays":2},{"committee":"УИК №1848","vibid":"4164033449106","voters":296,"total":284,"voted":284,"spoiled":0,"yays":262,"nays":22},{"committee":"УИК №1849","vibid":"4164033449107","voters":533,"total":501,"voted":501,"spoiled":2,"yays":429,"nays":70},{"committee":"УИК №1850","vibid":"4164033449108","voters":349,"total":339,"voted":339,"spoiled":0,"yays":320,"nays":19},{"committee":"УИК №1851","vibid":"4164033449109","voters":160,"total":155,"voted":155,"spoiled":0,"yays":151,"nays":4},{"committee":"УИК №1852","vibid":"4164033449110","voters":125,"total":120,"voted":120,"spoiled":0,"yays":118,"nays":2},{"committee":"УИК №1853","vibid":"4164033449111","voters":452,"total":426,"voted":426,"spoiled":0,"yays":395,"nays":31},{"committee":"УИК №1854","vibid":"4164033449112","voters":824,"total":757,"voted":757,"spoiled":0,"yays":658,"nays":99},{"committee":"УИК №1855","vibid":"4164033449113","voters":198,"total":181,"voted":181,"spoiled":0,"yays":170,"nays":11},{"committee":"УИК №1856","vibid":"4164033449114","voters":500,"total":479,"voted":479,"spoiled":0,"yays":451,"nays":28},{"committee":"УИК №1857","vibid":"4164033449115","voters":314,"total":299,"voted":299,"spoiled":0,"yays":282,"nays":17},{"committee":"УИК №1858","vibid":"4164033449116","voters":911,"total":838,"voted":838,"spoiled":0,"yays":704,"nays":134},{"committee":"УИК №1859","vibid":"4164033449117","voters":593,"total":552,"voted":552,"spoiled":3,"yays":504,"nays":45},{"committee":"УИК №1860","vibid":"4164033449118","voters":594,"total":559,"voted":559,"spoiled":0,"yays":543,"nays":16},{"committee":"УИК №1861","vibid":"4164033449119","voters":1102,"total":1012,"voted":1012,"spoiled":3,"yays":918,"nays":91},{"committee":"УИК №1863","vibid":"4164033449121","voters":451,"total":429,"voted":429,"spoiled":0,"yays":377,"nays":52},{"committee":"УИК №1864","vibid":"4164033449122","voters":406,"total":397,"voted":397,"spoiled":0,"yays":383,"nays":14},{"committee":"УИК №1865","vibid":"4164033449123","voters":1090,"total":1011,"voted":1011,"spoiled":3,"yays":878,"nays":130},{"committee":"УИК №1866","vibid":"4164033449124","voters":1741,"total":1620,"voted":1620,"spoiled":3,"yays":1345,"nays":272},{"committee":"УИК №1867","vibid":"4164033449125","voters":1698,"total":1576,"voted":1576,"spoiled":12,"yays":1355,"nays":209},{"committee":"УИК №1868","vibid":"4164033449126","voters":1550,"total":1376,"voted":1375,"spoiled":7,"yays":1109,"nays":259},{"committee":"УИК №1870","vibid":"4164033449128","voters":1496,"total":1318,"voted":1318,"spoiled":19,"yays":1039,"nays":260},{"committee":"УИК №1871","vibid":"4164033449129","voters":1478,"total":1362,"voted":1362,"spoiled":5,"yays":1198,"nays":159},{"committee":"УИК №1872","vibid":"4164033449130","voters":1502,"total":1369,"voted":1369,"spoiled":3,"yays":1171,"nays":195},{"committee":"УИК №1873","vibid":"4164033449131","voters":767,"total":748,"voted":748,"spoiled":12,"yays":677,"nays":59},{"committee":"УИК №1874","vibid":"4164033449132","voters":520,"total":496,"voted":496,"spoiled":0,"yays":407,"nays":89},{"committee":"УИК №1875","vibid":"4164033449133","voters":900,"total":872,"voted":872,"spoiled":0,"yays":825,"nays":47},{"committee":"УИК №1876","vibid":"4164033449134","voters":220,"total":211,"voted":211,"spoiled":0,"yays":204,"nays":7},{"committee":"УИК №1877","vibid":"4164033449135","voters":386,"total":369,"voted":369,"spoiled":0,"yays":346,"nays":23},{"committee":"УИК №1878","vibid":"4164033449136","voters":303,"total":297,"voted":297,"spoiled":0,"yays":291,"nays":6},{"committee":"УИК №1879","vibid":"4164033449137","voters":838,"total":816,"voted":816,"spoiled":0,"yays":744,"nays":72},{"committee":"УИК №1880","vibid":"4164033449138","voters":354,"total":341,"voted":341,"spoiled":0,"yays":321,"nays":20},{"committee":"УИК №1881","vibid":"4164033449139","voters":317,"total":294,"voted":294,"spoiled":0,"yays":280,"nays":14},{"committee":"УИК №1882","vibid":"4164033449140","voters":236,"total":222,"voted":222,"spoiled":0,"yays":210,"nays":12},{"committee":"УИК №1883","vibid":"4164033449141","voters":502,"total":482,"voted":482,"spoiled":2,"yays":451,"nays":29},{"committee":"УИК №1884","vibid":"4164033449142","voters":335,"total":292,"voted":292,"spoiled":0,"yays":269,"nays":23},{"committee":"УИК №1885","vibid":"4164033449143","voters":83,"total":79,"voted":79,"spoiled":0,"yays":77,"nays":2},{"committee":"УИК №1886","vibid":"4164033449144","voters":154,"total":147,"voted":147,"spoiled":0,"yays":143,"nays":4},{"committee":"УИК №1887","vibid":"4164033449145","voters":1817,"total":1689,"voted":1689,"spoiled":0,"yays":1459,"nays":230},{"committee":"УИК №1888","vibid":"4164033449146","voters":527,"total":485,"voted":485,"spoiled":2,"yays":421,"nays":62},{"committee":"УИК №1889","vibid":"4164033449147","voters":384,"total":361,"voted":361,"spoiled":3,"yays":320,"nays":38},{"committee":"УИК №1890","vibid":"4164033449148","voters":300,"total":292,"voted":292,"spoiled":0,"yays":283,"nays":9},{"committee":"УИК №1891","vibid":"4164033449149","voters":306,"total":299,"voted":299,"spoiled":0,"yays":281,"nays":18},{"committee":"УИК №1892","vibid":"4164033449150","voters":294,"total":283,"voted":283,"spoiled":0,"yays":238,"nays":45},{"committee":"УИК №1893","vibid":"4164033449151","voters":217,"total":212,"voted":212,"spoiled":0,"yays":210,"nays":2},{"committee":"УИК №1894","vibid":"4164033449152","voters":478,"total":461,"voted":461,"spoiled":3,"yays":427,"nays":31},{"committee":"УИК №1895","vibid":"4164033449153","voters":903,"total":867,"voted":867,"spoiled":14,"yays":767,"nays":86},{"committee":"УИК №1896","vibid":"4164033449154","voters":347,"total":340,"voted":340,"spoiled":0,"yays":318,"nays":22}]