[{"committee":"УИК №491","vibid":"4124014210041","voters":1265,"total":967,"voted":967,"spoiled":14,"yays":711,"nays":242},{"committee":"УИК №492","vibid":"4124014210042","voters":1766,"total":1276,"voted":1276,"spoiled":0,"yays":1029,"nays":247},{"committee":"УИК №493","vibid":"4124014210043","voters":1994,"total":1225,"voted":1225,"spoiled":15,"yays":883,"nays":327},{"committee":"УИК №494","vibid":"4124014210044","voters":2199,"total":1542,"voted":1542,"spoiled":8,"yays":1278,"nays":256},{"committee":"УИК №495","vibid":"4124014210045","voters":1388,"total":897,"voted":897,"spoiled":31,"yays":625,"nays":241},{"committee":"УИК №496","vibid":"4124014210046","voters":925,"total":662,"voted":662,"spoiled":7,"yays":497,"nays":158},{"committee":"УИК №497","vibid":"4124014210047","voters":1333,"total":968,"voted":968,"spoiled":47,"yays":839,"nays":82},{"committee":"УИК №498","vibid":"4124014210048","voters":876,"total":664,"voted":664,"spoiled":2,"yays":531,"nays":131},{"committee":"УИК №499","vibid":"4124014210049","voters":576,"total":413,"voted":413,"spoiled":4,"yays":268,"nays":141},{"committee":"УИК №500","vibid":"4124014210050","voters":1766,"total":1210,"voted":1210,"spoiled":12,"yays":953,"nays":245},{"committee":"УИК №501","vibid":"4124014210051","voters":547,"total":405,"voted":405,"spoiled":1,"yays":351,"nays":53},{"committee":"УИК №502","vibid":"4124014210052","voters":619,"total":472,"voted":472,"spoiled":3,"yays":404,"nays":65},{"committee":"УИК №503","vibid":"4124014210053","voters":770,"total":544,"voted":544,"spoiled":1,"yays":439,"nays":104},{"committee":"УИК №504","vibid":"4124014210054","voters":648,"total":493,"voted":493,"spoiled":0,"yays":399,"nays":94},{"committee":"УИК №505","vibid":"4124014210055","voters":525,"total":367,"voted":367,"spoiled":0,"yays":307,"nays":60},{"committee":"УИК №506","vibid":"4124014210056","voters":929,"total":750,"voted":750,"spoiled":3,"yays":658,"nays":89},{"committee":"УИК №507","vibid":"4124014210057","voters":1512,"total":1044,"voted":1044,"spoiled":0,"yays":824,"nays":220},{"committee":"УИК №508","vibid":"4124014210058","voters":438,"total":329,"voted":329,"spoiled":5,"yays":265,"nays":59},{"committee":"УИК №509","vibid":"4124014210059","voters":523,"total":331,"voted":331,"spoiled":2,"yays":276,"nays":53},{"committee":"УИК №510","vibid":"4124014210060","voters":1192,"total":838,"voted":838,"spoiled":8,"yays":621,"nays":209},{"committee":"УИК №511","vibid":"4124014210061","voters":321,"total":239,"voted":239,"spoiled":0,"yays":189,"nays":50}]