[{"committee":"УИК №428","vibid":"4144022145788","voters":91,"total":40,"voted":40,"spoiled":0,"yays":30,"nays":10},{"committee":"УИК №429","vibid":"4144022145789","voters":422,"total":119,"voted":119,"spoiled":2,"yays":64,"nays":53},{"committee":"УИК №430","vibid":"4144022145790","voters":774,"total":274,"voted":274,"spoiled":9,"yays":160,"nays":105},{"committee":"УИК №431","vibid":"4144022145791","voters":1064,"total":295,"voted":295,"spoiled":2,"yays":185,"nays":108},{"committee":"УИК №432","vibid":"4144022145792","voters":117,"total":57,"voted":57,"spoiled":0,"yays":40,"nays":17},{"committee":"УИК №433","vibid":"4144022145793","voters":382,"total":107,"voted":107,"spoiled":0,"yays":61,"nays":46},{"committee":"УИК №434","vibid":"4144022145794","voters":1391,"total":1150,"voted":1150,"spoiled":10,"yays":465,"nays":675},{"committee":"УИК №435","vibid":"4144022145795","voters":560,"total":318,"voted":318,"spoiled":1,"yays":165,"nays":152},{"committee":"УИК №436","vibid":"4144022145796","voters":329,"total":163,"voted":163,"spoiled":4,"yays":95,"nays":64},{"committee":"УИК №437","vibid":"4144022145797","voters":260,"total":195,"voted":195,"spoiled":3,"yays":81,"nays":111},{"committee":"УИК №438","vibid":"4144022145798","voters":239,"total":172,"voted":172,"spoiled":0,"yays":111,"nays":61},{"committee":"УИК №439","vibid":"4144022145799","voters":293,"total":216,"voted":216,"spoiled":2,"yays":116,"nays":98},{"committee":"УИК №440","vibid":"4144022145800","voters":370,"total":266,"voted":266,"spoiled":2,"yays":187,"nays":77},{"committee":"УИК №441","vibid":"4144022145801","voters":131,"total":95,"voted":95,"spoiled":0,"yays":78,"nays":17},{"committee":"УИК №442","vibid":"4144022145802","voters":74,"total":51,"voted":51,"spoiled":0,"yays":41,"nays":10},{"committee":"УИК №443","vibid":"4144022145803","voters":876,"total":556,"voted":556,"spoiled":0,"yays":361,"nays":195}]