[{"committee":"УИК №1","vibid":"4124003317357","voters":1874,"total":1050,"voted":1050,"spoiled":17,"yays":621,"nays":412},{"committee":"УИК №2","vibid":"4124003317358","voters":708,"total":321,"voted":321,"spoiled":1,"yays":204,"nays":116},{"committee":"УИК №3","vibid":"4124003317359","voters":1367,"total":686,"voted":686,"spoiled":8,"yays":414,"nays":264},{"committee":"УИК №4","vibid":"4124003317360","voters":1415,"total":844,"voted":844,"spoiled":15,"yays":490,"nays":339},{"committee":"УИК №5","vibid":"4124003317361","voters":1623,"total":711,"voted":711,"spoiled":5,"yays":445,"nays":261},{"committee":"УИК №6","vibid":"4124003317362","voters":1050,"total":464,"voted":463,"spoiled":4,"yays":299,"nays":160},{"committee":"УИК №7","vibid":"4124003317363","voters":2026,"total":852,"voted":850,"spoiled":3,"yays":557,"nays":290},{"committee":"УИК №8","vibid":"4124003317364","voters":1800,"total":851,"voted":851,"spoiled":6,"yays":560,"nays":285},{"committee":"УИК №9","vibid":"4124003317365","voters":1822,"total":857,"voted":857,"spoiled":4,"yays":572,"nays":281},{"committee":"УИК №10","vibid":"4124003317366","voters":1477,"total":666,"voted":666,"spoiled":1,"yays":436,"nays":229},{"committee":"УИК №11","vibid":"4124003317367","voters":1631,"total":1105,"voted":1105,"spoiled":12,"yays":823,"nays":270},{"committee":"УИК №12","vibid":"4124003317368","voters":1148,"total":441,"voted":441,"spoiled":5,"yays":278,"nays":158},{"committee":"УИК №13","vibid":"4124003317369","voters":1805,"total":800,"voted":800,"spoiled":4,"yays":539,"nays":257},{"committee":"УИК №14","vibid":"4124003317370","voters":1316,"total":488,"voted":488,"spoiled":3,"yays":314,"nays":171},{"committee":"УИК №15","vibid":"4124003317371","voters":2237,"total":1492,"voted":1492,"spoiled":16,"yays":1033,"nays":443},{"committee":"УИК №16","vibid":"4124003317372","voters":2196,"total":1028,"voted":1028,"spoiled":15,"yays":643,"nays":370},{"committee":"УИК №17","vibid":"4124003317373","voters":1888,"total":895,"voted":893,"spoiled":8,"yays":576,"nays":309},{"committee":"УИК №18","vibid":"4124003317374","voters":2883,"total":1164,"voted":1164,"spoiled":13,"yays":708,"nays":443},{"committee":"УИК №19","vibid":"4124003317375","voters":1116,"total":424,"voted":424,"spoiled":1,"yays":283,"nays":140},{"committee":"УИК №20","vibid":"4124003317376","voters":1689,"total":639,"voted":639,"spoiled":10,"yays":425,"nays":204},{"committee":"УИК №21","vibid":"4124003317377","voters":1730,"total":852,"voted":852,"spoiled":7,"yays":567,"nays":278},{"committee":"УИК №22","vibid":"4124003317378","voters":1997,"total":1061,"voted":1061,"spoiled":9,"yays":705,"nays":347},{"committee":"УИК №23","vibid":"4124003317379","voters":1694,"total":819,"voted":819,"spoiled":7,"yays":556,"nays":256},{"committee":"УИК №24","vibid":"4124003317380","voters":1878,"total":838,"voted":838,"spoiled":10,"yays":568,"nays":260},{"committee":"УИК №25","vibid":"4124003317381","voters":1501,"total":639,"voted":639,"spoiled":6,"yays":412,"nays":221},{"committee":"УИК №26","vibid":"4124003317382","voters":2190,"total":965,"voted":965,"spoiled":5,"yays":639,"nays":321},{"committee":"УИК №27","vibid":"4124003317383","voters":2012,"total":869,"voted":869,"spoiled":7,"yays":473,"nays":389},{"committee":"УИК №28","vibid":"4124003317384","voters":2397,"total":1112,"voted":1109,"spoiled":8,"yays":706,"nays":395},{"committee":"УИК №29","vibid":"4124003317385","voters":2022,"total":906,"voted":904,"spoiled":8,"yays":574,"nays":322},{"committee":"УИК №30","vibid":"4124003317386","voters":2122,"total":802,"voted":802,"spoiled":12,"yays":547,"nays":243},{"committee":"УИК №31","vibid":"4124003317387","voters":1794,"total":814,"voted":814,"spoiled":13,"yays":517,"nays":284},{"committee":"УИК №32","vibid":"4124003317388","voters":1326,"total":511,"voted":510,"spoiled":9,"yays":339,"nays":162},{"committee":"УИК №33","vibid":"4124003317389","voters":1857,"total":712,"voted":708,"spoiled":6,"yays":456,"nays":246},{"committee":"УИК №34","vibid":"4124003317390","voters":1609,"total":699,"voted":699,"spoiled":11,"yays":451,"nays":237},{"committee":"УИК №35","vibid":"4124003317391","voters":1155,"total":519,"voted":519,"spoiled":1,"yays":358,"nays":160},{"committee":"УИК №36","vibid":"4124003317392","voters":1750,"total":757,"voted":757,"spoiled":4,"yays":547,"nays":206},{"committee":"УИК №37","vibid":"4124003317393","voters":2030,"total":885,"voted":885,"spoiled":7,"yays":580,"nays":298},{"committee":"УИК №38","vibid":"4124003317394","voters":1663,"total":665,"voted":665,"spoiled":12,"yays":458,"nays":195},{"committee":"УИК №39","vibid":"4124003317395","voters":1770,"total":692,"voted":692,"spoiled":4,"yays":433,"nays":255},{"committee":"УИК №40","vibid":"4124003317396","voters":1304,"total":525,"voted":525,"spoiled":2,"yays":379,"nays":144},{"committee":"УИК №41","vibid":"4124003317397","voters":1245,"total":464,"voted":463,"spoiled":3,"yays":291,"nays":169},{"committee":"УИК №42","vibid":"4124003317398","voters":1899,"total":696,"voted":696,"spoiled":9,"yays":434,"nays":253},{"committee":"УИК №43","vibid":"4124003317399","voters":2147,"total":858,"voted":858,"spoiled":2,"yays":565,"nays":291},{"committee":"УИК №44","vibid":"4124003317400","voters":1713,"total":652,"voted":652,"spoiled":6,"yays":419,"nays":227},{"committee":"УИК №45","vibid":"4124003317401","voters":2085,"total":769,"voted":759,"spoiled":8,"yays":482,"nays":269},{"committee":"УИК №46","vibid":"4124003317402","voters":1941,"total":702,"voted":702,"spoiled":3,"yays":485,"nays":214},{"committee":"УИК №47","vibid":"4124003317403","voters":886,"total":378,"voted":378,"spoiled":5,"yays":259,"nays":114},{"committee":"УИК №48","vibid":"4124003317404","voters":1265,"total":563,"voted":563,"spoiled":2,"yays":380,"nays":181},{"committee":"УИК №49","vibid":"4124003317405","voters":1444,"total":574,"voted":574,"spoiled":6,"yays":404,"nays":164},{"committee":"УИК №50","vibid":"4124003317406","voters":1680,"total":749,"voted":748,"spoiled":6,"yays":519,"nays":223},{"committee":"УИК №51","vibid":"4124003317407","voters":1742,"total":737,"voted":737,"spoiled":6,"yays":501,"nays":230},{"committee":"УИК №52","vibid":"4124003317408","voters":1414,"total":628,"voted":628,"spoiled":4,"yays":421,"nays":203},{"committee":"УИК №53","vibid":"4124003317409","voters":163,"total":158,"voted":158,"spoiled":11,"yays":135,"nays":12},{"committee":"УИК №54","vibid":"4124003317410","voters":1530,"total":640,"voted":640,"spoiled":6,"yays":427,"nays":207},{"committee":"УИК №55","vibid":"4124003317411","voters":1067,"total":474,"voted":474,"spoiled":3,"yays":299,"nays":172},{"committee":"УИК №56","vibid":"4124003317412","voters":2160,"total":896,"voted":896,"spoiled":11,"yays":547,"nays":338},{"committee":"УИК №57","vibid":"4124003317413","voters":1514,"total":698,"voted":698,"spoiled":8,"yays":431,"nays":259},{"committee":"УИК №58","vibid":"4124003317414","voters":1091,"total":480,"voted":480,"spoiled":7,"yays":332,"nays":141},{"committee":"УИК №59","vibid":"4124003317415","voters":957,"total":460,"voted":460,"spoiled":8,"yays":319,"nays":133},{"committee":"УИК №60","vibid":"4124003317416","voters":514,"total":299,"voted":299,"spoiled":0,"yays":241,"nays":58},{"committee":"УИК №61","vibid":"4124003317417","voters":444,"total":200,"voted":200,"spoiled":1,"yays":130,"nays":69},{"committee":"УИК №525","vibid":"4124003317418","voters":3447,"total":1750,"voted":1748,"spoiled":34,"yays":920,"nays":794},{"committee":"УИК №527","vibid":"4124003319589","voters":192,"total":192,"voted":192,"spoiled":1,"yays":142,"nays":49},{"committee":"УИК №529","vibid":"4124003321783","voters":227,"total":193,"voted":193,"spoiled":0,"yays":165,"nays":28},{"committee":"УИК №530","vibid":"4124003321784","voters":568,"total":561,"voted":561,"spoiled":3,"yays":278,"nays":280}]