[{"committee":"УИК №71","vibid":"4174005259087","voters":549,"total":549,"voted":549,"spoiled":0,"yays":546,"nays":3},{"committee":"УИК №72","vibid":"4174005259088","voters":595,"total":595,"voted":595,"spoiled":0,"yays":591,"nays":4},{"committee":"УИК №73","vibid":"4174005259089","voters":465,"total":465,"voted":465,"spoiled":0,"yays":464,"nays":1},{"committee":"УИК №74","vibid":"4174005259090","voters":409,"total":409,"voted":409,"spoiled":0,"yays":405,"nays":4},{"committee":"УИК №75","vibid":"4174005259091","voters":265,"total":265,"voted":265,"spoiled":0,"yays":262,"nays":3},{"committee":"УИК №76","vibid":"4174005259092","voters":1674,"total":1604,"voted":1603,"spoiled":4,"yays":1582,"nays":17},{"committee":"УИК №77","vibid":"4174005259093","voters":1535,"total":1500,"voted":1500,"spoiled":0,"yays":1485,"nays":15},{"committee":"УИК №78","vibid":"4174005259094","voters":574,"total":574,"voted":574,"spoiled":0,"yays":569,"nays":5},{"committee":"УИК №79","vibid":"4174005259095","voters":346,"total":346,"voted":346,"spoiled":0,"yays":344,"nays":2},{"committee":"УИК №80","vibid":"4174005259096","voters":110,"total":110,"voted":110,"spoiled":0,"yays":109,"nays":1},{"committee":"УИК №81","vibid":"4174005259097","voters":211,"total":211,"voted":211,"spoiled":0,"yays":209,"nays":2},{"committee":"УИК №82","vibid":"4174005259098","voters":140,"total":140,"voted":140,"spoiled":0,"yays":139,"nays":1},{"committee":"УИК №83","vibid":"4174005259099","voters":93,"total":93,"voted":93,"spoiled":0,"yays":92,"nays":1},{"committee":"УИК №84","vibid":"4174005259100","voters":510,"total":510,"voted":510,"spoiled":0,"yays":507,"nays":3},{"committee":"УИК №85","vibid":"4174005259101","voters":437,"total":437,"voted":437,"spoiled":0,"yays":433,"nays":4}]