[{"committee":"УИК №500","vibid":"4144026271618","voters":435,"total":317,"voted":317,"spoiled":1,"yays":160,"nays":156},{"committee":"УИК №501","vibid":"4144026271619","voters":146,"total":120,"voted":120,"spoiled":0,"yays":72,"nays":48},{"committee":"УИК №502","vibid":"4144026271620","voters":469,"total":340,"voted":340,"spoiled":1,"yays":257,"nays":82},{"committee":"УИК №503","vibid":"4144026271621","voters":262,"total":222,"voted":222,"spoiled":0,"yays":137,"nays":85},{"committee":"УИК №504","vibid":"4144026271622","voters":694,"total":454,"voted":454,"spoiled":6,"yays":262,"nays":186},{"committee":"УИК №505","vibid":"4144026271623","voters":81,"total":63,"voted":63,"spoiled":1,"yays":39,"nays":23},{"committee":"УИК №506","vibid":"4144026271624","voters":1229,"total":813,"voted":813,"spoiled":4,"yays":403,"nays":406},{"committee":"УИК №507","vibid":"4144026271625","voters":195,"total":148,"voted":148,"spoiled":0,"yays":77,"nays":71},{"committee":"УИК №508","vibid":"4144026271626","voters":617,"total":406,"voted":406,"spoiled":1,"yays":265,"nays":140},{"committee":"УИК №509","vibid":"4144026271627","voters":275,"total":207,"voted":207,"spoiled":1,"yays":141,"nays":65},{"committee":"УИК №510","vibid":"4144026271628","voters":226,"total":159,"voted":159,"spoiled":1,"yays":90,"nays":68},{"committee":"УИК №511","vibid":"4144026271629","voters":961,"total":414,"voted":414,"spoiled":1,"yays":203,"nays":210},{"committee":"УИК №512","vibid":"4144026271630","voters":1216,"total":558,"voted":558,"spoiled":3,"yays":280,"nays":275},{"committee":"УИК №513","vibid":"4144026271631","voters":1227,"total":496,"voted":496,"spoiled":1,"yays":308,"nays":187},{"committee":"УИК №514","vibid":"4144026271632","voters":1148,"total":573,"voted":573,"spoiled":3,"yays":328,"nays":242},{"committee":"УИК №515","vibid":"4144026271633","voters":1483,"total":676,"voted":676,"spoiled":2,"yays":363,"nays":311},{"committee":"УИК №516","vibid":"4144026271634","voters":1024,"total":547,"voted":547,"spoiled":3,"yays":373,"nays":171},{"committee":"УИК №517","vibid":"4144026271635","voters":121,"total":78,"voted":78,"spoiled":0,"yays":64,"nays":14},{"committee":"УИК №518","vibid":"4144026271636","voters":267,"total":164,"voted":164,"spoiled":1,"yays":98,"nays":65},{"committee":"УИК №519","vibid":"4144026271637","voters":167,"total":134,"voted":134,"spoiled":0,"yays":77,"nays":57},{"committee":"УИК №520","vibid":"4144026271638","voters":635,"total":422,"voted":422,"spoiled":3,"yays":256,"nays":163},{"committee":"УИК №521","vibid":"4144026271639","voters":90,"total":64,"voted":64,"spoiled":0,"yays":48,"nays":16},{"committee":"УИК №522","vibid":"4144026271640","voters":281,"total":192,"voted":192,"spoiled":0,"yays":134,"nays":58},{"committee":"УИК №523","vibid":"4144026271641","voters":346,"total":213,"voted":213,"spoiled":3,"yays":124,"nays":86},{"committee":"УИК №524","vibid":"4144026271642","voters":310,"total":248,"voted":248,"spoiled":0,"yays":180,"nays":68},{"committee":"УИК №525","vibid":"4144026271643","voters":475,"total":314,"voted":314,"spoiled":1,"yays":204,"nays":109},{"committee":"УИК №526","vibid":"4144026271644","voters":963,"total":592,"voted":592,"spoiled":8,"yays":330,"nays":254},{"committee":"УИК №527","vibid":"4144026271645","voters":406,"total":234,"voted":234,"spoiled":3,"yays":171,"nays":60},{"committee":"УИК №528","vibid":"4144026271646","voters":565,"total":433,"voted":433,"spoiled":5,"yays":218,"nays":210},{"committee":"УИК №529","vibid":"4144026271647","voters":69,"total":50,"voted":50,"spoiled":0,"yays":36,"nays":14},{"committee":"УИК №530","vibid":"4144026271648","voters":490,"total":434,"voted":434,"spoiled":4,"yays":289,"nays":141}]