[{"committee":"УИК №421","vibid":"4104015277182","voters":1827,"total":910,"voted":910,"spoiled":12,"yays":680,"nays":218},{"committee":"УИК №422","vibid":"4104015277183","voters":1676,"total":912,"voted":912,"spoiled":9,"yays":639,"nays":264},{"committee":"УИК №423","vibid":"4104015277184","voters":2294,"total":1115,"voted":1115,"spoiled":11,"yays":785,"nays":319},{"committee":"УИК №424","vibid":"4104015277185","voters":1928,"total":1038,"voted":1037,"spoiled":13,"yays":756,"nays":268},{"committee":"УИК №425","vibid":"4104015277186","voters":146,"total":90,"voted":90,"spoiled":2,"yays":80,"nays":8},{"committee":"УИК №426","vibid":"4104015277187","voters":148,"total":88,"voted":88,"spoiled":1,"yays":68,"nays":19},{"committee":"УИК №427","vibid":"4104015277188","voters":439,"total":240,"voted":240,"spoiled":5,"yays":215,"nays":20},{"committee":"УИК №428","vibid":"4104015277189","voters":200,"total":84,"voted":84,"spoiled":0,"yays":70,"nays":14},{"committee":"УИК №429","vibid":"4104015277190","voters":326,"total":215,"voted":215,"spoiled":2,"yays":162,"nays":51},{"committee":"УИК №430","vibid":"4104015277191","voters":529,"total":281,"voted":281,"spoiled":2,"yays":232,"nays":47},{"committee":"УИК №431","vibid":"4104015277192","voters":399,"total":129,"voted":129,"spoiled":1,"yays":100,"nays":28},{"committee":"УИК №432","vibid":"4104015277193","voters":316,"total":129,"voted":129,"spoiled":0,"yays":106,"nays":23},{"committee":"УИК №433","vibid":"4104015277194","voters":437,"total":200,"voted":200,"spoiled":5,"yays":153,"nays":42},{"committee":"УИК №434","vibid":"4104015277195","voters":80,"total":50,"voted":50,"spoiled":0,"yays":49,"nays":1},{"committee":"УИК №435","vibid":"4104015277196","voters":1000,"total":427,"voted":427,"spoiled":3,"yays":353,"nays":71},{"committee":"УИК №436","vibid":"4104015277197","voters":462,"total":169,"voted":169,"spoiled":2,"yays":128,"nays":39},{"committee":"УИК №437","vibid":"4104015277198","voters":217,"total":122,"voted":122,"spoiled":0,"yays":93,"nays":29},{"committee":"УИК №438","vibid":"4104015277199","voters":350,"total":186,"voted":186,"spoiled":1,"yays":166,"nays":19},{"committee":"УИК №439","vibid":"4104015277200","voters":368,"total":150,"voted":150,"spoiled":2,"yays":134,"nays":14},{"committee":"УИК №440","vibid":"4104015277201","voters":97,"total":75,"voted":75,"spoiled":0,"yays":67,"nays":8},{"committee":"УИК №441","vibid":"4104015277202","voters":1280,"total":531,"voted":531,"spoiled":3,"yays":424,"nays":104},{"committee":"УИК №442","vibid":"4104015277203","voters":562,"total":250,"voted":250,"spoiled":4,"yays":203,"nays":43},{"committee":"УИК №443","vibid":"4104015277204","voters":189,"total":88,"voted":88,"spoiled":0,"yays":74,"nays":14},{"committee":"УИК №444","vibid":"4104015277205","voters":853,"total":316,"voted":316,"spoiled":4,"yays":233,"nays":79},{"committee":"УИК №445","vibid":"4104015277206","voters":775,"total":295,"voted":295,"spoiled":2,"yays":223,"nays":70},{"committee":"УИК №446","vibid":"4104015277207","voters":106,"total":76,"voted":76,"spoiled":0,"yays":59,"nays":17},{"committee":"УИК №447","vibid":"4104015277208","voters":539,"total":226,"voted":226,"spoiled":5,"yays":183,"nays":38},{"committee":"УИК №448","vibid":"4104015277209","voters":206,"total":135,"voted":135,"spoiled":0,"yays":109,"nays":26}]