[{"committee":"УИК №1410","vibid":"4164055300540","voters":271,"total":253,"voted":253,"spoiled":0,"yays":216,"nays":37},{"committee":"УИК №1411","vibid":"4164055300541","voters":511,"total":471,"voted":471,"spoiled":5,"yays":396,"nays":70},{"committee":"УИК №1412","vibid":"4164055300542","voters":216,"total":201,"voted":201,"spoiled":0,"yays":171,"nays":30},{"committee":"УИК №1413","vibid":"4164055300543","voters":211,"total":206,"voted":206,"spoiled":0,"yays":198,"nays":8},{"committee":"УИК №1414","vibid":"4164055300544","voters":308,"total":293,"voted":293,"spoiled":0,"yays":255,"nays":38},{"committee":"УИК №1415","vibid":"4164055300545","voters":178,"total":167,"voted":167,"spoiled":2,"yays":141,"nays":24},{"committee":"УИК №1416","vibid":"4164055300546","voters":371,"total":345,"voted":345,"spoiled":0,"yays":295,"nays":50},{"committee":"УИК №1417","vibid":"4164055300547","voters":476,"total":445,"voted":445,"spoiled":0,"yays":379,"nays":66},{"committee":"УИК №1418","vibid":"4164055300548","voters":195,"total":186,"voted":186,"spoiled":0,"yays":159,"nays":27},{"committee":"УИК №1419","vibid":"4164055300549","voters":129,"total":120,"voted":120,"spoiled":0,"yays":115,"nays":5},{"committee":"УИК №1420","vibid":"4164055300550","voters":294,"total":275,"voted":275,"spoiled":0,"yays":226,"nays":49},{"committee":"УИК №1421","vibid":"4164055300551","voters":203,"total":190,"voted":190,"spoiled":0,"yays":162,"nays":28},{"committee":"УИК №1422","vibid":"4164055300552","voters":655,"total":609,"voted":609,"spoiled":0,"yays":517,"nays":92},{"committee":"УИК №1423","vibid":"4164055300553","voters":348,"total":324,"voted":324,"spoiled":0,"yays":277,"nays":47},{"committee":"УИК №1424","vibid":"4164055300554","voters":439,"total":384,"voted":384,"spoiled":0,"yays":328,"nays":56},{"committee":"УИК №1425","vibid":"4164055300555","voters":242,"total":226,"voted":226,"spoiled":3,"yays":193,"nays":30},{"committee":"УИК №1426","vibid":"4164055300556","voters":307,"total":288,"voted":288,"spoiled":0,"yays":246,"nays":42},{"committee":"УИК №1427","vibid":"4164055300557","voters":424,"total":397,"voted":397,"spoiled":0,"yays":341,"nays":56},{"committee":"УИК №1428","vibid":"4164055300558","voters":1697,"total":1481,"voted":1481,"spoiled":1,"yays":1202,"nays":278},{"committee":"УИК №1429","vibid":"4164055300559","voters":236,"total":223,"voted":223,"spoiled":0,"yays":189,"nays":34},{"committee":"УИК №1430","vibid":"4164055300560","voters":414,"total":386,"voted":386,"spoiled":0,"yays":324,"nays":62},{"committee":"УИК №1431","vibid":"4164055300561","voters":212,"total":206,"voted":206,"spoiled":1,"yays":197,"nays":8},{"committee":"УИК №1432","vibid":"4164055300562","voters":433,"total":398,"voted":398,"spoiled":0,"yays":377,"nays":21}]