[{"committee":"УИК №187","vibid":"4114008348081","voters":1331,"total":597,"voted":596,"spoiled":7,"yays":387,"nays":202},{"committee":"УИК №188","vibid":"4114008348082","voters":1680,"total":989,"voted":989,"spoiled":6,"yays":616,"nays":367},{"committee":"УИК №189","vibid":"4114008348083","voters":1718,"total":867,"voted":867,"spoiled":4,"yays":518,"nays":345},{"committee":"УИК №190","vibid":"4114008348084","voters":1709,"total":1237,"voted":1237,"spoiled":30,"yays":713,"nays":494},{"committee":"УИК №191","vibid":"4114008348085","voters":1636,"total":994,"voted":994,"spoiled":20,"yays":627,"nays":347},{"committee":"УИК №192","vibid":"4114008348086","voters":1207,"total":771,"voted":771,"spoiled":17,"yays":563,"nays":191},{"committee":"УИК №193","vibid":"4114008348087","voters":1251,"total":416,"voted":416,"spoiled":6,"yays":270,"nays":140},{"committee":"УИК №194","vibid":"4114008348088","voters":1518,"total":595,"voted":595,"spoiled":9,"yays":377,"nays":209},{"committee":"УИК №195","vibid":"4114008348089","voters":230,"total":131,"voted":131,"spoiled":3,"yays":98,"nays":30},{"committee":"УИК №196","vibid":"4114008348090","voters":232,"total":198,"voted":198,"spoiled":0,"yays":145,"nays":53},{"committee":"УИК №197","vibid":"4114008348091","voters":97,"total":81,"voted":81,"spoiled":0,"yays":59,"nays":22},{"committee":"УИК №198","vibid":"4114008348092","voters":290,"total":170,"voted":170,"spoiled":1,"yays":111,"nays":58},{"committee":"УИК №199","vibid":"4114008348093","voters":155,"total":126,"voted":126,"spoiled":0,"yays":81,"nays":45},{"committee":"УИК №200","vibid":"4114008348094","voters":283,"total":258,"voted":258,"spoiled":0,"yays":188,"nays":70},{"committee":"УИК №201","vibid":"4114008353088","voters":19,"total":19,"voted":19,"spoiled":0,"yays":16,"nays":3},{"committee":"УИК №202","vibid":"4114008348095","voters":140,"total":96,"voted":96,"spoiled":0,"yays":74,"nays":22},{"committee":"УИК №203","vibid":"4114008348096","voters":1227,"total":965,"voted":965,"spoiled":0,"yays":659,"nays":306},{"committee":"УИК №204","vibid":"4114008348097","voters":1807,"total":724,"voted":724,"spoiled":9,"yays":407,"nays":308},{"committee":"УИК №205","vibid":"4114008348098","voters":1880,"total":954,"voted":954,"spoiled":7,"yays":572,"nays":375},{"committee":"УИК №206","vibid":"4114008348099","voters":1924,"total":1360,"voted":1360,"spoiled":11,"yays":839,"nays":510},{"committee":"УИК №207","vibid":"4114008348100","voters":1588,"total":689,"voted":689,"spoiled":4,"yays":456,"nays":229},{"committee":"УИК №208","vibid":"4114008348101","voters":1336,"total":665,"voted":665,"spoiled":6,"yays":437,"nays":222},{"committee":"УИК №209","vibid":"4114008348102","voters":1558,"total":616,"voted":616,"spoiled":1,"yays":421,"nays":194},{"committee":"УИК №210","vibid":"4114008348103","voters":1648,"total":916,"voted":916,"spoiled":28,"yays":580,"nays":308},{"committee":"УИК №211","vibid":"4114008348104","voters":1814,"total":692,"voted":692,"spoiled":2,"yays":463,"nays":227},{"committee":"УИК №212","vibid":"4114008348105","voters":1599,"total":639,"voted":639,"spoiled":5,"yays":440,"nays":194},{"committee":"УИК №213","vibid":"4114008348106","voters":1291,"total":733,"voted":733,"spoiled":8,"yays":411,"nays":314},{"committee":"УИК №214","vibid":"4114008348107","voters":414,"total":288,"voted":288,"spoiled":0,"yays":177,"nays":111},{"committee":"УИК №215","vibid":"4114008348108","voters":1657,"total":624,"voted":624,"spoiled":7,"yays":410,"nays":207},{"committee":"УИК №216","vibid":"4114008348109","voters":757,"total":718,"voted":718,"spoiled":7,"yays":495,"nays":216},{"committee":"УИК №217","vibid":"4114008348110","voters":609,"total":360,"voted":360,"spoiled":3,"yays":273,"nays":84},{"committee":"УИК №220","vibid":"4114008348111","voters":414,"total":294,"voted":294,"spoiled":3,"yays":151,"nays":140},{"committee":"УИК №221","vibid":"4114008348112","voters":1865,"total":1573,"voted":1573,"spoiled":52,"yays":1114,"nays":407},{"committee":"УИК №222","vibid":"4114008348113","voters":982,"total":520,"voted":520,"spoiled":2,"yays":361,"nays":157},{"committee":"УИК №223","vibid":"4114008348114","voters":301,"total":236,"voted":236,"spoiled":0,"yays":174,"nays":62},{"committee":"УИК №224","vibid":"4114008348115","voters":102,"total":79,"voted":79,"spoiled":0,"yays":63,"nays":16},{"committee":"УИК №225","vibid":"4114008348116","voters":390,"total":254,"voted":254,"spoiled":1,"yays":194,"nays":59},{"committee":"УИК №226","vibid":"4114008348117","voters":157,"total":76,"voted":76,"spoiled":3,"yays":53,"nays":20},{"committee":"УИК №227","vibid":"4114008348118","voters":89,"total":71,"voted":71,"spoiled":4,"yays":43,"nays":24},{"committee":"УИК №228","vibid":"4114008348119","voters":964,"total":638,"voted":638,"spoiled":0,"yays":230,"nays":408},{"committee":"УИК №229","vibid":"4114008348120","voters":1446,"total":704,"voted":704,"spoiled":8,"yays":458,"nays":238},{"committee":"УИК №231","vibid":"4114008348121","voters":224,"total":133,"voted":133,"spoiled":4,"yays":106,"nays":23},{"committee":"УИК №233","vibid":"4114008348122","voters":106,"total":82,"voted":82,"spoiled":0,"yays":52,"nays":30},{"committee":"УИК №234","vibid":"4114008348123","voters":367,"total":205,"voted":205,"spoiled":1,"yays":122,"nays":82},{"committee":"УИК №235","vibid":"4114008350393","voters":318,"total":286,"voted":286,"spoiled":0,"yays":162,"nays":124}]