[{"committee":"УИК №305","vibid":"4194006211654","voters":1715,"total":830,"voted":830,"spoiled":9,"yays":468,"nays":353},{"committee":"УИК №306","vibid":"4194006211655","voters":1689,"total":1010,"voted":1010,"spoiled":117,"yays":389,"nays":504},{"committee":"УИК №307","vibid":"4194006211656","voters":516,"total":338,"voted":338,"spoiled":1,"yays":203,"nays":134},{"committee":"УИК №308","vibid":"4194006211657","voters":172,"total":124,"voted":124,"spoiled":1,"yays":101,"nays":22},{"committee":"УИК №309","vibid":"4194006211658","voters":94,"total":65,"voted":65,"spoiled":0,"yays":58,"nays":7},{"committee":"УИК №310","vibid":"4194006211659","voters":784,"total":749,"voted":749,"spoiled":5,"yays":530,"nays":214},{"committee":"УИК №311","vibid":"4194006211660","voters":168,"total":136,"voted":136,"spoiled":1,"yays":122,"nays":13},{"committee":"УИК №312","vibid":"4194006211661","voters":196,"total":154,"voted":154,"spoiled":3,"yays":116,"nays":35},{"committee":"УИК №313","vibid":"4194006211662","voters":89,"total":75,"voted":75,"spoiled":1,"yays":55,"nays":19},{"committee":"УИК №314","vibid":"4194006211663","voters":212,"total":179,"voted":179,"spoiled":2,"yays":104,"nays":73},{"committee":"УИК №315","vibid":"4194006211664","voters":702,"total":438,"voted":438,"spoiled":4,"yays":309,"nays":125},{"committee":"УИК №316","vibid":"4194006211665","voters":117,"total":74,"voted":74,"spoiled":1,"yays":54,"nays":19},{"committee":"УИК №317","vibid":"4194006211666","voters":74,"total":57,"voted":57,"spoiled":1,"yays":53,"nays":3},{"committee":"УИК №318","vibid":"4194006211667","voters":144,"total":89,"voted":89,"spoiled":0,"yays":62,"nays":27},{"committee":"УИК №319","vibid":"4194006211668","voters":143,"total":109,"voted":109,"spoiled":0,"yays":101,"nays":8},{"committee":"УИК №320","vibid":"4194006211669","voters":769,"total":514,"voted":514,"spoiled":18,"yays":307,"nays":189},{"committee":"УИК №321","vibid":"4194006211670","voters":77,"total":66,"voted":66,"spoiled":1,"yays":55,"nays":10},{"committee":"УИК №322","vibid":"4194006211671","voters":250,"total":153,"voted":153,"spoiled":3,"yays":116,"nays":34},{"committee":"УИК №323","vibid":"4194006211672","voters":659,"total":449,"voted":449,"spoiled":8,"yays":325,"nays":116},{"committee":"УИК №324","vibid":"4194006211673","voters":346,"total":239,"voted":239,"spoiled":3,"yays":185,"nays":51},{"committee":"УИК №325","vibid":"4194006211674","voters":366,"total":257,"voted":257,"spoiled":8,"yays":158,"nays":91}]