[{"committee":"УИК №109","vibid":"4174010185620","voters":686,"total":672,"voted":672,"spoiled":0,"yays":658,"nays":14},{"committee":"УИК №110","vibid":"4174010185621","voters":734,"total":723,"voted":723,"spoiled":0,"yays":708,"nays":15},{"committee":"УИК №111","vibid":"4174010185622","voters":988,"total":958,"voted":958,"spoiled":0,"yays":938,"nays":20},{"committee":"УИК №112","vibid":"4174010185623","voters":1388,"total":1340,"voted":1340,"spoiled":0,"yays":1307,"nays":33},{"committee":"УИК №113","vibid":"4174010185624","voters":320,"total":313,"voted":313,"spoiled":0,"yays":306,"nays":7},{"committee":"УИК №114","vibid":"4174010185625","voters":602,"total":596,"voted":596,"spoiled":3,"yays":581,"nays":12},{"committee":"УИК №115","vibid":"4174010185626","voters":338,"total":332,"voted":332,"spoiled":0,"yays":325,"nays":7},{"committee":"УИК №116","vibid":"4174010185627","voters":475,"total":466,"voted":466,"spoiled":0,"yays":456,"nays":10},{"committee":"УИК №117","vibid":"4174010185628","voters":622,"total":612,"voted":612,"spoiled":0,"yays":603,"nays":9},{"committee":"УИК №118","vibid":"4174010185629","voters":397,"total":361,"voted":361,"spoiled":0,"yays":353,"nays":8},{"committee":"УИК №119","vibid":"4174010185630","voters":534,"total":530,"voted":530,"spoiled":0,"yays":520,"nays":10},{"committee":"УИК №120","vibid":"4174010185631","voters":246,"total":246,"voted":246,"spoiled":0,"yays":241,"nays":5},{"committee":"УИК №121","vibid":"4174010185632","voters":247,"total":240,"voted":240,"spoiled":0,"yays":235,"nays":5}]