[{"committee":"УИК №445","vibid":"4144023274880","voters":29,"total":21,"voted":21,"spoiled":0,"yays":16,"nays":5},{"committee":"УИК №446","vibid":"4144023274881","voters":663,"total":445,"voted":445,"spoiled":8,"yays":310,"nays":127},{"committee":"УИК №447","vibid":"4144023274882","voters":215,"total":158,"voted":158,"spoiled":1,"yays":117,"nays":40},{"committee":"УИК №448","vibid":"4144023274883","voters":67,"total":58,"voted":58,"spoiled":1,"yays":55,"nays":2},{"committee":"УИК №449","vibid":"4144023274884","voters":268,"total":168,"voted":168,"spoiled":3,"yays":149,"nays":16},{"committee":"УИК №450","vibid":"4144023274885","voters":306,"total":209,"voted":209,"spoiled":1,"yays":153,"nays":55},{"committee":"УИК №451","vibid":"4144023274886","voters":757,"total":423,"voted":423,"spoiled":4,"yays":291,"nays":128},{"committee":"УИК №452","vibid":"4144023274887","voters":468,"total":354,"voted":354,"spoiled":3,"yays":205,"nays":146},{"committee":"УИК №453","vibid":"4144023274888","voters":64,"total":52,"voted":52,"spoiled":0,"yays":35,"nays":17},{"committee":"УИК №454","vibid":"4144023274889","voters":375,"total":241,"voted":241,"spoiled":2,"yays":161,"nays":78},{"committee":"УИК №455","vibid":"4144023274890","voters":341,"total":289,"voted":289,"spoiled":1,"yays":212,"nays":76},{"committee":"УИК №456","vibid":"4144023274891","voters":236,"total":121,"voted":121,"spoiled":2,"yays":85,"nays":34},{"committee":"УИК №457","vibid":"4144023274892","voters":422,"total":254,"voted":254,"spoiled":3,"yays":167,"nays":84},{"committee":"УИК №458","vibid":"4144023274893","voters":299,"total":227,"voted":227,"spoiled":2,"yays":120,"nays":105},{"committee":"УИК №459","vibid":"4144023274894","voters":591,"total":337,"voted":337,"spoiled":4,"yays":247,"nays":86},{"committee":"УИК №460","vibid":"4144023274895","voters":278,"total":191,"voted":191,"spoiled":0,"yays":120,"nays":71},{"committee":"УИК №461","vibid":"4144023274896","voters":769,"total":460,"voted":460,"spoiled":12,"yays":245,"nays":203},{"committee":"УИК №462","vibid":"4144023274897","voters":242,"total":146,"voted":146,"spoiled":0,"yays":86,"nays":60},{"committee":"УИК №463","vibid":"4144023274898","voters":299,"total":168,"voted":168,"spoiled":4,"yays":111,"nays":53},{"committee":"УИК №464","vibid":"4144023274899","voters":456,"total":313,"voted":313,"spoiled":0,"yays":229,"nays":84},{"committee":"УИК №465","vibid":"4144023274900","voters":209,"total":142,"voted":142,"spoiled":0,"yays":116,"nays":26},{"committee":"УИК №466","vibid":"4144023274901","voters":107,"total":86,"voted":86,"spoiled":1,"yays":81,"nays":4},{"committee":"УИК №467","vibid":"4144023274902","voters":397,"total":323,"voted":323,"spoiled":3,"yays":255,"nays":65},{"committee":"УИК №468","vibid":"4144023274903","voters":77,"total":73,"voted":73,"spoiled":0,"yays":70,"nays":3},{"committee":"УИК №469","vibid":"4144023274904","voters":619,"total":369,"voted":369,"spoiled":3,"yays":256,"nays":110},{"committee":"УИК №470","vibid":"4144023274905","voters":176,"total":129,"voted":129,"spoiled":0,"yays":86,"nays":43},{"committee":"УИК №471","vibid":"4144023274906","voters":233,"total":143,"voted":143,"spoiled":4,"yays":87,"nays":52},{"committee":"УИК №472","vibid":"4144023274907","voters":128,"total":87,"voted":87,"spoiled":0,"yays":63,"nays":24},{"committee":"УИК №473","vibid":"4144023274908","voters":476,"total":391,"voted":391,"spoiled":1,"yays":186,"nays":204},{"committee":"УИК №474","vibid":"4144023274909","voters":404,"total":229,"voted":229,"spoiled":4,"yays":152,"nays":73},{"committee":"УИК №475","vibid":"4144023274910","voters":1160,"total":528,"voted":528,"spoiled":5,"yays":301,"nays":222},{"committee":"УИК №476","vibid":"4144023274911","voters":1117,"total":519,"voted":519,"spoiled":11,"yays":305,"nays":203},{"committee":"УИК №477","vibid":"4144023274912","voters":1116,"total":425,"voted":425,"spoiled":17,"yays":306,"nays":102},{"committee":"УИК №478","vibid":"4144023274913","voters":1023,"total":439,"voted":439,"spoiled":4,"yays":291,"nays":144},{"committee":"УИК №479","vibid":"4144023274914","voters":658,"total":243,"voted":243,"spoiled":3,"yays":167,"nays":73},{"committee":"УИК №480","vibid":"4144023274915","voters":769,"total":256,"voted":256,"spoiled":5,"yays":156,"nays":95},{"committee":"УИК №481","vibid":"4144023274916","voters":1009,"total":424,"voted":424,"spoiled":9,"yays":228,"nays":187},{"committee":"УИК №482","vibid":"4144023274917","voters":142,"total":78,"voted":78,"spoiled":0,"yays":56,"nays":22},{"committee":"УИК №483","vibid":"4144023274918","voters":355,"total":137,"voted":137,"spoiled":3,"yays":81,"nays":53},{"committee":"УИК №484","vibid":"4144023274919","voters":201,"total":110,"voted":110,"spoiled":0,"yays":88,"nays":22},{"committee":"УИК №825","vibid":"4144023279881","voters":326,"total":317,"voted":317,"spoiled":16,"yays":123,"nays":178},{"committee":"УИК №826","vibid":"4144023279882","voters":420,"total":420,"voted":420,"spoiled":8,"yays":159,"nays":253},{"committee":"УИК №827","vibid":"4144023279883","voters":225,"total":220,"voted":220,"spoiled":14,"yays":70,"nays":136},{"committee":"УИК №832","vibid":"4144023280093","voters":100,"total":100,"voted":100,"spoiled":3,"yays":70,"nays":27}]