[{"committee":"УИК №512","vibid":"4124015160571","voters":471,"total":320,"voted":320,"spoiled":2,"yays":230,"nays":88},{"committee":"УИК №513","vibid":"4124015160572","voters":1176,"total":828,"voted":828,"spoiled":4,"yays":756,"nays":68},{"committee":"УИК №514","vibid":"4124015160573","voters":1006,"total":766,"voted":766,"spoiled":0,"yays":649,"nays":117},{"committee":"УИК №515","vibid":"4124015160574","voters":680,"total":653,"voted":653,"spoiled":0,"yays":638,"nays":15},{"committee":"УИК №516","vibid":"4124015160575","voters":187,"total":179,"voted":179,"spoiled":0,"yays":173,"nays":6},{"committee":"УИК №517","vibid":"4124015160576","voters":378,"total":326,"voted":326,"spoiled":0,"yays":309,"nays":17},{"committee":"УИК №518","vibid":"4124015160577","voters":444,"total":392,"voted":392,"spoiled":0,"yays":360,"nays":32},{"committee":"УИК №519","vibid":"4124015160578","voters":159,"total":145,"voted":145,"spoiled":0,"yays":131,"nays":14},{"committee":"УИК №520","vibid":"4124015160579","voters":320,"total":263,"voted":263,"spoiled":0,"yays":253,"nays":10},{"committee":"УИК №521","vibid":"4124015160580","voters":622,"total":531,"voted":531,"spoiled":0,"yays":478,"nays":53},{"committee":"УИК №522","vibid":"4124015160581","voters":264,"total":225,"voted":225,"spoiled":0,"yays":212,"nays":13},{"committee":"УИК №523","vibid":"4124015160582","voters":389,"total":344,"voted":344,"spoiled":0,"yays":317,"nays":27},{"committee":"УИК №524","vibid":"4124015160583","voters":400,"total":335,"voted":335,"spoiled":0,"yays":313,"nays":22}]