[{"committee":"УИК №126","vibid":"4194010194931","voters":1026,"total":657,"voted":657,"spoiled":6,"yays":451,"nays":200},{"committee":"УИК №127","vibid":"4194010194932","voters":989,"total":611,"voted":611,"spoiled":7,"yays":394,"nays":210},{"committee":"УИК №128","vibid":"4194010194933","voters":1105,"total":875,"voted":875,"spoiled":3,"yays":574,"nays":298},{"committee":"УИК №129","vibid":"4194010194934","voters":1091,"total":483,"voted":483,"spoiled":3,"yays":330,"nays":150},{"committee":"УИК №130","vibid":"4194010194935","voters":1010,"total":517,"voted":517,"spoiled":5,"yays":328,"nays":184},{"committee":"УИК №131","vibid":"4194010194936","voters":1033,"total":787,"voted":787,"spoiled":34,"yays":472,"nays":281},{"committee":"УИК №132","vibid":"4194010194937","voters":1808,"total":1072,"voted":1072,"spoiled":18,"yays":735,"nays":319},{"committee":"УИК №133","vibid":"4194010194938","voters":525,"total":208,"voted":208,"spoiled":1,"yays":140,"nays":67},{"committee":"УИК №134","vibid":"4194010194939","voters":1320,"total":768,"voted":768,"spoiled":6,"yays":392,"nays":370},{"committee":"УИК №135","vibid":"4194010194940","voters":809,"total":409,"voted":409,"spoiled":0,"yays":284,"nays":125},{"committee":"УИК №136","vibid":"4194010194941","voters":1223,"total":670,"voted":670,"spoiled":3,"yays":477,"nays":190},{"committee":"УИК №137","vibid":"4194010194942","voters":1373,"total":614,"voted":614,"spoiled":2,"yays":449,"nays":163},{"committee":"УИК №138","vibid":"4194010194943","voters":1174,"total":753,"voted":753,"spoiled":1,"yays":547,"nays":205},{"committee":"УИК №139","vibid":"4194010194944","voters":1304,"total":887,"voted":887,"spoiled":1,"yays":632,"nays":254},{"committee":"УИК №140","vibid":"4194010194945","voters":1237,"total":757,"voted":757,"spoiled":5,"yays":443,"nays":309},{"committee":"УИК №141","vibid":"4194010194946","voters":998,"total":697,"voted":697,"spoiled":46,"yays":326,"nays":325},{"committee":"УИК №142","vibid":"4194010194947","voters":900,"total":622,"voted":622,"spoiled":3,"yays":488,"nays":131},{"committee":"УИК №143","vibid":"4194010194948","voters":1030,"total":626,"voted":626,"spoiled":9,"yays":335,"nays":282},{"committee":"УИК №144","vibid":"4194010194949","voters":1662,"total":990,"voted":990,"spoiled":13,"yays":539,"nays":438},{"committee":"УИК №145","vibid":"4194010194950","voters":742,"total":437,"voted":437,"spoiled":3,"yays":267,"nays":167},{"committee":"УИК №146","vibid":"4194010194951","voters":657,"total":369,"voted":369,"spoiled":39,"yays":217,"nays":113},{"committee":"УИК №147","vibid":"4194010194952","voters":992,"total":481,"voted":481,"spoiled":4,"yays":312,"nays":165},{"committee":"УИК №148","vibid":"4194010194953","voters":1698,"total":991,"voted":991,"spoiled":54,"yays":554,"nays":383},{"committee":"УИК №149","vibid":"4194010194954","voters":946,"total":529,"voted":529,"spoiled":6,"yays":383,"nays":140},{"committee":"УИК №150","vibid":"4194010194955","voters":552,"total":326,"voted":326,"spoiled":1,"yays":219,"nays":106},{"committee":"УИК №151","vibid":"4194010194956","voters":1505,"total":854,"voted":854,"spoiled":4,"yays":641,"nays":209},{"committee":"УИК №152","vibid":"4194010194957","voters":1555,"total":994,"voted":994,"spoiled":6,"yays":689,"nays":299},{"committee":"УИК №153","vibid":"4194010194958","voters":2390,"total":908,"voted":908,"spoiled":13,"yays":621,"nays":274},{"committee":"УИК №154","vibid":"4194010194959","voters":2010,"total":1144,"voted":1144,"spoiled":4,"yays":736,"nays":404},{"committee":"УИК №155","vibid":"4194010194960","voters":2312,"total":1469,"voted":1469,"spoiled":6,"yays":831,"nays":632},{"committee":"УИК №156","vibid":"4194010194961","voters":1731,"total":1029,"voted":1029,"spoiled":12,"yays":704,"nays":313},{"committee":"УИК №157","vibid":"4194010194962","voters":699,"total":297,"voted":297,"spoiled":47,"yays":170,"nays":80},{"committee":"УИК №158","vibid":"4194010194963","voters":2162,"total":1315,"voted":1315,"spoiled":7,"yays":930,"nays":378},{"committee":"УИК №159","vibid":"4194010194964","voters":1278,"total":543,"voted":543,"spoiled":8,"yays":346,"nays":189},{"committee":"УИК №160","vibid":"4194010194965","voters":684,"total":330,"voted":330,"spoiled":5,"yays":227,"nays":98},{"committee":"УИК №161","vibid":"4194010194966","voters":1984,"total":741,"voted":741,"spoiled":3,"yays":482,"nays":256},{"committee":"УИК №162","vibid":"4194010194967","voters":1224,"total":493,"voted":493,"spoiled":4,"yays":316,"nays":173},{"committee":"УИК №163","vibid":"4194010194968","voters":896,"total":428,"voted":428,"spoiled":2,"yays":268,"nays":158},{"committee":"УИК №164","vibid":"4194010194969","voters":1234,"total":722,"voted":722,"spoiled":9,"yays":536,"nays":177},{"committee":"УИК №165","vibid":"4194010194970","voters":1383,"total":741,"voted":741,"spoiled":5,"yays":434,"nays":302},{"committee":"УИК №166","vibid":"4194010194971","voters":903,"total":475,"voted":475,"spoiled":3,"yays":292,"nays":180},{"committee":"УИК №167","vibid":"4194010194972","voters":1385,"total":504,"voted":504,"spoiled":3,"yays":341,"nays":160}]