[{"committee":"УИК №321","vibid":"9109009257567","voters":1315,"total":652,"voted":652,"spoiled":8,"yays":468,"nays":176},{"committee":"УИК №322","vibid":"9109009257568","voters":1436,"total":664,"voted":663,"spoiled":7,"yays":450,"nays":206},{"committee":"УИК №323","vibid":"9109009257569","voters":886,"total":466,"voted":466,"spoiled":4,"yays":351,"nays":111},{"committee":"УИК №324","vibid":"9109009257570","voters":491,"total":249,"voted":249,"spoiled":7,"yays":205,"nays":37},{"committee":"УИК №325","vibid":"9109009257571","voters":904,"total":444,"voted":444,"spoiled":3,"yays":334,"nays":107},{"committee":"УИК №326","vibid":"9109009257572","voters":180,"total":85,"voted":85,"spoiled":0,"yays":79,"nays":6},{"committee":"УИК №327","vibid":"9109009257573","voters":148,"total":69,"voted":69,"spoiled":2,"yays":54,"nays":13},{"committee":"УИК №328","vibid":"9109009257574","voters":141,"total":39,"voted":39,"spoiled":0,"yays":37,"nays":2},{"committee":"УИК №329","vibid":"9109009257575","voters":1030,"total":502,"voted":502,"spoiled":3,"yays":368,"nays":131},{"committee":"УИК №330","vibid":"9109009257576","voters":77,"total":38,"voted":38,"spoiled":0,"yays":32,"nays":6},{"committee":"УИК №331","vibid":"9109009257577","voters":693,"total":315,"voted":315,"spoiled":7,"yays":267,"nays":41},{"committee":"УИК №332","vibid":"9109009257578","voters":332,"total":132,"voted":132,"spoiled":0,"yays":102,"nays":30},{"committee":"УИК №333","vibid":"9109009257579","voters":1711,"total":730,"voted":730,"spoiled":5,"yays":518,"nays":207},{"committee":"УИК №334","vibid":"9109009257580","voters":587,"total":291,"voted":291,"spoiled":2,"yays":219,"nays":70},{"committee":"УИК №335","vibid":"9109009257581","voters":143,"total":91,"voted":90,"spoiled":1,"yays":71,"nays":18}]