[{"committee":"УИК №329","vibid":"4194008197468","voters":205,"total":200,"voted":163,"spoiled":3,"yays":114,"nays":46},{"committee":"УИК №330","vibid":"4194008197469","voters":38,"total":38,"voted":38,"spoiled":0,"yays":38,"nays":0},{"committee":"УИК №331","vibid":"4194008197470","voters":300,"total":224,"voted":224,"spoiled":2,"yays":174,"nays":48},{"committee":"УИК №332","vibid":"4194008197471","voters":542,"total":520,"voted":444,"spoiled":6,"yays":378,"nays":60},{"committee":"УИК №333","vibid":"4194008197472","voters":957,"total":625,"voted":625,"spoiled":15,"yays":471,"nays":139},{"committee":"УИК №334","vibid":"4194008197473","voters":109,"total":75,"voted":75,"spoiled":0,"yays":55,"nays":20},{"committee":"УИК №335","vibid":"4194008197474","voters":90,"total":68,"voted":68,"spoiled":0,"yays":61,"nays":7},{"committee":"УИК №336","vibid":"4194008197475","voters":270,"total":239,"voted":239,"spoiled":1,"yays":196,"nays":42},{"committee":"УИК №337","vibid":"4194008197476","voters":169,"total":143,"voted":143,"spoiled":1,"yays":112,"nays":30},{"committee":"УИК №338","vibid":"4194008197477","voters":152,"total":118,"voted":118,"spoiled":0,"yays":97,"nays":21},{"committee":"УИК №339","vibid":"4194008197478","voters":311,"total":211,"voted":211,"spoiled":5,"yays":169,"nays":37},{"committee":"УИК №340","vibid":"4194008197479","voters":97,"total":83,"voted":83,"spoiled":0,"yays":70,"nays":13},{"committee":"УИК №341","vibid":"4194008197480","voters":43,"total":26,"voted":26,"spoiled":0,"yays":21,"nays":5},{"committee":"УИК №342","vibid":"4194008197481","voters":777,"total":651,"voted":651,"spoiled":74,"yays":500,"nays":77},{"committee":"УИК №343","vibid":"4194008197482","voters":270,"total":222,"voted":222,"spoiled":1,"yays":177,"nays":44},{"committee":"УИК №344","vibid":"4194008197483","voters":79,"total":74,"voted":74,"spoiled":0,"yays":48,"nays":26},{"committee":"УИК №345","vibid":"4194008197484","voters":108,"total":89,"voted":89,"spoiled":0,"yays":86,"nays":3},{"committee":"УИК №346","vibid":"4194008197485","voters":95,"total":81,"voted":81,"spoiled":3,"yays":66,"nays":12},{"committee":"УИК №347","vibid":"4194008197486","voters":671,"total":508,"voted":508,"spoiled":3,"yays":386,"nays":119},{"committee":"УИК №348","vibid":"4194008197487","voters":148,"total":120,"voted":120,"spoiled":0,"yays":108,"nays":12},{"committee":"УИК №349","vibid":"4194008197488","voters":47,"total":46,"voted":46,"spoiled":0,"yays":42,"nays":4},{"committee":"УИК №350","vibid":"4194008197489","voters":259,"total":240,"voted":240,"spoiled":9,"yays":202,"nays":29},{"committee":"УИК №351","vibid":"4194008197490","voters":128,"total":122,"voted":122,"spoiled":4,"yays":110,"nays":8},{"committee":"УИК №352","vibid":"4194008197491","voters":195,"total":161,"voted":161,"spoiled":7,"yays":131,"nays":23},{"committee":"УИК №353","vibid":"4194008197492","voters":2209,"total":1426,"voted":1426,"spoiled":2,"yays":1031,"nays":393},{"committee":"УИК №354","vibid":"4194008197493","voters":2449,"total":1731,"voted":1731,"spoiled":14,"yays":1320,"nays":397}]