[{"committee":"УИК №1","vibid":"4164022212869","voters":2343,"total":1499,"voted":1496,"spoiled":2,"yays":1166,"nays":328},{"committee":"УИК №2","vibid":"4164022212870","voters":2590,"total":1658,"voted":1653,"spoiled":5,"yays":1293,"nays":355},{"committee":"УИК №3","vibid":"4164022212871","voters":2196,"total":1403,"voted":1400,"spoiled":11,"yays":1083,"nays":306},{"committee":"УИК №7","vibid":"4164022212875","voters":2217,"total":1419,"voted":1417,"spoiled":2,"yays":1105,"nays":310},{"committee":"УИК №13","vibid":"4164022212881","voters":2031,"total":1296,"voted":1295,"spoiled":20,"yays":1009,"nays":266},{"committee":"УИК №15","vibid":"4164022212883","voters":1533,"total":973,"voted":971,"spoiled":2,"yays":788,"nays":181},{"committee":"УИК №17","vibid":"4164022212885","voters":2105,"total":1343,"voted":1341,"spoiled":32,"yays":1035,"nays":274},{"committee":"УИК №18","vibid":"4164022212886","voters":2517,"total":1608,"voted":1606,"spoiled":4,"yays":1245,"nays":357},{"committee":"УИК №19","vibid":"4164022212887","voters":2439,"total":1563,"voted":1561,"spoiled":8,"yays":1242,"nays":311},{"committee":"УИК №25","vibid":"4164022212893","voters":1796,"total":1148,"voted":1146,"spoiled":22,"yays":893,"nays":231},{"committee":"УИК №26","vibid":"4164022212894","voters":2704,"total":1717,"voted":1715,"spoiled":7,"yays":1325,"nays":383},{"committee":"УИК №28","vibid":"4164022212896","voters":2757,"total":1976,"voted":1973,"spoiled":26,"yays":1553,"nays":394},{"committee":"УИК №31","vibid":"4164022212899","voters":2215,"total":1226,"voted":1224,"spoiled":13,"yays":970,"nays":241},{"committee":"УИК №33","vibid":"4164022213537","voters":22,"total":22,"voted":22,"spoiled":0,"yays":19,"nays":3},{"committee":"УИК №34","vibid":"4164022212901","voters":2392,"total":1533,"voted":1530,"spoiled":4,"yays":1205,"nays":321},{"committee":"УИК №36","vibid":"4164022212903","voters":2484,"total":1589,"voted":1585,"spoiled":21,"yays":1236,"nays":328},{"committee":"УИК №38","vibid":"4164022212905","voters":386,"total":265,"voted":263,"spoiled":3,"yays":207,"nays":53},{"committee":"УИК №39","vibid":"4164022212906","voters":2136,"total":1363,"voted":1358,"spoiled":9,"yays":1053,"nays":296},{"committee":"УИК №2758","vibid":"4164022213538","voters":84,"total":84,"voted":84,"spoiled":3,"yays":49,"nays":32}]