[{"committee":"УИК №276","vibid":"4114020250548","voters":197,"total":127,"voted":127,"spoiled":3,"yays":108,"nays":16},{"committee":"УИК №277","vibid":"4114020250549","voters":595,"total":273,"voted":273,"spoiled":0,"yays":189,"nays":84},{"committee":"УИК №278","vibid":"4114020250550","voters":517,"total":207,"voted":207,"spoiled":2,"yays":130,"nays":75},{"committee":"УИК №279","vibid":"4114020250551","voters":2289,"total":1120,"voted":1120,"spoiled":17,"yays":720,"nays":383},{"committee":"УИК №280","vibid":"4114020250552","voters":1491,"total":655,"voted":655,"spoiled":10,"yays":426,"nays":219},{"committee":"УИК №281","vibid":"4114020250553","voters":143,"total":86,"voted":86,"spoiled":0,"yays":55,"nays":31},{"committee":"УИК №282","vibid":"4114020250554","voters":256,"total":147,"voted":147,"spoiled":0,"yays":120,"nays":27},{"committee":"УИК №283","vibid":"4114020250555","voters":398,"total":212,"voted":212,"spoiled":3,"yays":180,"nays":29},{"committee":"УИК №284","vibid":"4114020250556","voters":673,"total":353,"voted":353,"spoiled":1,"yays":299,"nays":53},{"committee":"УИК №285","vibid":"4114020250557","voters":305,"total":167,"voted":167,"spoiled":0,"yays":152,"nays":15},{"committee":"УИК №286","vibid":"4114020250558","voters":447,"total":215,"voted":215,"spoiled":1,"yays":166,"nays":48},{"committee":"УИК №287","vibid":"4114020250559","voters":539,"total":279,"voted":279,"spoiled":6,"yays":199,"nays":74},{"committee":"УИК №288","vibid":"4114020250560","voters":196,"total":86,"voted":86,"spoiled":0,"yays":72,"nays":14},{"committee":"УИК №289","vibid":"4114020250561","voters":163,"total":118,"voted":118,"spoiled":1,"yays":97,"nays":20},{"committee":"УИК №290","vibid":"4114020250562","voters":333,"total":228,"voted":228,"spoiled":3,"yays":173,"nays":52},{"committee":"УИК №291","vibid":"4114020250563","voters":287,"total":130,"voted":130,"spoiled":2,"yays":115,"nays":13},{"committee":"УИК №292","vibid":"4114020250564","voters":545,"total":323,"voted":323,"spoiled":1,"yays":240,"nays":82},{"committee":"УИК №293","vibid":"4114020250565","voters":165,"total":71,"voted":71,"spoiled":0,"yays":56,"nays":15},{"committee":"УИК №294","vibid":"4114020250566","voters":554,"total":278,"voted":278,"spoiled":2,"yays":192,"nays":84},{"committee":"УИК №295","vibid":"4114020250567","voters":169,"total":103,"voted":103,"spoiled":0,"yays":61,"nays":42},{"committee":"УИК №296","vibid":"4114020250568","voters":209,"total":96,"voted":96,"spoiled":1,"yays":72,"nays":23}]