[{"committee":"УИК №474","vibid":"4134017363146","voters":1486,"total":1086,"voted":1086,"spoiled":11,"yays":820,"nays":255},{"committee":"УИК №476","vibid":"4134017363148","voters":1534,"total":1087,"voted":1087,"spoiled":10,"yays":819,"nays":258},{"committee":"УИК №477","vibid":"4134017363149","voters":1438,"total":981,"voted":981,"spoiled":26,"yays":742,"nays":213},{"committee":"УИК №478","vibid":"4134017363150","voters":907,"total":744,"voted":744,"spoiled":10,"yays":531,"nays":203},{"committee":"УИК №481","vibid":"4134017363153","voters":778,"total":539,"voted":539,"spoiled":4,"yays":396,"nays":139},{"committee":"УИК №485","vibid":"4134017363157","voters":1544,"total":1034,"voted":1034,"spoiled":15,"yays":877,"nays":142},{"committee":"УИК №487","vibid":"4134017363159","voters":686,"total":495,"voted":495,"spoiled":7,"yays":392,"nays":96},{"committee":"УИК №488","vibid":"4134017363160","voters":362,"total":304,"voted":304,"spoiled":4,"yays":258,"nays":42},{"committee":"УИК №489","vibid":"4134017363161","voters":1469,"total":998,"voted":994,"spoiled":15,"yays":642,"nays":337},{"committee":"УИК №492","vibid":"4134017363164","voters":1756,"total":1354,"voted":1354,"spoiled":9,"yays":1032,"nays":313},{"committee":"УИК №493","vibid":"4134017363165","voters":982,"total":713,"voted":713,"spoiled":9,"yays":583,"nays":121},{"committee":"УИК №494","vibid":"4134017363166","voters":826,"total":577,"voted":577,"spoiled":4,"yays":428,"nays":145},{"committee":"УИК №496","vibid":"4134017363168","voters":1627,"total":1131,"voted":1131,"spoiled":5,"yays":840,"nays":286},{"committee":"УИК №499","vibid":"4134017363171","voters":288,"total":246,"voted":246,"spoiled":2,"yays":225,"nays":19},{"committee":"УИК №500","vibid":"4134017363172","voters":497,"total":441,"voted":441,"spoiled":13,"yays":371,"nays":57},{"committee":"УИК №501","vibid":"4134017363173","voters":345,"total":297,"voted":297,"spoiled":0,"yays":251,"nays":46},{"committee":"УИК №505","vibid":"4134017363177","voters":459,"total":389,"voted":389,"spoiled":1,"yays":348,"nays":40},{"committee":"УИК №506","vibid":"4134017363178","voters":564,"total":483,"voted":483,"spoiled":0,"yays":414,"nays":69},{"committee":"УИК №507","vibid":"4134017363179","voters":892,"total":721,"voted":721,"spoiled":10,"yays":500,"nays":211},{"committee":"УИК №508","vibid":"4134017363180","voters":431,"total":380,"voted":380,"spoiled":0,"yays":328,"nays":52},{"committee":"УИК №509","vibid":"4134017363181","voters":158,"total":140,"voted":140,"spoiled":0,"yays":122,"nays":18},{"committee":"УИК №510","vibid":"4134017363182","voters":133,"total":115,"voted":115,"spoiled":0,"yays":107,"nays":8},{"committee":"УИК №511","vibid":"4134017363183","voters":1317,"total":1041,"voted":1040,"spoiled":11,"yays":910,"nays":119},{"committee":"УИК №512","vibid":"4134017363184","voters":400,"total":352,"voted":352,"spoiled":0,"yays":298,"nays":54},{"committee":"УИК №514","vibid":"4134017363186","voters":305,"total":253,"voted":253,"spoiled":1,"yays":208,"nays":44},{"committee":"УИК №516","vibid":"4134017363188","voters":1122,"total":915,"voted":915,"spoiled":6,"yays":813,"nays":96},{"committee":"УИК №517","vibid":"4134017363189","voters":1314,"total":1151,"voted":1151,"spoiled":8,"yays":1026,"nays":117}]