[{"committee":"УИК №396","vibid":"4194011230528","voters":1172,"total":887,"voted":887,"spoiled":11,"yays":699,"nays":177},{"committee":"УИК №397","vibid":"4194011230529","voters":1572,"total":1396,"voted":1396,"spoiled":0,"yays":1266,"nays":130},{"committee":"УИК №398","vibid":"4194011230530","voters":1211,"total":1042,"voted":1042,"spoiled":12,"yays":938,"nays":92},{"committee":"УИК №399","vibid":"4194011230531","voters":1994,"total":1847,"voted":1847,"spoiled":9,"yays":1644,"nays":194},{"committee":"УИК №400","vibid":"4194011230532","voters":1100,"total":1001,"voted":1001,"spoiled":8,"yays":870,"nays":123},{"committee":"УИК №401","vibid":"4194011230533","voters":174,"total":130,"voted":130,"spoiled":1,"yays":110,"nays":19},{"committee":"УИК №402","vibid":"4194011230534","voters":151,"total":142,"voted":142,"spoiled":0,"yays":128,"nays":14},{"committee":"УИК №403","vibid":"4194011230535","voters":112,"total":110,"voted":110,"spoiled":5,"yays":88,"nays":17},{"committee":"УИК №404","vibid":"4194011230536","voters":1690,"total":1595,"voted":1595,"spoiled":5,"yays":1444,"nays":146},{"committee":"УИК №405","vibid":"4194011230537","voters":1348,"total":1081,"voted":1081,"spoiled":15,"yays":912,"nays":154},{"committee":"УИК №406","vibid":"4194011230538","voters":224,"total":178,"voted":178,"spoiled":2,"yays":150,"nays":26},{"committee":"УИК №407","vibid":"4194011230539","voters":1359,"total":1033,"voted":1033,"spoiled":7,"yays":877,"nays":149},{"committee":"УИК №408","vibid":"4194011230540","voters":1134,"total":995,"voted":995,"spoiled":15,"yays":912,"nays":68},{"committee":"УИК №409","vibid":"4194011230541","voters":620,"total":521,"voted":521,"spoiled":3,"yays":469,"nays":49},{"committee":"УИК №410","vibid":"4194011230542","voters":641,"total":578,"voted":578,"spoiled":0,"yays":540,"nays":38},{"committee":"УИК №412","vibid":"4194011230543","voters":348,"total":296,"voted":296,"spoiled":4,"yays":263,"nays":29},{"committee":"УИК №413","vibid":"4194011230544","voters":180,"total":166,"voted":166,"spoiled":2,"yays":150,"nays":14},{"committee":"УИК №414","vibid":"4194011230545","voters":629,"total":509,"voted":509,"spoiled":4,"yays":476,"nays":29},{"committee":"УИК №415","vibid":"4194011230546","voters":175,"total":170,"voted":170,"spoiled":0,"yays":161,"nays":9},{"committee":"УИК №416","vibid":"4194011230547","voters":226,"total":200,"voted":200,"spoiled":3,"yays":188,"nays":9},{"committee":"УИК №417","vibid":"4194011230548","voters":610,"total":525,"voted":525,"spoiled":0,"yays":473,"nays":52},{"committee":"УИК №418","vibid":"4194011230549","voters":377,"total":350,"voted":350,"spoiled":27,"yays":290,"nays":33},{"committee":"УИК №419","vibid":"4194011230550","voters":1120,"total":957,"voted":957,"spoiled":17,"yays":812,"nays":128},{"committee":"УИК №420","vibid":"4194011230551","voters":470,"total":450,"voted":450,"spoiled":6,"yays":405,"nays":39},{"committee":"УИК №421","vibid":"4194011230552","voters":599,"total":500,"voted":500,"spoiled":1,"yays":425,"nays":74},{"committee":"УИК №422","vibid":"4194011230553","voters":1038,"total":880,"voted":880,"spoiled":3,"yays":788,"nays":89},{"committee":"УИК №424","vibid":"4194011230554","voters":504,"total":455,"voted":455,"spoiled":8,"yays":403,"nays":44},{"committee":"УИК №425","vibid":"4194011230555","voters":120,"total":109,"voted":109,"spoiled":0,"yays":99,"nays":10},{"committee":"УИК №426","vibid":"4194011230556","voters":263,"total":239,"voted":239,"spoiled":0,"yays":215,"nays":24}]