[{"committee":"УИК №330","vibid":"4144018239460","voters":779,"total":499,"voted":499,"spoiled":0,"yays":259,"nays":240},{"committee":"УИК №331","vibid":"4144018239461","voters":1072,"total":691,"voted":691,"spoiled":0,"yays":378,"nays":313},{"committee":"УИК №332","vibid":"4144018239462","voters":628,"total":433,"voted":433,"spoiled":4,"yays":235,"nays":194},{"committee":"УИК №333","vibid":"4144018239463","voters":307,"total":235,"voted":235,"spoiled":0,"yays":135,"nays":100},{"committee":"УИК №334","vibid":"4144018239464","voters":1304,"total":784,"voted":784,"spoiled":6,"yays":421,"nays":357},{"committee":"УИК №335","vibid":"4144018239465","voters":511,"total":380,"voted":380,"spoiled":2,"yays":274,"nays":104},{"committee":"УИК №336","vibid":"4144018239466","voters":190,"total":133,"voted":133,"spoiled":0,"yays":66,"nays":67},{"committee":"УИК №337","vibid":"4144018239467","voters":320,"total":207,"voted":207,"spoiled":2,"yays":125,"nays":80},{"committee":"УИК №338","vibid":"4144018239468","voters":98,"total":68,"voted":68,"spoiled":0,"yays":44,"nays":24},{"committee":"УИК №339","vibid":"4144018239469","voters":213,"total":164,"voted":164,"spoiled":1,"yays":94,"nays":69},{"committee":"УИК №340","vibid":"4144018239470","voters":203,"total":143,"voted":143,"spoiled":1,"yays":83,"nays":59},{"committee":"УИК №341","vibid":"4144018239471","voters":130,"total":97,"voted":97,"spoiled":0,"yays":78,"nays":19},{"committee":"УИК №342","vibid":"4144018239472","voters":1144,"total":725,"voted":725,"spoiled":2,"yays":405,"nays":318},{"committee":"УИК №343","vibid":"4144018239473","voters":398,"total":263,"voted":263,"spoiled":1,"yays":146,"nays":116},{"committee":"УИК №344","vibid":"4144018239474","voters":182,"total":146,"voted":146,"spoiled":1,"yays":91,"nays":54},{"committee":"УИК №345","vibid":"4144018239475","voters":647,"total":471,"voted":471,"spoiled":1,"yays":283,"nays":187},{"committee":"УИК №346","vibid":"4144018239476","voters":407,"total":285,"voted":285,"spoiled":2,"yays":139,"nays":144},{"committee":"УИК №347","vibid":"4144018239477","voters":641,"total":487,"voted":487,"spoiled":3,"yays":291,"nays":193},{"committee":"УИК №348","vibid":"4144018239478","voters":110,"total":71,"voted":71,"spoiled":1,"yays":51,"nays":19},{"committee":"УИК №349","vibid":"4144018239479","voters":280,"total":199,"voted":199,"spoiled":2,"yays":120,"nays":77},{"committee":"УИК №350","vibid":"4144018239480","voters":587,"total":331,"voted":331,"spoiled":2,"yays":167,"nays":162},{"committee":"УИК №351","vibid":"4144018239481","voters":794,"total":403,"voted":403,"spoiled":9,"yays":230,"nays":164},{"committee":"УИК №352","vibid":"4144018239482","voters":1156,"total":641,"voted":641,"spoiled":5,"yays":348,"nays":288},{"committee":"УИК №353","vibid":"4144018239483","voters":1024,"total":537,"voted":537,"spoiled":3,"yays":303,"nays":231},{"committee":"УИК №354","vibid":"4144018239484","voters":1101,"total":542,"voted":542,"spoiled":1,"yays":275,"nays":266},{"committee":"УИК №355","vibid":"4144018239485","voters":511,"total":254,"voted":254,"spoiled":1,"yays":138,"nays":115},{"committee":"УИК №356","vibid":"4144018239486","voters":1045,"total":597,"voted":597,"spoiled":2,"yays":287,"nays":308}]