[{"committee":"УИК №103","vibid":"4174009166955","voters":291,"total":289,"voted":289,"spoiled":0,"yays":287,"nays":2},{"committee":"УИК №104","vibid":"4174009166956","voters":421,"total":419,"voted":419,"spoiled":0,"yays":416,"nays":3},{"committee":"УИК №105","vibid":"4174009166957","voters":539,"total":536,"voted":536,"spoiled":0,"yays":531,"nays":5},{"committee":"УИК №106","vibid":"4174009166958","voters":2403,"total":2370,"voted":2370,"spoiled":0,"yays":2361,"nays":9},{"committee":"УИК №107","vibid":"4174009166959","voters":662,"total":657,"voted":657,"spoiled":0,"yays":654,"nays":3},{"committee":"УИК №108","vibid":"4174009166960","voters":491,"total":487,"voted":487,"spoiled":0,"yays":485,"nays":2}]