[{"committee":"УИК №1787","vibid":"4164032192708","voters":1314,"total":1123,"voted":1123,"spoiled":0,"yays":900,"nays":223},{"committee":"УИК №1788","vibid":"4164032192709","voters":1141,"total":970,"voted":970,"spoiled":0,"yays":777,"nays":193},{"committee":"УИК №1789","vibid":"4164032192710","voters":1445,"total":1230,"voted":1230,"spoiled":0,"yays":985,"nays":245},{"committee":"УИК №1790","vibid":"4164032192711","voters":1198,"total":1027,"voted":1027,"spoiled":0,"yays":827,"nays":200},{"committee":"УИК №1791","vibid":"4164032192712","voters":922,"total":827,"voted":827,"spoiled":0,"yays":662,"nays":165},{"committee":"УИК №1792","vibid":"4164032192713","voters":1560,"total":1329,"voted":1329,"spoiled":0,"yays":1063,"nays":266},{"committee":"УИК №1793","vibid":"4164032192714","voters":2224,"total":1891,"voted":1891,"spoiled":0,"yays":1796,"nays":95},{"committee":"УИК №1794","vibid":"4164032192715","voters":2310,"total":1973,"voted":1973,"spoiled":0,"yays":1578,"nays":395},{"committee":"УИК №1795","vibid":"4164032192716","voters":2063,"total":1765,"voted":1765,"spoiled":0,"yays":1442,"nays":323},{"committee":"УИК №1796","vibid":"4164032192717","voters":2051,"total":1772,"voted":1772,"spoiled":0,"yays":1418,"nays":354},{"committee":"УИК №1797","vibid":"4164032192718","voters":2157,"total":1845,"voted":1845,"spoiled":7,"yays":1486,"nays":352},{"committee":"УИК №1798","vibid":"4164032192719","voters":1939,"total":1648,"voted":1648,"spoiled":0,"yays":1390,"nays":258},{"committee":"УИК №1799","vibid":"4164032192720","voters":2031,"total":1734,"voted":1734,"spoiled":0,"yays":1387,"nays":347},{"committee":"УИК №1800","vibid":"4164032192721","voters":1976,"total":1688,"voted":1688,"spoiled":0,"yays":1354,"nays":334},{"committee":"УИК №1801","vibid":"4164032192722","voters":2077,"total":1765,"voted":1765,"spoiled":25,"yays":1412,"nays":328},{"committee":"УИК №1802","vibid":"4164032192723","voters":2737,"total":2328,"voted":2328,"spoiled":30,"yays":1863,"nays":435},{"committee":"УИК №1803","vibid":"4164032192724","voters":2473,"total":2104,"voted":2104,"spoiled":10,"yays":1671,"nays":423},{"committee":"УИК №1804","vibid":"4164032192725","voters":2456,"total":2088,"voted":2088,"spoiled":3,"yays":1669,"nays":416},{"committee":"УИК №1805","vibid":"4164032192726","voters":2307,"total":1968,"voted":1968,"spoiled":0,"yays":1613,"nays":355},{"committee":"УИК №1806","vibid":"4164032192727","voters":2316,"total":1969,"voted":1969,"spoiled":0,"yays":1575,"nays":394},{"committee":"УИК №1807","vibid":"4164032192728","voters":2551,"total":2168,"voted":2168,"spoiled":0,"yays":1735,"nays":433},{"committee":"УИК №1808","vibid":"4164032192729","voters":2783,"total":2370,"voted":2370,"spoiled":0,"yays":2231,"nays":139},{"committee":"УИК №1809","vibid":"4164032192730","voters":2699,"total":2294,"voted":2294,"spoiled":5,"yays":2158,"nays":131},{"committee":"УИК №1810","vibid":"4164032195074","voters":105,"total":105,"voted":105,"spoiled":0,"yays":84,"nays":21}]