[{"committee":"УИК №149","vibid":"4174014148138","voters":1667,"total":1560,"voted":1560,"spoiled":7,"yays":1375,"nays":178},{"committee":"УИК №150","vibid":"4174014148139","voters":353,"total":290,"voted":290,"spoiled":3,"yays":228,"nays":59},{"committee":"УИК №151","vibid":"4174014148140","voters":810,"total":809,"voted":809,"spoiled":0,"yays":799,"nays":10},{"committee":"УИК №152","vibid":"4174014148141","voters":771,"total":762,"voted":761,"spoiled":3,"yays":743,"nays":15},{"committee":"УИК №153","vibid":"4174014148142","voters":186,"total":162,"voted":162,"spoiled":3,"yays":137,"nays":22},{"committee":"УИК №154","vibid":"4174014148143","voters":197,"total":190,"voted":190,"spoiled":11,"yays":175,"nays":4}]