[{"committee":"УИК №465","vibid":"4124013224132","voters":1893,"total":1350,"voted":1350,"spoiled":7,"yays":1091,"nays":252},{"committee":"УИК №466","vibid":"4124013224133","voters":1572,"total":1152,"voted":1152,"spoiled":0,"yays":976,"nays":176},{"committee":"УИК №467","vibid":"4124013224134","voters":718,"total":599,"voted":599,"spoiled":2,"yays":525,"nays":72},{"committee":"УИК №468","vibid":"4124013224135","voters":990,"total":755,"voted":755,"spoiled":0,"yays":683,"nays":72},{"committee":"УИК №469","vibid":"4124013224136","voters":1910,"total":1357,"voted":1357,"spoiled":12,"yays":1206,"nays":139},{"committee":"УИК №470","vibid":"4124013224137","voters":813,"total":710,"voted":710,"spoiled":8,"yays":581,"nays":121},{"committee":"УИК №471","vibid":"4124013224138","voters":756,"total":584,"voted":584,"spoiled":0,"yays":487,"nays":97},{"committee":"УИК №472","vibid":"4124013224139","voters":470,"total":387,"voted":387,"spoiled":2,"yays":335,"nays":50},{"committee":"УИК №473","vibid":"4124013224140","voters":244,"total":197,"voted":197,"spoiled":1,"yays":155,"nays":41},{"committee":"УИК №474","vibid":"4124013224141","voters":318,"total":281,"voted":281,"spoiled":0,"yays":228,"nays":53},{"committee":"УИК №475","vibid":"4124013224142","voters":527,"total":409,"voted":409,"spoiled":0,"yays":347,"nays":62},{"committee":"УИК №476","vibid":"4124013224143","voters":822,"total":672,"voted":672,"spoiled":0,"yays":638,"nays":34},{"committee":"УИК №477","vibid":"4124013224144","voters":755,"total":652,"voted":652,"spoiled":3,"yays":618,"nays":31},{"committee":"УИК №478","vibid":"4124013224145","voters":426,"total":389,"voted":389,"spoiled":0,"yays":355,"nays":34},{"committee":"УИК №479","vibid":"4124013224146","voters":257,"total":218,"voted":218,"spoiled":2,"yays":191,"nays":25},{"committee":"УИК №480","vibid":"4124013224147","voters":398,"total":343,"voted":343,"spoiled":4,"yays":314,"nays":25},{"committee":"УИК №481","vibid":"4124013224148","voters":1019,"total":868,"voted":868,"spoiled":2,"yays":768,"nays":98},{"committee":"УИК №482","vibid":"4124013224149","voters":347,"total":285,"voted":285,"spoiled":0,"yays":245,"nays":40},{"committee":"УИК №483","vibid":"4124013224150","voters":217,"total":189,"voted":189,"spoiled":0,"yays":175,"nays":14},{"committee":"УИК №484","vibid":"4124013224151","voters":695,"total":592,"voted":592,"spoiled":0,"yays":504,"nays":88},{"committee":"УИК №485","vibid":"4124013224152","voters":356,"total":301,"voted":301,"spoiled":0,"yays":257,"nays":44},{"committee":"УИК №486","vibid":"4124013224153","voters":199,"total":164,"voted":164,"spoiled":0,"yays":142,"nays":22},{"committee":"УИК №487","vibid":"4124013224154","voters":923,"total":749,"voted":749,"spoiled":3,"yays":620,"nays":126},{"committee":"УИК №488","vibid":"4124013224155","voters":461,"total":375,"voted":375,"spoiled":0,"yays":316,"nays":59},{"committee":"УИК №489","vibid":"4124013224156","voters":261,"total":216,"voted":216,"spoiled":0,"yays":200,"nays":16},{"committee":"УИК №490","vibid":"4124013224157","voters":170,"total":156,"voted":156,"spoiled":0,"yays":124,"nays":32}]