[{"committee":"УИК №764","vibid":"4164007278724","voters":2328,"total":1939,"voted":1939,"spoiled":19,"yays":1555,"nays":365},{"committee":"УИК №765","vibid":"4164007278725","voters":2279,"total":1927,"voted":1927,"spoiled":3,"yays":1538,"nays":386},{"committee":"УИК №766","vibid":"4164007278726","voters":2058,"total":1442,"voted":1442,"spoiled":8,"yays":1218,"nays":216},{"committee":"УИК №768","vibid":"4164007278728","voters":1886,"total":1495,"voted":1495,"spoiled":7,"yays":1148,"nays":340},{"committee":"УИК №769","vibid":"4164007278729","voters":2864,"total":1068,"voted":1066,"spoiled":11,"yays":942,"nays":113},{"committee":"УИК №770","vibid":"4164007278730","voters":2612,"total":2185,"voted":2185,"spoiled":0,"yays":1683,"nays":502},{"committee":"УИК №771","vibid":"4164007278731","voters":2380,"total":1994,"voted":1994,"spoiled":9,"yays":1759,"nays":226},{"committee":"УИК №772","vibid":"4164007278732","voters":1623,"total":1319,"voted":1319,"spoiled":4,"yays":1016,"nays":299},{"committee":"УИК №773","vibid":"4164007278733","voters":1972,"total":1716,"voted":1716,"spoiled":0,"yays":1377,"nays":339},{"committee":"УИК №774","vibid":"4164007278734","voters":1528,"total":1262,"voted":1262,"spoiled":3,"yays":986,"nays":273},{"committee":"УИК №775","vibid":"4164007278735","voters":1473,"total":1208,"voted":1208,"spoiled":0,"yays":931,"nays":277},{"committee":"УИК №777","vibid":"4164007278737","voters":1844,"total":1552,"voted":1552,"spoiled":16,"yays":1219,"nays":317},{"committee":"УИК №778","vibid":"4164007278738","voters":1566,"total":1245,"voted":1245,"spoiled":5,"yays":969,"nays":271},{"committee":"УИК №779","vibid":"4164007278739","voters":1810,"total":1516,"voted":1516,"spoiled":5,"yays":1224,"nays":287},{"committee":"УИК №780","vibid":"4164007278740","voters":1826,"total":1339,"voted":1339,"spoiled":0,"yays":1156,"nays":183},{"committee":"УИК №781","vibid":"4164007278741","voters":1370,"total":1164,"voted":1164,"spoiled":0,"yays":885,"nays":279},{"committee":"УИК №782","vibid":"4164007278742","voters":1089,"total":821,"voted":821,"spoiled":0,"yays":627,"nays":194},{"committee":"УИК №783","vibid":"4164007278743","voters":1590,"total":1326,"voted":1326,"spoiled":0,"yays":1022,"nays":304},{"committee":"УИК №784","vibid":"4164007278744","voters":1303,"total":1117,"voted":1117,"spoiled":8,"yays":958,"nays":151},{"committee":"УИК №785","vibid":"4164007279918","voters":55,"total":55,"voted":55,"spoiled":0,"yays":52,"nays":3},{"committee":"УИК №787","vibid":"4164007278747","voters":790,"total":687,"voted":687,"spoiled":0,"yays":549,"nays":138},{"committee":"УИК №788","vibid":"4164007278748","voters":709,"total":602,"voted":602,"spoiled":0,"yays":487,"nays":115},{"committee":"УИК №789","vibid":"4164007278749","voters":2127,"total":1861,"voted":1861,"spoiled":6,"yays":1534,"nays":321},{"committee":"УИК №790","vibid":"4164007278750","voters":1992,"total":1596,"voted":1596,"spoiled":3,"yays":1231,"nays":362},{"committee":"УИК №791","vibid":"4164007278751","voters":1603,"total":1298,"voted":1298,"spoiled":0,"yays":999,"nays":299},{"committee":"УИК №792","vibid":"4164007278752","voters":2054,"total":1517,"voted":1517,"spoiled":20,"yays":1161,"nays":336},{"committee":"УИК №793","vibid":"4164007278753","voters":1643,"total":1372,"voted":1372,"spoiled":0,"yays":1105,"nays":267},{"committee":"УИК №794","vibid":"4164007278754","voters":1877,"total":1605,"voted":1605,"spoiled":7,"yays":1268,"nays":330},{"committee":"УИК №796","vibid":"4164007278756","voters":1535,"total":1215,"voted":1215,"spoiled":0,"yays":936,"nays":279},{"committee":"УИК №797","vibid":"4164007278757","voters":2101,"total":1707,"voted":1707,"spoiled":0,"yays":1348,"nays":359},{"committee":"УИК №798","vibid":"4164007278758","voters":1458,"total":1293,"voted":1292,"spoiled":5,"yays":1009,"nays":278},{"committee":"УИК №799","vibid":"4164007278759","voters":1968,"total":1635,"voted":1635,"spoiled":0,"yays":1366,"nays":269},{"committee":"УИК №800","vibid":"4164007278760","voters":1622,"total":1314,"voted":1314,"spoiled":0,"yays":1011,"nays":303},{"committee":"УИК №801","vibid":"4164007278761","voters":1567,"total":1375,"voted":1375,"spoiled":12,"yays":1138,"nays":225},{"committee":"УИК №802","vibid":"4164007278762","voters":1514,"total":1213,"voted":1213,"spoiled":0,"yays":958,"nays":255},{"committee":"УИК №803","vibid":"4164007278763","voters":1873,"total":1639,"voted":1639,"spoiled":0,"yays":1278,"nays":361},{"committee":"УИК №805","vibid":"4164007278765","voters":1852,"total":1445,"voted":1445,"spoiled":0,"yays":1113,"nays":332},{"committee":"УИК №806","vibid":"4164007278766","voters":2036,"total":1702,"voted":1702,"spoiled":8,"yays":1305,"nays":389},{"committee":"УИК №807","vibid":"4164007278767","voters":1912,"total":1585,"voted":1585,"spoiled":3,"yays":1254,"nays":328},{"committee":"УИК №808","vibid":"4164007278768","voters":1874,"total":1515,"voted":1515,"spoiled":0,"yays":1234,"nays":281},{"committee":"УИК №809","vibid":"4164007278769","voters":2194,"total":1781,"voted":1781,"spoiled":0,"yays":1371,"nays":410},{"committee":"УИК №810","vibid":"4164007278770","voters":1577,"total":1303,"voted":1303,"spoiled":0,"yays":1004,"nays":299},{"committee":"УИК №811","vibid":"4164007278771","voters":2152,"total":1803,"voted":1803,"spoiled":0,"yays":1388,"nays":415},{"committee":"УИК №812","vibid":"4164007278772","voters":1696,"total":1443,"voted":1443,"spoiled":0,"yays":1166,"nays":277},{"committee":"УИК №813","vibid":"4164007278773","voters":2377,"total":1957,"voted":1957,"spoiled":0,"yays":1548,"nays":409},{"committee":"УИК №814","vibid":"4164007278774","voters":2560,"total":2108,"voted":2108,"spoiled":0,"yays":1631,"nays":477},{"committee":"УИК №815","vibid":"4164007278775","voters":1401,"total":1205,"voted":1205,"spoiled":0,"yays":952,"nays":253},{"committee":"УИК №816","vibid":"4164007278776","voters":2050,"total":1863,"voted":1863,"spoiled":11,"yays":1471,"nays":381},{"committee":"УИК №817","vibid":"4164007278777","voters":2905,"total":2324,"voted":2324,"spoiled":10,"yays":1790,"nays":524},{"committee":"УИК №818","vibid":"4164007279919","voters":71,"total":71,"voted":71,"spoiled":0,"yays":71,"nays":0},{"committee":"УИК №819","vibid":"4164007278779","voters":2239,"total":1836,"voted":1836,"spoiled":0,"yays":1450,"nays":386},{"committee":"УИК №820","vibid":"4164007278780","voters":2981,"total":2385,"voted":2385,"spoiled":0,"yays":1885,"nays":500},{"committee":"УИК №821","vibid":"4164007278781","voters":1436,"total":1226,"voted":1226,"spoiled":133,"yays":877,"nays":216},{"committee":"УИК №822","vibid":"4164007278782","voters":474,"total":422,"voted":422,"spoiled":0,"yays":338,"nays":84},{"committee":"УИК №823","vibid":"4164007278783","voters":2668,"total":2114,"voted":2114,"spoiled":0,"yays":1629,"nays":485},{"committee":"УИК №2829","vibid":"4164007278784","voters":1525,"total":1339,"voted":1339,"spoiled":0,"yays":1140,"nays":199},{"committee":"УИК №2830","vibid":"4164007278785","voters":2666,"total":2107,"voted":2107,"spoiled":0,"yays":1622,"nays":485}]