[{"committee":"УИК №129","vibid":"4174012247068","voters":2105,"total":2020,"voted":2020,"spoiled":1,"yays":1961,"nays":58},{"committee":"УИК №130","vibid":"4174012247069","voters":1022,"total":1010,"voted":1010,"spoiled":1,"yays":999,"nays":10},{"committee":"УИК №131","vibid":"4174012247070","voters":499,"total":488,"voted":488,"spoiled":0,"yays":486,"nays":2},{"committee":"УИК №132","vibid":"4174012247071","voters":119,"total":119,"voted":119,"spoiled":0,"yays":119,"nays":0},{"committee":"УИК №133","vibid":"4174012247072","voters":1738,"total":1708,"voted":1708,"spoiled":0,"yays":1668,"nays":40},{"committee":"УИК №134","vibid":"4174012247073","voters":319,"total":315,"voted":315,"spoiled":0,"yays":312,"nays":3},{"committee":"УИК №135","vibid":"4174012247074","voters":146,"total":146,"voted":146,"spoiled":0,"yays":143,"nays":3},{"committee":"УИК №136","vibid":"4174012247075","voters":429,"total":428,"voted":428,"spoiled":0,"yays":425,"nays":3},{"committee":"УИК №137","vibid":"4174012247076","voters":626,"total":615,"voted":615,"spoiled":0,"yays":608,"nays":7},{"committee":"УИК №138","vibid":"4174012247077","voters":277,"total":274,"voted":274,"spoiled":0,"yays":271,"nays":3},{"committee":"УИК №139","vibid":"4174012247078","voters":436,"total":430,"voted":430,"spoiled":0,"yays":422,"nays":8}]