[{"committee":"УИК №1285","vibid":"4164016430198","voters":538,"total":527,"voted":527,"spoiled":0,"yays":501,"nays":26},{"committee":"УИК №1286","vibid":"4164016430199","voters":649,"total":586,"voted":586,"spoiled":7,"yays":546,"nays":33},{"committee":"УИК №1288","vibid":"4164016430200","voters":494,"total":451,"voted":451,"spoiled":5,"yays":425,"nays":21},{"committee":"УИК №1289","vibid":"4164016430201","voters":274,"total":263,"voted":263,"spoiled":2,"yays":241,"nays":20},{"committee":"УИК №1290","vibid":"4164016430202","voters":307,"total":292,"voted":292,"spoiled":0,"yays":270,"nays":22},{"committee":"УИК №1291","vibid":"4164016430203","voters":111,"total":107,"voted":107,"spoiled":0,"yays":101,"nays":6},{"committee":"УИК №1292","vibid":"4164016430204","voters":296,"total":281,"voted":281,"spoiled":3,"yays":269,"nays":9},{"committee":"УИК №1293","vibid":"4164016430205","voters":494,"total":462,"voted":462,"spoiled":0,"yays":415,"nays":47},{"committee":"УИК №1294","vibid":"4164016430206","voters":269,"total":250,"voted":250,"spoiled":0,"yays":233,"nays":17},{"committee":"УИК №1295","vibid":"4164016430207","voters":367,"total":353,"voted":353,"spoiled":0,"yays":333,"nays":20},{"committee":"УИК №1296","vibid":"4164016430208","voters":103,"total":97,"voted":97,"spoiled":0,"yays":92,"nays":5},{"committee":"УИК №1297","vibid":"4164016430209","voters":826,"total":781,"voted":781,"spoiled":0,"yays":741,"nays":40},{"committee":"УИК №1298","vibid":"4164016430210","voters":2769,"total":2291,"voted":2291,"spoiled":31,"yays":1851,"nays":409},{"committee":"УИК №1299","vibid":"4164016430211","voters":2247,"total":2087,"voted":2087,"spoiled":23,"yays":1756,"nays":308},{"committee":"УИК №1300","vibid":"4164016430212","voters":2290,"total":1858,"voted":1858,"spoiled":43,"yays":1444,"nays":371},{"committee":"УИК №1301","vibid":"4164016430213","voters":2167,"total":1805,"voted":1805,"spoiled":34,"yays":1409,"nays":362},{"committee":"УИК №1302","vibid":"4164016430214","voters":2159,"total":1801,"voted":1801,"spoiled":48,"yays":1411,"nays":342},{"committee":"УИК №1303","vibid":"4164016430215","voters":2237,"total":1904,"voted":1904,"spoiled":50,"yays":1566,"nays":288},{"committee":"УИК №1304","vibid":"4164016430216","voters":551,"total":471,"voted":471,"spoiled":18,"yays":402,"nays":51},{"committee":"УИК №1305","vibid":"4164016430217","voters":1504,"total":1462,"voted":1462,"spoiled":6,"yays":1265,"nays":191},{"committee":"УИК №1306","vibid":"4164016430218","voters":170,"total":165,"voted":165,"spoiled":2,"yays":141,"nays":22},{"committee":"УИК №1307","vibid":"4164016430219","voters":339,"total":333,"voted":333,"spoiled":0,"yays":302,"nays":31},{"committee":"УИК №1308","vibid":"4164016430220","voters":125,"total":123,"voted":123,"spoiled":0,"yays":111,"nays":12},{"committee":"УИК №1309","vibid":"4164016430221","voters":2961,"total":2538,"voted":2538,"spoiled":57,"yays":1943,"nays":538},{"committee":"УИК №1310","vibid":"4164016430222","voters":1275,"total":1191,"voted":1191,"spoiled":33,"yays":999,"nays":159},{"committee":"УИК №1311","vibid":"4164016430518","voters":100,"total":95,"voted":95,"spoiled":0,"yays":95,"nays":0},{"committee":"УИК №1312","vibid":"4164016430224","voters":614,"total":581,"voted":581,"spoiled":0,"yays":526,"nays":55},{"committee":"УИК №1313","vibid":"4164016430225","voters":403,"total":387,"voted":387,"spoiled":3,"yays":363,"nays":21},{"committee":"УИК №1314","vibid":"4164016430226","voters":302,"total":293,"voted":293,"spoiled":2,"yays":276,"nays":15},{"committee":"УИК №1315","vibid":"4164016430227","voters":792,"total":774,"voted":774,"spoiled":5,"yays":731,"nays":38},{"committee":"УИК №1316","vibid":"4164016430228","voters":1272,"total":1077,"voted":1077,"spoiled":17,"yays":981,"nays":79},{"committee":"УИК №1317","vibid":"4164016430229","voters":348,"total":313,"voted":313,"spoiled":11,"yays":201,"nays":101},{"committee":"УИК №1318","vibid":"4164016430230","voters":454,"total":360,"voted":360,"spoiled":0,"yays":230,"nays":130},{"committee":"УИК №1319","vibid":"4164016430231","voters":470,"total":448,"voted":448,"spoiled":0,"yays":401,"nays":47},{"committee":"УИК №1320","vibid":"4164016430232","voters":303,"total":292,"voted":292,"spoiled":3,"yays":281,"nays":8},{"committee":"УИК №1321","vibid":"4164016430233","voters":210,"total":204,"voted":204,"spoiled":6,"yays":183,"nays":15},{"committee":"УИК №1322","vibid":"4164016430234","voters":163,"total":159,"voted":159,"spoiled":4,"yays":139,"nays":16},{"committee":"УИК №1323","vibid":"4164016430235","voters":346,"total":336,"voted":336,"spoiled":2,"yays":311,"nays":23},{"committee":"УИК №1324","vibid":"4164016430236","voters":1857,"total":1647,"voted":1647,"spoiled":10,"yays":1255,"nays":382},{"committee":"УИК №1325","vibid":"4164016430237","voters":1148,"total":1057,"voted":1057,"spoiled":0,"yays":901,"nays":156},{"committee":"УИК №1326","vibid":"4164016430238","voters":1513,"total":1417,"voted":1417,"spoiled":51,"yays":1190,"nays":176},{"committee":"УИК №1327","vibid":"4164016430239","voters":653,"total":642,"voted":642,"spoiled":13,"yays":597,"nays":32},{"committee":"УИК №1328","vibid":"4164016430240","voters":200,"total":191,"voted":191,"spoiled":0,"yays":184,"nays":7},{"committee":"УИК №1329","vibid":"4164016430241","voters":1415,"total":1371,"voted":1371,"spoiled":0,"yays":1203,"nays":168},{"committee":"УИК №1330","vibid":"4164016430242","voters":373,"total":350,"voted":350,"spoiled":2,"yays":303,"nays":45},{"committee":"УИК №1331","vibid":"4164016430243","voters":1020,"total":998,"voted":998,"spoiled":33,"yays":879,"nays":86},{"committee":"УИК №1332","vibid":"4164016430244","voters":877,"total":862,"voted":862,"spoiled":0,"yays":821,"nays":41}]