[{"committee":"УИК №115","vibid":"4114001300115","voters":1181,"total":240,"voted":240,"spoiled":1,"yays":171,"nays":68},{"committee":"УИК №116","vibid":"4114001300116","voters":637,"total":94,"voted":94,"spoiled":0,"yays":63,"nays":31},{"committee":"УИК №117","vibid":"4114001300117","voters":1180,"total":301,"voted":301,"spoiled":1,"yays":177,"nays":123},{"committee":"УИК №118","vibid":"4114001300118","voters":1029,"total":226,"voted":226,"spoiled":0,"yays":142,"nays":84},{"committee":"УИК №119","vibid":"4114001300119","voters":1427,"total":344,"voted":344,"spoiled":2,"yays":230,"nays":112},{"committee":"УИК №120","vibid":"4114001300120","voters":793,"total":143,"voted":143,"spoiled":0,"yays":84,"nays":59},{"committee":"УИК №122","vibid":"4114001300122","voters":1120,"total":214,"voted":214,"spoiled":3,"yays":142,"nays":69},{"committee":"УИК №123","vibid":"4114001300123","voters":909,"total":174,"voted":174,"spoiled":0,"yays":101,"nays":73},{"committee":"УИК №124","vibid":"4114001300124","voters":404,"total":219,"voted":219,"spoiled":0,"yays":123,"nays":96},{"committee":"УИК №125","vibid":"4114001300125","voters":1935,"total":483,"voted":482,"spoiled":5,"yays":322,"nays":155},{"committee":"УИК №126","vibid":"4114001300126","voters":1151,"total":245,"voted":245,"spoiled":3,"yays":175,"nays":67},{"committee":"УИК №127","vibid":"4114001300127","voters":1487,"total":362,"voted":361,"spoiled":4,"yays":244,"nays":113},{"committee":"УИК №128","vibid":"4114001300128","voters":1605,"total":372,"voted":370,"spoiled":7,"yays":242,"nays":121},{"committee":"УИК №129","vibid":"4114001300129","voters":1287,"total":338,"voted":338,"spoiled":1,"yays":223,"nays":114},{"committee":"УИК №130","vibid":"4114001300130","voters":2050,"total":535,"voted":535,"spoiled":6,"yays":345,"nays":184},{"committee":"УИК №131","vibid":"4114001300131","voters":1186,"total":285,"voted":285,"spoiled":3,"yays":176,"nays":106},{"committee":"УИК №132","vibid":"4114001300132","voters":1600,"total":465,"voted":465,"spoiled":3,"yays":294,"nays":168},{"committee":"УИК №133","vibid":"4114001300133","voters":2503,"total":626,"voted":626,"spoiled":4,"yays":361,"nays":261},{"committee":"УИК №134","vibid":"4114001300134","voters":1591,"total":459,"voted":459,"spoiled":5,"yays":250,"nays":204},{"committee":"УИК №135","vibid":"4114001300135","voters":1604,"total":464,"voted":464,"spoiled":9,"yays":286,"nays":169},{"committee":"УИК №136","vibid":"4114001300136","voters":1593,"total":497,"voted":497,"spoiled":6,"yays":282,"nays":209},{"committee":"УИК №137","vibid":"4114001300137","voters":1465,"total":451,"voted":451,"spoiled":4,"yays":287,"nays":160},{"committee":"УИК №138","vibid":"4114001300138","voters":1238,"total":346,"voted":346,"spoiled":3,"yays":215,"nays":128},{"committee":"УИК №139","vibid":"4114001300139","voters":1056,"total":303,"voted":302,"spoiled":1,"yays":188,"nays":113},{"committee":"УИК №140","vibid":"4114001300140","voters":1418,"total":361,"voted":361,"spoiled":3,"yays":235,"nays":123},{"committee":"УИК №141","vibid":"4114001300141","voters":1593,"total":433,"voted":433,"spoiled":4,"yays":272,"nays":157},{"committee":"УИК №142","vibid":"4114001300142","voters":1610,"total":438,"voted":438,"spoiled":2,"yays":273,"nays":163},{"committee":"УИК №143","vibid":"4114001300143","voters":1440,"total":387,"voted":387,"spoiled":2,"yays":245,"nays":140},{"committee":"УИК №144","vibid":"4114001300144","voters":1652,"total":578,"voted":578,"spoiled":0,"yays":321,"nays":257},{"committee":"УИК №145","vibid":"4114001300145","voters":1396,"total":526,"voted":526,"spoiled":4,"yays":308,"nays":214},{"committee":"УИК №146","vibid":"4114001300146","voters":1554,"total":466,"voted":466,"spoiled":2,"yays":274,"nays":190},{"committee":"УИК №147","vibid":"4114001300147","voters":1340,"total":393,"voted":393,"spoiled":4,"yays":222,"nays":167},{"committee":"УИК №148","vibid":"4114001300148","voters":1308,"total":370,"voted":370,"spoiled":2,"yays":236,"nays":132},{"committee":"УИК №149","vibid":"4114001300149","voters":1315,"total":390,"voted":390,"spoiled":7,"yays":235,"nays":148},{"committee":"УИК №150","vibid":"4114001300150","voters":2357,"total":639,"voted":639,"spoiled":2,"yays":401,"nays":236},{"committee":"УИК №151","vibid":"4114001300151","voters":1621,"total":631,"voted":631,"spoiled":10,"yays":396,"nays":225},{"committee":"УИК №152","vibid":"4114001300152","voters":703,"total":306,"voted":306,"spoiled":3,"yays":150,"nays":153},{"committee":"УИК №154","vibid":"4114001300154","voters":854,"total":232,"voted":232,"spoiled":3,"yays":137,"nays":92},{"committee":"УИК №155","vibid":"4114001300155","voters":1454,"total":415,"voted":415,"spoiled":0,"yays":258,"nays":157},{"committee":"УИК №156","vibid":"4114001300156","voters":707,"total":190,"voted":190,"spoiled":0,"yays":104,"nays":86},{"committee":"УИК №158","vibid":"4114001300158","voters":965,"total":242,"voted":242,"spoiled":2,"yays":168,"nays":72},{"committee":"УИК №159","vibid":"4114001300159","voters":1550,"total":400,"voted":400,"spoiled":2,"yays":263,"nays":135},{"committee":"УИК №160","vibid":"4114001300160","voters":313,"total":168,"voted":168,"spoiled":1,"yays":126,"nays":41},{"committee":"УИК №161","vibid":"4114001300161","voters":281,"total":154,"voted":154,"spoiled":2,"yays":78,"nays":74},{"committee":"УИК №162","vibid":"4114001300673","voters":116,"total":106,"voted":106,"spoiled":0,"yays":60,"nays":46},{"committee":"УИК №218","vibid":"4114001310105","voters":59,"total":45,"voted":45,"spoiled":0,"yays":36,"nays":9},{"committee":"УИК №649","vibid":"4114001304790","voters":96,"total":92,"voted":90,"spoiled":0,"yays":49,"nays":41},{"committee":"УИК №650","vibid":"4114001304792","voters":126,"total":115,"voted":115,"spoiled":1,"yays":54,"nays":60},{"committee":"УИК №651","vibid":"4114001304794","voters":45,"total":44,"voted":44,"spoiled":0,"yays":12,"nays":32},{"committee":"УИК №665","vibid":"4114001304796","voters":172,"total":156,"voted":156,"spoiled":0,"yays":77,"nays":79},{"committee":"УИК №666","vibid":"4114001300675","voters":53,"total":53,"voted":53,"spoiled":0,"yays":31,"nays":22},{"committee":"УИК №667","vibid":"4114001300677","voters":179,"total":177,"voted":177,"spoiled":0,"yays":87,"nays":90}]