[{"committee":"УИК №245","vibid":"4194004199416","voters":435,"total":345,"voted":345,"spoiled":1,"yays":259,"nays":85},{"committee":"УИК №246","vibid":"4194004199417","voters":225,"total":182,"voted":182,"spoiled":0,"yays":149,"nays":33},{"committee":"УИК №247","vibid":"4194004199418","voters":137,"total":123,"voted":123,"spoiled":0,"yays":104,"nays":19},{"committee":"УИК №248","vibid":"4194004199419","voters":1177,"total":886,"voted":886,"spoiled":5,"yays":681,"nays":200},{"committee":"УИК №249","vibid":"4194004199420","voters":193,"total":167,"voted":167,"spoiled":0,"yays":129,"nays":38},{"committee":"УИК №250","vibid":"4194004199421","voters":226,"total":176,"voted":176,"spoiled":1,"yays":103,"nays":72},{"committee":"УИК №251","vibid":"4194004199422","voters":1105,"total":797,"voted":797,"spoiled":7,"yays":645,"nays":145},{"committee":"УИК №252","vibid":"4194004199423","voters":323,"total":239,"voted":239,"spoiled":13,"yays":184,"nays":42},{"committee":"УИК №253","vibid":"4194004199424","voters":208,"total":158,"voted":158,"spoiled":3,"yays":109,"nays":46},{"committee":"УИК №254","vibid":"4194004199425","voters":2012,"total":1117,"voted":1117,"spoiled":15,"yays":712,"nays":390},{"committee":"УИК №255","vibid":"4194004199426","voters":1035,"total":735,"voted":735,"spoiled":14,"yays":611,"nays":110},{"committee":"УИК №256","vibid":"4194004199427","voters":949,"total":603,"voted":603,"spoiled":4,"yays":478,"nays":121},{"committee":"УИК №257","vibid":"4194004199428","voters":81,"total":58,"voted":58,"spoiled":0,"yays":43,"nays":15},{"committee":"УИК №258","vibid":"4194004199429","voters":483,"total":402,"voted":402,"spoiled":2,"yays":276,"nays":124},{"committee":"УИК №259","vibid":"4194004199430","voters":183,"total":156,"voted":156,"spoiled":3,"yays":121,"nays":32},{"committee":"УИК №260","vibid":"4194004199431","voters":200,"total":141,"voted":141,"spoiled":3,"yays":101,"nays":37},{"committee":"УИК №261","vibid":"4194004199432","voters":226,"total":181,"voted":181,"spoiled":0,"yays":144,"nays":37},{"committee":"УИК №262","vibid":"4194004199433","voters":139,"total":108,"voted":108,"spoiled":0,"yays":88,"nays":20},{"committee":"УИК №263","vibid":"4194004199434","voters":537,"total":395,"voted":395,"spoiled":5,"yays":306,"nays":84},{"committee":"УИК №264","vibid":"4194004199435","voters":1044,"total":749,"voted":749,"spoiled":0,"yays":561,"nays":188},{"committee":"УИК №265","vibid":"4194004199436","voters":781,"total":478,"voted":478,"spoiled":0,"yays":348,"nays":130},{"committee":"УИК №266","vibid":"4194004199437","voters":988,"total":536,"voted":536,"spoiled":4,"yays":357,"nays":175},{"committee":"УИК №267","vibid":"4194004199438","voters":584,"total":412,"voted":412,"spoiled":0,"yays":308,"nays":104},{"committee":"УИК №268","vibid":"4194004199439","voters":109,"total":88,"voted":88,"spoiled":0,"yays":78,"nays":10},{"committee":"УИК №269","vibid":"4194004199440","voters":912,"total":775,"voted":775,"spoiled":4,"yays":574,"nays":197},{"committee":"УИК №270","vibid":"4194004199441","voters":541,"total":416,"voted":416,"spoiled":0,"yays":331,"nays":85},{"committee":"УИК №271","vibid":"4194004199442","voters":110,"total":99,"voted":99,"spoiled":0,"yays":84,"nays":15}]