[{"committee":"УИК №935","vibid":"4164009368433","voters":1339,"total":1276,"voted":1276,"spoiled":5,"yays":1199,"nays":72},{"committee":"УИК №936","vibid":"4164009368434","voters":1185,"total":1123,"voted":1123,"spoiled":6,"yays":1050,"nays":67},{"committee":"УИК №937","vibid":"4164009368435","voters":1407,"total":1355,"voted":1355,"spoiled":0,"yays":1244,"nays":111},{"committee":"УИК №938","vibid":"4164009368436","voters":1451,"total":1442,"voted":1355,"spoiled":0,"yays":1274,"nays":81},{"committee":"УИК №939","vibid":"4164009368437","voters":1147,"total":1125,"voted":1125,"spoiled":1,"yays":1061,"nays":63},{"committee":"УИК №940","vibid":"4164009368438","voters":1195,"total":1052,"voted":1052,"spoiled":0,"yays":970,"nays":82},{"committee":"УИК №941","vibid":"4164009368439","voters":1230,"total":1167,"voted":1167,"spoiled":0,"yays":1098,"nays":69},{"committee":"УИК №942","vibid":"4164009368440","voters":993,"total":921,"voted":921,"spoiled":0,"yays":869,"nays":52},{"committee":"УИК №943","vibid":"4164009368441","voters":1393,"total":1288,"voted":1288,"spoiled":0,"yays":1203,"nays":85},{"committee":"УИК №944","vibid":"4164009368442","voters":1046,"total":933,"voted":933,"spoiled":0,"yays":853,"nays":80},{"committee":"УИК №945","vibid":"4164009368443","voters":931,"total":812,"voted":812,"spoiled":0,"yays":763,"nays":49},{"committee":"УИК №946","vibid":"4164009368444","voters":1021,"total":949,"voted":949,"spoiled":0,"yays":892,"nays":57},{"committee":"УИК №947","vibid":"4164009368445","voters":1057,"total":1003,"voted":1003,"spoiled":0,"yays":941,"nays":62},{"committee":"УИК №948","vibid":"4164009368446","voters":1038,"total":998,"voted":998,"spoiled":3,"yays":935,"nays":60},{"committee":"УИК №949","vibid":"4164009368447","voters":1237,"total":1197,"voted":1197,"spoiled":0,"yays":1118,"nays":79},{"committee":"УИК №950","vibid":"4164009368448","voters":472,"total":459,"voted":459,"spoiled":0,"yays":430,"nays":29},{"committee":"УИК №951","vibid":"4164009368449","voters":500,"total":490,"voted":490,"spoiled":0,"yays":459,"nays":31},{"committee":"УИК №952","vibid":"4164009368450","voters":451,"total":443,"voted":443,"spoiled":0,"yays":425,"nays":18},{"committee":"УИК №953","vibid":"4164009368451","voters":902,"total":876,"voted":876,"spoiled":3,"yays":823,"nays":50},{"committee":"УИК №954","vibid":"4164009368452","voters":669,"total":650,"voted":650,"spoiled":2,"yays":607,"nays":41},{"committee":"УИК №955","vibid":"4164009368453","voters":873,"total":855,"voted":855,"spoiled":0,"yays":804,"nays":51},{"committee":"УИК №956","vibid":"4164009368454","voters":956,"total":929,"voted":929,"spoiled":0,"yays":873,"nays":56},{"committee":"УИК №957","vibid":"4164009368455","voters":385,"total":378,"voted":378,"spoiled":0,"yays":355,"nays":23},{"committee":"УИК №958","vibid":"4164009368456","voters":313,"total":311,"voted":311,"spoiled":0,"yays":292,"nays":19},{"committee":"УИК №959","vibid":"4164009368457","voters":401,"total":392,"voted":392,"spoiled":0,"yays":368,"nays":24},{"committee":"УИК №960","vibid":"4164009368458","voters":177,"total":175,"voted":175,"spoiled":0,"yays":170,"nays":5},{"committee":"УИК №961","vibid":"4164009368459","voters":188,"total":186,"voted":186,"spoiled":0,"yays":176,"nays":10},{"committee":"УИК №962","vibid":"4164009368460","voters":291,"total":288,"voted":288,"spoiled":0,"yays":271,"nays":17},{"committee":"УИК №963","vibid":"4164009368461","voters":289,"total":285,"voted":285,"spoiled":0,"yays":268,"nays":17},{"committee":"УИК №964","vibid":"4164009368462","voters":282,"total":281,"voted":281,"spoiled":0,"yays":264,"nays":17},{"committee":"УИК №965","vibid":"4164009368463","voters":664,"total":646,"voted":646,"spoiled":0,"yays":614,"nays":32},{"committee":"УИК №966","vibid":"4164009368464","voters":478,"total":470,"voted":470,"spoiled":0,"yays":450,"nays":20},{"committee":"УИК №967","vibid":"4164009368465","voters":228,"total":225,"voted":225,"spoiled":0,"yays":219,"nays":6},{"committee":"УИК №968","vibid":"4164009368466","voters":774,"total":752,"voted":752,"spoiled":0,"yays":713,"nays":39},{"committee":"УИК №969","vibid":"4164009368467","voters":380,"total":374,"voted":374,"spoiled":0,"yays":365,"nays":9},{"committee":"УИК №970","vibid":"4164009368468","voters":547,"total":541,"voted":541,"spoiled":0,"yays":509,"nays":32},{"committee":"УИК №971","vibid":"4164009368469","voters":168,"total":165,"voted":165,"spoiled":0,"yays":155,"nays":10},{"committee":"УИК №972","vibid":"4164009368470","voters":571,"total":556,"voted":556,"spoiled":0,"yays":524,"nays":32},{"committee":"УИК №973","vibid":"4164009368471","voters":219,"total":215,"voted":215,"spoiled":0,"yays":202,"nays":13},{"committee":"УИК №974","vibid":"4164009368472","voters":736,"total":716,"voted":716,"spoiled":0,"yays":673,"nays":43},{"committee":"УИК №975","vibid":"4164009368473","voters":393,"total":386,"voted":386,"spoiled":0,"yays":355,"nays":31},{"committee":"УИК №976","vibid":"4164009368474","voters":159,"total":156,"voted":156,"spoiled":0,"yays":147,"nays":9},{"committee":"УИК №977","vibid":"4164009368475","voters":485,"total":463,"voted":463,"spoiled":0,"yays":439,"nays":24},{"committee":"УИК №978","vibid":"4164009368476","voters":561,"total":539,"voted":539,"spoiled":0,"yays":487,"nays":52},{"committee":"УИК №979","vibid":"4164009368477","voters":673,"total":658,"voted":658,"spoiled":0,"yays":620,"nays":38},{"committee":"УИК №980","vibid":"4164009368478","voters":247,"total":242,"voted":242,"spoiled":0,"yays":234,"nays":8},{"committee":"УИК №981","vibid":"4164009368479","voters":177,"total":173,"voted":173,"spoiled":0,"yays":164,"nays":9},{"committee":"УИК №982","vibid":"4164009368480","voters":529,"total":517,"voted":517,"spoiled":0,"yays":486,"nays":31},{"committee":"УИК №983","vibid":"4164009368481","voters":558,"total":552,"voted":552,"spoiled":0,"yays":519,"nays":33},{"committee":"УИК №984","vibid":"4164009368482","voters":234,"total":230,"voted":230,"spoiled":0,"yays":216,"nays":14},{"committee":"УИК №985","vibid":"4164009368483","voters":578,"total":565,"voted":565,"spoiled":0,"yays":531,"nays":34},{"committee":"УИК №986","vibid":"4164009368484","voters":1217,"total":1194,"voted":1194,"spoiled":0,"yays":1122,"nays":72},{"committee":"УИК №987","vibid":"4164009368485","voters":449,"total":441,"voted":441,"spoiled":0,"yays":432,"nays":9},{"committee":"УИК №988","vibid":"4164009368486","voters":521,"total":485,"voted":485,"spoiled":0,"yays":444,"nays":41},{"committee":"УИК №989","vibid":"4164009368487","voters":237,"total":232,"voted":232,"spoiled":0,"yays":218,"nays":14},{"committee":"УИК №990","vibid":"4164009368488","voters":467,"total":461,"voted":461,"spoiled":0,"yays":432,"nays":29},{"committee":"УИК №991","vibid":"4164009368489","voters":327,"total":322,"voted":322,"spoiled":0,"yays":302,"nays":20},{"committee":"УИК №992","vibid":"4164009368490","voters":169,"total":168,"voted":168,"spoiled":0,"yays":155,"nays":13},{"committee":"УИК №993","vibid":"4164009368491","voters":755,"total":742,"voted":742,"spoiled":0,"yays":698,"nays":44},{"committee":"УИК №994","vibid":"4164009368492","voters":519,"total":514,"voted":514,"spoiled":0,"yays":484,"nays":30},{"committee":"УИК №995","vibid":"4164009368493","voters":337,"total":331,"voted":331,"spoiled":0,"yays":316,"nays":15},{"committee":"УИК №996","vibid":"4164009368494","voters":339,"total":329,"voted":329,"spoiled":0,"yays":312,"nays":17}]