[{"committee":"УИК №308","vibid":"4134012385797","voters":170,"total":161,"voted":161,"spoiled":0,"yays":159,"nays":2},{"committee":"УИК №309","vibid":"4134012385798","voters":145,"total":137,"voted":137,"spoiled":0,"yays":133,"nays":4},{"committee":"УИК №310","vibid":"4134012385799","voters":324,"total":307,"voted":307,"spoiled":0,"yays":289,"nays":18},{"committee":"УИК №311","vibid":"4134012385800","voters":91,"total":86,"voted":86,"spoiled":0,"yays":82,"nays":4},{"committee":"УИК №312","vibid":"4134012385801","voters":194,"total":183,"voted":183,"spoiled":0,"yays":174,"nays":9},{"committee":"УИК №313","vibid":"4134012385802","voters":344,"total":325,"voted":325,"spoiled":0,"yays":318,"nays":7},{"committee":"УИК №314","vibid":"4134012385803","voters":288,"total":273,"voted":273,"spoiled":0,"yays":254,"nays":19},{"committee":"УИК №315","vibid":"4134012385804","voters":1055,"total":977,"voted":977,"spoiled":0,"yays":902,"nays":75},{"committee":"УИК №316","vibid":"4134012385805","voters":165,"total":155,"voted":155,"spoiled":0,"yays":147,"nays":8},{"committee":"УИК №317","vibid":"4134012385806","voters":497,"total":472,"voted":472,"spoiled":0,"yays":441,"nays":31},{"committee":"УИК №318","vibid":"4134012385807","voters":111,"total":102,"voted":102,"spoiled":0,"yays":98,"nays":4},{"committee":"УИК №319","vibid":"4134012385808","voters":170,"total":161,"voted":161,"spoiled":0,"yays":151,"nays":10},{"committee":"УИК №320","vibid":"4134012385809","voters":343,"total":325,"voted":325,"spoiled":0,"yays":309,"nays":16},{"committee":"УИК №321","vibid":"4134012385810","voters":487,"total":461,"voted":461,"spoiled":0,"yays":427,"nays":34},{"committee":"УИК №322","vibid":"4134012385811","voters":663,"total":629,"voted":629,"spoiled":0,"yays":586,"nays":43},{"committee":"УИК №323","vibid":"4134012385812","voters":1073,"total":1000,"voted":1000,"spoiled":0,"yays":874,"nays":126},{"committee":"УИК №324","vibid":"4134012385813","voters":127,"total":120,"voted":120,"spoiled":0,"yays":115,"nays":5},{"committee":"УИК №325","vibid":"4134012385814","voters":633,"total":585,"voted":585,"spoiled":0,"yays":547,"nays":38},{"committee":"УИК №326","vibid":"4134012385815","voters":289,"total":273,"voted":273,"spoiled":0,"yays":261,"nays":12},{"committee":"УИК №327","vibid":"4134012385816","voters":358,"total":337,"voted":337,"spoiled":0,"yays":318,"nays":19},{"committee":"УИК №328","vibid":"4134012385817","voters":183,"total":173,"voted":173,"spoiled":0,"yays":165,"nays":8},{"committee":"УИК №329","vibid":"4134012385818","voters":123,"total":116,"voted":116,"spoiled":0,"yays":109,"nays":7},{"committee":"УИК №330","vibid":"4134012385819","voters":219,"total":207,"voted":207,"spoiled":0,"yays":196,"nays":11},{"committee":"УИК №331","vibid":"4134012385820","voters":315,"total":298,"voted":298,"spoiled":0,"yays":287,"nays":11},{"committee":"УИК №332","vibid":"4134012385821","voters":136,"total":129,"voted":129,"spoiled":0,"yays":126,"nays":3},{"committee":"УИК №333","vibid":"4134012385822","voters":1072,"total":997,"voted":997,"spoiled":0,"yays":878,"nays":119},{"committee":"УИК №334","vibid":"4134012385823","voters":261,"total":247,"voted":247,"spoiled":0,"yays":235,"nays":12},{"committee":"УИК №335","vibid":"4134012385824","voters":108,"total":102,"voted":102,"spoiled":0,"yays":96,"nays":6},{"committee":"УИК №336","vibid":"4134012385825","voters":87,"total":82,"voted":82,"spoiled":0,"yays":78,"nays":4},{"committee":"УИК №337","vibid":"4134012385826","voters":139,"total":132,"voted":132,"spoiled":0,"yays":129,"nays":3},{"committee":"УИК №338","vibid":"4134012385827","voters":318,"total":302,"voted":302,"spoiled":0,"yays":294,"nays":8},{"committee":"УИК №339","vibid":"4134012385828","voters":316,"total":300,"voted":300,"spoiled":0,"yays":279,"nays":21},{"committee":"УИК №340","vibid":"4134012385829","voters":486,"total":459,"voted":459,"spoiled":0,"yays":429,"nays":30},{"committee":"УИК №341","vibid":"4134012385830","voters":154,"total":146,"voted":146,"spoiled":0,"yays":137,"nays":9},{"committee":"УИК №342","vibid":"4134012385831","voters":192,"total":182,"voted":182,"spoiled":0,"yays":176,"nays":6},{"committee":"УИК №343","vibid":"4134012385832","voters":356,"total":338,"voted":338,"spoiled":0,"yays":324,"nays":14},{"committee":"УИК №344","vibid":"4134012385833","voters":119,"total":113,"voted":113,"spoiled":0,"yays":110,"nays":3},{"committee":"УИК №345","vibid":"4134012385834","voters":246,"total":233,"voted":233,"spoiled":0,"yays":219,"nays":14},{"committee":"УИК №346","vibid":"4134012385835","voters":828,"total":786,"voted":786,"spoiled":0,"yays":725,"nays":61},{"committee":"УИК №347","vibid":"4134012385836","voters":188,"total":178,"voted":178,"spoiled":0,"yays":169,"nays":9},{"committee":"УИК №348","vibid":"4134012385837","voters":322,"total":305,"voted":305,"spoiled":0,"yays":289,"nays":16},{"committee":"УИК №349","vibid":"4134012385838","voters":560,"total":530,"voted":530,"spoiled":0,"yays":463,"nays":67},{"committee":"УИК №350","vibid":"4134012385839","voters":1236,"total":1177,"voted":1177,"spoiled":0,"yays":971,"nays":206},{"committee":"УИК №351","vibid":"4134012385840","voters":628,"total":601,"voted":601,"spoiled":0,"yays":573,"nays":28},{"committee":"УИК №352","vibid":"4134012385841","voters":807,"total":767,"voted":767,"spoiled":0,"yays":676,"nays":91},{"committee":"УИК №353","vibid":"4134012385842","voters":798,"total":762,"voted":762,"spoiled":0,"yays":649,"nays":113},{"committee":"УИК №354","vibid":"4134012385843","voters":1605,"total":1489,"voted":1489,"spoiled":0,"yays":1378,"nays":111},{"committee":"УИК №355","vibid":"4134012385844","voters":1936,"total":1671,"voted":1671,"spoiled":0,"yays":1397,"nays":274},{"committee":"УИК №356","vibid":"4134012385845","voters":1658,"total":1512,"voted":1512,"spoiled":0,"yays":1296,"nays":216},{"committee":"УИК №357","vibid":"4134012385846","voters":1916,"total":1655,"voted":1655,"spoiled":0,"yays":1359,"nays":296},{"committee":"УИК №358","vibid":"4134012385847","voters":1862,"total":1580,"voted":1580,"spoiled":0,"yays":1309,"nays":271},{"committee":"УИК №359","vibid":"4134012385848","voters":1606,"total":1405,"voted":1405,"spoiled":0,"yays":1113,"nays":292},{"committee":"УИК №360","vibid":"4134012385849","voters":757,"total":701,"voted":701,"spoiled":0,"yays":587,"nays":114},{"committee":"УИК №361","vibid":"4134012385850","voters":688,"total":644,"voted":644,"spoiled":0,"yays":577,"nays":67},{"committee":"УИК №362","vibid":"4134012385851","voters":225,"total":213,"voted":213,"spoiled":0,"yays":193,"nays":20}]