[{"committee":"УИК №39","vibid":"4174002219299","voters":2114,"total":1901,"voted":1901,"spoiled":1,"yays":1893,"nays":7},{"committee":"УИК №40","vibid":"4174002219300","voters":356,"total":353,"voted":353,"spoiled":0,"yays":350,"nays":3},{"committee":"УИК №41","vibid":"4174002219301","voters":444,"total":444,"voted":444,"spoiled":1,"yays":429,"nays":14},{"committee":"УИК №42","vibid":"4174002219302","voters":458,"total":455,"voted":455,"spoiled":1,"yays":452,"nays":2},{"committee":"УИК №43","vibid":"4174002219303","voters":684,"total":683,"voted":683,"spoiled":0,"yays":682,"nays":1},{"committee":"УИК №44","vibid":"4174002219304","voters":1005,"total":1002,"voted":1002,"spoiled":0,"yays":999,"nays":3},{"committee":"УИК №45","vibid":"4174002219305","voters":756,"total":743,"voted":743,"spoiled":1,"yays":739,"nays":3}]