[{"committee":"УИК №551","vibid":"4104005156303","voters":1297,"total":601,"voted":601,"spoiled":4,"yays":419,"nays":178},{"committee":"УИК №552","vibid":"4104005156305","voters":2381,"total":1105,"voted":1105,"spoiled":5,"yays":774,"nays":326},{"committee":"УИК №553","vibid":"4104005156307","voters":402,"total":168,"voted":168,"spoiled":1,"yays":115,"nays":52},{"committee":"УИК №554","vibid":"4104005156309","voters":2740,"total":1334,"voted":1334,"spoiled":7,"yays":929,"nays":398},{"committee":"УИК №555","vibid":"4104005156311","voters":1199,"total":609,"voted":609,"spoiled":4,"yays":416,"nays":189},{"committee":"УИК №556","vibid":"4104005156313","voters":2707,"total":1402,"voted":1402,"spoiled":9,"yays":930,"nays":463},{"committee":"УИК №557","vibid":"4104005156315","voters":2427,"total":1175,"voted":1175,"spoiled":13,"yays":821,"nays":341},{"committee":"УИК №558","vibid":"4104005156317","voters":2479,"total":1096,"voted":1093,"spoiled":14,"yays":726,"nays":353},{"committee":"УИК №559","vibid":"4104005156319","voters":2571,"total":1273,"voted":1273,"spoiled":13,"yays":941,"nays":319},{"committee":"УИК №560","vibid":"4104005156321","voters":2439,"total":1180,"voted":1180,"spoiled":5,"yays":839,"nays":336},{"committee":"УИК №561","vibid":"4104005156323","voters":1459,"total":760,"voted":760,"spoiled":5,"yays":492,"nays":263},{"committee":"УИК №562","vibid":"4104005156325","voters":1027,"total":448,"voted":448,"spoiled":1,"yays":338,"nays":109},{"committee":"УИК №563","vibid":"4104005156730","voters":612,"total":590,"voted":590,"spoiled":2,"yays":359,"nays":229}]