[{"committee":"УИК №186","vibid":"4134008371162","voters":1533,"total":1374,"voted":1374,"spoiled":0,"yays":1296,"nays":78},{"committee":"УИК №187","vibid":"4134008371163","voters":1884,"total":1693,"voted":1693,"spoiled":0,"yays":1623,"nays":70},{"committee":"УИК №188","vibid":"4134008371164","voters":1324,"total":1192,"voted":1192,"spoiled":0,"yays":1147,"nays":45},{"committee":"УИК №189","vibid":"4134008371165","voters":1580,"total":1296,"voted":1296,"spoiled":0,"yays":1209,"nays":87},{"committee":"УИК №190","vibid":"4134008371166","voters":1347,"total":1212,"voted":1212,"spoiled":0,"yays":1154,"nays":58},{"committee":"УИК №191","vibid":"4134008371167","voters":277,"total":245,"voted":245,"spoiled":0,"yays":235,"nays":10},{"committee":"УИК №192","vibid":"4134008371168","voters":385,"total":360,"voted":360,"spoiled":1,"yays":322,"nays":37},{"committee":"УИК №193","vibid":"4134008371169","voters":324,"total":288,"voted":288,"spoiled":0,"yays":279,"nays":9},{"committee":"УИК №194","vibid":"4134008371170","voters":467,"total":412,"voted":412,"spoiled":2,"yays":369,"nays":41},{"committee":"УИК №195","vibid":"4134008371171","voters":283,"total":262,"voted":262,"spoiled":0,"yays":253,"nays":9},{"committee":"УИК №196","vibid":"4134008371172","voters":357,"total":319,"voted":319,"spoiled":0,"yays":291,"nays":28},{"committee":"УИК №197","vibid":"4134008371173","voters":202,"total":202,"voted":202,"spoiled":0,"yays":184,"nays":18},{"committee":"УИК №198","vibid":"4134008371174","voters":408,"total":398,"voted":390,"spoiled":0,"yays":389,"nays":1},{"committee":"УИК №199","vibid":"4134008371175","voters":400,"total":362,"voted":362,"spoiled":1,"yays":326,"nays":35},{"committee":"УИК №200","vibid":"4134008371176","voters":354,"total":324,"voted":324,"spoiled":0,"yays":306,"nays":18},{"committee":"УИК №201","vibid":"4134008371177","voters":408,"total":373,"voted":373,"spoiled":0,"yays":353,"nays":20},{"committee":"УИК №202","vibid":"4134008371178","voters":139,"total":128,"voted":128,"spoiled":0,"yays":117,"nays":11},{"committee":"УИК №203","vibid":"4134008371179","voters":286,"total":262,"voted":262,"spoiled":0,"yays":226,"nays":36},{"committee":"УИК №204","vibid":"4134008371180","voters":207,"total":186,"voted":186,"spoiled":0,"yays":176,"nays":10},{"committee":"УИК №205","vibid":"4134008371181","voters":91,"total":78,"voted":78,"spoiled":0,"yays":71,"nays":7},{"committee":"УИК №206","vibid":"4134008371182","voters":236,"total":214,"voted":214,"spoiled":0,"yays":203,"nays":11},{"committee":"УИК №207","vibid":"4134008371183","voters":794,"total":717,"voted":717,"spoiled":2,"yays":645,"nays":70},{"committee":"УИК №208","vibid":"4134008371184","voters":692,"total":578,"voted":578,"spoiled":0,"yays":521,"nays":57},{"committee":"УИК №209","vibid":"4134008371185","voters":298,"total":268,"voted":268,"spoiled":0,"yays":253,"nays":15},{"committee":"УИК №210","vibid":"4134008371186","voters":663,"total":597,"voted":597,"spoiled":0,"yays":556,"nays":41},{"committee":"УИК №211","vibid":"4134008371187","voters":328,"total":296,"voted":296,"spoiled":1,"yays":290,"nays":5},{"committee":"УИК №212","vibid":"4134008371188","voters":582,"total":522,"voted":522,"spoiled":0,"yays":489,"nays":33},{"committee":"УИК №213","vibid":"4134008371189","voters":304,"total":262,"voted":262,"spoiled":0,"yays":246,"nays":16},{"committee":"УИК №214","vibid":"4134008371190","voters":441,"total":399,"voted":399,"spoiled":0,"yays":377,"nays":22},{"committee":"УИК №215","vibid":"4134008371191","voters":425,"total":402,"voted":402,"spoiled":0,"yays":386,"nays":16},{"committee":"УИК №216","vibid":"4134008371192","voters":747,"total":692,"voted":692,"spoiled":0,"yays":637,"nays":55},{"committee":"УИК №217","vibid":"4134008371193","voters":1379,"total":1198,"voted":1198,"spoiled":0,"yays":1109,"nays":89},{"committee":"УИК №218","vibid":"4134008371194","voters":54,"total":49,"voted":49,"spoiled":0,"yays":47,"nays":2},{"committee":"УИК №219","vibid":"4134008371195","voters":806,"total":708,"voted":708,"spoiled":0,"yays":659,"nays":49},{"committee":"УИК №220","vibid":"4134008371196","voters":353,"total":293,"voted":293,"spoiled":0,"yays":269,"nays":24},{"committee":"УИК №221","vibid":"4134008371197","voters":360,"total":331,"voted":331,"spoiled":0,"yays":326,"nays":5},{"committee":"УИК №222","vibid":"4134008371198","voters":69,"total":58,"voted":58,"spoiled":0,"yays":53,"nays":5},{"committee":"УИК №223","vibid":"4134008371199","voters":696,"total":651,"voted":651,"spoiled":6,"yays":620,"nays":25},{"committee":"УИК №224","vibid":"4134008371200","voters":377,"total":339,"voted":339,"spoiled":0,"yays":319,"nays":20},{"committee":"УИК №225","vibid":"4134008371201","voters":948,"total":875,"voted":875,"spoiled":0,"yays":808,"nays":67},{"committee":"УИК №226","vibid":"4134008371202","voters":1007,"total":937,"voted":937,"spoiled":0,"yays":855,"nays":82},{"committee":"УИК №227","vibid":"4134008371203","voters":1405,"total":1242,"voted":1242,"spoiled":0,"yays":1162,"nays":80},{"committee":"УИК №228","vibid":"4134008371204","voters":1056,"total":906,"voted":906,"spoiled":0,"yays":779,"nays":127},{"committee":"УИК №229","vibid":"4134008371205","voters":907,"total":810,"voted":810,"spoiled":0,"yays":736,"nays":74},{"committee":"УИК №230","vibid":"4134008371206","voters":939,"total":826,"voted":826,"spoiled":0,"yays":748,"nays":78},{"committee":"УИК №231","vibid":"4134008371207","voters":978,"total":869,"voted":869,"spoiled":4,"yays":701,"nays":164},{"committee":"УИК №232","vibid":"4134008371208","voters":293,"total":258,"voted":258,"spoiled":0,"yays":236,"nays":22},{"committee":"УИК №233","vibid":"4134008371209","voters":467,"total":423,"voted":423,"spoiled":0,"yays":330,"nays":93},{"committee":"УИК №234","vibid":"4134008371210","voters":604,"total":514,"voted":514,"spoiled":0,"yays":467,"nays":47}]