[{"committee":"УИК №34","vibid":"4204003102429","voters":1322,"total":1309,"voted":1250,"spoiled":0,"yays":1199,"nays":51},{"committee":"УИК №35","vibid":"4204003102430","voters":774,"total":766,"voted":731,"spoiled":0,"yays":729,"nays":2},{"committee":"УИК №36","vibid":"4204003102431","voters":241,"total":238,"voted":230,"spoiled":0,"yays":227,"nays":3},{"committee":"УИК №37","vibid":"4204003102432","voters":218,"total":215,"voted":205,"spoiled":0,"yays":204,"nays":1},{"committee":"УИК №38","vibid":"4204003102433","voters":1165,"total":1153,"voted":1101,"spoiled":0,"yays":1097,"nays":4},{"committee":"УИК №40","vibid":"4204003102435","voters":1043,"total":1033,"voted":985,"spoiled":0,"yays":978,"nays":7},{"committee":"УИК №41","vibid":"4204003102436","voters":492,"total":487,"voted":464,"spoiled":0,"yays":462,"nays":2},{"committee":"УИК №42","vibid":"4204003102437","voters":651,"total":644,"voted":615,"spoiled":0,"yays":613,"nays":2},{"committee":"УИК №50","vibid":"4204003102445","voters":491,"total":486,"voted":463,"spoiled":0,"yays":459,"nays":4},{"committee":"УИК №51","vibid":"4204003102446","voters":235,"total":232,"voted":222,"spoiled":0,"yays":219,"nays":3},{"committee":"УИК №52","vibid":"4204003102447","voters":1433,"total":1418,"voted":1354,"spoiled":0,"yays":1339,"nays":15},{"committee":"УИК №53","vibid":"4204003102448","voters":1453,"total":1438,"voted":1373,"spoiled":0,"yays":1361,"nays":12},{"committee":"УИК №54","vibid":"4204003102449","voters":1353,"total":1339,"voted":1278,"spoiled":0,"yays":1260,"nays":18},{"committee":"УИК №57","vibid":"4204003102452","voters":205,"total":203,"voted":193,"spoiled":0,"yays":191,"nays":2},{"committee":"УИК №60","vibid":"4204003102455","voters":350,"total":347,"voted":330,"spoiled":0,"yays":329,"nays":1},{"committee":"УИК №61","vibid":"4204003102456","voters":99,"total":98,"voted":93,"spoiled":0,"yays":92,"nays":1},{"committee":"УИК №63","vibid":"4204003102458","voters":240,"total":237,"voted":227,"spoiled":0,"yays":222,"nays":5},{"committee":"УИК №64","vibid":"4204003102459","voters":73,"total":72,"voted":69,"spoiled":0,"yays":67,"nays":2}]