[{"committee":"УИК №347","vibid":"4204020108205","voters":386,"total":372,"voted":372,"spoiled":0,"yays":368,"nays":4},{"committee":"УИК №349","vibid":"4204020108207","voters":1252,"total":1213,"voted":1213,"spoiled":0,"yays":1201,"nays":12},{"committee":"УИК №350","vibid":"4204020108208","voters":1526,"total":1496,"voted":1496,"spoiled":0,"yays":1480,"nays":16},{"committee":"УИК №351","vibid":"4204020108209","voters":1212,"total":1163,"voted":1163,"spoiled":0,"yays":1151,"nays":12},{"committee":"УИК №352","vibid":"4204020108210","voters":1405,"total":1362,"voted":1362,"spoiled":0,"yays":1348,"nays":14},{"committee":"УИК №355","vibid":"4204020108213","voters":1783,"total":1750,"voted":1750,"spoiled":0,"yays":1726,"nays":24},{"committee":"УИК №357","vibid":"4204020108215","voters":2474,"total":2358,"voted":2358,"spoiled":0,"yays":2309,"nays":49},{"committee":"УИК №358","vibid":"4204020108216","voters":2604,"total":2394,"voted":2394,"spoiled":0,"yays":2351,"nays":43},{"committee":"УИК №359","vibid":"4204020108217","voters":1986,"total":1794,"voted":1794,"spoiled":0,"yays":1762,"nays":32},{"committee":"УИК №360","vibid":"4204020108218","voters":867,"total":800,"voted":800,"spoiled":0,"yays":769,"nays":31},{"committee":"УИК №361","vibid":"4204020108219","voters":869,"total":802,"voted":802,"spoiled":0,"yays":778,"nays":24},{"committee":"УИК №362","vibid":"4204020108220","voters":1266,"total":1164,"voted":1164,"spoiled":0,"yays":1125,"nays":39},{"committee":"УИК №364","vibid":"4204020108222","voters":1452,"total":1336,"voted":1336,"spoiled":0,"yays":1301,"nays":35},{"committee":"УИК №365","vibid":"4204020108223","voters":344,"total":326,"voted":326,"spoiled":0,"yays":312,"nays":14},{"committee":"УИК №366","vibid":"4204020108224","voters":673,"total":637,"voted":637,"spoiled":0,"yays":620,"nays":17},{"committee":"УИК №368","vibid":"4204020108226","voters":2565,"total":2375,"voted":2375,"spoiled":0,"yays":2323,"nays":52},{"committee":"УИК №369","vibid":"4204020108227","voters":173,"total":169,"voted":169,"spoiled":0,"yays":155,"nays":14},{"committee":"УИК №472","vibid":"4204020108230","voters":294,"total":288,"voted":288,"spoiled":0,"yays":271,"nays":17},{"committee":"УИК №505","vibid":"4204020108618","voters":795,"total":758,"voted":758,"spoiled":0,"yays":750,"nays":8}]