[{"committee":"УИК №385","vibid":"420400695140","voters":1419,"total":1342,"voted":1342,"spoiled":19,"yays":1225,"nays":98},{"committee":"УИК №396","vibid":"420400695151","voters":2208,"total":2087,"voted":2087,"spoiled":3,"yays":2004,"nays":80},{"committee":"УИК №398","vibid":"420400695153","voters":2436,"total":2253,"voted":2253,"spoiled":24,"yays":1811,"nays":418},{"committee":"УИК №399","vibid":"420400695154","voters":2334,"total":2177,"voted":2177,"spoiled":21,"yays":2000,"nays":156},{"committee":"УИК №400","vibid":"420400695155","voters":1255,"total":1237,"voted":1237,"spoiled":17,"yays":1126,"nays":94},{"committee":"УИК №438","vibid":"420400695156","voters":2364,"total":2278,"voted":2278,"spoiled":63,"yays":1599,"nays":616}]