[{"committee":"УИК №103","vibid":"4204009131273","voters":1586,"total":1546,"voted":1520,"spoiled":12,"yays":1345,"nays":163},{"committee":"УИК №104","vibid":"4204009131274","voters":3009,"total":2974,"voted":2974,"spoiled":7,"yays":2951,"nays":16},{"committee":"УИК №105","vibid":"4204009131275","voters":1473,"total":1405,"voted":1405,"spoiled":6,"yays":1380,"nays":19},{"committee":"УИК №109","vibid":"4204009131279","voters":1793,"total":1729,"voted":1729,"spoiled":8,"yays":1706,"nays":15},{"committee":"УИК №111","vibid":"4204009131281","voters":1741,"total":1678,"voted":1678,"spoiled":7,"yays":1650,"nays":21},{"committee":"УИК №116","vibid":"4204009131286","voters":1618,"total":1498,"voted":1498,"spoiled":12,"yays":1104,"nays":382},{"committee":"УИК №117","vibid":"4204009131287","voters":1752,"total":1617,"voted":1617,"spoiled":24,"yays":1332,"nays":261},{"committee":"УИК №144","vibid":"4204009131313","voters":1384,"total":1353,"voted":1323,"spoiled":14,"yays":1284,"nays":25},{"committee":"УИК №436","vibid":"4204009131316","voters":753,"total":735,"voted":614,"spoiled":28,"yays":565,"nays":21}]