[{"committee":"УИК №1795","vibid":"4224067245203","voters":1924,"total":850,"voted":848,"spoiled":6,"yays":577,"nays":265},{"committee":"УИК №1796","vibid":"4224067245204","voters":1069,"total":584,"voted":584,"spoiled":5,"yays":397,"nays":182},{"committee":"УИК №1797","vibid":"4224067245205","voters":1390,"total":573,"voted":573,"spoiled":7,"yays":384,"nays":182},{"committee":"УИК №1798","vibid":"4224067245206","voters":963,"total":838,"voted":838,"spoiled":15,"yays":530,"nays":293},{"committee":"УИК №1799","vibid":"4224067245207","voters":494,"total":324,"voted":324,"spoiled":5,"yays":234,"nays":85},{"committee":"УИК №1800","vibid":"4224067245208","voters":1160,"total":809,"voted":809,"spoiled":9,"yays":600,"nays":200},{"committee":"УИК №1801","vibid":"4224067245209","voters":566,"total":487,"voted":487,"spoiled":10,"yays":332,"nays":145},{"committee":"УИК №1802","vibid":"4224067245210","voters":678,"total":410,"voted":410,"spoiled":3,"yays":270,"nays":137},{"committee":"УИК №1803","vibid":"4224067245211","voters":505,"total":344,"voted":344,"spoiled":1,"yays":255,"nays":88},{"committee":"УИК №1804","vibid":"4224067245212","voters":795,"total":462,"voted":462,"spoiled":9,"yays":301,"nays":152},{"committee":"УИК №1805","vibid":"4224067245213","voters":55,"total":41,"voted":41,"spoiled":0,"yays":35,"nays":6},{"committee":"УИК №1806","vibid":"4224067245214","voters":492,"total":271,"voted":271,"spoiled":6,"yays":219,"nays":46},{"committee":"УИК №1807","vibid":"4224067245215","voters":594,"total":388,"voted":388,"spoiled":2,"yays":310,"nays":76},{"committee":"УИК №1808","vibid":"4224067245216","voters":104,"total":84,"voted":84,"spoiled":0,"yays":76,"nays":8},{"committee":"УИК №1809","vibid":"4224067245217","voters":104,"total":75,"voted":75,"spoiled":0,"yays":64,"nays":11},{"committee":"УИК №1810","vibid":"4224067245218","voters":246,"total":159,"voted":159,"spoiled":0,"yays":115,"nays":44},{"committee":"УИК №1811","vibid":"4224067245219","voters":454,"total":230,"voted":230,"spoiled":5,"yays":163,"nays":62},{"committee":"УИК №1812","vibid":"4224067245220","voters":186,"total":114,"voted":114,"spoiled":0,"yays":96,"nays":18},{"committee":"УИК №1813","vibid":"4224067245221","voters":321,"total":208,"voted":208,"spoiled":3,"yays":143,"nays":62},{"committee":"УИК №1814","vibid":"4224067245222","voters":590,"total":394,"voted":394,"spoiled":3,"yays":285,"nays":106},{"committee":"УИК №1815","vibid":"4224067245223","voters":96,"total":61,"voted":61,"spoiled":0,"yays":54,"nays":7}]