[{"committee":"УИК №371","vibid":"420400583130","voters":1568,"total":1520,"voted":1520,"spoiled":8,"yays":1362,"nays":150},{"committee":"УИК №372","vibid":"420400583131","voters":1949,"total":1862,"voted":1862,"spoiled":28,"yays":1786,"nays":48},{"committee":"УИК №375","vibid":"420400583134","voters":1837,"total":1773,"voted":1773,"spoiled":20,"yays":1700,"nays":53},{"committee":"УИК №376","vibid":"420400583135","voters":1704,"total":1675,"voted":1675,"spoiled":12,"yays":1474,"nays":189},{"committee":"УИК №378","vibid":"420400583137","voters":1602,"total":1548,"voted":1548,"spoiled":11,"yays":1428,"nays":109},{"committee":"УИК №379","vibid":"420400583138","voters":2023,"total":1951,"voted":1951,"spoiled":4,"yays":1918,"nays":29},{"committee":"УИК №380","vibid":"420400583139","voters":1894,"total":1661,"voted":1661,"spoiled":17,"yays":1015,"nays":629},{"committee":"УИК №381","vibid":"420400583140","voters":1409,"total":1300,"voted":1300,"spoiled":0,"yays":1289,"nays":11},{"committee":"УИК №382","vibid":"420400583141","voters":1635,"total":1602,"voted":1602,"spoiled":10,"yays":1479,"nays":113},{"committee":"УИК №384","vibid":"420400583143","voters":2631,"total":2492,"voted":2492,"spoiled":0,"yays":2480,"nays":12}]