[{"committee":"УИК №83","vibid":"4204016145778","voters":2309,"total":2158,"voted":2158,"spoiled":0,"yays":2107,"nays":51},{"committee":"УИК №84","vibid":"4204016145785","voters":2530,"total":2425,"voted":2425,"spoiled":0,"yays":2379,"nays":46},{"committee":"УИК №85","vibid":"4204016145786","voters":1152,"total":1105,"voted":1105,"spoiled":0,"yays":1068,"nays":37},{"committee":"УИК №261","vibid":"4204016145787","voters":2443,"total":2367,"voted":2367,"spoiled":0,"yays":2326,"nays":41},{"committee":"УИК №262","vibid":"4204016145788","voters":2751,"total":2616,"voted":2616,"spoiled":0,"yays":2564,"nays":52},{"committee":"УИК №263","vibid":"4204016145789","voters":2807,"total":2652,"voted":2652,"spoiled":0,"yays":2603,"nays":49},{"committee":"УИК №264","vibid":"4204016145790","voters":2603,"total":2469,"voted":2469,"spoiled":3,"yays":2432,"nays":34},{"committee":"УИК №265","vibid":"4204016145791","voters":2189,"total":2049,"voted":2049,"spoiled":5,"yays":2009,"nays":35},{"committee":"УИК №266","vibid":"4204016145792","voters":2593,"total":2455,"voted":2455,"spoiled":0,"yays":2410,"nays":45},{"committee":"УИК №267","vibid":"4204016145793","voters":2674,"total":2550,"voted":2550,"spoiled":0,"yays":2501,"nays":49},{"committee":"УИК №268","vibid":"4204016145794","voters":2369,"total":2225,"voted":2225,"spoiled":0,"yays":2186,"nays":39},{"committee":"УИК №269","vibid":"4204016145795","voters":2855,"total":2720,"voted":2720,"spoiled":0,"yays":2673,"nays":47},{"committee":"УИК №270","vibid":"4204016145796","voters":2809,"total":2695,"voted":2695,"spoiled":0,"yays":2640,"nays":55},{"committee":"УИК №271","vibid":"4204016145797","voters":2891,"total":2750,"voted":2750,"spoiled":0,"yays":2699,"nays":51},{"committee":"УИК №272","vibid":"4204016145798","voters":1163,"total":1110,"voted":1110,"spoiled":0,"yays":1074,"nays":36},{"committee":"УИК №273","vibid":"4204016145799","voters":1677,"total":1595,"voted":1595,"spoiled":0,"yays":1552,"nays":43},{"committee":"УИК №274","vibid":"4204016145800","voters":2727,"total":2627,"voted":2627,"spoiled":0,"yays":2571,"nays":56},{"committee":"УИК №275","vibid":"4204016145801","voters":2190,"total":2096,"voted":2096,"spoiled":0,"yays":2045,"nays":51},{"committee":"УИК №276","vibid":"4204016145802","voters":1577,"total":1499,"voted":1499,"spoiled":0,"yays":1454,"nays":45},{"committee":"УИК №277","vibid":"4204016145803","voters":1924,"total":1845,"voted":1845,"spoiled":6,"yays":1799,"nays":40},{"committee":"УИК №278","vibid":"4204016145804","voters":1631,"total":1550,"voted":1550,"spoiled":7,"yays":1513,"nays":30},{"committee":"УИК №279","vibid":"4204016145805","voters":1190,"total":1096,"voted":1096,"spoiled":4,"yays":1067,"nays":25},{"committee":"УИК №280","vibid":"4204016145806","voters":1613,"total":1504,"voted":1504,"spoiled":2,"yays":1462,"nays":40},{"committee":"УИК №281","vibid":"4204016145807","voters":1068,"total":1025,"voted":1025,"spoiled":1,"yays":994,"nays":30},{"committee":"УИК №282","vibid":"4204016145808","voters":2851,"total":2703,"voted":2703,"spoiled":3,"yays":2646,"nays":54},{"committee":"УИК №283","vibid":"4204016145809","voters":2771,"total":2631,"voted":2631,"spoiled":2,"yays":2578,"nays":51},{"committee":"УИК №284","vibid":"4204016145810","voters":2809,"total":2704,"voted":2704,"spoiled":4,"yays":2656,"nays":44},{"committee":"УИК №285","vibid":"4204016145811","voters":1323,"total":1263,"voted":1263,"spoiled":2,"yays":1226,"nays":35},{"committee":"УИК №286","vibid":"4204016145812","voters":2348,"total":2251,"voted":2251,"spoiled":1,"yays":2210,"nays":40},{"committee":"УИК №287","vibid":"4204016145813","voters":1669,"total":1598,"voted":1598,"spoiled":4,"yays":1567,"nays":27},{"committee":"УИК №288","vibid":"4204016145814","voters":1834,"total":1734,"voted":1734,"spoiled":8,"yays":1688,"nays":38},{"committee":"УИК №289","vibid":"4204016145815","voters":1629,"total":1569,"voted":1569,"spoiled":7,"yays":1548,"nays":14},{"committee":"УИК №290","vibid":"4204016145816","voters":1126,"total":1060,"voted":1060,"spoiled":5,"yays":1044,"nays":11},{"committee":"УИК №291","vibid":"4204016145817","voters":1511,"total":1451,"voted":1451,"spoiled":5,"yays":1426,"nays":20},{"committee":"УИК №434","vibid":"4204016145818","voters":1551,"total":1490,"voted":1490,"spoiled":0,"yays":1473,"nays":17},{"committee":"УИК №447","vibid":"4204016145819","voters":1928,"total":1859,"voted":1859,"spoiled":0,"yays":1827,"nays":32},{"committee":"УИК №448","vibid":"4204016145820","voters":1432,"total":1387,"voted":1387,"spoiled":0,"yays":1369,"nays":18},{"committee":"УИК №477","vibid":"4204016145821","voters":200,"total":192,"voted":192,"spoiled":5,"yays":158,"nays":29},{"committee":"УИК №484","vibid":"4204016150782","voters":2012,"total":1931,"voted":1931,"spoiled":0,"yays":1894,"nays":37},{"committee":"УИК №500","vibid":"4204016148499","voters":1123,"total":1123,"voted":1123,"spoiled":0,"yays":1120,"nays":3},{"committee":"УИК №501","vibid":"4204016148500","voters":160,"total":154,"voted":154,"spoiled":3,"yays":144,"nays":7}]