[{"committee":"УИК №1","vibid":"4204001644273","voters":2361,"total":2181,"voted":2181,"spoiled":0,"yays":2178,"nays":3},{"committee":"УИК №2","vibid":"4204001644274","voters":2753,"total":2507,"voted":2507,"spoiled":0,"yays":2457,"nays":50},{"committee":"УИК №3","vibid":"4204001644275","voters":2522,"total":2442,"voted":2442,"spoiled":32,"yays":1960,"nays":450},{"committee":"УИК №4","vibid":"4204001644276","voters":1759,"total":1726,"voted":1726,"spoiled":45,"yays":1444,"nays":237},{"committee":"УИК №5","vibid":"4204001644277","voters":2978,"total":2834,"voted":2834,"spoiled":0,"yays":2829,"nays":5},{"committee":"УИК №6","vibid":"4204001644278","voters":1606,"total":1521,"voted":1521,"spoiled":21,"yays":1378,"nays":122},{"committee":"УИК №7","vibid":"4204001644279","voters":2619,"total":2471,"voted":2471,"spoiled":11,"yays":2435,"nays":25},{"committee":"УИК №8","vibid":"4204001644280","voters":1373,"total":1259,"voted":1259,"spoiled":17,"yays":1109,"nays":133},{"committee":"УИК №9","vibid":"4204001644281","voters":1521,"total":1435,"voted":1435,"spoiled":0,"yays":1435,"nays":0},{"committee":"УИК №77","vibid":"4204001644282","voters":1938,"total":1845,"voted":1845,"spoiled":0,"yays":1843,"nays":2},{"committee":"УИК №78","vibid":"4204001644283","voters":2232,"total":2136,"voted":2136,"spoiled":0,"yays":2130,"nays":6},{"committee":"УИК №81","vibid":"4204001644284","voters":2242,"total":2153,"voted":2153,"spoiled":0,"yays":2151,"nays":2},{"committee":"УИК №82","vibid":"4204001644285","voters":2493,"total":2370,"voted":2370,"spoiled":0,"yays":2367,"nays":3},{"committee":"УИК №462","vibid":"4204001644286","voters":163,"total":156,"voted":156,"spoiled":0,"yays":156,"nays":0},{"committee":"УИК №473","vibid":"4204001644287","voters":529,"total":508,"voted":508,"spoiled":0,"yays":505,"nays":3},{"committee":"УИК №474","vibid":"4204001644288","voters":103,"total":95,"voted":95,"spoiled":0,"yays":95,"nays":0}]