[{"committee":"УИК №1397","vibid":"4224047192972","voters":719,"total":448,"voted":448,"spoiled":8,"yays":297,"nays":143},{"committee":"УИК №1398","vibid":"4224047192973","voters":297,"total":197,"voted":197,"spoiled":6,"yays":98,"nays":93},{"committee":"УИК №1399","vibid":"4224047192974","voters":678,"total":475,"voted":475,"spoiled":4,"yays":366,"nays":105},{"committee":"УИК №1400","vibid":"4224047192975","voters":382,"total":244,"voted":244,"spoiled":3,"yays":182,"nays":59},{"committee":"УИК №1401","vibid":"4224047192976","voters":658,"total":525,"voted":525,"spoiled":2,"yays":421,"nays":102},{"committee":"УИК №1402","vibid":"4224047192977","voters":345,"total":209,"voted":209,"spoiled":1,"yays":140,"nays":68},{"committee":"УИК №1403","vibid":"4224047192978","voters":234,"total":137,"voted":137,"spoiled":3,"yays":100,"nays":34},{"committee":"УИК №1404","vibid":"4224047192979","voters":125,"total":108,"voted":108,"spoiled":3,"yays":86,"nays":19},{"committee":"УИК №1405","vibid":"4224047192980","voters":188,"total":140,"voted":140,"spoiled":1,"yays":125,"nays":14},{"committee":"УИК №1406","vibid":"4224047192981","voters":271,"total":210,"voted":210,"spoiled":1,"yays":157,"nays":52},{"committee":"УИК №1407","vibid":"4224047192982","voters":1700,"total":819,"voted":819,"spoiled":13,"yays":506,"nays":300},{"committee":"УИК №1408","vibid":"4224047192983","voters":1586,"total":884,"voted":884,"spoiled":20,"yays":553,"nays":311},{"committee":"УИК №1409","vibid":"4224047192984","voters":1309,"total":641,"voted":641,"spoiled":11,"yays":338,"nays":292},{"committee":"УИК №1410","vibid":"4224047192985","voters":1009,"total":603,"voted":603,"spoiled":15,"yays":404,"nays":184},{"committee":"УИК №1411","vibid":"4224047192986","voters":643,"total":370,"voted":370,"spoiled":0,"yays":227,"nays":143}]