[{"committee":"УИК №317","vibid":"420401882997","voters":204,"total":188,"voted":188,"spoiled":0,"yays":180,"nays":8},{"committee":"УИК №318","vibid":"420401882998","voters":27,"total":27,"voted":27,"spoiled":0,"yays":27,"nays":0},{"committee":"УИК №319","vibid":"420401882999","voters":98,"total":94,"voted":94,"spoiled":0,"yays":89,"nays":5},{"committee":"УИК №320","vibid":"420401883000","voters":206,"total":203,"voted":203,"spoiled":0,"yays":198,"nays":5},{"committee":"УИК №321","vibid":"420401883001","voters":65,"total":64,"voted":64,"spoiled":0,"yays":64,"nays":0},{"committee":"УИК №322","vibid":"420401883002","voters":34,"total":31,"voted":31,"spoiled":0,"yays":31,"nays":0},{"committee":"УИК №323","vibid":"420401883003","voters":37,"total":32,"voted":32,"spoiled":0,"yays":32,"nays":0},{"committee":"УИК №324","vibid":"420401883004","voters":43,"total":38,"voted":38,"spoiled":1,"yays":37,"nays":0},{"committee":"УИК №325","vibid":"420401883005","voters":119,"total":112,"voted":112,"spoiled":0,"yays":112,"nays":0},{"committee":"УИК №326","vibid":"420401883006","voters":26,"total":26,"voted":26,"spoiled":0,"yays":26,"nays":0},{"committee":"УИК №327","vibid":"420401883007","voters":345,"total":308,"voted":308,"spoiled":0,"yays":300,"nays":8},{"committee":"УИК №328","vibid":"420401883008","voters":367,"total":354,"voted":354,"spoiled":0,"yays":349,"nays":5},{"committee":"УИК №329","vibid":"420401883009","voters":175,"total":172,"voted":172,"spoiled":2,"yays":168,"nays":2},{"committee":"УИК №476","vibid":"420401883010","voters":34,"total":32,"voted":32,"spoiled":0,"yays":32,"nays":0}]