[{"committee":"УИК №421","vibid":"420400892024","voters":2855,"total":2695,"voted":2695,"spoiled":0,"yays":2659,"nays":36},{"committee":"УИК №422","vibid":"420400892025","voters":2441,"total":2259,"voted":2259,"spoiled":0,"yays":2229,"nays":30},{"committee":"УИК №423","vibid":"420400892026","voters":2966,"total":2726,"voted":2726,"spoiled":0,"yays":2690,"nays":36},{"committee":"УИК №425","vibid":"420400892028","voters":2678,"total":2472,"voted":2472,"spoiled":0,"yays":2439,"nays":33},{"committee":"УИК №426","vibid":"420400892029","voters":2169,"total":2134,"voted":2134,"spoiled":0,"yays":2105,"nays":29},{"committee":"УИК №427","vibid":"420400892030","voters":2670,"total":2512,"voted":2512,"spoiled":0,"yays":2479,"nays":33},{"committee":"УИК №428","vibid":"420400892031","voters":2327,"total":2197,"voted":2197,"spoiled":0,"yays":2168,"nays":29},{"committee":"УИК №429","vibid":"420400892032","voters":2419,"total":2288,"voted":2288,"spoiled":7,"yays":2255,"nays":26},{"committee":"УИК №430","vibid":"420400892033","voters":2466,"total":2285,"voted":2285,"spoiled":0,"yays":2255,"nays":30},{"committee":"УИК №432","vibid":"420400892035","voters":2332,"total":2249,"voted":2249,"spoiled":0,"yays":2219,"nays":30},{"committee":"УИК №433","vibid":"420400892036","voters":2443,"total":2274,"voted":2274,"spoiled":0,"yays":2244,"nays":30},{"committee":"УИК №443","vibid":"420400892038","voters":2747,"total":2627,"voted":2627,"spoiled":0,"yays":2592,"nays":35},{"committee":"УИК №444","vibid":"420400892039","voters":1556,"total":1490,"voted":1490,"spoiled":0,"yays":1470,"nays":20}]