[{"committee":"УИК №86","vibid":"420401994213","voters":534,"total":525,"voted":525,"spoiled":3,"yays":514,"nays":8},{"committee":"УИК №87","vibid":"420401994214","voters":937,"total":868,"voted":868,"spoiled":4,"yays":839,"nays":25},{"committee":"УИК №88","vibid":"420401994215","voters":1118,"total":1040,"voted":1040,"spoiled":3,"yays":1007,"nays":30},{"committee":"УИК №102","vibid":"420401994216","voters":157,"total":150,"voted":150,"spoiled":1,"yays":145,"nays":4},{"committee":"УИК №330","vibid":"420401994217","voters":1568,"total":1415,"voted":1415,"spoiled":2,"yays":1407,"nays":6},{"committee":"УИК №331","vibid":"420401994218","voters":659,"total":630,"voted":630,"spoiled":1,"yays":626,"nays":3},{"committee":"УИК №332","vibid":"420401994219","voters":339,"total":321,"voted":321,"spoiled":1,"yays":318,"nays":2},{"committee":"УИК №333","vibid":"420401994220","voters":340,"total":316,"voted":316,"spoiled":1,"yays":312,"nays":3},{"committee":"УИК №334","vibid":"420401994221","voters":289,"total":270,"voted":270,"spoiled":0,"yays":268,"nays":2},{"committee":"УИК №335","vibid":"420401994222","voters":206,"total":195,"voted":195,"spoiled":0,"yays":193,"nays":2},{"committee":"УИК №336","vibid":"420401994223","voters":1035,"total":970,"voted":970,"spoiled":2,"yays":962,"nays":6},{"committee":"УИК №337","vibid":"420401994224","voters":254,"total":244,"voted":244,"spoiled":0,"yays":242,"nays":2},{"committee":"УИК №338","vibid":"420401994225","voters":1248,"total":1132,"voted":1132,"spoiled":3,"yays":1119,"nays":10},{"committee":"УИК №339","vibid":"420401994226","voters":279,"total":260,"voted":260,"spoiled":0,"yays":259,"nays":1},{"committee":"УИК №340","vibid":"420401994227","voters":339,"total":325,"voted":325,"spoiled":0,"yays":323,"nays":2},{"committee":"УИК №341","vibid":"420401994228","voters":446,"total":415,"voted":415,"spoiled":1,"yays":405,"nays":9},{"committee":"УИК №342","vibid":"420401994229","voters":434,"total":400,"voted":400,"spoiled":2,"yays":386,"nays":12},{"committee":"УИК №343","vibid":"420401994230","voters":348,"total":325,"voted":325,"spoiled":1,"yays":316,"nays":8},{"committee":"УИК №344","vibid":"420401994231","voters":163,"total":153,"voted":153,"spoiled":0,"yays":145,"nays":8},{"committee":"УИК №345","vibid":"420401994232","voters":223,"total":220,"voted":220,"spoiled":1,"yays":214,"nays":5},{"committee":"УИК №346","vibid":"420401994233","voters":126,"total":115,"voted":115,"spoiled":0,"yays":110,"nays":5},{"committee":"УИК №461","vibid":"420401994234","voters":256,"total":235,"voted":235,"spoiled":2,"yays":225,"nays":8},{"committee":"УИК №497","vibid":"420401994644","voters":1498,"total":1492,"voted":1492,"spoiled":5,"yays":1437,"nays":50}]