[{"committee":"УИК №870","vibid":"4224023172792","voters":1804,"total":1196,"voted":1195,"spoiled":4,"yays":853,"nays":338},{"committee":"УИК №871","vibid":"4224023172793","voters":2704,"total":1495,"voted":1493,"spoiled":10,"yays":1009,"nays":474},{"committee":"УИК №872","vibid":"4224023172794","voters":246,"total":141,"voted":141,"spoiled":0,"yays":106,"nays":35},{"committee":"УИК №873","vibid":"4224023172795","voters":186,"total":123,"voted":123,"spoiled":1,"yays":93,"nays":29},{"committee":"УИК №874","vibid":"4224023172796","voters":1015,"total":468,"voted":468,"spoiled":9,"yays":305,"nays":154},{"committee":"УИК №875","vibid":"4224023172797","voters":1519,"total":782,"voted":782,"spoiled":5,"yays":579,"nays":198},{"committee":"УИК №876","vibid":"4224023172798","voters":794,"total":549,"voted":549,"spoiled":3,"yays":388,"nays":158},{"committee":"УИК №877","vibid":"4224023172799","voters":1325,"total":742,"voted":742,"spoiled":10,"yays":569,"nays":163},{"committee":"УИК №878","vibid":"4224023172800","voters":291,"total":155,"voted":154,"spoiled":2,"yays":121,"nays":31},{"committee":"УИК №879","vibid":"4224023172801","voters":332,"total":196,"voted":196,"spoiled":4,"yays":168,"nays":24},{"committee":"УИК №880","vibid":"4224023172802","voters":2438,"total":929,"voted":929,"spoiled":13,"yays":647,"nays":269},{"committee":"УИК №881","vibid":"4224023172803","voters":1445,"total":782,"voted":782,"spoiled":8,"yays":616,"nays":158},{"committee":"УИК №882","vibid":"4224023172804","voters":881,"total":505,"voted":505,"spoiled":3,"yays":356,"nays":146}]