[{"committee":"УИК №427","vibid":"4224040194513","voters":1677,"total":570,"voted":570,"spoiled":7,"yays":373,"nays":190},{"committee":"УИК №428","vibid":"4224040194514","voters":2555,"total":777,"voted":777,"spoiled":10,"yays":545,"nays":222},{"committee":"УИК №429","vibid":"4224040194515","voters":2373,"total":759,"voted":759,"spoiled":12,"yays":520,"nays":227},{"committee":"УИК №430","vibid":"4224040194516","voters":2537,"total":936,"voted":936,"spoiled":9,"yays":636,"nays":291},{"committee":"УИК №431","vibid":"4224040194517","voters":2424,"total":870,"voted":870,"spoiled":6,"yays":598,"nays":266},{"committee":"УИК №432","vibid":"4224040194518","voters":1550,"total":732,"voted":732,"spoiled":8,"yays":502,"nays":222},{"committee":"УИК №433","vibid":"4224040194519","voters":1690,"total":760,"voted":760,"spoiled":7,"yays":534,"nays":219},{"committee":"УИК №434","vibid":"4224040194520","voters":1131,"total":456,"voted":456,"spoiled":7,"yays":323,"nays":126},{"committee":"УИК №435","vibid":"4224040194521","voters":1150,"total":386,"voted":386,"spoiled":4,"yays":280,"nays":102},{"committee":"УИК №436","vibid":"4224040194522","voters":922,"total":279,"voted":279,"spoiled":3,"yays":202,"nays":74},{"committee":"УИК №437","vibid":"4224040194523","voters":2663,"total":1092,"voted":1092,"spoiled":12,"yays":707,"nays":373},{"committee":"УИК №438","vibid":"4224040194524","voters":2437,"total":1162,"voted":1162,"spoiled":12,"yays":768,"nays":382},{"committee":"УИК №439","vibid":"4224040194525","voters":2229,"total":875,"voted":875,"spoiled":8,"yays":603,"nays":264},{"committee":"УИК №440","vibid":"4224040194526","voters":1585,"total":503,"voted":503,"spoiled":3,"yays":315,"nays":185},{"committee":"УИК №441","vibid":"4224040194527","voters":2270,"total":904,"voted":904,"spoiled":12,"yays":639,"nays":253},{"committee":"УИК №442","vibid":"4224040194528","voters":2387,"total":1099,"voted":1099,"spoiled":72,"yays":744,"nays":283},{"committee":"УИК №443","vibid":"4224040194529","voters":1842,"total":682,"voted":682,"spoiled":8,"yays":401,"nays":273},{"committee":"УИК №444","vibid":"4224040194530","voters":2115,"total":781,"voted":781,"spoiled":6,"yays":485,"nays":290},{"committee":"УИК №445","vibid":"4224040194531","voters":2539,"total":1099,"voted":1099,"spoiled":13,"yays":739,"nays":347},{"committee":"УИК №446","vibid":"4224040194532","voters":1353,"total":540,"voted":540,"spoiled":5,"yays":348,"nays":187},{"committee":"УИК №447","vibid":"4224040194533","voters":1398,"total":538,"voted":538,"spoiled":3,"yays":334,"nays":201},{"committee":"УИК №448","vibid":"4224040194534","voters":2504,"total":1002,"voted":1001,"spoiled":11,"yays":707,"nays":283},{"committee":"УИК №449","vibid":"4224040194535","voters":1096,"total":363,"voted":363,"spoiled":5,"yays":252,"nays":106},{"committee":"УИК №450","vibid":"4224040194536","voters":1599,"total":703,"voted":703,"spoiled":9,"yays":528,"nays":166},{"committee":"УИК №451","vibid":"4224040194537","voters":1703,"total":489,"voted":489,"spoiled":7,"yays":343,"nays":139},{"committee":"УИК №452","vibid":"4224040194538","voters":2559,"total":799,"voted":799,"spoiled":10,"yays":555,"nays":234},{"committee":"УИК №453","vibid":"4224040194539","voters":2338,"total":701,"voted":701,"spoiled":7,"yays":475,"nays":219},{"committee":"УИК №454","vibid":"4224040194540","voters":2694,"total":859,"voted":859,"spoiled":10,"yays":616,"nays":233},{"committee":"УИК №455","vibid":"4224040194541","voters":1304,"total":501,"voted":501,"spoiled":4,"yays":314,"nays":183},{"committee":"УИК №456","vibid":"4224040194542","voters":1106,"total":440,"voted":440,"spoiled":5,"yays":279,"nays":156}]