[{"committee":"УИК №1524","vibid":"4224055166830","voters":451,"total":390,"voted":390,"spoiled":4,"yays":241,"nays":145},{"committee":"УИК №1525","vibid":"4224055166831","voters":231,"total":173,"voted":173,"spoiled":2,"yays":129,"nays":42},{"committee":"УИК №1526","vibid":"4224055166832","voters":1487,"total":967,"voted":966,"spoiled":13,"yays":672,"nays":281},{"committee":"УИК №1527","vibid":"4224055166833","voters":216,"total":177,"voted":177,"spoiled":0,"yays":152,"nays":25},{"committee":"УИК №1528","vibid":"4224055166834","voters":613,"total":475,"voted":475,"spoiled":13,"yays":339,"nays":123},{"committee":"УИК №1529","vibid":"4224055166835","voters":153,"total":78,"voted":78,"spoiled":0,"yays":65,"nays":13},{"committee":"УИК №1530","vibid":"4224055166836","voters":257,"total":194,"voted":194,"spoiled":0,"yays":127,"nays":67}]