[{"committee":"УИК №10","vibid":"4204002123311","voters":1879,"total":1800,"voted":1800,"spoiled":0,"yays":1753,"nays":47},{"committee":"УИК №11","vibid":"4204002123312","voters":1703,"total":1635,"voted":1635,"spoiled":0,"yays":1614,"nays":21},{"committee":"УИК №14","vibid":"4204002123315","voters":1566,"total":1490,"voted":1490,"spoiled":0,"yays":1467,"nays":23},{"committee":"УИК №15","vibid":"4204002123316","voters":1490,"total":1420,"voted":1420,"spoiled":0,"yays":1391,"nays":29},{"committee":"УИК №16","vibid":"4204002123317","voters":1749,"total":1673,"voted":1673,"spoiled":0,"yays":1666,"nays":7},{"committee":"УИК №18","vibid":"4204002123319","voters":1952,"total":1880,"voted":1880,"spoiled":0,"yays":1832,"nays":48},{"committee":"УИК №19","vibid":"4204002123320","voters":1762,"total":1680,"voted":1680,"spoiled":0,"yays":1658,"nays":22},{"committee":"УИК №20","vibid":"4204002123321","voters":2032,"total":1956,"voted":1956,"spoiled":0,"yays":1910,"nays":46},{"committee":"УИК №21","vibid":"4204002123322","voters":2305,"total":2219,"voted":2219,"spoiled":0,"yays":2179,"nays":40},{"committee":"УИК №22","vibid":"4204002123323","voters":1568,"total":1491,"voted":1491,"spoiled":0,"yays":1454,"nays":37},{"committee":"УИК №23","vibid":"4204002123324","voters":1954,"total":1868,"voted":1868,"spoiled":0,"yays":1829,"nays":39},{"committee":"УИК №24","vibid":"4204002123325","voters":3026,"total":2914,"voted":2914,"spoiled":0,"yays":2871,"nays":43},{"committee":"УИК №25","vibid":"4204002123326","voters":2626,"total":2516,"voted":2516,"spoiled":0,"yays":2455,"nays":61},{"committee":"УИК №26","vibid":"4204002123327","voters":2170,"total":2075,"voted":2075,"spoiled":0,"yays":2053,"nays":22},{"committee":"УИК №27","vibid":"4204002123328","voters":1810,"total":1745,"voted":1745,"spoiled":0,"yays":1701,"nays":44},{"committee":"УИК №28","vibid":"4204002123329","voters":2268,"total":2162,"voted":2162,"spoiled":0,"yays":2105,"nays":57},{"committee":"УИК №29","vibid":"4204002123330","voters":960,"total":898,"voted":898,"spoiled":0,"yays":868,"nays":30},{"committee":"УИК №30","vibid":"4204002123331","voters":1212,"total":1160,"voted":1160,"spoiled":0,"yays":1115,"nays":45},{"committee":"УИК №31","vibid":"4204002123332","voters":1319,"total":1260,"voted":1260,"spoiled":0,"yays":1217,"nays":43},{"committee":"УИК №32","vibid":"4204002123333","voters":314,"total":298,"voted":298,"spoiled":0,"yays":238,"nays":60},{"committee":"УИК №89","vibid":"4204002123991","voters":2889,"total":2781,"voted":2781,"spoiled":0,"yays":2730,"nays":51},{"committee":"УИК №478","vibid":"4204002123335","voters":2001,"total":1900,"voted":1900,"spoiled":0,"yays":1815,"nays":85}]