[{"committee":"УИК №147","vibid":"420401088652","voters":1523,"total":1411,"voted":1411,"spoiled":0,"yays":1399,"nays":12},{"committee":"УИК №148","vibid":"420401088653","voters":623,"total":600,"voted":600,"spoiled":0,"yays":584,"nays":16},{"committee":"УИК №149","vibid":"420401088654","voters":312,"total":302,"voted":302,"spoiled":0,"yays":281,"nays":21},{"committee":"УИК №150","vibid":"420401088655","voters":303,"total":292,"voted":292,"spoiled":0,"yays":267,"nays":25},{"committee":"УИК №151","vibid":"420401088656","voters":342,"total":334,"voted":334,"spoiled":0,"yays":327,"nays":7},{"committee":"УИК №152","vibid":"420401088657","voters":393,"total":367,"voted":367,"spoiled":0,"yays":362,"nays":5},{"committee":"УИК №153","vibid":"420401088658","voters":183,"total":174,"voted":174,"spoiled":0,"yays":164,"nays":10},{"committee":"УИК №154","vibid":"420401088659","voters":246,"total":241,"voted":241,"spoiled":0,"yays":234,"nays":7},{"committee":"УИК №155","vibid":"420401088660","voters":124,"total":119,"voted":119,"spoiled":0,"yays":110,"nays":9},{"committee":"УИК №156","vibid":"420401088661","voters":224,"total":207,"voted":207,"spoiled":0,"yays":205,"nays":2},{"committee":"УИК №157","vibid":"420401088662","voters":16,"total":13,"voted":13,"spoiled":0,"yays":10,"nays":3},{"committee":"УИК №158","vibid":"420401088663","voters":39,"total":35,"voted":35,"spoiled":0,"yays":31,"nays":4},{"committee":"УИК №159","vibid":"420401088664","voters":33,"total":31,"voted":31,"spoiled":0,"yays":29,"nays":2}]