[{"committee":"УИК №224","vibid":"4204014102684","voters":2950,"total":2761,"voted":2761,"spoiled":0,"yays":2718,"nays":43},{"committee":"УИК №225","vibid":"4204014102685","voters":743,"total":706,"voted":706,"spoiled":0,"yays":702,"nays":4},{"committee":"УИК №226","vibid":"4204014102686","voters":3068,"total":2858,"voted":2858,"spoiled":0,"yays":2810,"nays":48},{"committee":"УИК №227","vibid":"4204014102687","voters":842,"total":806,"voted":806,"spoiled":0,"yays":800,"nays":6},{"committee":"УИК №228","vibid":"4204014102688","voters":1043,"total":991,"voted":991,"spoiled":0,"yays":980,"nays":11},{"committee":"УИК №229","vibid":"4204014102689","voters":358,"total":346,"voted":346,"spoiled":0,"yays":342,"nays":4},{"committee":"УИК №230","vibid":"4204014102690","voters":560,"total":526,"voted":526,"spoiled":0,"yays":519,"nays":7},{"committee":"УИК №231","vibid":"4204014102691","voters":693,"total":656,"voted":656,"spoiled":0,"yays":647,"nays":9},{"committee":"УИК №232","vibid":"4204014102692","voters":1020,"total":976,"voted":976,"spoiled":0,"yays":963,"nays":13},{"committee":"УИК №233","vibid":"4204014102693","voters":412,"total":401,"voted":401,"spoiled":0,"yays":393,"nays":8},{"committee":"УИК №234","vibid":"4204014102694","voters":1750,"total":1650,"voted":1650,"spoiled":0,"yays":1609,"nays":41},{"committee":"УИК №235","vibid":"4204014102695","voters":538,"total":506,"voted":506,"spoiled":0,"yays":492,"nays":14},{"committee":"УИК №236","vibid":"4204014102696","voters":66,"total":65,"voted":65,"spoiled":0,"yays":62,"nays":3},{"committee":"УИК №237","vibid":"4204014102697","voters":1090,"total":1026,"voted":1026,"spoiled":0,"yays":1004,"nays":22},{"committee":"УИК №238","vibid":"4204014102698","voters":220,"total":215,"voted":215,"spoiled":0,"yays":208,"nays":7},{"committee":"УИК №239","vibid":"4204014102699","voters":845,"total":796,"voted":796,"spoiled":0,"yays":778,"nays":18},{"committee":"УИК №240","vibid":"4204014102700","voters":419,"total":403,"voted":403,"spoiled":0,"yays":394,"nays":9},{"committee":"УИК №241","vibid":"4204014102701","voters":370,"total":356,"voted":356,"spoiled":0,"yays":349,"nays":7},{"committee":"УИК №242","vibid":"4204014102702","voters":817,"total":781,"voted":781,"spoiled":0,"yays":765,"nays":16},{"committee":"УИК №243","vibid":"4204014102703","voters":764,"total":711,"voted":711,"spoiled":0,"yays":691,"nays":20},{"committee":"УИК №244","vibid":"4204014102704","voters":582,"total":556,"voted":556,"spoiled":0,"yays":543,"nays":13},{"committee":"УИК №245","vibid":"4204014102705","voters":206,"total":198,"voted":198,"spoiled":0,"yays":192,"nays":6},{"committee":"УИК №246","vibid":"4204014102706","voters":624,"total":596,"voted":596,"spoiled":0,"yays":581,"nays":15},{"committee":"УИК №247","vibid":"4204014102707","voters":626,"total":609,"voted":609,"spoiled":0,"yays":600,"nays":9},{"committee":"УИК №248","vibid":"4204014102708","voters":154,"total":151,"voted":151,"spoiled":0,"yays":143,"nays":8},{"committee":"УИК №249","vibid":"4204014102709","voters":2515,"total":2401,"voted":2401,"spoiled":0,"yays":2393,"nays":8},{"committee":"УИК №250","vibid":"4204014102710","voters":607,"total":571,"voted":571,"spoiled":0,"yays":566,"nays":5},{"committee":"УИК №251","vibid":"4204014102711","voters":1234,"total":1164,"voted":1164,"spoiled":0,"yays":1157,"nays":7},{"committee":"УИК №252","vibid":"4204014102712","voters":921,"total":871,"voted":871,"spoiled":0,"yays":865,"nays":6},{"committee":"УИК №253","vibid":"4204014102713","voters":1372,"total":1291,"voted":1291,"spoiled":0,"yays":1287,"nays":4},{"committee":"УИК №445","vibid":"4204014102714","voters":1001,"total":941,"voted":941,"spoiled":0,"yays":920,"nays":21},{"committee":"УИК №446","vibid":"4204014102715","voters":533,"total":516,"voted":516,"spoiled":0,"yays":510,"nays":6},{"committee":"УИК №453","vibid":"4204014102716","voters":389,"total":376,"voted":376,"spoiled":0,"yays":373,"nays":3},{"committee":"УИК №454","vibid":"4204014102717","voters":365,"total":356,"voted":356,"spoiled":0,"yays":353,"nays":3},{"committee":"УИК №455","vibid":"4204014102718","voters":160,"total":156,"voted":156,"spoiled":0,"yays":152,"nays":4},{"committee":"УИК №456","vibid":"4204014102719","voters":395,"total":371,"voted":371,"spoiled":0,"yays":368,"nays":3},{"committee":"УИК №457","vibid":"4204014102720","voters":224,"total":215,"voted":215,"spoiled":0,"yays":210,"nays":5},{"committee":"УИК №458","vibid":"4204014102721","voters":155,"total":147,"voted":147,"spoiled":0,"yays":141,"nays":6},{"committee":"УИК №459","vibid":"4204014102722","voters":394,"total":370,"voted":370,"spoiled":0,"yays":366,"nays":4},{"committee":"УИК №460","vibid":"4204014102723","voters":76,"total":70,"voted":70,"spoiled":0,"yays":67,"nays":3}]