[{"committee":"УИК №65","vibid":"4204004118640","voters":988,"total":964,"voted":964,"spoiled":0,"yays":962,"nays":2},{"committee":"УИК №66","vibid":"4204004118641","voters":917,"total":884,"voted":884,"spoiled":0,"yays":882,"nays":2},{"committee":"УИК №67","vibid":"4204004118642","voters":855,"total":831,"voted":831,"spoiled":0,"yays":829,"nays":2},{"committee":"УИК №68","vibid":"4204004118643","voters":1616,"total":1553,"voted":1553,"spoiled":0,"yays":1552,"nays":1},{"committee":"УИК №69","vibid":"4204004118644","voters":2097,"total":1940,"voted":1940,"spoiled":0,"yays":1938,"nays":2},{"committee":"УИК №70","vibid":"4204004118645","voters":3047,"total":2996,"voted":2996,"spoiled":0,"yays":2993,"nays":3},{"committee":"УИК №71","vibid":"4204004118646","voters":2588,"total":2347,"voted":2347,"spoiled":0,"yays":2344,"nays":3},{"committee":"УИК №72","vibid":"4204004118647","voters":1049,"total":973,"voted":973,"spoiled":0,"yays":972,"nays":1},{"committee":"УИК №73","vibid":"4204004118648","voters":3053,"total":2706,"voted":2706,"spoiled":0,"yays":2704,"nays":2},{"committee":"УИК №74","vibid":"4204004118649","voters":1098,"total":1047,"voted":1047,"spoiled":0,"yays":1046,"nays":1},{"committee":"УИК №75","vibid":"4204004118650","voters":1851,"total":1734,"voted":1734,"spoiled":0,"yays":1733,"nays":1},{"committee":"УИК №76","vibid":"4204004118651","voters":1882,"total":1773,"voted":1773,"spoiled":0,"yays":1771,"nays":2},{"committee":"УИК №90","vibid":"4204004118652","voters":2403,"total":2269,"voted":2269,"spoiled":0,"yays":2266,"nays":3},{"committee":"УИК №91","vibid":"4204004118653","voters":2241,"total":2097,"voted":2097,"spoiled":0,"yays":2095,"nays":2},{"committee":"УИК №92","vibid":"4204004118654","voters":2732,"total":2473,"voted":2473,"spoiled":0,"yays":2470,"nays":3},{"committee":"УИК №93","vibid":"4204004118655","voters":2233,"total":2117,"voted":2117,"spoiled":0,"yays":2115,"nays":2},{"committee":"УИК №94","vibid":"4204004118656","voters":2320,"total":2131,"voted":2131,"spoiled":0,"yays":2127,"nays":4},{"committee":"УИК №95","vibid":"4204004118657","voters":1659,"total":1537,"voted":1537,"spoiled":0,"yays":1534,"nays":3},{"committee":"УИК №96","vibid":"4204004118658","voters":841,"total":809,"voted":809,"spoiled":0,"yays":808,"nays":1},{"committee":"УИК №97","vibid":"4204004118659","voters":996,"total":942,"voted":942,"spoiled":0,"yays":940,"nays":2},{"committee":"УИК №98","vibid":"4204004118660","voters":778,"total":698,"voted":698,"spoiled":0,"yays":697,"nays":1},{"committee":"УИК №99","vibid":"4204004118661","voters":1667,"total":1520,"voted":1520,"spoiled":0,"yays":1517,"nays":3},{"committee":"УИК №100","vibid":"4204004118662","voters":871,"total":811,"voted":811,"spoiled":0,"yays":810,"nays":1},{"committee":"УИК №101","vibid":"4204004118663","voters":1656,"total":1513,"voted":1513,"spoiled":0,"yays":1510,"nays":3},{"committee":"УИК №435","vibid":"4204004118664","voters":1638,"total":1511,"voted":1511,"spoiled":0,"yays":1508,"nays":3},{"committee":"УИК №463","vibid":"4204004118665","voters":100,"total":94,"voted":94,"spoiled":0,"yays":93,"nays":1},{"committee":"УИК №464","vibid":"4204004118666","voters":13,"total":12,"voted":12,"spoiled":0,"yays":11,"nays":1},{"committee":"УИК №465","vibid":"4204004118667","voters":121,"total":117,"voted":117,"spoiled":0,"yays":116,"nays":1}]