[{"committee":"УИК №292","vibid":"4204017104839","voters":878,"total":841,"voted":841,"spoiled":0,"yays":824,"nays":17},{"committee":"УИК №293","vibid":"4204017104840","voters":2071,"total":2001,"voted":2001,"spoiled":0,"yays":1960,"nays":41},{"committee":"УИК №294","vibid":"4204017104841","voters":2029,"total":1979,"voted":1979,"spoiled":0,"yays":1938,"nays":41},{"committee":"УИК №295","vibid":"4204017104842","voters":2765,"total":2616,"voted":2616,"spoiled":0,"yays":2562,"nays":54},{"committee":"УИК №296","vibid":"4204017104843","voters":2516,"total":2396,"voted":2396,"spoiled":0,"yays":2347,"nays":49},{"committee":"УИК №297","vibid":"4204017104844","voters":2253,"total":2221,"voted":2221,"spoiled":0,"yays":2175,"nays":46},{"committee":"УИК №298","vibid":"4204017104845","voters":2787,"total":2687,"voted":2687,"spoiled":0,"yays":2632,"nays":55},{"committee":"УИК №299","vibid":"4204017104846","voters":1940,"total":1878,"voted":1878,"spoiled":0,"yays":1839,"nays":39},{"committee":"УИК №300","vibid":"4204017104847","voters":2271,"total":2227,"voted":2227,"spoiled":0,"yays":2181,"nays":46},{"committee":"УИК №301","vibid":"4204017104848","voters":2685,"total":2563,"voted":2563,"spoiled":0,"yays":2510,"nays":53},{"committee":"УИК №302","vibid":"4204017104849","voters":2391,"total":2291,"voted":2291,"spoiled":0,"yays":2244,"nays":47},{"committee":"УИК №303","vibid":"4204017104850","voters":2642,"total":2537,"voted":2537,"spoiled":0,"yays":2485,"nays":52},{"committee":"УИК №304","vibid":"4204017104851","voters":2008,"total":1934,"voted":1934,"spoiled":0,"yays":1894,"nays":40},{"committee":"УИК №305","vibid":"4204017104852","voters":1023,"total":958,"voted":958,"spoiled":0,"yays":938,"nays":20},{"committee":"УИК №306","vibid":"4204017104853","voters":1653,"total":1603,"voted":1603,"spoiled":0,"yays":1570,"nays":33},{"committee":"УИК №307","vibid":"4204017104854","voters":1624,"total":1549,"voted":1549,"spoiled":0,"yays":1517,"nays":32},{"committee":"УИК №308","vibid":"4204017104855","voters":1571,"total":1471,"voted":1471,"spoiled":0,"yays":1441,"nays":30},{"committee":"УИК №309","vibid":"4204017104856","voters":2510,"total":2396,"voted":2396,"spoiled":0,"yays":2347,"nays":49},{"committee":"УИК №310","vibid":"4204017104857","voters":2487,"total":2359,"voted":2359,"spoiled":0,"yays":2310,"nays":49},{"committee":"УИК №311","vibid":"4204017104858","voters":2551,"total":2468,"voted":2468,"spoiled":0,"yays":2417,"nays":51},{"committee":"УИК №312","vibid":"4204017104859","voters":1980,"total":1892,"voted":1892,"spoiled":0,"yays":1853,"nays":39},{"committee":"УИК №313","vibid":"4204017104860","voters":1373,"total":1300,"voted":1300,"spoiled":0,"yays":1273,"nays":27},{"committee":"УИК №314","vibid":"4204017104861","voters":3164,"total":2980,"voted":2980,"spoiled":0,"yays":2919,"nays":61},{"committee":"УИК №315","vibid":"4204017104862","voters":2687,"total":2580,"voted":2580,"spoiled":0,"yays":2527,"nays":53},{"committee":"УИК №316","vibid":"4204017104863","voters":1659,"total":1613,"voted":1613,"spoiled":0,"yays":1580,"nays":33},{"committee":"УИК №449","vibid":"4204017104864","voters":1450,"total":1403,"voted":1403,"spoiled":0,"yays":1374,"nays":29},{"committee":"УИК №485","vibid":"4204017106214","voters":763,"total":718,"voted":718,"spoiled":0,"yays":703,"nays":15},{"committee":"УИК №503","vibid":"4204017105889","voters":2573,"total":2546,"voted":2546,"spoiled":0,"yays":2494,"nays":52}]