[{"committee":"УИК №33","vibid":"420401585426","voters":2105,"total":2042,"voted":2042,"spoiled":0,"yays":1991,"nays":51},{"committee":"УИК №254","vibid":"420401585427","voters":2108,"total":2046,"voted":2046,"spoiled":0,"yays":1982,"nays":64},{"committee":"УИК №255","vibid":"420401585428","voters":1505,"total":1414,"voted":1414,"spoiled":0,"yays":1341,"nays":73},{"committee":"УИК №256","vibid":"420401585429","voters":2480,"total":2243,"voted":2243,"spoiled":0,"yays":2175,"nays":68},{"committee":"УИК №257","vibid":"420401585430","voters":984,"total":973,"voted":973,"spoiled":0,"yays":943,"nays":30},{"committee":"УИК №258","vibid":"420401585431","voters":892,"total":883,"voted":883,"spoiled":0,"yays":867,"nays":16},{"committee":"УИК №259","vibid":"420401585432","voters":1642,"total":1599,"voted":1599,"spoiled":0,"yays":1576,"nays":23},{"committee":"УИК №260","vibid":"420401585433","voters":1878,"total":1806,"voted":1806,"spoiled":0,"yays":1753,"nays":53}]