[{"committee":"УИК №137","vibid":"4204011159685","voters":1987,"total":1905,"voted":1905,"spoiled":0,"yays":1884,"nays":21},{"committee":"УИК №160","vibid":"4204011159686","voters":2893,"total":2764,"voted":2764,"spoiled":0,"yays":2701,"nays":63},{"committee":"УИК №161","vibid":"4204011159687","voters":1810,"total":1736,"voted":1736,"spoiled":0,"yays":1710,"nays":26},{"committee":"УИК №162","vibid":"4204011159688","voters":2380,"total":2268,"voted":2268,"spoiled":0,"yays":2235,"nays":33},{"committee":"УИК №163","vibid":"4204011159689","voters":2326,"total":2259,"voted":2259,"spoiled":0,"yays":2210,"nays":49},{"committee":"УИК №164","vibid":"4204011159690","voters":2531,"total":2457,"voted":2457,"spoiled":0,"yays":2426,"nays":31},{"committee":"УИК №165","vibid":"4204011159691","voters":2170,"total":2128,"voted":2128,"spoiled":0,"yays":2118,"nays":10},{"committee":"УИК №166","vibid":"4204011159692","voters":2218,"total":2163,"voted":2163,"spoiled":0,"yays":2151,"nays":12},{"committee":"УИК №167","vibid":"4204011159693","voters":2547,"total":2455,"voted":2455,"spoiled":1,"yays":2405,"nays":49},{"committee":"УИК №168","vibid":"4204011159694","voters":2292,"total":2210,"voted":2210,"spoiled":0,"yays":2178,"nays":32},{"committee":"УИК №169","vibid":"4204011159695","voters":2990,"total":2877,"voted":2877,"spoiled":3,"yays":2814,"nays":60},{"committee":"УИК №170","vibid":"4204011159696","voters":3093,"total":2979,"voted":2979,"spoiled":1,"yays":2936,"nays":42},{"committee":"УИК №171","vibid":"4204011159697","voters":1960,"total":1896,"voted":1896,"spoiled":0,"yays":1862,"nays":34},{"committee":"УИК №172","vibid":"4204011159698","voters":1792,"total":1735,"voted":1735,"spoiled":0,"yays":1713,"nays":22},{"committee":"УИК №173","vibid":"4204011159699","voters":3036,"total":2921,"voted":2921,"spoiled":1,"yays":2875,"nays":45},{"committee":"УИК №174","vibid":"4204011159700","voters":2761,"total":2652,"voted":2652,"spoiled":0,"yays":2620,"nays":32},{"committee":"УИК №175","vibid":"4204011159701","voters":2530,"total":2422,"voted":2422,"spoiled":1,"yays":2389,"nays":32},{"committee":"УИК №176","vibid":"4204011159702","voters":1713,"total":1653,"voted":1653,"spoiled":0,"yays":1635,"nays":18},{"committee":"УИК №177","vibid":"4204011159703","voters":867,"total":838,"voted":838,"spoiled":0,"yays":826,"nays":12},{"committee":"УИК №178","vibid":"4204011159704","voters":612,"total":589,"voted":589,"spoiled":0,"yays":578,"nays":11},{"committee":"УИК №179","vibid":"4204011159705","voters":1472,"total":1418,"voted":1418,"spoiled":1,"yays":1394,"nays":23},{"committee":"УИК №180","vibid":"4204011159706","voters":478,"total":461,"voted":461,"spoiled":0,"yays":456,"nays":5},{"committee":"УИК №181","vibid":"4204011159707","voters":281,"total":274,"voted":274,"spoiled":0,"yays":271,"nays":3},{"committee":"УИК №182","vibid":"4204011159708","voters":195,"total":190,"voted":190,"spoiled":0,"yays":188,"nays":2},{"committee":"УИК №183","vibid":"4204011159709","voters":189,"total":184,"voted":184,"spoiled":0,"yays":181,"nays":3},{"committee":"УИК №184","vibid":"4204011159710","voters":298,"total":290,"voted":290,"spoiled":0,"yays":285,"nays":5},{"committee":"УИК №185","vibid":"4204011159711","voters":473,"total":458,"voted":458,"spoiled":0,"yays":451,"nays":7},{"committee":"УИК №452","vibid":"4204011159712","voters":1543,"total":1484,"voted":1484,"spoiled":1,"yays":1462,"nays":21},{"committee":"УИК №469","vibid":"4204011159713","voters":112,"total":109,"voted":109,"spoiled":0,"yays":107,"nays":2},{"committee":"УИК №470","vibid":"4204011159714","voters":103,"total":100,"voted":100,"spoiled":0,"yays":98,"nays":2},{"committee":"УИК №479","vibid":"4204011159715","voters":1185,"total":1165,"voted":1165,"spoiled":0,"yays":1144,"nays":21},{"committee":"УИК №483","vibid":"4204011159716","voters":1962,"total":1881,"voted":1881,"spoiled":0,"yays":1861,"nays":20},{"committee":"УИК №502","vibid":"4204011160067","voters":160,"total":154,"voted":154,"spoiled":0,"yays":151,"nays":3}]