[{"committee":"УИК №841","vibid":"4224073195675","voters":1495,"total":796,"voted":796,"spoiled":10,"yays":587,"nays":199},{"committee":"УИК №842","vibid":"4224073195677","voters":211,"total":156,"voted":156,"spoiled":3,"yays":117,"nays":36},{"committee":"УИК №843","vibid":"4224073195679","voters":935,"total":534,"voted":534,"spoiled":22,"yays":362,"nays":150},{"committee":"УИК №844","vibid":"4224073195681","voters":162,"total":115,"voted":115,"spoiled":0,"yays":82,"nays":33},{"committee":"УИК №845","vibid":"4224073195683","voters":78,"total":49,"voted":49,"spoiled":0,"yays":34,"nays":15},{"committee":"УИК №846","vibid":"4224073195685","voters":134,"total":78,"voted":78,"spoiled":0,"yays":70,"nays":8},{"committee":"УИК №847","vibid":"4224073195687","voters":582,"total":341,"voted":341,"spoiled":0,"yays":266,"nays":75},{"committee":"УИК №848","vibid":"4224073195689","voters":85,"total":50,"voted":50,"spoiled":0,"yays":45,"nays":5},{"committee":"УИК №849","vibid":"4224073195691","voters":232,"total":129,"voted":129,"spoiled":0,"yays":84,"nays":45},{"committee":"УИК №850","vibid":"4224073195693","voters":94,"total":61,"voted":61,"spoiled":0,"yays":55,"nays":6},{"committee":"УИК №851","vibid":"4224073195695","voters":97,"total":65,"voted":65,"spoiled":0,"yays":62,"nays":3},{"committee":"УИК №852","vibid":"4224073195697","voters":631,"total":434,"voted":434,"spoiled":1,"yays":335,"nays":98},{"committee":"УИК №853","vibid":"4224073195699","voters":935,"total":517,"voted":517,"spoiled":4,"yays":362,"nays":151},{"committee":"УИК №854","vibid":"4224073195701","voters":63,"total":45,"voted":45,"spoiled":1,"yays":34,"nays":10},{"committee":"УИК №855","vibid":"4224073195703","voters":684,"total":381,"voted":381,"spoiled":4,"yays":235,"nays":142},{"committee":"УИК №856","vibid":"4224073195705","voters":534,"total":343,"voted":343,"spoiled":1,"yays":265,"nays":77},{"committee":"УИК №857","vibid":"4224073195707","voters":236,"total":160,"voted":160,"spoiled":0,"yays":129,"nays":31},{"committee":"УИК №858","vibid":"4224073195709","voters":142,"total":101,"voted":101,"spoiled":0,"yays":81,"nays":20},{"committee":"УИК №859","vibid":"4224073195711","voters":1091,"total":359,"voted":359,"spoiled":4,"yays":272,"nays":83},{"committee":"УИК №860","vibid":"4224073195713","voters":2066,"total":538,"voted":538,"spoiled":5,"yays":376,"nays":157},{"committee":"УИК №861","vibid":"4224073195715","voters":964,"total":415,"voted":415,"spoiled":5,"yays":288,"nays":122},{"committee":"УИК №862","vibid":"4224073195717","voters":2294,"total":819,"voted":819,"spoiled":10,"yays":519,"nays":290},{"committee":"УИК №863","vibid":"4224073195719","voters":2045,"total":669,"voted":669,"spoiled":5,"yays":432,"nays":232}]