[{"committee":"УИК №207","vibid":"4204013102413","voters":1275,"total":1186,"voted":1186,"spoiled":0,"yays":1169,"nays":17},{"committee":"УИК №208","vibid":"4204013102414","voters":1497,"total":1393,"voted":1393,"spoiled":0,"yays":1374,"nays":19},{"committee":"УИК №209","vibid":"4204013102415","voters":941,"total":903,"voted":903,"spoiled":0,"yays":890,"nays":13},{"committee":"УИК №210","vibid":"4204013102416","voters":1637,"total":1527,"voted":1527,"spoiled":0,"yays":1506,"nays":21},{"committee":"УИК №211","vibid":"4204013102417","voters":2349,"total":2225,"voted":2225,"spoiled":0,"yays":2194,"nays":31},{"committee":"УИК №212","vibid":"4204013102418","voters":754,"total":718,"voted":718,"spoiled":0,"yays":708,"nays":10},{"committee":"УИК №213","vibid":"4204013102419","voters":1455,"total":1414,"voted":1414,"spoiled":0,"yays":1394,"nays":20},{"committee":"УИК №214","vibid":"4204013102420","voters":1751,"total":1651,"voted":1651,"spoiled":0,"yays":1628,"nays":23},{"committee":"УИК №215","vibid":"4204013102421","voters":1563,"total":1458,"voted":1458,"spoiled":0,"yays":1438,"nays":20},{"committee":"УИК №216","vibid":"4204013102422","voters":2630,"total":2516,"voted":2516,"spoiled":0,"yays":2481,"nays":35},{"committee":"УИК №217","vibid":"4204013102423","voters":1565,"total":1461,"voted":1461,"spoiled":0,"yays":1440,"nays":21},{"committee":"УИК №218","vibid":"4204013102424","voters":2989,"total":2795,"voted":2795,"spoiled":0,"yays":2756,"nays":39},{"committee":"УИК №219","vibid":"4204013102425","voters":1836,"total":1711,"voted":1711,"spoiled":0,"yays":1687,"nays":24},{"committee":"УИК №220","vibid":"4204013102426","voters":2857,"total":2668,"voted":2668,"spoiled":0,"yays":2630,"nays":38},{"committee":"УИК №221","vibid":"4204013102427","voters":1737,"total":1634,"voted":1634,"spoiled":0,"yays":1611,"nays":23},{"committee":"УИК №222","vibid":"4204013102428","voters":2064,"total":1944,"voted":1944,"spoiled":0,"yays":1917,"nays":27},{"committee":"УИК №223","vibid":"4204013102429","voters":1350,"total":1260,"voted":1260,"spoiled":0,"yays":1243,"nays":17},{"committee":"УИК №466","vibid":"4204013102430","voters":258,"total":250,"voted":250,"spoiled":0,"yays":247,"nays":3},{"committee":"УИК №467","vibid":"4204013102431","voters":73,"total":71,"voted":71,"spoiled":0,"yays":70,"nays":1},{"committee":"УИК №468","vibid":"4204013102432","voters":241,"total":228,"voted":228,"spoiled":0,"yays":225,"nays":3},{"committee":"УИК №486","vibid":"4204013102619","voters":881,"total":878,"voted":878,"spoiled":0,"yays":866,"nays":12},{"committee":"УИК №487","vibid":"4204013102620","voters":1705,"total":1704,"voted":1704,"spoiled":0,"yays":1680,"nays":24}]