[{"committee":"УИК №401","vibid":"4204007101805","voters":1906,"total":1894,"voted":1894,"spoiled":3,"yays":1712,"nays":179},{"committee":"УИК №402","vibid":"4204007101806","voters":2403,"total":2379,"voted":2379,"spoiled":7,"yays":1975,"nays":397},{"committee":"УИК №403","vibid":"4204007101807","voters":1934,"total":1921,"voted":1921,"spoiled":2,"yays":1902,"nays":17},{"committee":"УИК №410","vibid":"4204007101814","voters":1835,"total":1825,"voted":1825,"spoiled":9,"yays":1713,"nays":103},{"committee":"УИК №417","vibid":"4204007101821","voters":1496,"total":1492,"voted":1492,"spoiled":4,"yays":1480,"nays":8},{"committee":"УИК №418","vibid":"4204007101822","voters":1101,"total":1090,"voted":1090,"spoiled":13,"yays":1055,"nays":22}]