[{"committee":"УИК №933","vibid":"4224026183877","voters":2262,"total":2010,"voted":2010,"spoiled":28,"yays":1603,"nays":379},{"committee":"УИК №934","vibid":"4224026183878","voters":2371,"total":1930,"voted":1930,"spoiled":4,"yays":1685,"nays":241},{"committee":"УИК №935","vibid":"4224026183879","voters":2182,"total":1879,"voted":1879,"spoiled":29,"yays":1530,"nays":320},{"committee":"УИК №936","vibid":"4224026183880","voters":914,"total":757,"voted":757,"spoiled":9,"yays":650,"nays":98},{"committee":"УИК №937","vibid":"4224026183881","voters":1230,"total":988,"voted":988,"spoiled":13,"yays":785,"nays":190},{"committee":"УИК №938","vibid":"4224026183882","voters":878,"total":441,"voted":441,"spoiled":8,"yays":311,"nays":122},{"committee":"УИК №939","vibid":"4224026183883","voters":171,"total":124,"voted":124,"spoiled":9,"yays":92,"nays":23},{"committee":"УИК №940","vibid":"4224026183884","voters":491,"total":444,"voted":444,"spoiled":11,"yays":387,"nays":46},{"committee":"УИК №941","vibid":"4224026183885","voters":611,"total":448,"voted":448,"spoiled":10,"yays":342,"nays":96},{"committee":"УИК №942","vibid":"4224026183886","voters":69,"total":58,"voted":58,"spoiled":0,"yays":52,"nays":6},{"committee":"УИК №943","vibid":"4224026183887","voters":333,"total":299,"voted":299,"spoiled":13,"yays":248,"nays":38},{"committee":"УИК №944","vibid":"4224026183888","voters":75,"total":62,"voted":62,"spoiled":0,"yays":45,"nays":17},{"committee":"УИК №945","vibid":"4224026183889","voters":172,"total":168,"voted":168,"spoiled":2,"yays":109,"nays":57},{"committee":"УИК №946","vibid":"4224026183890","voters":365,"total":296,"voted":296,"spoiled":4,"yays":286,"nays":6},{"committee":"УИК №947","vibid":"4224026183891","voters":668,"total":434,"voted":434,"spoiled":1,"yays":325,"nays":108},{"committee":"УИК №948","vibid":"4224026183892","voters":373,"total":314,"voted":314,"spoiled":6,"yays":280,"nays":28}]