[{"committee":"УИК №1441","vibid":"4224051230494","voters":687,"total":420,"voted":420,"spoiled":2,"yays":318,"nays":100},{"committee":"УИК №1442","vibid":"4224051230496","voters":216,"total":111,"voted":111,"spoiled":1,"yays":90,"nays":20},{"committee":"УИК №1443","vibid":"4224051230497","voters":1123,"total":553,"voted":553,"spoiled":3,"yays":406,"nays":144},{"committee":"УИК №1444","vibid":"4224051230498","voters":530,"total":201,"voted":201,"spoiled":4,"yays":145,"nays":52},{"committee":"УИК №1445","vibid":"4224051230499","voters":550,"total":254,"voted":254,"spoiled":3,"yays":195,"nays":56},{"committee":"УИК №1446","vibid":"4224051230500","voters":967,"total":560,"voted":560,"spoiled":5,"yays":440,"nays":115},{"committee":"УИК №1447","vibid":"4224051230501","voters":219,"total":134,"voted":134,"spoiled":0,"yays":117,"nays":17},{"committee":"УИК №1448","vibid":"4224051230502","voters":205,"total":142,"voted":142,"spoiled":1,"yays":123,"nays":18},{"committee":"УИК №1449","vibid":"4224051230503","voters":103,"total":76,"voted":76,"spoiled":0,"yays":71,"nays":5},{"committee":"УИК №1450","vibid":"4224051230504","voters":1060,"total":640,"voted":640,"spoiled":6,"yays":529,"nays":105},{"committee":"УИК №1451","vibid":"4224051230505","voters":170,"total":149,"voted":149,"spoiled":0,"yays":69,"nays":80},{"committee":"УИК №1452","vibid":"4224051230506","voters":115,"total":78,"voted":78,"spoiled":0,"yays":75,"nays":3},{"committee":"УИК №1453","vibid":"4224051230507","voters":446,"total":227,"voted":227,"spoiled":5,"yays":158,"nays":64},{"committee":"УИК №1454","vibid":"4224051230508","voters":1118,"total":495,"voted":495,"spoiled":6,"yays":370,"nays":119},{"committee":"УИК №1455","vibid":"4224051230509","voters":439,"total":241,"voted":241,"spoiled":11,"yays":187,"nays":43},{"committee":"УИК №1456","vibid":"4224051230510","voters":2853,"total":1163,"voted":1163,"spoiled":13,"yays":899,"nays":251},{"committee":"УИК №1457","vibid":"4224051230511","voters":2039,"total":761,"voted":761,"spoiled":20,"yays":557,"nays":184},{"committee":"УИК №1458","vibid":"4224051230512","voters":2240,"total":1127,"voted":1127,"spoiled":7,"yays":817,"nays":303},{"committee":"УИК №1459","vibid":"4224051230513","voters":475,"total":222,"voted":222,"spoiled":1,"yays":163,"nays":58},{"committee":"УИК №1460","vibid":"4224051230514","voters":1064,"total":402,"voted":402,"spoiled":3,"yays":316,"nays":83},{"committee":"УИК №1461","vibid":"4224051230515","voters":794,"total":450,"voted":450,"spoiled":5,"yays":316,"nays":129},{"committee":"УИК №1462","vibid":"4224051230516","voters":745,"total":402,"voted":402,"spoiled":6,"yays":260,"nays":136},{"committee":"УИК №1463","vibid":"4224051230517","voters":1085,"total":642,"voted":642,"spoiled":5,"yays":511,"nays":126},{"committee":"УИК №1464","vibid":"4224051230518","voters":215,"total":120,"voted":120,"spoiled":0,"yays":90,"nays":30},{"committee":"УИК №1465","vibid":"4224051230519","voters":156,"total":129,"voted":129,"spoiled":1,"yays":73,"nays":55}]