[{"committee":"УИК №1270","vibid":"4224075272488","voters":584,"total":414,"voted":414,"spoiled":4,"yays":311,"nays":99},{"committee":"УИК №1271","vibid":"4224075272489","voters":88,"total":70,"voted":70,"spoiled":0,"yays":50,"nays":20},{"committee":"УИК №1272","vibid":"4224075272490","voters":805,"total":521,"voted":521,"spoiled":0,"yays":451,"nays":70},{"committee":"УИК №1273","vibid":"4224075272491","voters":1086,"total":463,"voted":463,"spoiled":3,"yays":353,"nays":107},{"committee":"УИК №1274","vibid":"4224075272492","voters":207,"total":117,"voted":117,"spoiled":1,"yays":95,"nays":21},{"committee":"УИК №1275","vibid":"4224075272493","voters":164,"total":85,"voted":85,"spoiled":0,"yays":79,"nays":6},{"committee":"УИК №1276","vibid":"4224075272494","voters":2042,"total":984,"voted":984,"spoiled":8,"yays":744,"nays":232},{"committee":"УИК №1277","vibid":"4224075272495","voters":1687,"total":879,"voted":879,"spoiled":4,"yays":660,"nays":215},{"committee":"УИК №1278","vibid":"4224075272496","voters":149,"total":98,"voted":98,"spoiled":0,"yays":85,"nays":13},{"committee":"УИК №1279","vibid":"4224075272497","voters":209,"total":137,"voted":137,"spoiled":0,"yays":66,"nays":71},{"committee":"УИК №1280","vibid":"4224075272498","voters":169,"total":103,"voted":103,"spoiled":1,"yays":76,"nays":26},{"committee":"УИК №1281","vibid":"4224075272499","voters":395,"total":241,"voted":241,"spoiled":1,"yays":180,"nays":60},{"committee":"УИК №1282","vibid":"4224075272500","voters":148,"total":92,"voted":92,"spoiled":0,"yays":82,"nays":10},{"committee":"УИК №1283","vibid":"4224075272501","voters":306,"total":160,"voted":160,"spoiled":0,"yays":121,"nays":39},{"committee":"УИК №1284","vibid":"4224075272502","voters":52,"total":34,"voted":34,"spoiled":0,"yays":25,"nays":9},{"committee":"УИК №1285","vibid":"4224075272503","voters":2366,"total":850,"voted":850,"spoiled":11,"yays":642,"nays":197},{"committee":"УИК №1286","vibid":"4224075272504","voters":2598,"total":797,"voted":797,"spoiled":11,"yays":606,"nays":180},{"committee":"УИК №1287","vibid":"4224075272505","voters":2402,"total":714,"voted":714,"spoiled":6,"yays":525,"nays":183},{"committee":"УИК №1288","vibid":"4224075272506","voters":674,"total":270,"voted":270,"spoiled":3,"yays":202,"nays":65},{"committee":"УИК №1289","vibid":"4224075272507","voters":2933,"total":1563,"voted":1563,"spoiled":4,"yays":1108,"nays":451},{"committee":"УИК №1290","vibid":"4224075272508","voters":640,"total":299,"voted":299,"spoiled":0,"yays":174,"nays":125},{"committee":"УИК №1291","vibid":"4224075272509","voters":335,"total":144,"voted":144,"spoiled":0,"yays":116,"nays":28},{"committee":"УИК №1292","vibid":"4224075272510","voters":984,"total":425,"voted":425,"spoiled":3,"yays":321,"nays":101},{"committee":"УИК №1293","vibid":"4224075272511","voters":1146,"total":490,"voted":490,"spoiled":2,"yays":323,"nays":165},{"committee":"УИК №1294","vibid":"4224075272512","voters":109,"total":65,"voted":65,"spoiled":0,"yays":56,"nays":9},{"committee":"УИК №1295","vibid":"4224075272513","voters":1276,"total":418,"voted":418,"spoiled":3,"yays":296,"nays":119},{"committee":"УИК №1296","vibid":"4224075272514","voters":291,"total":222,"voted":222,"spoiled":0,"yays":155,"nays":67},{"committee":"УИК №1297","vibid":"4224075272515","voters":270,"total":197,"voted":197,"spoiled":0,"yays":139,"nays":58},{"committee":"УИК №1298","vibid":"4224075272516","voters":263,"total":137,"voted":137,"spoiled":5,"yays":96,"nays":36},{"committee":"УИК №1299","vibid":"4224075272517","voters":950,"total":401,"voted":401,"spoiled":1,"yays":289,"nays":111},{"committee":"УИК №1300","vibid":"4224075272518","voters":116,"total":59,"voted":59,"spoiled":1,"yays":50,"nays":8},{"committee":"УИК №1301","vibid":"4224075272519","voters":540,"total":232,"voted":232,"spoiled":1,"yays":142,"nays":89},{"committee":"УИК №1302","vibid":"4224075272520","voters":1514,"total":673,"voted":673,"spoiled":4,"yays":503,"nays":166},{"committee":"УИК №1303","vibid":"4224075272521","voters":2946,"total":1732,"voted":1732,"spoiled":19,"yays":1162,"nays":551},{"committee":"УИК №1304","vibid":"4224075272522","voters":2572,"total":724,"voted":724,"spoiled":9,"yays":455,"nays":260},{"committee":"УИК №1305","vibid":"4224075272523","voters":363,"total":209,"voted":209,"spoiled":0,"yays":114,"nays":95},{"committee":"УИК №1306","vibid":"4224075272524","voters":2499,"total":993,"voted":993,"spoiled":10,"yays":651,"nays":332},{"committee":"УИК №1307","vibid":"4224075272525","voters":1327,"total":520,"voted":520,"spoiled":5,"yays":321,"nays":194},{"committee":"УИК №1308","vibid":"4224075272526","voters":1330,"total":604,"voted":604,"spoiled":7,"yays":473,"nays":124},{"committee":"УИК №1309","vibid":"4224075272527","voters":1367,"total":674,"voted":674,"spoiled":0,"yays":525,"nays":149},{"committee":"УИК №1310","vibid":"4224075272528","voters":481,"total":320,"voted":320,"spoiled":6,"yays":166,"nays":148},{"committee":"УИК №1311","vibid":"4224075272529","voters":345,"total":229,"voted":229,"spoiled":3,"yays":172,"nays":54}]