[{"committee":"Республика Адыгея (Адыгея)","vibid":"100100163596970","voters":341464,"total":280070,"voted":279921,"spoiled":2192,"yays":236686,"nays":41043},{"committee":"Республика Алтай","vibid":"100100163596971","voters":162415,"total":83571,"voted":83566,"spoiled":842,"yays":55291,"nays":27433},{"committee":"Республика Башкортостан","vibid":"100100163598012","voters":3042183,"total":2763098,"voted":2761274,"spoiled":19888,"yays":2448685,"nays":292701},{"committee":"Республика Бурятия","vibid":"100100163598013","voters":709411,"total":458277,"voted":457582,"spoiled":7169,"yays":329208,"nays":121205},{"committee":"Республика Дагестан","vibid":"100100163598014","voters":1688207,"total":1519217,"voted":1516664,"spoiled":8642,"yays":1352732,"nays":155290},{"committee":"Республика Ингушетия","vibid":"100100163598015","voters":229051,"total":174852,"voted":174852,"spoiled":2888,"yays":152992,"nays":18972},{"committee":"Кабардино-Балкарская Республика","vibid":"100100163598016","voters":541637,"total":430999,"voted":424147,"spoiled":7613,"yays":362739,"nays":53795},{"committee":"Республика Калмыкия","vibid":"100100163598017","voters":200606,"total":147780,"voted":147777,"spoiled":1526,"yays":124265,"nays":21986},{"committee":"Карачаево-Черкесская Республика","vibid":"100100163598018","voters":295679,"total":249026,"voted":249013,"spoiled":483,"yays":211163,"nays":37367},{"committee":"Республика Карелия","vibid":"100100163598019","voters":518910,"total":239077,"voted":238984,"spoiled":2291,"yays":168389,"nays":68304},{"committee":"Республика Коми","vibid":"100100163598020","voters":656334,"total":340092,"voted":339772,"spoiled":3337,"yays":221113,"nays":115322},{"committee":"Республика Крым","vibid":"100100163598093","voters":1501047,"total":1227150,"voted":1226531,"spoiled":10400,"yays":1104730,"nays":111401},{"committee":"Республика Марий Эл","vibid":"100100163598021","voters":537358,"total":332430,"voted":332390,"spoiled":2675,"yays":251831,"nays":77884},{"committee":"Республика Мордовия","vibid":"100100163598022","voters":601293,"total":478642,"voted":477078,"spoiled":2767,"yays":408380,"nays":65931},{"committee":"Республика Саха (Якутия)","vibid":"100100163598023","voters":631206,"total":350707,"voted":350427,"spoiled":3528,"yays":204435,"nays":142464},{"committee":"Республика Северная Осетия - Алания","vibid":"100100163598024","voters":514872,"total":426091,"voted":425365,"spoiled":1195,"yays":352314,"nays":71856},{"committee":"Республика Татарстан (Татарстан)","vibid":"100100163598025","voters":2946989,"total":2348179,"voted":2347100,"spoiled":13650,"yays":1943685,"nays":389765},{"committee":"Республика Тыва","vibid":"100100163598026","voters":195623,"total":181536,"voted":181532,"spoiled":408,"yays":175698,"nays":5426},{"committee":"Удмуртская Республика","vibid":"100100163598027","voters":1176406,"total":661721,"voted":661521,"spoiled":6492,"yays":455908,"nays":199121},{"committee":"Республика Хакасия","vibid":"100100163598028","voters":395321,"total":203523,"voted":203364,"spoiled":2225,"yays":141381,"nays":59758},{"committee":"Чеченская Республика","vibid":"100100163598029","voters":766351,"total":729110,"voted":728027,"spoiled":986,"yays":712909,"nays":14132},{"committee":"Чувашская Республика - Чувашия","vibid":"100100163598030","voters":917564,"total":588237,"voted":588055,"spoiled":6925,"yays":426779,"nays":154351},{"committee":"Алтайский край","vibid":"100100163598031","voters":1814478,"total":897951,"voted":897797,"spoiled":11062,"yays":645603,"nays":241132},{"committee":"Забайкальский край","vibid":"100100163598092","voters":784130,"total":471093,"voted":470739,"spoiled":4059,"yays":352670,"nays":114010},{"committee":"Камчатский край","vibid":"100100163598091","voters":240670,"total":106091,"voted":106035,"spoiled":1144,"yays":65485,"nays":39406},{"committee":"Краснодарский край","vibid":"100100163598032","voters":4234991,"total":3623320,"voted":3620194,"spoiled":18329,"yays":3219153,"nays":382712},{"committee":"Красноярский край","vibid":"100100163598033","voters":2054219,"total":1211774,"voted":1210610,"spoiled":11285,"yays":848638,"nays":350687},{"committee":"Пермский край","vibid":"100100163598090","voters":1982980,"total":1040935,"voted":1038574,"spoiled":10129,"yays":734802,"nays":293643},{"committee":"Приморский край","vibid":"100100163598034","voters":1464166,"total":917209,"voted":916922,"spoiled":8204,"yays":723089,"nays":185629},{"committee":"Ставропольский край","vibid":"100100163598035","voters":1894023,"total":1539011,"voted":1537584,"spoiled":19479,"yays":1304638,"nays":213467},{"committee":"Хабаровский край","vibid":"100100163598036","voters":985430,"total":435944,"voted":435804,"spoiled":4721,"yays":271421,"nays":159662},{"committee":"Амурская область","vibid":"100100163598037","voters":621327,"total":367667,"voted":367150,"spoiled":4876,"yays":258548,"nays":103726},{"committee":"Архангельская область","vibid":"100100163598038","voters":894320,"total":452371,"voted":452180,"spoiled":3813,"yays":297432,"nays":150935},{"committee":"Астраханская область","vibid":"100100163598039","voters":728680,"total":534916,"voted":534846,"spoiled":2893,"yays":463866,"nays":68087},{"committee":"Белгородская область","vibid":"100100163598040","voters":1225838,"total":977212,"voted":976764,"spoiled":7956,"yays":798636,"nays":170172},{"committee":"Брянская область","vibid":"100100163598041","voters":978141,"total":874100,"voted":873766,"spoiled":10008,"yays":749749,"nays":114009},{"committee":"Владимирская область","vibid":"100100163598042","voters":1107210,"total":589661,"voted":589529,"spoiled":5898,"yays":419606,"nays":164025},{"committee":"Волгоградская область","vibid":"100100163598043","voters":1824363,"total":1466725,"voted":1466441,"spoiled":11014,"yays":1222903,"nays":232524},{"committee":"Вологодская область","vibid":"100100163598044","voters":930244,"total":546230,"voted":546113,"spoiled":4515,"yays":388615,"nays":152983},{"committee":"Воронежская область","vibid":"100100163598045","voters":1852725,"total":1336500,"voted":1336332,"spoiled":9981,"yays":1070045,"nays":256306},{"committee":"Ивановская область","vibid":"100100163598046","voters":797451,"total":512070,"voted":511959,"spoiled":3857,"yays":390256,"nays":117846},{"committee":"Иркутская область","vibid":"100100163598047","voters":1866073,"total":824360,"voted":824115,"spoiled":7214,"yays":529770,"nays":287131},{"committee":"Калининградская область","vibid":"100100163598048","voters":822588,"total":465476,"voted":463947,"spoiled":3851,"yays":334755,"nays":125341},{"committee":"Калужская область","vibid":"100100163598049","voters":792313,"total":483705,"voted":482783,"spoiled":4032,"yays":338748,"nays":140003},{"committee":"Кемеровская область - Кузбасс","vibid":"100100163598050","voters":1973566,"total":1745741,"voted":1743734,"spoiled":11841,"yays":1522151,"nays":209742},{"committee":"Кировская область","vibid":"100100163598051","voters":1042372,"total":579696,"voted":577961,"spoiled":5012,"yays":409702,"nays":163247},{"committee":"Костромская область","vibid":"100100163598052","voters":522429,"total":266283,"voted":266247,"spoiled":2357,"yays":180846,"nays":83044},{"committee":"Курганская область","vibid":"100100163598053","voters":686888,"total":397258,"voted":397187,"spoiled":3515,"yays":276378,"nays":117294},{"committee":"Курская область","vibid":"100100163598054","voters":911563,"total":527068,"voted":526615,"spoiled":3844,"yays":389300,"nays":133471},{"committee":"Ленинградская область","vibid":"100100163598055","voters":1379050,"total":1030244,"voted":1029392,"spoiled":8391,"yays":817168,"nays":203833},{"committee":"Липецкая область","vibid":"100100163598056","voters":920814,"total":610631,"voted":610564,"spoiled":6385,"yays":479670,"nays":124509},{"committee":"Магаданская область","vibid":"100100163598057","voters":98633,"total":54911,"voted":54866,"spoiled":741,"yays":34035,"nays":20090},{"committee":"Московская область","vibid":"100100163598058","voters":5807577,"total":4423963,"voted":4417633,"spoiled":40642,"yays":3488197,"nays":888794},{"committee":"Мурманская область","vibid":"100100163598059","voters":580099,"total":261887,"voted":261788,"spoiled":2958,"yays":163735,"nays":95095},{"committee":"Нижегородская область","vibid":"100100163598060","voters":2576933,"total":1904686,"voted":1898465,"spoiled":10044,"yays":1505620,"nays":382801},{"committee":"Новгородская область","vibid":"100100163598061","voters":490871,"total":242208,"voted":242156,"spoiled":2543,"yays":172997,"nays":66616},{"committee":"Новосибирская область","vibid":"100100163598062","voters":2164441,"total":1034355,"voted":1034082,"spoiled":11551,"yays":698857,"nays":323674},{"committee":"Омская область","vibid":"100100163598063","voters":1516968,"total":985663,"voted":982884,"spoiled":12258,"yays":610278,"nays":360348},{"committee":"Оренбургская область","vibid":"100100163598064","voters":1543156,"total":1135011,"voted":1133661,"spoiled":12535,"yays":834406,"nays":286720},{"committee":"Орловская область","vibid":"100100163598065","voters":617196,"total":467143,"voted":467039,"spoiled":5658,"yays":372411,"nays":88970},{"committee":"Пензенская область","vibid":"100100163598066","voters":1048681,"total":801829,"voted":801474,"spoiled":3642,"yays":683244,"nays":114588},{"committee":"Псковская область","vibid":"100100163598067","voters":523605,"total":294496,"voted":294413,"spoiled":2103,"yays":231684,"nays":60626},{"committee":"Ростовская область","vibid":"100100163598068","voters":3210021,"total":2516573,"voted":2512938,"spoiled":13282,"yays":2099202,"nays":400454},{"committee":"Рязанская область","vibid":"100100163598069","voters":903406,"total":635507,"voted":634096,"spoiled":5276,"yays":499716,"nays":129104},{"committee":"Самарская область","vibid":"100100163598070","voters":2421581,"total":1672096,"voted":1671406,"spoiled":12900,"yays":1346254,"nays":312252},{"committee":"Саратовская область","vibid":"100100163598071","voters":1878644,"total":1446168,"voted":1444248,"spoiled":11562,"yays":1187697,"nays":244989},{"committee":"Сахалинская область","vibid":"100100163598072","voters":374325,"total":254486,"voted":253163,"spoiled":2844,"yays":189466,"nays":60853},{"committee":"Свердловская область","vibid":"100100163598073","voters":3328760,"total":1715988,"voted":1715722,"spoiled":18298,"yays":1132182,"nays":565242},{"committee":"Смоленская область","vibid":"100100163598074","voters":759764,"total":412772,"voted":412407,"spoiled":4368,"yays":296792,"nays":111247},{"committee":"Тамбовская область","vibid":"100100163598075","voters":831227,"total":668321,"voted":668105,"spoiled":3995,"yays":583972,"nays":80138},{"committee":"Тверская область","vibid":"100100163598076","voters":1039944,"total":571390,"voted":571066,"spoiled":5236,"yays":410421,"nays":155409},{"committee":"Томская область","vibid":"100100163598077","voters":771907,"total":344033,"voted":343913,"spoiled":3635,"yays":223046,"nays":117232},{"committee":"Тульская область","vibid":"100100163598078","voters":1169293,"total":855510,"voted":855375,"spoiled":5958,"yays":710765,"nays":138652},{"committee":"Тюменская область","vibid":"100100163598079","voters":1130302,"total":874570,"voted":874435,"spoiled":3386,"yays":748290,"nays":122759},{"committee":"Ульяновская область","vibid":"100100163598080","voters":982778,"total":533103,"voted":532707,"spoiled":5305,"yays":379056,"nays":148346},{"committee":"Челябинская область","vibid":"100100163598081","voters":2598002,"total":1711446,"voted":1711264,"spoiled":15570,"yays":1190097,"nays":505597},{"committee":"Ярославская область","vibid":"100100163598082","voters":982753,"total":548819,"voted":547742,"spoiled":4759,"yays":374053,"nays":168930},{"committee":"город Москва","vibid":"100100163598083","voters":7861697,"total":4397417,"voted":4373858,"spoiled":32348,"yays":2855547,"nays":1485963},{"committee":"город Санкт-Петербург","vibid":"100100163598084","voters":3874356,"total":2895659,"voted":2886794,"spoiled":20314,"yays":2241963,"nays":624517},{"committee":"город Севастополь","vibid":"100100163598094","voters":326520,"total":216583,"voted":216494,"spoiled":1542,"yays":183296,"nays":31656},{"committee":"Еврейская автономная область","vibid":"100100163598085","voters":125998,"total":90853,"voted":90827,"spoiled":1184,"yays":70213,"nays":19430},{"committee":"Ненецкий автономный округ","vibid":"100100163598086","voters":37490,"total":21879,"voted":21853,"spoiled":212,"yays":9567,"nays":12074},{"committee":"Ханты-Мансийский автономный округ - Югра","vibid":"100100163598087","voters":1146357,"total":707553,"voted":706876,"spoiled":6692,"yays":487750,"nays":212434},{"committee":"Чукотский автономный округ","vibid":"100100163598088","voters":29853,"total":22604,"voted":22599,"spoiled":250,"yays":18146,"nays":4203},{"committee":"Ямало-Ненецкий автономный округ","vibid":"100100163598089","voters":368727,"total":297772,"voted":297468,"spoiled":1626,"yays":265237,"nays":30605},{"committee":"Город Байконур (Республика Казахстан)","vibid":"100100164050019","voters":13742,"total":6886,"voted":6886,"spoiled":50,"yays":4288,"nays":2548},{"committee":"Территория за пределами РФ","vibid":"100100164050020","voters":151761,"total":146788,"voted":146688,"spoiled":1897,"yays":99852,"nays":44939}]