[{"committee":"ТИК города Алушты","vibid":"2932000593317","voters":42227,"total":37067,"voted":37052,"spoiled":873,"yays":32606,"nays":3573},{"committee":"ТИК города Армянска","vibid":"2932000593319","voters":20110,"total":16743,"voted":16743,"spoiled":188,"yays":14492,"nays":2063},{"committee":"ТИК Бахчисарайского района","vibid":"2932000593310","voters":72164,"total":58099,"voted":57853,"spoiled":392,"yays":51550,"nays":5911},{"committee":"ТИК Белогорского района","vibid":"2932000593315","voters":47955,"total":35899,"voted":35899,"spoiled":306,"yays":32240,"nays":3353},{"committee":"ТИК города Джанкоя","vibid":"2932000593321","voters":33003,"total":27057,"voted":27057,"spoiled":163,"yays":24320,"nays":2574},{"committee":"ТИК Джанкойского района","vibid":"2932000593334","voters":53547,"total":45391,"voted":45391,"spoiled":267,"yays":41168,"nays":3956},{"committee":"ТИК города Евпатории","vibid":"2932000593326","voters":87278,"total":72027,"voted":71999,"spoiled":872,"yays":65068,"nays":6059},{"committee":"ТИК города Керчи","vibid":"2932000593322","voters":108272,"total":91902,"voted":91898,"spoiled":763,"yays":79478,"nays":11657},{"committee":"ТИК Кировского района","vibid":"2932000593329","voters":40475,"total":28199,"voted":28199,"spoiled":220,"yays":24792,"nays":3187},{"committee":"ТИК Красногвардейского района","vibid":"2932000593313","voters":65232,"total":52113,"voted":52113,"spoiled":462,"yays":46774,"nays":4877},{"committee":"ТИК города Красноперекопска","vibid":"2932000593333","voters":21646,"total":18636,"voted":18636,"spoiled":174,"yays":16696,"nays":1766},{"committee":"ТИК Красноперекопского района","vibid":"2932000593323","voters":20541,"total":17978,"voted":17978,"spoiled":1087,"yays":16432,"nays":459},{"committee":"ТИК Ленинского района","vibid":"2932000593330","voters":47001,"total":40103,"voted":40103,"spoiled":292,"yays":36225,"nays":3586},{"committee":"ТИК Нижнегорского района","vibid":"2932000593327","voters":37606,"total":30861,"voted":30861,"spoiled":200,"yays":28303,"nays":2358},{"committee":"ТИК Первомайского района","vibid":"2932000593311","voters":24001,"total":21030,"voted":21030,"spoiled":132,"yays":19509,"nays":1389},{"committee":"ТИК Раздольненского района","vibid":"2932000593328","voters":25119,"total":22600,"voted":22600,"spoiled":146,"yays":20563,"nays":1891},{"committee":"ТИК города Саки","vibid":"2932000593325","voters":21009,"total":17932,"voted":17930,"spoiled":89,"yays":16118,"nays":1723},{"committee":"ТИК Сакского района","vibid":"2932000593314","voters":61450,"total":51995,"voted":51991,"spoiled":223,"yays":47602,"nays":4166},{"committee":"ТИК Железнодорожного района города Симферополя","vibid":"2932000593324","voters":75215,"total":62769,"voted":62768,"spoiled":401,"yays":57451,"nays":4916},{"committee":"ТИК Киевского района города Симферополя","vibid":"2932000593332","voters":123014,"total":105586,"voted":105572,"spoiled":762,"yays":96862,"nays":7948},{"committee":"ТИК Центрального района города Симферополя","vibid":"2932000593312","voters":84269,"total":62319,"voted":62280,"spoiled":450,"yays":56678,"nays":5152},{"committee":"ТИК Симферопольского района","vibid":"2932000593331","voters":125210,"total":105828,"voted":105650,"spoiled":523,"yays":95387,"nays":9740},{"committee":"ТИК Советского района","vibid":"2932000593316","voters":25421,"total":21863,"voted":21863,"spoiled":167,"yays":19954,"nays":1742},{"committee":"ТИК города Судака","vibid":"2932000593320","voters":24928,"total":22244,"voted":22244,"spoiled":163,"yays":20203,"nays":1878},{"committee":"ТИК города Феодосии","vibid":"2932000593318","voters":81149,"total":51139,"voted":51061,"spoiled":347,"yays":45835,"nays":4879},{"committee":"ТИК Черноморского района","vibid":"2932000593309","voters":25459,"total":23390,"voted":23390,"spoiled":120,"yays":21065,"nays":2205},{"committee":"ТИК города Ялты","vibid":"2932000593335","voters":107746,"total":86380,"voted":86370,"spoiled":618,"yays":77359,"nays":8393}]