[{"committee":"Багратионовская","vibid":"2392000835891","voters":23896,"total":14252,"voted":14252,"spoiled":125,"yays":10559,"nays":3568},{"committee":"Балтийская","vibid":"2392000835893","voters":28517,"total":16316,"voted":16296,"spoiled":135,"yays":10339,"nays":5822},{"committee":"Гвардейская","vibid":"2392000835884","voters":22748,"total":18686,"voted":18682,"spoiled":153,"yays":14178,"nays":4351},{"committee":"Гурьевская","vibid":"2392000835889","voters":63700,"total":51268,"voted":51268,"spoiled":271,"yays":38073,"nays":12924},{"committee":"Гусевская","vibid":"2392000835895","voters":26385,"total":20007,"voted":19982,"spoiled":502,"yays":15441,"nays":4039},{"committee":"Зеленоградская","vibid":"2392000835908","voters":29600,"total":24226,"voted":24224,"spoiled":329,"yays":17829,"nays":6066},{"committee":"Калининград, Ленинградская","vibid":"2392000835896","voters":163440,"total":67806,"voted":66673,"spoiled":433,"yays":43634,"nays":22606},{"committee":"Калининград, Московская","vibid":"2392000835902","voters":136048,"total":55913,"voted":55866,"spoiled":395,"yays":38330,"nays":17141},{"committee":"Калининград, Центральная","vibid":"2392000835907","voters":110692,"total":44149,"voted":44125,"spoiled":316,"yays":28809,"nays":15000},{"committee":"Краснознаменская","vibid":"2392000835897","voters":8877,"total":6399,"voted":6399,"spoiled":43,"yays":4948,"nays":1408},{"committee":"Неманская","vibid":"2392000835903","voters":14672,"total":10934,"voted":10934,"spoiled":61,"yays":8413,"nays":2460},{"committee":"Нестеровская","vibid":"2392000835900","voters":11279,"total":8070,"voted":8070,"spoiled":78,"yays":6357,"nays":1635},{"committee":"Озерская","vibid":"2392000835885","voters":10571,"total":7503,"voted":7242,"spoiled":42,"yays":5719,"nays":1481},{"committee":"Пионерская ","vibid":"2392000835901","voters":10962,"total":6172,"voted":6170,"spoiled":31,"yays":4222,"nays":1917},{"committee":"Полесская","vibid":"2392000835899","voters":13589,"total":7139,"voted":7138,"spoiled":53,"yays":5334,"nays":1751},{"committee":"Правдинская","vibid":"2392000835887","voters":14415,"total":9692,"voted":9691,"spoiled":86,"yays":7251,"nays":2354},{"committee":"Светлогорская","vibid":"2392000835898","voters":14345,"total":11148,"voted":11148,"spoiled":119,"yays":8472,"nays":2557},{"committee":"Светловская","vibid":"2392000835906","voters":22199,"total":15917,"voted":15913,"spoiled":207,"yays":10902,"nays":4804},{"committee":"Славская","vibid":"2392000835886","voters":13698,"total":9075,"voted":9075,"spoiled":86,"yays":6936,"nays":2053},{"committee":"Советская ","vibid":"2392000835905","voters":29057,"total":22871,"voted":22870,"spoiled":98,"yays":19598,"nays":3174},{"committee":"Черняховская","vibid":"2392000835890","voters":39936,"total":27469,"voted":27468,"spoiled":190,"yays":20877,"nays":6401},{"committee":"Ладушкинская","vibid":"2392000835894","voters":3209,"total":2261,"voted":2260,"spoiled":23,"yays":1721,"nays":516},{"committee":"Мамоновская","vibid":"2392000835892","voters":6079,"total":4394,"voted":4394,"spoiled":25,"yays":3767,"nays":602},{"committee":"Янтарнинская","vibid":"2392000835883","voters":4674,"total":3809,"voted":3807,"spoiled":50,"yays":3046,"nays":711}]