[{"committee":"Александровск-Сахалинская","vibid":"2652000546330","voters":8487,"total":5289,"voted":5289,"spoiled":84,"yays":4138,"nays":1067},{"committee":"Анивская","vibid":"2652000546332","voters":13124,"total":6887,"voted":6886,"spoiled":71,"yays":4863,"nays":1952},{"committee":"Долинская","vibid":"2652000546317","voters":19964,"total":10247,"voted":10232,"spoiled":90,"yays":7435,"nays":2707},{"committee":"Корсаковская","vibid":"2652000546325","voters":31900,"total":23776,"voted":23767,"spoiled":207,"yays":19232,"nays":4328},{"committee":"Курильская","vibid":"2652000546315","voters":5438,"total":4308,"voted":4308,"spoiled":28,"yays":3714,"nays":566},{"committee":"Макаровская","vibid":"2652000546333","voters":5634,"total":3790,"voted":3790,"spoiled":80,"yays":3013,"nays":697},{"committee":"Невельская","vibid":"2652000546324","voters":12738,"total":7966,"voted":7966,"spoiled":74,"yays":5925,"nays":1967},{"committee":"Ногликская","vibid":"2652000546316","voters":8763,"total":6364,"voted":6361,"spoiled":49,"yays":4454,"nays":1858},{"committee":"Охинская","vibid":"2652000546328","voters":19994,"total":12377,"voted":12377,"spoiled":178,"yays":9811,"nays":2388},{"committee":"Поронайская","vibid":"2652000546321","voters":18273,"total":10040,"voted":10040,"spoiled":119,"yays":7373,"nays":2548},{"committee":"Северо-Курильская","vibid":"2652000546334","voters":1870,"total":994,"voted":992,"spoiled":21,"yays":501,"nays":470},{"committee":"Смирныховская","vibid":"2652000546318","voters":7989,"total":5285,"voted":5284,"spoiled":57,"yays":3829,"nays":1398},{"committee":"Томаринская","vibid":"2652000546329","voters":7968,"total":5595,"voted":5595,"spoiled":28,"yays":4029,"nays":1538},{"committee":"Тымовская","vibid":"2652000546326","voters":10526,"total":6026,"voted":6026,"spoiled":67,"yays":4102,"nays":1857},{"committee":"Углегорская","vibid":"2652000546319","voters":17770,"total":12200,"voted":12200,"spoiled":184,"yays":9062,"nays":2954},{"committee":"Холмская","vibid":"2652000546327","voters":33778,"total":21046,"voted":20452,"spoiled":325,"yays":15195,"nays":4932},{"committee":"Южно-Курильская","vibid":"2652000546322","voters":6753,"total":6203,"voted":6203,"spoiled":44,"yays":5701,"nays":458},{"committee":"Южно-Сахалинская городская","vibid":"2652000546323","voters":139982,"total":102722,"voted":102024,"spoiled":1137,"yays":74409,"nays":26478},{"committee":"Невельская судовая","vibid":"2652000546320","voters":2405,"total":2405,"voted":2405,"spoiled":0,"yays":1948,"nays":457},{"committee":"Холмская судовая","vibid":"2652000546331","voters":969,"total":966,"voted":966,"spoiled":1,"yays":732,"nays":233}]