[{"committee":"Алнашская","vibid":"21820001117939","voters":15930,"total":12945,"voted":12945,"spoiled":104,"yays":10057,"nays":2784},{"committee":"Балезинская","vibid":"21820001117938","voters":25750,"total":17071,"voted":17070,"spoiled":172,"yays":12849,"nays":4049},{"committee":"Вавожская","vibid":"21820001117937","voters":12644,"total":8327,"voted":8327,"spoiled":68,"yays":6283,"nays":1976},{"committee":"Воткинская","vibid":"21820001117936","voters":18340,"total":14016,"voted":14015,"spoiled":185,"yays":10121,"nays":3709},{"committee":"Воткинская городская","vibid":"21820001117935","voters":71226,"total":37419,"voted":37410,"spoiled":329,"yays":24377,"nays":12704},{"committee":"Глазовская","vibid":"21820001117934","voters":14077,"total":10994,"voted":10994,"spoiled":115,"yays":8120,"nays":2759},{"committee":"Глазовская городская","vibid":"21820001117933","voters":67751,"total":35859,"voted":35852,"spoiled":480,"yays":23047,"nays":12325},{"committee":"Граховская","vibid":"21820001117932","voters":7381,"total":5965,"voted":5963,"spoiled":91,"yays":4258,"nays":1614},{"committee":"Дебесская","vibid":"21820001117931","voters":9824,"total":7710,"voted":7710,"spoiled":80,"yays":5958,"nays":1672},{"committee":"Завьяловская","vibid":"21820001117930","voters":62738,"total":36011,"voted":36008,"spoiled":293,"yays":24468,"nays":11247},{"committee":"Игринская","vibid":"21820001117929","voters":30495,"total":19744,"voted":19633,"spoiled":161,"yays":14974,"nays":4498},{"committee":"Ижевск, Индустриальная","vibid":"21820001117928","voters":93118,"total":43463,"voted":43460,"spoiled":389,"yays":27831,"nays":15240},{"committee":"Ижевск, Ленинская","vibid":"21820001117927","voters":95583,"total":40962,"voted":40959,"spoiled":370,"yays":27219,"nays":13370},{"committee":"Ижевск, Октябрьская","vibid":"21820001117926","voters":103418,"total":49545,"voted":49535,"spoiled":499,"yays":31176,"nays":17860},{"committee":"Ижевск, Первомайская","vibid":"21820001117925","voters":97693,"total":45601,"voted":45588,"spoiled":430,"yays":29237,"nays":15921},{"committee":"Ижевск, Устиновская","vibid":"21820001117924","voters":105005,"total":47113,"voted":47109,"spoiled":407,"yays":30571,"nays":16131},{"committee":"Камбарская","vibid":"21820001117923","voters":14146,"total":10171,"voted":10171,"spoiled":117,"yays":7080,"nays":2974},{"committee":"Каракулинская","vibid":"21820001117922","voters":9331,"total":7112,"voted":7112,"spoiled":82,"yays":5256,"nays":1774},{"committee":"Кезская","vibid":"21820001117921","voters":17777,"total":11829,"voted":11829,"spoiled":79,"yays":9082,"nays":2668},{"committee":"Кизнерская","vibid":"21820001117920","voters":15991,"total":12179,"voted":12177,"spoiled":102,"yays":9147,"nays":2928},{"committee":"Киясовская","vibid":"21820001117919","voters":8244,"total":6447,"voted":6447,"spoiled":73,"yays":4885,"nays":1489},{"committee":"Красногорская","vibid":"21820001117918","voters":8033,"total":5735,"voted":5735,"spoiled":76,"yays":4118,"nays":1541},{"committee":"Малопургинская","vibid":"21820001117917","voters":24558,"total":18142,"voted":18140,"spoiled":176,"yays":13362,"nays":4602},{"committee":"Можгинская","vibid":"21820001117916","voters":19749,"total":14777,"voted":14777,"spoiled":106,"yays":11518,"nays":3153},{"committee":"Можгинская городская","vibid":"21820001117915","voters":35567,"total":19398,"voted":19398,"spoiled":175,"yays":12953,"nays":6270},{"committee":"Сарапульская","vibid":"21820001117914","voters":18126,"total":13166,"voted":13166,"spoiled":168,"yays":9345,"nays":3653},{"committee":"Сарапульская городская","vibid":"21820001117913","voters":72078,"total":35442,"voted":35437,"spoiled":445,"yays":22318,"nays":12674},{"committee":"Селтинская","vibid":"21820001117912","voters":9245,"total":7233,"voted":7213,"spoiled":86,"yays":5575,"nays":1552},{"committee":"Сюмсинская","vibid":"21820001117911","voters":10168,"total":7274,"voted":7273,"spoiled":70,"yays":5284,"nays":1919},{"committee":"Увинская","vibid":"21820001117910","voters":29877,"total":21234,"voted":21234,"spoiled":169,"yays":16098,"nays":4967},{"committee":"Шарканская","vibid":"21820001117909","voters":15832,"total":11864,"voted":11861,"spoiled":104,"yays":9275,"nays":2482},{"committee":"Юкаменская","vibid":"21820001117908","voters":7787,"total":6547,"voted":6547,"spoiled":62,"yays":5129,"nays":1356},{"committee":"Якшур-Бодьинская","vibid":"21820001117907","voters":17192,"total":11564,"voted":11564,"spoiled":129,"yays":8124,"nays":3311},{"committee":"Ярская","vibid":"21820001117906","voters":11732,"total":8862,"voted":8862,"spoiled":100,"yays":6813,"nays":1949}]