[{"committee":"Горно-Алтайская городская","vibid":"2042000489016","voters":44243,"total":18440,"voted":18437,"spoiled":169,"yays":11578,"nays":6690},{"committee":"Кош-Агачская","vibid":"2042000489017","voters":14594,"total":9229,"voted":9229,"spoiled":106,"yays":5989,"nays":3134},{"committee":"Майминская","vibid":"2042000489015","voters":23956,"total":9976,"voted":9976,"spoiled":89,"yays":6424,"nays":3463},{"committee":"Онгудайская","vibid":"2042000489022","voters":11568,"total":7444,"voted":7444,"spoiled":98,"yays":4900,"nays":2446},{"committee":"Турочакская","vibid":"2042000489013","voters":10670,"total":4779,"voted":4779,"spoiled":33,"yays":3320,"nays":1426},{"committee":"Улаганская","vibid":"2042000489020","voters":8530,"total":5088,"voted":5088,"spoiled":35,"yays":3397,"nays":1656},{"committee":"Усть-Канская","vibid":"2042000489021","voters":11236,"total":7475,"voted":7474,"spoiled":81,"yays":5003,"nays":2390},{"committee":"Усть-Коксинская","vibid":"2042000489014","voters":12217,"total":6940,"voted":6940,"spoiled":78,"yays":5053,"nays":1809},{"committee":"Чемальская","vibid":"2042000489023","voters":8378,"total":4217,"voted":4217,"spoiled":46,"yays":2949,"nays":1222},{"committee":"Чойская","vibid":"2042000489018","voters":6505,"total":3716,"voted":3715,"spoiled":57,"yays":2407,"nays":1251},{"committee":"Шебалинская","vibid":"2042000489019","voters":10518,"total":6267,"voted":6267,"spoiled":50,"yays":4271,"nays":1946}]