[{"committee":"Анжеро-Судженская городская","vibid":"24220001542421","voters":58896,"total":52036,"voted":51976,"spoiled":130,"yays":44586,"nays":7260},{"committee":"Беловская","vibid":"24220001542423","voters":21225,"total":19205,"voted":19205,"spoiled":73,"yays":16505,"nays":2627},{"committee":"Беловская городская","vibid":"24220001542410","voters":98178,"total":91185,"voted":91061,"spoiled":391,"yays":81771,"nays":8899},{"committee":"Березовская городская","vibid":"24220001542417","voters":34310,"total":28772,"voted":28771,"spoiled":161,"yays":25329,"nays":3281},{"committee":"Гурьевская","vibid":"24220001542428","voters":31569,"total":29029,"voted":29029,"spoiled":123,"yays":24327,"nays":4579},{"committee":"Ижморская","vibid":"24220001542435","voters":9861,"total":8972,"voted":8970,"spoiled":14,"yays":8133,"nays":823},{"committee":"Калтанская городская","vibid":"24220001542430","voters":23359,"total":20397,"voted":20345,"spoiled":277,"yays":17442,"nays":2626},{"committee":"Кемерово, Заводская","vibid":"24220001542440","voters":114734,"total":101532,"voted":101213,"spoiled":774,"yays":84669,"nays":15770},{"committee":"Кемерово, Кедровская","vibid":"24220001542414","voters":15847,"total":13926,"voted":13926,"spoiled":72,"yays":11951,"nays":1903},{"committee":"Кемерово, Кировская","vibid":"24220001542448","voters":40797,"total":37403,"voted":37386,"spoiled":94,"yays":31454,"nays":5838},{"committee":"Кемерово, Ленинская","vibid":"24220001542431","voters":91402,"total":80053,"voted":79964,"spoiled":119,"yays":67536,"nays":12309},{"committee":"Кемерово, Рудничная","vibid":"24220001542441","voters":61618,"total":53817,"voted":53743,"spoiled":195,"yays":44574,"nays":8974},{"committee":"Кемерово, Центральная","vibid":"24220001542437","voters":73248,"total":62684,"voted":62518,"spoiled":376,"yays":52146,"nays":9996},{"committee":"Кемеровская","vibid":"24220001542411","voters":34688,"total":30768,"voted":30686,"spoiled":408,"yays":26154,"nays":4124},{"committee":"Киселевская городская","vibid":"24220001542438","voters":72241,"total":64642,"voted":64641,"spoiled":45,"yays":61465,"nays":3131},{"committee":"Крапивинская","vibid":"24220001542434","voters":17330,"total":15331,"voted":15331,"spoiled":47,"yays":13796,"nays":1488},{"committee":"Краснобродская городская","vibid":"24220001542415","voters":10457,"total":9153,"voted":9153,"spoiled":29,"yays":7885,"nays":1239},{"committee":"Ленинск-Кузнецкая","vibid":"24220001542432","voters":17709,"total":15958,"voted":15957,"spoiled":43,"yays":14620,"nays":1294},{"committee":"Ленинск-Кузнецкая городская","vibid":"24220001542445","voters":75420,"total":64912,"voted":64897,"spoiled":2750,"yays":58512,"nays":3635},{"committee":"Мариинская ","vibid":"24220001542413","voters":37275,"total":33483,"voted":33480,"spoiled":286,"yays":29400,"nays":3794},{"committee":"Междуреченская городская","vibid":"24220001542444","voters":74302,"total":65557,"voted":65508,"spoiled":171,"yays":59914,"nays":5423},{"committee":"Мысковская городская","vibid":"24220001542419","voters":33575,"total":30664,"voted":30653,"spoiled":243,"yays":27972,"nays":2438},{"committee":"Новокузнецк, Заводская","vibid":"24220001542424","voters":65130,"total":54762,"voted":54677,"spoiled":204,"yays":44378,"nays":10095},{"committee":"Новокузнецк, Кузнецкая","vibid":"24220001542422","voters":33880,"total":29746,"voted":29715,"spoiled":106,"yays":25249,"nays":4360},{"committee":"Новокузнецк, Куйбышевская","vibid":"24220001542409","voters":55262,"total":49938,"voted":49934,"spoiled":330,"yays":42757,"nays":6847},{"committee":"Новокузнецк, Новоильинская","vibid":"24220001542453","voters":55622,"total":49655,"voted":49604,"spoiled":242,"yays":41022,"nays":8340},{"committee":"Новокузнецк, Орджоникидзевская","vibid":"24220001542418","voters":60530,"total":53188,"voted":53127,"spoiled":212,"yays":45542,"nays":7373},{"committee":"Новокузнецк, Центральная","vibid":"24220001542449","voters":124912,"total":103471,"voted":103183,"spoiled":896,"yays":82171,"nays":20116},{"committee":"Новокузнецкая","vibid":"24220001542416","voters":35267,"total":31424,"voted":31423,"spoiled":217,"yays":28117,"nays":3089},{"committee":"Осинниковская городская","vibid":"24220001542425","voters":37089,"total":32769,"voted":32738,"spoiled":111,"yays":29400,"nays":3227},{"committee":"Полысаевская городская","vibid":"24220001542433","voters":21810,"total":19526,"voted":19508,"spoiled":21,"yays":17704,"nays":1783},{"committee":"Прокопьевск, Зенковская","vibid":"24220001542443","voters":45841,"total":41007,"voted":41005,"spoiled":168,"yays":37521,"nays":3316},{"committee":"Прокопьевск, Рудничная","vibid":"24220001542451","voters":48691,"total":44085,"voted":44085,"spoiled":145,"yays":39615,"nays":4325},{"committee":"Прокопьевск, Центральная","vibid":"24220001542452","voters":46447,"total":41872,"voted":41733,"spoiled":213,"yays":38693,"nays":2827},{"committee":"Прокопьевская","vibid":"24220001542429","voters":23028,"total":20828,"voted":20824,"spoiled":62,"yays":18944,"nays":1818},{"committee":"Промышленновская","vibid":"24220001542427","voters":33099,"total":31372,"voted":31372,"spoiled":434,"yays":30129,"nays":809},{"committee":"Тайгинская городская","vibid":"24220001542442","voters":15096,"total":12907,"voted":12907,"spoiled":70,"yays":11373,"nays":1464},{"committee":"Таштагольская ","vibid":"24220001542446","voters":36266,"total":33804,"voted":33777,"spoiled":130,"yays":30791,"nays":2856},{"committee":"Тисульская","vibid":"24220001542450","voters":15946,"total":14467,"voted":14455,"spoiled":56,"yays":13466,"nays":933},{"committee":"Топкинская","vibid":"24220001542412","voters":34026,"total":29460,"voted":29455,"spoiled":275,"yays":26015,"nays":3165},{"committee":"Тяжинская","vibid":"24220001542426","voters":18470,"total":16633,"voted":16630,"spoiled":65,"yays":14944,"nays":1621},{"committee":"Чебулинская","vibid":"24220001542447","voters":10083,"total":9087,"voted":9047,"spoiled":24,"yays":7687,"nays":1336},{"committee":"Юргинская","vibid":"24220001542408","voters":14586,"total":13261,"voted":13261,"spoiled":63,"yays":11711,"nays":1487},{"committee":"Юргинская городская","vibid":"24220001542436","voters":60585,"total":52076,"voted":51966,"spoiled":621,"yays":45865,"nays":5480},{"committee":"Яйская","vibid":"24220001542420","voters":13502,"total":12422,"voted":12422,"spoiled":22,"yays":11522,"nays":878},{"committee":"Яшкинская","vibid":"24220001542439","voters":20357,"total":18502,"voted":18473,"spoiled":333,"yays":17394,"nays":746}]