[{"committee":"Абыйская","vibid":"21420001011775","voters":3003,"total":1732,"voted":1732,"spoiled":8,"yays":1119,"nays":605},{"committee":"Алданская","vibid":"21420001011778","voters":32575,"total":14585,"voted":14583,"spoiled":217,"yays":8288,"nays":6078},{"committee":"Аллаиховская","vibid":"21420001011758","voters":1681,"total":1120,"voted":1120,"spoiled":10,"yays":739,"nays":371},{"committee":"Амгинская","vibid":"21420001011770","voters":11695,"total":8244,"voted":8244,"spoiled":79,"yays":4775,"nays":3390},{"committee":"Анабарская","vibid":"21420001011737","voters":2589,"total":2253,"voted":2253,"spoiled":117,"yays":1292,"nays":844},{"committee":"Булунская","vibid":"21420001011749","voters":5496,"total":3291,"voted":3291,"spoiled":27,"yays":2294,"nays":970},{"committee":"Верхневилюйская","vibid":"21420001011785","voters":11392,"total":9742,"voted":9742,"spoiled":35,"yays":7976,"nays":1731},{"committee":"Верхнеколымская","vibid":"21420001011739","voters":2883,"total":1706,"voted":1706,"spoiled":17,"yays":1257,"nays":432},{"committee":"Верхоянская","vibid":"21420001011790","voters":8298,"total":4822,"voted":4822,"spoiled":43,"yays":3371,"nays":1408},{"committee":"Вилюйская","vibid":"21420001011764","voters":16243,"total":10693,"voted":10693,"spoiled":74,"yays":6950,"nays":3669},{"committee":"Горная","vibid":"21420001011750","voters":7133,"total":5175,"voted":5175,"spoiled":37,"yays":3093,"nays":2045},{"committee":"Жиганская","vibid":"21420001011780","voters":3209,"total":1966,"voted":1966,"spoiled":62,"yays":1307,"nays":597},{"committee":"Кобяйская","vibid":"21420001011745","voters":8505,"total":5733,"voted":5733,"spoiled":48,"yays":3582,"nays":2103},{"committee":"Ленская","vibid":"21420001011787","voters":27917,"total":13081,"voted":13077,"spoiled":94,"yays":7349,"nays":5634},{"committee":"Мегино-Кангаласская","vibid":"21420001011760","voters":24399,"total":15827,"voted":15606,"spoiled":95,"yays":7823,"nays":7688},{"committee":"Мирнинская","vibid":"21420001011743","voters":53727,"total":23876,"voted":23868,"spoiled":393,"yays":15031,"nays":8444},{"committee":"Момская","vibid":"21420001011783","voters":3037,"total":1942,"voted":1942,"spoiled":16,"yays":1263,"nays":663},{"committee":"Намская","vibid":"21420001011765","voters":15782,"total":9786,"voted":9786,"spoiled":52,"yays":5466,"nays":4268},{"committee":"Нерюнгринская","vibid":"21420001011781","voters":44177,"total":23930,"voted":23927,"spoiled":230,"yays":13788,"nays":9909},{"committee":"Нижнеколымская","vibid":"21420001011747","voters":3034,"total":1997,"voted":1997,"spoiled":11,"yays":1653,"nays":333},{"committee":"Нюрбинская","vibid":"21420001011762","voters":18203,"total":11393,"voted":11392,"spoiled":72,"yays":6301,"nays":5019},{"committee":"Оймяконская","vibid":"21420001011792","voters":7373,"total":4074,"voted":4074,"spoiled":35,"yays":2240,"nays":1799},{"committee":"Олекминская","vibid":"21420001011772","voters":18592,"total":10823,"voted":10823,"spoiled":165,"yays":6867,"nays":3791},{"committee":"Оленекская","vibid":"21420001011734","voters":2262,"total":2114,"voted":2114,"spoiled":13,"yays":1545,"nays":556},{"committee":"Среднеколымская","vibid":"21420001011732","voters":5711,"total":3655,"voted":3655,"spoiled":21,"yays":2894,"nays":740},{"committee":"Сунтарская","vibid":"21420001011757","voters":16873,"total":10085,"voted":10085,"spoiled":57,"yays":5987,"nays":4041},{"committee":"Таттинская","vibid":"21420001011755","voters":10902,"total":8559,"voted":8559,"spoiled":68,"yays":6134,"nays":2357},{"committee":"Томпонская","vibid":"21420001011731","voters":9758,"total":5015,"voted":5015,"spoiled":52,"yays":2672,"nays":2291},{"committee":"Усть-Алданская","vibid":"21420001011752","voters":14509,"total":9947,"voted":9947,"spoiled":80,"yays":5823,"nays":4044},{"committee":"Усть-Майская","vibid":"21420001011767","voters":6280,"total":3709,"voted":3708,"spoiled":28,"yays":2440,"nays":1240},{"committee":"Усть-Янская","vibid":"21420001011736","voters":4798,"total":2788,"voted":2788,"spoiled":28,"yays":1960,"nays":800},{"committee":"Хангаласская","vibid":"21420001011741","voters":22686,"total":12789,"voted":12789,"spoiled":128,"yays":7275,"nays":5386},{"committee":"Чурапчинская","vibid":"21420001011746","voters":15147,"total":9549,"voted":9549,"spoiled":46,"yays":5430,"nays":4073},{"committee":"Эвено-Бытантайская","vibid":"21420001011754","voters":1969,"total":1145,"voted":1145,"spoiled":6,"yays":748,"nays":391},{"committee":"Якутская городская","vibid":"21420001011794","voters":189368,"total":93561,"voted":93521,"spoiled":1064,"yays":47703,"nays":44754}]