[{"committee":"Арбажская","vibid":"24320001300537","voters":5448,"total":3899,"voted":3899,"spoiled":30,"yays":2942,"nays":927},{"committee":"Афанасьевская","vibid":"24320001300208","voters":10300,"total":7237,"voted":7235,"spoiled":72,"yays":4836,"nays":2327},{"committee":"Белохолуницкая","vibid":"24320001300196","voters":15055,"total":12641,"voted":12641,"spoiled":47,"yays":10707,"nays":1887},{"committee":"Богородская","vibid":"24320001300204","voters":3735,"total":2877,"voted":2877,"spoiled":17,"yays":2271,"nays":589},{"committee":"Верхнекамская","vibid":"24320001300176","voters":19620,"total":12260,"voted":12260,"spoiled":134,"yays":8704,"nays":3422},{"committee":"Верхошижемская","vibid":"24320001300188","voters":6732,"total":4973,"voted":4972,"spoiled":50,"yays":3698,"nays":1224},{"committee":"Вятскополянская","vibid":"24320001300221","voters":23008,"total":16052,"voted":16052,"spoiled":191,"yays":11674,"nays":4187},{"committee":"Вятскополянская городская","vibid":"24320001300178","voters":27081,"total":12539,"voted":12536,"spoiled":154,"yays":8730,"nays":3652},{"committee":"Даровская","vibid":"24320001300226","voters":8476,"total":5932,"voted":5932,"spoiled":57,"yays":4206,"nays":1669},{"committee":"Зуевская","vibid":"24320001300200","voters":17672,"total":12717,"voted":12715,"spoiled":96,"yays":9329,"nays":3290},{"committee":"Кикнурская","vibid":"24320001300187","voters":7808,"total":6101,"voted":6101,"spoiled":30,"yays":4882,"nays":1189},{"committee":"Кильмезская","vibid":"24320001300216","voters":9807,"total":6894,"voted":6894,"spoiled":43,"yays":5155,"nays":1696},{"committee":"Киров, Ленинская","vibid":"24320001300182","voters":181900,"total":77937,"voted":77007,"spoiled":610,"yays":49772,"nays":26625},{"committee":"Киров, Нововятская","vibid":"24320001300224","voters":38425,"total":16073,"voted":16072,"spoiled":151,"yays":10781,"nays":5140},{"committee":"Киров, Октябрьская","vibid":"24320001300197","voters":130797,"total":55420,"voted":55377,"spoiled":570,"yays":35873,"nays":18934},{"committee":"Киров, Первомайская","vibid":"24320001300181","voters":69117,"total":37220,"voted":37209,"spoiled":351,"yays":25262,"nays":11596},{"committee":"Кирово-Чепецкая","vibid":"24320001300219","voters":18109,"total":12175,"voted":12172,"spoiled":105,"yays":9251,"nays":2816},{"committee":"Кирово-Чепецкая городская","vibid":"24320001300201","voters":59759,"total":43964,"voted":43964,"spoiled":333,"yays":35547,"nays":8084},{"committee":"Котельничская","vibid":"24320001300218","voters":11765,"total":7677,"voted":7676,"spoiled":37,"yays":5886,"nays":1753},{"committee":"Котельничская городская","vibid":"24320001300184","voters":18834,"total":9494,"voted":9494,"spoiled":95,"yays":6196,"nays":3203},{"committee":"Куменская","vibid":"24320001300199","voters":13982,"total":8239,"voted":8239,"spoiled":87,"yays":5779,"nays":2373},{"committee":"Лебяжская","vibid":"24320001300228","voters":6776,"total":3684,"voted":3684,"spoiled":48,"yays":2738,"nays":898},{"committee":"Лузская","vibid":"24320001300205","voters":13359,"total":9477,"voted":9477,"spoiled":66,"yays":6933,"nays":2478},{"committee":"Малмыжская","vibid":"24320001300171","voters":20283,"total":12393,"voted":12393,"spoiled":99,"yays":8085,"nays":4209},{"committee":"Мурашинская","vibid":"24320001300589","voters":9430,"total":5819,"voted":5819,"spoiled":48,"yays":4331,"nays":1440},{"committee":"Нагорская","vibid":"24320001300195","voters":7530,"total":5145,"voted":5140,"spoiled":42,"yays":3758,"nays":1340},{"committee":"Немская","vibid":"24320001300192","voters":5941,"total":4471,"voted":4470,"spoiled":38,"yays":3133,"nays":1299},{"committee":"Нолинская","vibid":"24320001300167","voters":15482,"total":8137,"voted":8136,"spoiled":89,"yays":5859,"nays":2188},{"committee":"Омутнинская","vibid":"24320001300189","voters":31200,"total":16724,"voted":16561,"spoiled":147,"yays":11197,"nays":5217},{"committee":"Опаpинская","vibid":"24320001300203","voters":6739,"total":4815,"voted":4815,"spoiled":38,"yays":3574,"nays":1203},{"committee":"Оричевская","vibid":"24320001300174","voters":23585,"total":13243,"voted":13243,"spoiled":111,"yays":9228,"nays":3904},{"committee":"Орловская","vibid":"24320001300179","voters":9763,"total":5103,"voted":5103,"spoiled":50,"yays":3522,"nays":1531},{"committee":"ЗАТО Первомайский","vibid":"24320001300183","voters":3088,"total":2379,"voted":2379,"spoiled":20,"yays":1482,"nays":877},{"committee":"Пижанская","vibid":"24320001300191","voters":7857,"total":5451,"voted":5451,"spoiled":51,"yays":4003,"nays":1397},{"committee":"Подосиновская","vibid":"24320001300232","voters":12540,"total":6759,"voted":6758,"spoiled":41,"yays":5167,"nays":1550},{"committee":"Санчурская","vibid":"24320001300177","voters":7329,"total":5200,"voted":5200,"spoiled":38,"yays":4015,"nays":1147},{"committee":"Свечинская","vibid":"24320001300211","voters":6085,"total":4466,"voted":4466,"spoiled":31,"yays":3428,"nays":1007},{"committee":"Слободская","vibid":"24320001300227","voters":24943,"total":13861,"voted":13857,"spoiled":109,"yays":10040,"nays":3708},{"committee":"Слободская городская","vibid":"24320001300185","voters":23646,"total":12657,"voted":12095,"spoiled":167,"yays":8452,"nays":3476},{"committee":"Советская","vibid":"24320001300231","voters":20313,"total":10415,"voted":10415,"spoiled":82,"yays":7715,"nays":2618},{"committee":"Сунская","vibid":"24320001300164","voters":4952,"total":3666,"voted":3666,"spoiled":9,"yays":2764,"nays":893},{"committee":"Тужинская","vibid":"24320001300175","voters":5709,"total":4047,"voted":4047,"spoiled":22,"yays":2952,"nays":1073},{"committee":"Унинская","vibid":"24320001300230","voters":6887,"total":5165,"voted":5165,"spoiled":25,"yays":3968,"nays":1172},{"committee":"Уржумская","vibid":"24320001300163","voters":19103,"total":12274,"voted":12274,"spoiled":88,"yays":8658,"nays":3528},{"committee":"Фаленская","vibid":"24320001300223","voters":8689,"total":5082,"voted":5082,"spoiled":54,"yays":3691,"nays":1337},{"committee":"Шабалинская","vibid":"24320001300206","voters":8063,"total":6009,"voted":6009,"spoiled":42,"yays":4315,"nays":1652},{"committee":"Юрьянская","vibid":"24320001300225","voters":15341,"total":8978,"voted":8978,"spoiled":83,"yays":6782,"nays":2113},{"committee":"Яранская","vibid":"24320001300213","voters":20309,"total":11955,"voted":11954,"spoiled":114,"yays":8431,"nays":3409}]