[{"committee":"УИК №8140","vibid":"499400181023","voters":2045,"total":1051,"voted":1051,"spoiled":2,"yays":682,"nays":367},{"committee":"УИК №8141","vibid":"499400181024","voters":2099,"total":1032,"voted":1032,"spoiled":9,"yays":614,"nays":409},{"committee":"УИК №8142","vibid":"499400181025","voters":2209,"total":1078,"voted":1078,"spoiled":6,"yays":700,"nays":372},{"committee":"УИК №8143","vibid":"499400181026","voters":1584,"total":785,"voted":785,"spoiled":4,"yays":520,"nays":261},{"committee":"УИК №8144","vibid":"499400181027","voters":1808,"total":854,"voted":854,"spoiled":3,"yays":531,"nays":320},{"committee":"УИК №8145","vibid":"499400181028","voters":1939,"total":911,"voted":911,"spoiled":14,"yays":579,"nays":318},{"committee":"УИК №8146","vibid":"499400181029","voters":2058,"total":1175,"voted":1175,"spoiled":12,"yays":662,"nays":501}]