[{"committee":"Алагирская ","vibid":"2152000641329","voters":27360,"total":23320,"voted":23320,"spoiled":10,"yays":19382,"nays":3928},{"committee":"Ардонская","vibid":"2152000641330","voters":23406,"total":20232,"voted":20232,"spoiled":34,"yays":16775,"nays":3423},{"committee":"Владикавказ, Левобережная","vibid":"2152000641328","voters":135208,"total":110851,"voted":110850,"spoiled":114,"yays":88412,"nays":22324},{"committee":"ТИК Правобережной части г.Владикавказа","vibid":"2152000641334","voters":105349,"total":87106,"voted":87106,"spoiled":652,"yays":77348,"nays":9106},{"committee":"Дигорская","vibid":"2152000641326","voters":14572,"total":12800,"voted":12800,"spoiled":9,"yays":9955,"nays":2836},{"committee":"Ирафская","vibid":"2152000641332","voters":12673,"total":10409,"voted":10409,"spoiled":35,"yays":8993,"nays":1381},{"committee":"Кировская","vibid":"2152000641333","voters":18970,"total":15890,"voted":15890,"spoiled":20,"yays":13981,"nays":1889},{"committee":"Моздокская","vibid":"2152000641327","voters":59977,"total":46121,"voted":46121,"spoiled":234,"yays":37629,"nays":8258},{"committee":" Правобережная","vibid":"2152000641335","voters":42558,"total":35334,"voted":34609,"spoiled":73,"yays":27927,"nays":6609},{"committee":"Пригородная","vibid":"2152000641331","voters":74799,"total":64028,"voted":64028,"spoiled":14,"yays":51912,"nays":12102}]