[{"committee":"Аргунская городская","vibid":"2202000757931","voters":29192,"total":27639,"voted":27639,"spoiled":126,"yays":26472,"nays":1041},{"committee":"Ачхой-Мартановская","vibid":"2202000757933","voters":40555,"total":38821,"voted":38821,"spoiled":0,"yays":37921,"nays":900},{"committee":"Веденская","vibid":"2202000757918","voters":11838,"total":11715,"voted":11183,"spoiled":0,"yays":11048,"nays":135},{"committee":"Грозненская","vibid":"2202000757926","voters":43310,"total":40399,"voted":40399,"spoiled":0,"yays":40343,"nays":56},{"committee":"Грозный, Заводская","vibid":"2202000757916","voters":18252,"total":17384,"voted":17384,"spoiled":110,"yays":15931,"nays":1343},{"committee":"Грозный, Ленинская","vibid":"2202000757934","voters":12016,"total":11374,"voted":11374,"spoiled":147,"yays":9765,"nays":1462},{"committee":"Грозный, Октябрьская","vibid":"2202000757925","voters":10675,"total":10601,"voted":10601,"spoiled":38,"yays":9837,"nays":726},{"committee":"Грозный, Старопромысловская","vibid":"2202000757917","voters":32069,"total":30208,"voted":30208,"spoiled":7,"yays":29804,"nays":397},{"committee":"Гудермесская","vibid":"2202000757929","voters":15109,"total":14535,"voted":14358,"spoiled":118,"yays":13317,"nays":923},{"committee":"Итум-Калинская","vibid":"2202000757922","voters":4361,"total":4126,"voted":4126,"spoiled":0,"yays":4003,"nays":123},{"committee":"Курчалоевская","vibid":"2202000757935","voters":52959,"total":51075,"voted":51075,"spoiled":9,"yays":50315,"nays":751},{"committee":"Надтеречная","vibid":"2202000757920","voters":2083,"total":1975,"voted":1975,"spoiled":9,"yays":1903,"nays":63},{"committee":"Наурская","vibid":"2202000757930","voters":33408,"total":31595,"voted":31595,"spoiled":0,"yays":31154,"nays":441},{"committee":"Ножай-Юртовская","vibid":"2202000757927","voters":31101,"total":29462,"voted":29462,"spoiled":0,"yays":29013,"nays":449},{"committee":"Серноводская","vibid":"2202000757919","voters":13594,"total":13006,"voted":13006,"spoiled":0,"yays":12628,"nays":378},{"committee":"Урус-Мартановская","vibid":"2202000757928","voters":80012,"total":76283,"voted":76283,"spoiled":77,"yays":74702,"nays":1504},{"committee":"Шалинская","vibid":"2202000757923","voters":58304,"total":56007,"voted":56007,"spoiled":0,"yays":54854,"nays":1153},{"committee":"Шаройская","vibid":"2202000757924","voters":1780,"total":1681,"voted":1681,"spoiled":3,"yays":1645,"nays":33},{"committee":"Шатойская","vibid":"2202000757921","voters":12796,"total":12016,"voted":12016,"spoiled":33,"yays":11772,"nays":211},{"committee":"Шелковская","vibid":"2202000757932","voters":23926,"total":22557,"voted":22557,"spoiled":0,"yays":22100,"nays":457}]