[{"committee":"Аннинская","vibid":"23620001496303","voters":34515,"total":31954,"voted":31954,"spoiled":25,"yays":29277,"nays":2652},{"committee":"Бобровская","vibid":"23620001496305","voters":37820,"total":35353,"voted":35353,"spoiled":52,"yays":32819,"nays":2482},{"committee":"Богучарская","vibid":"23620001496294","voters":30435,"total":26726,"voted":26726,"spoiled":146,"yays":23496,"nays":3084},{"committee":"Борисоглебская","vibid":"23620001496300","voters":56790,"total":41526,"voted":41526,"spoiled":257,"yays":30802,"nays":10467},{"committee":"Бутурлиновская","vibid":"23620001496309","voters":36795,"total":34297,"voted":34289,"spoiled":241,"yays":31827,"nays":2221},{"committee":"Верхнемамонская","vibid":"23620001496327","voters":14924,"total":12143,"voted":12143,"spoiled":55,"yays":9808,"nays":2280},{"committee":"Верхнехавская","vibid":"23620001496316","voters":18717,"total":16314,"voted":16313,"spoiled":131,"yays":12107,"nays":4075},{"committee":"Воробьевская","vibid":"23620001496311","voters":13220,"total":12477,"voted":12477,"spoiled":49,"yays":11670,"nays":758},{"committee":"Воронеж, Железнодорожная","vibid":"23620001496319","voters":114146,"total":58008,"voted":57996,"spoiled":452,"yays":39571,"nays":17973},{"committee":"Воронеж, Коминтерновская","vibid":"23620001496297","voters":233382,"total":149095,"voted":149048,"spoiled":988,"yays":108775,"nays":39285},{"committee":"Воронеж, Левобережная","vibid":"23620001496326","voters":149014,"total":92237,"voted":92236,"spoiled":757,"yays":70946,"nays":20533},{"committee":"Воронеж, Ленинская","vibid":"23620001496312","voters":95645,"total":48809,"voted":48770,"spoiled":314,"yays":35421,"nays":13035},{"committee":"Воронеж, Советская","vibid":"23620001496320","voters":167154,"total":93088,"voted":93058,"spoiled":998,"yays":66220,"nays":25840},{"committee":"Воронеж, Центральная","vibid":"23620001496317","voters":84008,"total":40912,"voted":40905,"spoiled":331,"yays":24860,"nays":15714},{"committee":"Грибановская","vibid":"23620001496295","voters":24574,"total":21164,"voted":21164,"spoiled":105,"yays":16897,"nays":4162},{"committee":"Калачеевская","vibid":"23620001496318","voters":40430,"total":33074,"voted":33072,"spoiled":603,"yays":28052,"nays":4417},{"committee":"Каменская","vibid":"23620001496315","voters":13463,"total":11867,"voted":11867,"spoiled":85,"yays":10282,"nays":1500},{"committee":"Кантемировская","vibid":"23620001496298","voters":25727,"total":19957,"voted":19957,"spoiled":123,"yays":13658,"nays":6176},{"committee":"Каширская","vibid":"23620001496313","voters":19193,"total":17124,"voted":17124,"spoiled":172,"yays":14629,"nays":2323},{"committee":"Лискинская","vibid":"23620001496324","voters":82773,"total":67766,"voted":67766,"spoiled":253,"yays":58849,"nays":8664},{"committee":"Нижнедевицкая","vibid":"23620001496296","voters":14391,"total":13203,"voted":13202,"spoiled":65,"yays":12175,"nays":962},{"committee":"Нововоронежская городская","vibid":"23620001496323","voters":29059,"total":16108,"voted":16106,"spoiled":155,"yays":10693,"nays":5258},{"committee":"Новоусманская","vibid":"23620001496302","voters":62958,"total":57685,"voted":57683,"spoiled":1510,"yays":49882,"nays":6291},{"committee":"Новохоперская","vibid":"23620001496306","voters":28345,"total":26060,"voted":26060,"spoiled":91,"yays":24026,"nays":1943},{"committee":"Ольховатская","vibid":"23620001496304","voters":17412,"total":14313,"voted":14312,"spoiled":106,"yays":12522,"nays":1684},{"committee":"Острогожская","vibid":"23620001496293","voters":41134,"total":38183,"voted":38183,"spoiled":118,"yays":34306,"nays":3759},{"committee":"Павловская","vibid":"23620001496331","voters":40684,"total":35169,"voted":35156,"spoiled":272,"yays":27744,"nays":7140},{"committee":"Панинская","vibid":"23620001496301","voters":20014,"total":18438,"voted":18438,"spoiled":43,"yays":16750,"nays":1645},{"committee":"Петропавловская","vibid":"23620001496328","voters":14336,"total":13908,"voted":13908,"spoiled":25,"yays":13120,"nays":763},{"committee":"Поворинская","vibid":"23620001496299","voters":23648,"total":22221,"voted":22221,"spoiled":101,"yays":20939,"nays":1181},{"committee":"Подгоренская","vibid":"23620001496307","voters":18900,"total":16278,"voted":16278,"spoiled":46,"yays":15265,"nays":967},{"committee":"Рамонская","vibid":"23620001496314","voters":28685,"total":23852,"voted":23851,"spoiled":83,"yays":19885,"nays":3883},{"committee":"Репьевская","vibid":"23620001496322","voters":12778,"total":11307,"voted":11307,"spoiled":30,"yays":10284,"nays":993},{"committee":"Россошанская","vibid":"23620001496329","voters":69579,"total":50975,"voted":50974,"spoiled":404,"yays":36898,"nays":13672},{"committee":"Cемилукская","vibid":"23620001496330","voters":50491,"total":35912,"voted":35912,"spoiled":166,"yays":28206,"nays":7540},{"committee":"Таловская","vibid":"23620001496310","voters":29352,"total":26718,"voted":26718,"spoiled":118,"yays":22760,"nays":3840},{"committee":"Терновская","vibid":"23620001496308","voters":15529,"total":13796,"voted":13796,"spoiled":227,"yays":12470,"nays":1099},{"committee":"Хохольская","vibid":"23620001496321","voters":23374,"total":21751,"voted":21751,"spoiled":39,"yays":19350,"nays":2362},{"committee":"Эртильская","vibid":"23620001496325","voters":19331,"total":16732,"voted":16732,"spoiled":245,"yays":12804,"nays":3683}]