[{"committee":"Пенза, Октябрьская","vibid":"2582000983765","voters":147209,"total":94646,"voted":94581,"spoiled":565,"yays":79694,"nays":14322},{"committee":"Пенза, Железнодорожная","vibid":"2582000983764","voters":85222,"total":58825,"voted":58809,"spoiled":232,"yays":48177,"nays":10400},{"committee":"Пенза, Ленинская","vibid":"2582000983763","voters":68767,"total":44172,"voted":44071,"spoiled":347,"yays":34284,"nays":9440},{"committee":"Пенза, Первомайская","vibid":"2582000983762","voters":101544,"total":68833,"voted":68798,"spoiled":321,"yays":56870,"nays":11607},{"committee":"Зареченская городская","vibid":"2582000983761","voters":50716,"total":30418,"voted":30418,"spoiled":380,"yays":19282,"nays":10756},{"committee":"Кузнецкая городская ","vibid":"2582000983760","voters":65354,"total":47020,"voted":47015,"spoiled":329,"yays":36919,"nays":9767},{"committee":"Башмаковская","vibid":"2582000983759","voters":15705,"total":14083,"voted":14082,"spoiled":31,"yays":13064,"nays":987},{"committee":"Бековская","vibid":"2582000983758","voters":11453,"total":9364,"voted":9364,"spoiled":55,"yays":7108,"nays":2201},{"committee":"Белинская","vibid":"2582000983757","voters":20146,"total":15478,"voted":15478,"spoiled":31,"yays":13706,"nays":1741},{"committee":"Бессоновская","vibid":"2582000983756","voters":34684,"total":31347,"voted":31347,"spoiled":173,"yays":28589,"nays":2585},{"committee":"Вадинская","vibid":"2582000983755","voters":6361,"total":5501,"voted":5501,"spoiled":8,"yays":4890,"nays":603},{"committee":"Городищенская","vibid":"2582000983754","voters":37304,"total":32361,"voted":32359,"spoiled":213,"yays":29538,"nays":2608},{"committee":"Земетчинская","vibid":"2582000983753","voters":17443,"total":14913,"voted":14912,"spoiled":45,"yays":13321,"nays":1546},{"committee":"Иссинская","vibid":"2582000983752","voters":8104,"total":6962,"voted":6962,"spoiled":13,"yays":5858,"nays":1091},{"committee":"Каменская","vibid":"2582000983751","voters":42843,"total":36706,"voted":36706,"spoiled":78,"yays":31530,"nays":5098},{"committee":"Камешкирская","vibid":"2582000983750","voters":8648,"total":7422,"voted":7421,"spoiled":14,"yays":6847,"nays":560},{"committee":"Колышлейская","vibid":"2582000983749","voters":17496,"total":14559,"voted":14559,"spoiled":23,"yays":13018,"nays":1518},{"committee":"Кузнецкая","vibid":"2582000983748","voters":27796,"total":23800,"voted":23798,"spoiled":87,"yays":19635,"nays":4076},{"committee":"Лопатинская","vibid":"2582000983747","voters":10131,"total":8948,"voted":8948,"spoiled":10,"yays":8544,"nays":394},{"committee":"Лунинская","vibid":"2582000983746","voters":15023,"total":13014,"voted":13013,"spoiled":94,"yays":11046,"nays":1873},{"committee":"Малосердобинская","vibid":"2582000983745","voters":7084,"total":6437,"voted":6437,"spoiled":33,"yays":5975,"nays":429},{"committee":"Мокшанская","vibid":"2582000983744","voters":20571,"total":17871,"voted":17761,"spoiled":24,"yays":15636,"nays":2101},{"committee":"Наровчатская","vibid":"2582000983743","voters":8819,"total":7671,"voted":7671,"spoiled":8,"yays":7002,"nays":661},{"committee":"Неверкинская","vibid":"2582000983742","voters":11742,"total":10644,"voted":10644,"spoiled":6,"yays":9596,"nays":1042},{"committee":"Нижнеломовская","vibid":"2582000983741","voters":30448,"total":26478,"voted":26478,"spoiled":61,"yays":24314,"nays":2103},{"committee":"Никольская","vibid":"2582000983740","voters":25145,"total":22878,"voted":22878,"spoiled":73,"yays":21455,"nays":1350},{"committee":"Пачелмская","vibid":"2582000983739","voters":11577,"total":9490,"voted":9487,"spoiled":44,"yays":7924,"nays":1519},{"committee":"Пензенская ","vibid":"2582000983738","voters":43148,"total":39431,"voted":39421,"spoiled":85,"yays":38331,"nays":1005},{"committee":"Сердобская","vibid":"2582000983737","voters":39484,"total":32354,"voted":32353,"spoiled":91,"yays":26428,"nays":5834},{"committee":"Сосновоборская","vibid":"2582000983736","voters":12483,"total":11077,"voted":11076,"spoiled":4,"yays":10166,"nays":906},{"committee":"Спасская","vibid":"2582000983735","voters":8776,"total":7454,"voted":7454,"spoiled":58,"yays":6546,"nays":850},{"committee":"Тамалинская ","vibid":"2582000983734","voters":11731,"total":9248,"voted":9248,"spoiled":50,"yays":7780,"nays":1418},{"committee":"Шемышейская","vibid":"2582000983733","voters":12164,"total":11130,"voted":11130,"spoiled":30,"yays":10482,"nays":618}]