[{"committee":"Абинская","vibid":"22320002649338","voters":68924,"total":61748,"voted":61744,"spoiled":452,"yays":54645,"nays":6647},{"committee":"Анапская","vibid":"22320002649339","voters":154020,"total":139342,"voted":139227,"spoiled":728,"yays":124688,"nays":13811},{"committee":"Апшеронская","vibid":"22320002649328","voters":59284,"total":55687,"voted":55631,"spoiled":269,"yays":51801,"nays":3561},{"committee":"Армавирская","vibid":"22320002649335","voters":127325,"total":112737,"voted":112672,"spoiled":993,"yays":102476,"nays":9203},{"committee":"Белоглинская","vibid":"22320002649311","voters":23666,"total":21537,"voted":21537,"spoiled":109,"yays":19485,"nays":1943},{"committee":"Белореченская","vibid":"22320002649321","voters":82371,"total":72848,"voted":72516,"spoiled":366,"yays":62302,"nays":9848},{"committee":"Брюховецкая","vibid":"22320002649350","voters":42394,"total":38888,"voted":38888,"spoiled":178,"yays":35027,"nays":3683},{"committee":"Выселковская","vibid":"22320002649313","voters":46845,"total":41725,"voted":41724,"spoiled":206,"yays":36374,"nays":5144},{"committee":"Геленджикская","vibid":"22320002649354","voters":86260,"total":70268,"voted":70250,"spoiled":293,"yays":63609,"nays":6348},{"committee":"Горячеключевская","vibid":"22320002649331","voters":50310,"total":41812,"voted":41812,"spoiled":167,"yays":36503,"nays":5142},{"committee":"Гулькевичская","vibid":"22320002649322","voters":70741,"total":63036,"voted":63036,"spoiled":222,"yays":58323,"nays":4491},{"committee":"Динская","vibid":"22320002649345","voters":106987,"total":97725,"voted":97530,"spoiled":403,"yays":86602,"nays":10525},{"committee":"Ейская районная","vibid":"22320002649316","voters":31712,"total":27844,"voted":27842,"spoiled":121,"yays":24863,"nays":2858},{"committee":"Ейская городская","vibid":"22320002649352","voters":72957,"total":50902,"voted":50847,"spoiled":462,"yays":41565,"nays":8820},{"committee":"Кавказская","vibid":"22320002649329","voters":33177,"total":31494,"voted":31494,"spoiled":28,"yays":28081,"nays":3385},{"committee":"Калининская","vibid":"22320002649315","voters":36952,"total":32395,"voted":32395,"spoiled":152,"yays":28949,"nays":3294},{"committee":"Каневская","vibid":"22320002649348","voters":73108,"total":70149,"voted":70149,"spoiled":228,"yays":66460,"nays":3461},{"committee":"Кореновская","vibid":"22320002649332","voters":67885,"total":62857,"voted":62810,"spoiled":275,"yays":56862,"nays":5673},{"committee":"Красноармейская","vibid":"22320002649347","voters":80759,"total":72560,"voted":72557,"spoiled":283,"yays":65959,"nays":6315},{"committee":"Краснодар, Западная","vibid":"22320002649318","voters":140640,"total":98638,"voted":98613,"spoiled":615,"yays":82395,"nays":15603},{"committee":"Краснодар, Карасунская","vibid":"22320002649330","voters":222147,"total":163153,"voted":163039,"spoiled":1130,"yays":128429,"nays":33480},{"committee":"Краснодар, Прикубанская","vibid":"22320002649356","voters":183502,"total":126738,"voted":126228,"spoiled":303,"yays":98883,"nays":27042},{"committee":"Краснодар, Центральная","vibid":"22320002649336","voters":124646,"total":86781,"voted":86724,"spoiled":292,"yays":68038,"nays":18394},{"committee":"Кропоткинская","vibid":"22320002649307","voters":55843,"total":52897,"voted":52897,"spoiled":23,"yays":47288,"nays":5586},{"committee":"Крыловская","vibid":"22320002649306","voters":25404,"total":22333,"voted":22332,"spoiled":218,"yays":18802,"nays":3312},{"committee":"Крымская","vibid":"22320002649327","voters":98261,"total":90519,"voted":90519,"spoiled":298,"yays":83703,"nays":6518},{"committee":"Курганинская","vibid":"22320002649325","voters":68784,"total":60764,"voted":60764,"spoiled":323,"yays":54483,"nays":5958},{"committee":"Кущевская","vibid":"22320002649303","voters":51220,"total":42951,"voted":42949,"spoiled":265,"yays":37441,"nays":5243},{"committee":"Лабинская","vibid":"22320002649323","voters":73427,"total":65471,"voted":65248,"spoiled":412,"yays":59937,"nays":4899},{"committee":"Ленинградская","vibid":"22320002649334","voters":48700,"total":40937,"voted":40935,"spoiled":227,"yays":33921,"nays":6787},{"committee":"Мостовская","vibid":"22320002649309","voters":49845,"total":44114,"voted":44113,"spoiled":186,"yays":41238,"nays":2689},{"committee":"Новокубанская","vibid":"22320002649314","voters":64171,"total":57950,"voted":57801,"spoiled":369,"yays":51622,"nays":5810},{"committee":"Новопокровская","vibid":"22320002649317","voters":33045,"total":27614,"voted":27614,"spoiled":71,"yays":24286,"nays":3257},{"committee":"Новороссийск, Восточная","vibid":"22320002649324","voters":25988,"total":24870,"voted":24870,"spoiled":58,"yays":23673,"nays":1139},{"committee":"Новороссийск, Приморская","vibid":"22320002649359","voters":59451,"total":57224,"voted":57100,"spoiled":135,"yays":55255,"nays":1710},{"committee":"Новороссийск, Судовая","vibid":"22320002649312","voters":116,"total":116,"voted":116,"spoiled":1,"yays":64,"nays":51},{"committee":"Новороссийск, Центральная","vibid":"22320002649341","voters":48320,"total":45111,"voted":45035,"spoiled":104,"yays":43429,"nays":1502},{"committee":"Отрадненская","vibid":"22320002649355","voters":45772,"total":39989,"voted":39985,"spoiled":200,"yays":36365,"nays":3420},{"committee":"Павловская","vibid":"22320002649319","voters":50673,"total":48137,"voted":48132,"spoiled":108,"yays":46343,"nays":1681},{"committee":"Приморско-Ахтарская","vibid":"22320002649358","voters":42584,"total":39942,"voted":39942,"spoiled":155,"yays":36592,"nays":3195},{"committee":"Северская","vibid":"22320002649301","voters":89195,"total":80493,"voted":80489,"spoiled":728,"yays":72669,"nays":7092},{"committee":"Славянская","vibid":"22320002649310","voters":97388,"total":85641,"voted":85484,"spoiled":389,"yays":76622,"nays":8473},{"committee":"Сочи, Адлерская","vibid":"22320002649357","voters":107694,"total":96667,"voted":96658,"spoiled":500,"yays":90085,"nays":6073},{"committee":"Сочи, Лазаревская","vibid":"22320002649300","voters":71374,"total":65255,"voted":65255,"spoiled":191,"yays":60623,"nays":4441},{"committee":"Сочи, Хостинская","vibid":"22320002649351","voters":74016,"total":65637,"voted":65565,"spoiled":213,"yays":60977,"nays":4375},{"committee":"Сочи, Центральная","vibid":"22320002649337","voters":124297,"total":109635,"voted":109467,"spoiled":788,"yays":99472,"nays":9207},{"committee":"Староминская","vibid":"22320002649353","voters":31002,"total":28367,"voted":28363,"spoiled":163,"yays":24800,"nays":3400},{"committee":"Тбилисская","vibid":"22320002649343","voters":35508,"total":28412,"voted":28408,"spoiled":346,"yays":25200,"nays":2862},{"committee":"Темрюкская","vibid":"22320002649304","voters":87470,"total":79785,"voted":79781,"spoiled":825,"yays":75713,"nays":3243},{"committee":"Тимашевская","vibid":"22320002649342","voters":82659,"total":72765,"voted":72336,"spoiled":317,"yays":66724,"nays":5295},{"committee":"Тихорецкая районная","vibid":"22320002649333","voters":44021,"total":41959,"voted":41895,"spoiled":86,"yays":39174,"nays":2635},{"committee":"Тихорецкая городская","vibid":"22320002649349","voters":48549,"total":46252,"voted":46252,"spoiled":98,"yays":44351,"nays":1803},{"committee":"Туапсинская районная","vibid":"22320002649344","voters":43580,"total":37296,"voted":37290,"spoiled":397,"yays":32522,"nays":4371},{"committee":"Туапсинская городская","vibid":"22320002649302","voters":47467,"total":40876,"voted":40874,"spoiled":264,"yays":35255,"nays":5355},{"committee":"Успенская","vibid":"22320002649308","voters":29562,"total":28110,"voted":28110,"spoiled":127,"yays":26097,"nays":1886},{"committee":"Усть-Лабинская","vibid":"22320002649340","voters":79468,"total":70892,"voted":70891,"spoiled":432,"yays":63675,"nays":6784},{"committee":"Щербиновская","vibid":"22320002649320","voters":28420,"total":22654,"voted":22653,"spoiled":293,"yays":18923,"nays":3437},{"committee":"Новороссийск, Южная","vibid":"22320002649305","voters":53407,"total":49531,"voted":49531,"spoiled":234,"yays":47098,"nays":2199},{"committee":"Новороссийск, Пригородная","vibid":"22320002649346","voters":44428,"total":42954,"voted":42954,"spoiled":67,"yays":41468,"nays":1419},{"committee":"Краснодар, Калининская","vibid":"22320002649326","voters":187270,"total":128336,"voted":128321,"spoiled":443,"yays":100944,"nays":26934}]