[{"committee":"Бабынинская","vibid":"2402000946533","voters":16441,"total":12151,"voted":12151,"spoiled":120,"yays":8725,"nays":3306},{"committee":"Барятинская","vibid":"2402000946560","voters":3665,"total":2959,"voted":2959,"spoiled":24,"yays":2183,"nays":752},{"committee":"Боровская","vibid":"2402000946559","voters":45889,"total":35503,"voted":35503,"spoiled":220,"yays":24786,"nays":10497},{"committee":"Дзержинская","vibid":"2402000946558","voters":40979,"total":26332,"voted":26320,"spoiled":215,"yays":17968,"nays":8137},{"committee":"Думиничская","vibid":"2402000946557","voters":10003,"total":6701,"voted":6701,"spoiled":62,"yays":5176,"nays":1463},{"committee":"Жиздринская","vibid":"2402000946556","voters":7828,"total":6246,"voted":6246,"spoiled":63,"yays":4506,"nays":1677},{"committee":"Жуковская","vibid":"2402000946555","voters":38718,"total":27237,"voted":27127,"spoiled":338,"yays":18866,"nays":7923},{"committee":"Износковская","vibid":"2402000946554","voters":3824,"total":3539,"voted":3539,"spoiled":39,"yays":2496,"nays":1004},{"committee":"Калуга, Ленинская","vibid":"2402000946553","voters":113714,"total":54803,"voted":54769,"spoiled":508,"yays":37262,"nays":16999},{"committee":"Калуга, Московская","vibid":"2402000946552","voters":98497,"total":49765,"voted":49714,"spoiled":542,"yays":34555,"nays":14617},{"committee":"Калуга, Октябрьская","vibid":"2402000946551","voters":79328,"total":37270,"voted":37255,"spoiled":306,"yays":25789,"nays":11160},{"committee":"Кировская","vibid":"2402000946550","voters":29172,"total":22074,"voted":22073,"spoiled":176,"yays":15157,"nays":6740},{"committee":"Козельская","vibid":"2402000946549","voters":29892,"total":20222,"voted":20220,"spoiled":154,"yays":14543,"nays":5523},{"committee":"Куйбышевская","vibid":"2402000946548","voters":5665,"total":4521,"voted":4521,"spoiled":33,"yays":3228,"nays":1260},{"committee":"Людиновская","vibid":"2402000946547","voters":32540,"total":20535,"voted":20529,"spoiled":154,"yays":14537,"nays":5838},{"committee":"Малоярославецкая","vibid":"2402000946546","voters":45405,"total":28318,"voted":28312,"spoiled":221,"yays":19505,"nays":8586},{"committee":"Медынская","vibid":"2402000946545","voters":8489,"total":6753,"voted":6753,"spoiled":89,"yays":4452,"nays":2212},{"committee":"Мещовская","vibid":"2402000946544","voters":8397,"total":7061,"voted":7061,"spoiled":36,"yays":5464,"nays":1561},{"committee":"Мосальская","vibid":"2402000946543","voters":6193,"total":5133,"voted":5133,"spoiled":20,"yays":3925,"nays":1188},{"committee":"Обнинская городская","vibid":"2402000946542","voters":88427,"total":41431,"voted":40751,"spoiled":258,"yays":27293,"nays":13200},{"committee":"Перемышльская","vibid":"2402000946541","voters":10148,"total":8861,"voted":8861,"spoiled":53,"yays":6569,"nays":2239},{"committee":"Спас-Деменская","vibid":"2402000946540","voters":6294,"total":5229,"voted":5229,"spoiled":40,"yays":4302,"nays":887},{"committee":"Сухиничская","vibid":"2402000946539","voters":17777,"total":14533,"voted":14533,"spoiled":99,"yays":11317,"nays":3117},{"committee":"Тарусская","vibid":"2402000946538","voters":10470,"total":8537,"voted":8535,"spoiled":63,"yays":5834,"nays":2638},{"committee":"Ульяновская","vibid":"2402000946537","voters":5561,"total":4158,"voted":4158,"spoiled":27,"yays":3230,"nays":901},{"committee":"Ферзиковская","vibid":"2402000946536","voters":12216,"total":9550,"voted":9549,"spoiled":64,"yays":6833,"nays":2652},{"committee":"Хвастовичская","vibid":"2402000946535","voters":7745,"total":6698,"voted":6698,"spoiled":48,"yays":4844,"nays":1806},{"committee":"Юхновская","vibid":"2402000946534","voters":9036,"total":7585,"voted":7583,"spoiled":60,"yays":5403,"nays":2120}]