[{"committee":"Александровская","vibid":"2702000769719","voters":6729,"total":3225,"voted":3224,"spoiled":39,"yays":1978,"nays":1207},{"committee":"Асиновская","vibid":"2702000769721","voters":27561,"total":13674,"voted":13674,"spoiled":122,"yays":9694,"nays":3858},{"committee":"Бакчарская","vibid":"2702000769703","voters":9235,"total":5233,"voted":5233,"spoiled":63,"yays":3613,"nays":1557},{"committee":"Верхнекетская","vibid":"2702000769712","voters":12381,"total":6882,"voted":6881,"spoiled":51,"yays":4835,"nays":1995},{"committee":"Зырянская","vibid":"2702000769701","voters":11002,"total":5130,"voted":5130,"spoiled":37,"yays":3750,"nays":1343},{"committee":"Каргасокская","vibid":"2702000769723","voters":17931,"total":8697,"voted":8697,"spoiled":96,"yays":5565,"nays":3036},{"committee":"Кедровская городская","vibid":"2702000769711","voters":2705,"total":1270,"voted":1270,"spoiled":8,"yays":822,"nays":440},{"committee":"Кожевниковская","vibid":"2702000769702","voters":15631,"total":8122,"voted":8122,"spoiled":62,"yays":5990,"nays":2070},{"committee":"Колпашевская","vibid":"2702000769715","voters":32688,"total":17751,"voted":17751,"spoiled":214,"yays":12258,"nays":5279},{"committee":"Кривошеинская","vibid":"2702000769708","voters":10560,"total":4981,"voted":4981,"spoiled":43,"yays":3582,"nays":1356},{"committee":"Молчановская","vibid":"2702000769722","voters":10567,"total":4676,"voted":4676,"spoiled":55,"yays":3363,"nays":1258},{"committee":"Парабельская","vibid":"2702000769705","voters":10623,"total":5758,"voted":5758,"spoiled":74,"yays":3701,"nays":1983},{"committee":"Первомайская","vibid":"2702000769716","voters":14311,"total":7634,"voted":7634,"spoiled":79,"yays":5122,"nays":2433},{"committee":"Северская городская","vibid":"2702000769713","voters":90801,"total":46792,"voted":46753,"spoiled":636,"yays":29190,"nays":16927},{"committee":"Cтрежевская городская","vibid":"2702000769704","voters":29260,"total":12169,"voted":12168,"spoiled":118,"yays":7380,"nays":4670},{"committee":"Тегульдетская","vibid":"2702000769714","voters":5337,"total":2853,"voted":2853,"spoiled":47,"yays":2092,"nays":714},{"committee":"Томск, Кировская","vibid":"2702000769709","voters":80134,"total":34141,"voted":34132,"spoiled":334,"yays":20640,"nays":13158},{"committee":"Томск, Ленинская","vibid":"2702000769710","voters":84168,"total":30738,"voted":30715,"spoiled":323,"yays":19344,"nays":11048},{"committee":"Томск, Октябрьская","vibid":"2702000769707","voters":132896,"total":51052,"voted":51028,"spoiled":534,"yays":32341,"nays":18153},{"committee":"Томск, Советская","vibid":"2702000769720","voters":79480,"total":33376,"voted":33363,"spoiled":319,"yays":20060,"nays":12984},{"committee":"Томская","vibid":"2702000769706","voters":64501,"total":27367,"voted":27362,"spoiled":249,"yays":18592,"nays":8521},{"committee":"Чаинская","vibid":"2702000769718","voters":9125,"total":4650,"voted":4650,"spoiled":50,"yays":3261,"nays":1339},{"committee":"Шегарская","vibid":"2702000769717","voters":14281,"total":7862,"voted":7858,"spoiled":82,"yays":5873,"nays":1903}]