[{"committee":"Абдулинская городская","vibid":"25620001400109","voters":24018,"total":15934,"voted":15934,"spoiled":87,"yays":10660,"nays":5187},{"committee":"Адамовская","vibid":"25620001400111","voters":18121,"total":13223,"voted":13223,"spoiled":120,"yays":9207,"nays":3896},{"committee":"Акбулакская","vibid":"25620001400095","voters":18546,"total":14302,"voted":14302,"spoiled":117,"yays":11176,"nays":3009},{"committee":"Александровская","vibid":"25620001400104","voters":11948,"total":8757,"voted":8757,"spoiled":135,"yays":6580,"nays":2042},{"committee":"Асекеевская","vibid":"25620001400119","voters":15854,"total":11923,"voted":11923,"spoiled":31,"yays":9773,"nays":2119},{"committee":"Беляевская","vibid":"25620001400138","voters":13191,"total":9657,"voted":9657,"spoiled":54,"yays":7012,"nays":2591},{"committee":"Бугурусланская","vibid":"25620001400126","voters":15233,"total":12312,"voted":12277,"spoiled":183,"yays":9857,"nays":2237},{"committee":"Бугурусланская городская","vibid":"25620001400121","voters":36811,"total":27128,"voted":27120,"spoiled":620,"yays":19554,"nays":6946},{"committee":"Бузулукская","vibid":"25620001400131","voters":24821,"total":17463,"voted":17460,"spoiled":131,"yays":12044,"nays":5285},{"committee":"Бузулукская городская","vibid":"25620001400099","voters":64576,"total":47237,"voted":47237,"spoiled":595,"yays":34634,"nays":12008},{"committee":"Гайская городская","vibid":"25620001400122","voters":37094,"total":26403,"voted":26403,"spoiled":225,"yays":20300,"nays":5878},{"committee":"Грачевская","vibid":"25620001400132","voters":10831,"total":8398,"voted":8398,"spoiled":107,"yays":6172,"nays":2119},{"committee":"Домбаровская","vibid":"25620001400128","voters":11959,"total":8325,"voted":8325,"spoiled":79,"yays":5874,"nays":2372},{"committee":"Илекская","vibid":"25620001400096","voters":19386,"total":15176,"voted":15176,"spoiled":115,"yays":11865,"nays":3196},{"committee":"Кваркенская","vibid":"25620001400129","voters":13323,"total":10480,"voted":10480,"spoiled":108,"yays":7534,"nays":2838},{"committee":"Красногвардейская","vibid":"25620001400125","voters":16143,"total":11397,"voted":11396,"spoiled":53,"yays":8044,"nays":3299},{"committee":"Кувандыкская городская","vibid":"25620001400123","voters":34911,"total":21156,"voted":21156,"spoiled":117,"yays":14706,"nays":6333},{"committee":"Курманаевская","vibid":"25620001400136","voters":14234,"total":10987,"voted":10987,"spoiled":24,"yays":8515,"nays":2448},{"committee":"Матвеевская","vibid":"25620001400098","voters":9729,"total":6973,"voted":6972,"spoiled":37,"yays":4982,"nays":1953},{"committee":"Медногорская городская","vibid":"25620001400135","voters":21902,"total":15462,"voted":15462,"spoiled":118,"yays":10574,"nays":4770},{"committee":"Новоорская","vibid":"25620001400107","voters":23644,"total":16845,"voted":16845,"spoiled":121,"yays":10966,"nays":5758},{"committee":"Новосергиевская","vibid":"25620001400112","voters":26688,"total":17725,"voted":17725,"spoiled":129,"yays":12560,"nays":5036},{"committee":"Новотроицкая городская","vibid":"25620001400110","voters":73256,"total":50920,"voted":50908,"spoiled":1286,"yays":37129,"nays":12493},{"committee":"Октябрьская","vibid":"25620001400094","voters":16533,"total":12216,"voted":12216,"spoiled":122,"yays":8639,"nays":3455},{"committee":"Оренбург, Дзержинская","vibid":"25620001400143","voters":122822,"total":100141,"voted":99977,"spoiled":867,"yays":75965,"nays":23145},{"committee":"Оренбург, Ленинская","vibid":"25620001400105","voters":147106,"total":108958,"voted":108465,"spoiled":848,"yays":82246,"nays":25371},{"committee":"Оренбург, Промышленная","vibid":"25620001400139","voters":83383,"total":68713,"voted":68503,"spoiled":735,"yays":53461,"nays":14307},{"committee":"Оренбург, Центральная","vibid":"25620001400101","voters":70030,"total":47173,"voted":47165,"spoiled":503,"yays":35570,"nays":11092},{"committee":"Оренбургская","vibid":"25620001400113","voters":80127,"total":54291,"voted":54232,"spoiled":526,"yays":41256,"nays":12450},{"committee":"Орск, Ленинская","vibid":"25620001400124","voters":50707,"total":41767,"voted":41754,"spoiled":437,"yays":31305,"nays":10012},{"committee":"Орск, Октябрьская","vibid":"25620001400134","voters":70308,"total":53590,"voted":53468,"spoiled":651,"yays":35331,"nays":17486},{"committee":"Орск, Советская","vibid":"25620001400141","voters":55449,"total":43443,"voted":43282,"spoiled":489,"yays":29452,"nays":13341},{"committee":"Первомайская","vibid":"25620001400142","voters":18829,"total":12703,"voted":12703,"spoiled":61,"yays":9161,"nays":3481},{"committee":"Переволоцкая","vibid":"25620001400120","voters":20394,"total":13722,"voted":13722,"spoiled":102,"yays":9954,"nays":3666},{"committee":"Пономаревская","vibid":"25620001400115","voters":11305,"total":10051,"voted":10051,"spoiled":49,"yays":8517,"nays":1485},{"committee":"Сакмарская","vibid":"25620001400133","voters":21362,"total":14141,"voted":14141,"spoiled":193,"yays":10187,"nays":3761},{"committee":"Саракташская","vibid":"25620001400137","voters":31822,"total":20577,"voted":20574,"spoiled":143,"yays":14446,"nays":5985},{"committee":"Светлинская","vibid":"25620001400140","voters":9762,"total":6926,"voted":6926,"spoiled":109,"yays":5290,"nays":1527},{"committee":"Северная","vibid":"25620001400097","voters":10969,"total":8392,"voted":8391,"spoiled":120,"yays":6849,"nays":1422},{"committee":"Соль-Илецкая городская","vibid":"25620001400114","voters":38593,"total":23487,"voted":23487,"spoiled":168,"yays":15613,"nays":7706},{"committee":"Сорочинская городская","vibid":"25620001400127","voters":33532,"total":26607,"voted":26607,"spoiled":407,"yays":19916,"nays":6284},{"committee":"Ташлинская","vibid":"25620001400108","voters":18766,"total":14196,"voted":14142,"spoiled":438,"yays":10879,"nays":2825},{"committee":"Тоцкая","vibid":"25620001400130","voters":24559,"total":19471,"voted":19471,"spoiled":225,"yays":14333,"nays":4913},{"committee":"Тюльганская","vibid":"25620001400118","voters":15607,"total":10847,"voted":10845,"spoiled":488,"yays":7977,"nays":2380},{"committee":"Шарлыкская","vibid":"25620001400106","voters":14468,"total":11050,"voted":11050,"spoiled":105,"yays":8848,"nays":2097},{"committee":"Ясненская городская","vibid":"25620001400116","voters":15783,"total":11254,"voted":11254,"spoiled":135,"yays":7880,"nays":3239},{"committee":"ЗАТО Комаровская","vibid":"25620001400100","voters":4721,"total":3112,"voted":3112,"spoiled":22,"yays":1613,"nays":1477}]