[{"committee":"Адыгейская","vibid":"2012000434180","voters":11669,"total":9810,"voted":9810,"spoiled":30,"yays":8637,"nays":1143},{"committee":"Гиагинская","vibid":"2012000434179","voters":23649,"total":20817,"voted":20817,"spoiled":383,"yays":16951,"nays":3483},{"committee":"Кошехабльская","vibid":"2012000434178","voters":21809,"total":19278,"voted":19278,"spoiled":56,"yays":17209,"nays":2013},{"committee":"Красногвардейская","vibid":"2012000434177","voters":21110,"total":18855,"voted":18855,"spoiled":47,"yays":16330,"nays":2478},{"committee":"Майкопская районная ","vibid":"2012000434176","voters":46229,"total":36223,"voted":36209,"spoiled":533,"yays":27901,"nays":7775},{"committee":"Майкопская городская","vibid":"2012000434175","voters":131423,"total":101558,"voted":101551,"spoiled":851,"yays":86195,"nays":14505},{"committee":"Тахтамукайская ","vibid":"2012000434174","voters":60544,"total":50937,"voted":50937,"spoiled":262,"yays":43223,"nays":7452},{"committee":"Теучежская","vibid":"2012000434173","voters":13223,"total":12088,"voted":11960,"spoiled":10,"yays":10780,"nays":1170},{"committee":"Шовгеновская","vibid":"2012000434172","voters":11808,"total":10504,"voted":10504,"spoiled":20,"yays":9460,"nays":1024}]