[{"committee":"Алатырская","vibid":"22120001448661","voters":12405,"total":11573,"voted":11573,"spoiled":33,"yays":10655,"nays":885},{"committee":"Алатырская городская","vibid":"22120001448662","voters":27855,"total":15895,"voted":15893,"spoiled":153,"yays":11492,"nays":4248},{"committee":"Аликовская","vibid":"22120001448645","voters":12640,"total":11000,"voted":11000,"spoiled":378,"yays":9176,"nays":1446},{"committee":"Батыревская","vibid":"22120001448659","voters":26474,"total":25266,"voted":25266,"spoiled":295,"yays":20345,"nays":4626},{"committee":"Вурнарская","vibid":"22120001448630","voters":19537,"total":17243,"voted":17242,"spoiled":225,"yays":13057,"nays":3960},{"committee":"Ибресинская","vibid":"22120001448638","voters":15705,"total":14430,"voted":14430,"spoiled":220,"yays":10818,"nays":3392},{"committee":"Канашская","vibid":"22120001448668","voters":24177,"total":22320,"voted":22320,"spoiled":265,"yays":17403,"nays":4652},{"committee":"Канашская городская","vibid":"22120001448631","voters":33050,"total":20001,"voted":20001,"spoiled":167,"yays":14053,"nays":5781},{"committee":"Козловская","vibid":"22120001448670","voters":13040,"total":11164,"voted":11164,"spoiled":152,"yays":8454,"nays":2558},{"committee":"Комсомольская","vibid":"22120001448656","voters":18977,"total":17681,"voted":17681,"spoiled":406,"yays":13563,"nays":3712},{"committee":"Красноармейская","vibid":"22120001448639","voters":10125,"total":9756,"voted":9756,"spoiled":148,"yays":8645,"nays":963},{"committee":"Красночетайская","vibid":"22120001448663","voters":12245,"total":11113,"voted":11113,"spoiled":90,"yays":9275,"nays":1748},{"committee":"Марпосадская","vibid":"22120001448633","voters":17339,"total":15198,"voted":15198,"spoiled":132,"yays":12261,"nays":2805},{"committee":"Моргаушская","vibid":"22120001448669","voters":22816,"total":20146,"voted":20146,"spoiled":196,"yays":15429,"nays":4521},{"committee":"Новочебоксарская городская","vibid":"22120001448649","voters":97701,"total":47464,"voted":47448,"spoiled":580,"yays":30782,"nays":16086},{"committee":"Порецкая","vibid":"22120001448632","voters":9250,"total":8296,"voted":8295,"spoiled":253,"yays":6787,"nays":1255},{"committee":"Урмарская","vibid":"22120001448665","voters":17442,"total":14892,"voted":14892,"spoiled":121,"yays":11633,"nays":3138},{"committee":"Цивильская","vibid":"22120001448657","voters":24708,"total":17265,"voted":17260,"spoiled":206,"yays":12355,"nays":4699},{"committee":"Чебоксарская","vibid":"22120001448664","voters":44681,"total":31938,"voted":31936,"spoiled":376,"yays":21834,"nays":9726},{"committee":"Чебоксары, Калининская","vibid":"22120001448637","voters":125445,"total":56942,"voted":56890,"spoiled":569,"yays":36772,"nays":19549},{"committee":"Чебоксары, Ленинская","vibid":"22120001448653","voters":102908,"total":48859,"voted":48791,"spoiled":491,"yays":31695,"nays":16605},{"committee":"Чебоксары, Московская","vibid":"22120001448675","voters":141656,"total":69630,"voted":69597,"spoiled":644,"yays":44208,"nays":24745},{"committee":"Шемуршинская","vibid":"22120001448660","voters":10017,"total":9313,"voted":9313,"spoiled":89,"yays":7875,"nays":1349},{"committee":"Шумерлинская","vibid":"22120001448628","voters":7715,"total":6528,"voted":6528,"spoiled":159,"yays":5232,"nays":1137},{"committee":"Шумерлинская городская","vibid":"22120001448627","voters":24035,"total":14545,"voted":14545,"spoiled":178,"yays":10574,"nays":3793},{"committee":"Ядринская","vibid":"22120001448642","voters":21273,"total":17106,"voted":17104,"spoiled":168,"yays":13579,"nays":3357},{"committee":"Яльчикская","vibid":"22120001448641","voters":13704,"total":13419,"voted":13419,"spoiled":160,"yays":11774,"nays":1485},{"committee":"Янтиковская","vibid":"22120001448626","voters":10644,"total":9254,"voted":9254,"spoiled":71,"yays":7053,"nays":2130}]