[{"committee":"Александрово-Гайская","vibid":"26420001638380","voters":11398,"total":9753,"voted":9753,"spoiled":64,"yays":8395,"nays":1294},{"committee":"Аркадакская","vibid":"26420001638382","voters":17567,"total":15441,"voted":15441,"spoiled":31,"yays":13744,"nays":1666},{"committee":"Аткарская","vibid":"26420001638368","voters":29635,"total":23199,"voted":23199,"spoiled":174,"yays":19194,"nays":3831},{"committee":"Базарно-Карабулакская","vibid":"26420001638375","voters":23443,"total":20673,"voted":20673,"spoiled":47,"yays":18620,"nays":2006},{"committee":"Балаковская","vibid":"26420001638388","voters":154304,"total":124461,"voted":124102,"spoiled":1026,"yays":100700,"nays":22376},{"committee":"Балашовская","vibid":"26420001638406","voters":79278,"total":55588,"voted":54983,"spoiled":843,"yays":40911,"nays":13229},{"committee":"Балтайская","vibid":"26420001638390","voters":8747,"total":7461,"voted":7461,"spoiled":117,"yays":6256,"nays":1088},{"committee":"Вольская","vibid":"26420001638398","voters":61639,"total":51343,"voted":51089,"spoiled":221,"yays":43791,"nays":7077},{"committee":"Воскресенская","vibid":"26420001638372","voters":8569,"total":7189,"voted":7177,"spoiled":308,"yays":5603,"nays":1266},{"committee":"Дергачевская","vibid":"26420001638407","voters":16142,"total":13392,"voted":13392,"spoiled":68,"yays":11809,"nays":1515},{"committee":"Духовницкая","vibid":"26420001638391","voters":10061,"total":7083,"voted":7083,"spoiled":30,"yays":5486,"nays":1567},{"committee":"Екатериновская","vibid":"26420001638399","voters":13810,"total":11245,"voted":11245,"spoiled":88,"yays":9126,"nays":2031},{"committee":"Ершовская","vibid":"26420001638396","voters":29704,"total":23048,"voted":23034,"spoiled":113,"yays":19889,"nays":3032},{"committee":"Ивантеевская","vibid":"26420001638369","voters":11038,"total":8831,"voted":8831,"spoiled":97,"yays":6831,"nays":1903},{"committee":"Калининская","vibid":"26420001638397","voters":26555,"total":20778,"voted":20778,"spoiled":129,"yays":17483,"nays":3166},{"committee":"Красноармейская","vibid":"26420001638394","voters":30204,"total":25816,"voted":25816,"spoiled":120,"yays":22275,"nays":3421},{"committee":"Краснокутская","vibid":"26420001638373","voters":24903,"total":17918,"voted":17918,"spoiled":316,"yays":13193,"nays":4409},{"committee":"Краснопартизанская","vibid":"26420001638392","voters":9555,"total":8416,"voted":8416,"spoiled":401,"yays":6858,"nays":1157},{"committee":"Лысогорская","vibid":"26420001638403","voters":14461,"total":12559,"voted":12559,"spoiled":173,"yays":10722,"nays":1664},{"committee":"Марксовская","vibid":"26420001638371","voters":47504,"total":38836,"voted":38834,"spoiled":381,"yays":32543,"nays":5910},{"committee":"Новобурасская","vibid":"26420001638402","voters":12056,"total":9758,"voted":9758,"spoiled":150,"yays":7440,"nays":2168},{"committee":"Новоузенская","vibid":"26420001638378","voters":22494,"total":18643,"voted":18641,"spoiled":67,"yays":16589,"nays":1985},{"committee":"Озинская","vibid":"26420001638383","voters":14883,"total":12614,"voted":12614,"spoiled":67,"yays":10975,"nays":1572},{"committee":"Перелюбская","vibid":"26420001638381","voters":11337,"total":8494,"voted":8494,"spoiled":158,"yays":6112,"nays":2224},{"committee":"Петровская","vibid":"26420001638367","voters":31744,"total":23493,"voted":23493,"spoiled":960,"yays":19368,"nays":3165},{"committee":"Питерская","vibid":"26420001638412","voters":11694,"total":9770,"voted":9770,"spoiled":47,"yays":8138,"nays":1585},{"committee":"Пугачевская","vibid":"26420001638376","voters":41123,"total":26656,"voted":26656,"spoiled":265,"yays":18656,"nays":7735},{"committee":"Ровенская","vibid":"26420001638408","voters":13128,"total":11997,"voted":11997,"spoiled":53,"yays":10789,"nays":1155},{"committee":"Романовская","vibid":"26420001638374","voters":10429,"total":8007,"voted":8007,"spoiled":147,"yays":6741,"nays":1119},{"committee":"Ртищевская","vibid":"26420001638384","voters":40441,"total":32738,"voted":32738,"spoiled":256,"yays":28528,"nays":3954},{"committee":"Самойловская","vibid":"26420001638393","voters":14505,"total":11082,"voted":11082,"spoiled":158,"yays":8577,"nays":2347},{"committee":"Саратов, Волжская","vibid":"26420001638401","voters":75522,"total":56642,"voted":56606,"spoiled":297,"yays":47363,"nays":8946},{"committee":"Саратов, Заводская","vibid":"26420001638410","voters":146653,"total":103210,"voted":103169,"spoiled":406,"yays":80847,"nays":21916},{"committee":"Саратов, Кировская","vibid":"26420001638411","voters":116931,"total":83792,"voted":83757,"spoiled":1362,"yays":64655,"nays":17740},{"committee":"Саратов, Ленинская","vibid":"26420001638389","voters":209732,"total":157861,"voted":157432,"spoiled":465,"yays":128921,"nays":28046},{"committee":"Саратов, Октябрьская","vibid":"26420001638386","voters":87181,"total":61753,"voted":61672,"spoiled":506,"yays":48587,"nays":12579},{"committee":"Саратов, Фрунзенская","vibid":"26420001638400","voters":38628,"total":26806,"voted":26785,"spoiled":124,"yays":22326,"nays":4335},{"committee":"Саратовская","vibid":"26420001638404","voters":37676,"total":33816,"voted":33814,"spoiled":137,"yays":30582,"nays":3095},{"committee":"Советская","vibid":"26420001638409","voters":20235,"total":15763,"voted":15763,"spoiled":100,"yays":12766,"nays":2897},{"committee":"Татищевская","vibid":"26420001638370","voters":21853,"total":20459,"voted":20458,"spoiled":17,"yays":19024,"nays":1417},{"committee":"Светловская","vibid":"26420001638385","voters":8247,"total":5068,"voted":5065,"spoiled":72,"yays":2879,"nays":2114},{"committee":"Турковская","vibid":"26420001638405","voters":9123,"total":7761,"voted":7761,"spoiled":64,"yays":6577,"nays":1120},{"committee":"Федоровская","vibid":"26420001638366","voters":14615,"total":11758,"voted":11758,"spoiled":75,"yays":9516,"nays":2167},{"committee":"Хвалынская","vibid":"26420001638395","voters":17837,"total":15547,"voted":15547,"spoiled":8,"yays":14570,"nays":969},{"committee":"Энгельсская","vibid":"26420001638379","voters":215968,"total":164585,"voted":164562,"spoiled":740,"yays":139298,"nays":24524},{"committee":"Шиханская","vibid":"26420001638377","voters":4649,"total":3842,"voted":3842,"spoiled":113,"yays":3343,"nays":386},{"committee":"Михайловская","vibid":"26420001638387","voters":1443,"total":1223,"voted":1223,"spoiled":1,"yays":1101,"nays":121}]