[{"committee":"Беломорская","vibid":"2102000856900","voters":14885,"total":7308,"voted":7306,"spoiled":61,"yays":5607,"nays":1638},{"committee":"Калевальская","vibid":"2102000856899","voters":6471,"total":3778,"voted":3777,"spoiled":23,"yays":2918,"nays":836},{"committee":"Кемская","vibid":"2102000856898","voters":13247,"total":6343,"voted":6343,"spoiled":70,"yays":4411,"nays":1862},{"committee":"Кондопожская","vibid":"2102000856897","voters":32389,"total":15045,"voted":15037,"spoiled":238,"yays":10603,"nays":4196},{"committee":"Костомукшская городская","vibid":"2102000856896","voters":23740,"total":11741,"voted":11738,"spoiled":83,"yays":8099,"nays":3556},{"committee":"Лахденпохская","vibid":"2102000856895","voters":11360,"total":5587,"voted":5587,"spoiled":61,"yays":4094,"nays":1432},{"committee":"Лоухская","vibid":"2102000856894","voters":11851,"total":5131,"voted":5131,"spoiled":56,"yays":3914,"nays":1161},{"committee":"Медвежьегорская","vibid":"2102000856893","voters":25545,"total":12070,"voted":12069,"spoiled":106,"yays":9017,"nays":2946},{"committee":"Муезерская","vibid":"2102000856892","voters":10074,"total":4767,"voted":4765,"spoiled":49,"yays":3555,"nays":1161},{"committee":"Олонецкая","vibid":"2102000856891","voters":19433,"total":9846,"voted":9845,"spoiled":104,"yays":7668,"nays":2073},{"committee":"Петрозаводская городская №1","vibid":"2102000856890","voters":106040,"total":45642,"voted":45618,"spoiled":397,"yays":29585,"nays":15636},{"committee":"Петрозаводская городская №2","vibid":"2102000856889","voters":100974,"total":45052,"voted":45026,"spoiled":367,"yays":29647,"nays":15012},{"committee":"Питкярантская","vibid":"2102000856888","voters":16853,"total":6984,"voted":6980,"spoiled":57,"yays":5145,"nays":1778},{"committee":"Прионежская","vibid":"2102000856887","voters":24440,"total":11684,"voted":11683,"spoiled":132,"yays":8627,"nays":2924},{"committee":"Пряжинская","vibid":"2102000856886","voters":13033,"total":6073,"voted":6069,"spoiled":73,"yays":4638,"nays":1358},{"committee":"Пудожская","vibid":"2102000856885","voters":17749,"total":8527,"voted":8526,"spoiled":89,"yays":6544,"nays":1893},{"committee":"Сегежская","vibid":"2102000856884","voters":30519,"total":13917,"voted":13904,"spoiled":118,"yays":10226,"nays":3560},{"committee":"Сортавальская","vibid":"2102000856883","voters":25276,"total":12197,"voted":12195,"spoiled":118,"yays":8599,"nays":3478},{"committee":"Суоярвская","vibid":"2102000856882","voters":15031,"total":7385,"voted":7385,"spoiled":89,"yays":5492,"nays":1804}]