[{"committee":"Александровская","vibid":"22620001200018","voters":32179,"total":27708,"voted":27608,"spoiled":107,"yays":23464,"nays":4037},{"committee":"Андроповская","vibid":"22620001200020","voters":21021,"total":17597,"voted":17597,"spoiled":60,"yays":14959,"nays":2578},{"committee":"Апанасенковская","vibid":"22620001200009","voters":22826,"total":18238,"voted":18237,"spoiled":111,"yays":15808,"nays":2318},{"committee":"Арзгирская","vibid":"22620001200015","voters":17725,"total":13737,"voted":13736,"spoiled":125,"yays":12694,"nays":917},{"committee":"Благодарненская","vibid":"22620001200024","voters":41375,"total":35448,"voted":35447,"spoiled":521,"yays":31292,"nays":3634},{"committee":"Буденновская","vibid":"22620001200039","voters":77182,"total":59488,"voted":59460,"spoiled":1260,"yays":49738,"nays":8462},{"committee":"Георгиевская","vibid":"22620001200030","voters":63151,"total":51614,"voted":51613,"spoiled":1030,"yays":44100,"nays":6483},{"committee":"Грачевская","vibid":"22620001200025","voters":25208,"total":21040,"voted":21038,"spoiled":361,"yays":19684,"nays":993},{"committee":"Ессентукская городская","vibid":"22620001200033","voters":67366,"total":56823,"voted":56821,"spoiled":5291,"yays":48457,"nays":3073},{"committee":"Железноводская городская","vibid":"22620001200012","voters":36977,"total":31294,"voted":31294,"spoiled":175,"yays":25721,"nays":5398},{"committee":"Изобильненская","vibid":"22620001200038","voters":70312,"total":58651,"voted":58395,"spoiled":601,"yays":51659,"nays":6135},{"committee":"Ипатовская","vibid":"22620001200026","voters":43864,"total":36802,"voted":36802,"spoiled":170,"yays":31094,"nays":5538},{"committee":"Кировская","vibid":"22620001200034","voters":45920,"total":36837,"voted":36818,"spoiled":380,"yays":31425,"nays":5013},{"committee":"Кисловодская городская","vibid":"22620001200031","voters":68980,"total":53812,"voted":53812,"spoiled":1441,"yays":47193,"nays":5178},{"committee":"Кочубеевская","vibid":"22620001200010","voters":52876,"total":41544,"voted":41544,"spoiled":181,"yays":35286,"nays":6077},{"committee":"Красногвардейская","vibid":"22620001200032","voters":27609,"total":22631,"voted":22631,"spoiled":167,"yays":20359,"nays":2105},{"committee":"Курская","vibid":"22620001203312","voters":34626,"total":27954,"voted":27954,"spoiled":157,"yays":25679,"nays":2118},{"committee":"Левокумская","vibid":"22620001200013","voters":26529,"total":22343,"voted":22338,"spoiled":1083,"yays":19195,"nays":2060},{"committee":"Лермонтовская городская","vibid":"22620001200027","voters":17650,"total":13306,"voted":13306,"spoiled":111,"yays":11787,"nays":1408},{"committee":"Минераловодская","vibid":"22620001200037","voters":95262,"total":77159,"voted":77157,"spoiled":434,"yays":64033,"nays":12690},{"committee":"Невинномысская городская","vibid":"22620001200011","voters":85346,"total":70391,"voted":70296,"spoiled":486,"yays":54758,"nays":15052},{"committee":"Нефтекумская","vibid":"22620001200036","voters":41982,"total":34916,"voted":34915,"spoiled":616,"yays":31471,"nays":2828},{"committee":"Новоалександровская","vibid":"22620001200017","voters":43834,"total":37148,"voted":37057,"spoiled":192,"yays":35222,"nays":1643},{"committee":"Новоселицкая","vibid":"22620001200021","voters":16735,"total":14079,"voted":14077,"spoiled":75,"yays":12761,"nays":1241},{"committee":"Петровская","vibid":"22620001200019","voters":51200,"total":42069,"voted":42058,"spoiled":229,"yays":36083,"nays":5746},{"committee":"Предгорная","vibid":"22620001200008","voters":78959,"total":64252,"voted":64247,"spoiled":711,"yays":49528,"nays":14008},{"committee":"Пятигорская городская","vibid":"22620001200043","voters":132118,"total":107710,"voted":107208,"spoiled":1066,"yays":87385,"nays":18757},{"committee":"Советская","vibid":"22620001200016","voters":46980,"total":37587,"voted":37587,"spoiled":491,"yays":32173,"nays":4923},{"committee":"Ставрополь, Ленинская","vibid":"22620001200040","voters":80223,"total":62108,"voted":62106,"spoiled":0,"yays":52761,"nays":9345},{"committee":"Ставрополь, Октябрьская","vibid":"22620001200014","voters":65325,"total":51663,"voted":51660,"spoiled":121,"yays":41732,"nays":9807},{"committee":"Ставрополь, Промышленная","vibid":"22620001200022","voters":166331,"total":130391,"voted":130139,"spoiled":582,"yays":108711,"nays":20846},{"committee":"Степновская","vibid":"22620001200028","voters":13949,"total":11427,"voted":11427,"spoiled":85,"yays":10395,"nays":947},{"committee":"Труновская","vibid":"22620001200035","voters":23795,"total":19213,"voted":19213,"spoiled":291,"yays":16445,"nays":2477},{"committee":"Туркменская","vibid":"22620001200041","voters":17574,"total":13600,"voted":13555,"spoiled":121,"yays":11422,"nays":2012},{"committee":"Шпаковская","vibid":"22620001200042","voters":97542,"total":81992,"voted":81992,"spoiled":249,"yays":67682,"nays":14061},{"committee":"Георгиевская городская","vibid":"22620001200023","voters":43492,"total":36439,"voted":36439,"spoiled":398,"yays":32482,"nays":3559}]