[{"committee":"Джейрахская","vibid":"2062000382645","voters":2774,"total":2457,"voted":2457,"spoiled":53,"yays":1823,"nays":581},{"committee":"Карабулакская городская","vibid":"2062000382646","voters":16114,"total":11715,"voted":11715,"spoiled":108,"yays":10684,"nays":923},{"committee":"Магасская городская","vibid":"2062000382644","voters":4407,"total":3909,"voted":3909,"spoiled":40,"yays":3208,"nays":661},{"committee":"Малгобекская городская","vibid":"2062000382649","voters":25982,"total":18571,"voted":18571,"spoiled":307,"yays":15978,"nays":2286},{"committee":"Малгобекская","vibid":"2062000382642","voters":32796,"total":25051,"voted":25051,"spoiled":194,"yays":21587,"nays":3270},{"committee":"Назрановская городская","vibid":"2062000382647","voters":46705,"total":36111,"voted":36111,"spoiled":544,"yays":31696,"nays":3871},{"committee":"Назрановская","vibid":"2062000382648","voters":56388,"total":42377,"voted":42377,"spoiled":1202,"yays":37103,"nays":4072},{"committee":"Сунженская","vibid":"2062000382643","voters":24445,"total":20849,"voted":20849,"spoiled":324,"yays":18256,"nays":2269},{"committee":"Сунженская городская","vibid":"2062000382650","voters":19440,"total":13812,"voted":13812,"spoiled":116,"yays":12657,"nays":1039}]