[{"committee":"Апатитская","vibid":"2512000608929","voters":42747,"total":22904,"voted":22897,"spoiled":373,"yays":14649,"nays":7875},{"committee":"Видяевская","vibid":"2512000608930","voters":2835,"total":1393,"voted":1393,"spoiled":20,"yays":819,"nays":554},{"committee":"Заозерская","vibid":"2512000608918","voters":6051,"total":2891,"voted":2891,"spoiled":31,"yays":1481,"nays":1379},{"committee":"Кандалакшская","vibid":"2512000608925","voters":37825,"total":14982,"voted":14980,"spoiled":166,"yays":9905,"nays":4909},{"committee":"Кировская","vibid":"2512000608916","voters":25416,"total":15315,"voted":15292,"spoiled":504,"yays":9400,"nays":5388},{"committee":"Ковдорская","vibid":"2512000608932","voters":15873,"total":6658,"voted":6649,"spoiled":49,"yays":4543,"nays":2057},{"committee":"Кольская","vibid":"2512000608924","voters":34248,"total":13726,"voted":13722,"spoiled":133,"yays":8862,"nays":4727},{"committee":"Ловозерская","vibid":"2512000608917","voters":8086,"total":3414,"voted":3411,"spoiled":29,"yays":2364,"nays":1018},{"committee":"Мончегорская","vibid":"2512000608927","voters":37069,"total":18309,"voted":18306,"spoiled":159,"yays":11748,"nays":6399},{"committee":"Мурманская","vibid":"2512000608922","voters":229776,"total":93230,"voted":93191,"spoiled":807,"yays":59074,"nays":33310},{"committee":"Оленегорская","vibid":"2512000608931","voters":22403,"total":11147,"voted":11145,"spoiled":119,"yays":7304,"nays":3722},{"committee":"Островнинская","vibid":"2512000608920","voters":1169,"total":503,"voted":503,"spoiled":3,"yays":365,"nays":135},{"committee":"Печенгская","vibid":"2512000608928","voters":26444,"total":14390,"voted":14390,"spoiled":209,"yays":7755,"nays":6426},{"committee":"Полярнозоринская","vibid":"2512000608919","voters":13236,"total":7460,"voted":7458,"spoiled":74,"yays":4473,"nays":2911},{"committee":"Североморская","vibid":"2512000608926","voters":43416,"total":21434,"voted":21431,"spoiled":151,"yays":12707,"nays":8573},{"committee":"ТИК ЗАТО Александровск","vibid":"2512000608923","voters":28559,"total":11957,"voted":11955,"spoiled":109,"yays":6646,"nays":5200},{"committee":"Терская","vibid":"2512000608921","voters":4946,"total":2174,"voted":2174,"spoiled":22,"yays":1640,"nays":512}]