[{"committee":"Агульская","vibid":"20520001437211","voters":5719,"total":5239,"voted":5195,"spoiled":52,"yays":4933,"nays":210},{"committee":"Акушинская","vibid":"20520001437210","voters":29261,"total":26553,"voted":26553,"spoiled":26,"yays":24675,"nays":1852},{"committee":"Ахвахская","vibid":"20520001437209","voters":14537,"total":12602,"voted":12591,"spoiled":36,"yays":10981,"nays":1574},{"committee":"Ахтынская","vibid":"20520001437208","voters":17470,"total":14879,"voted":14879,"spoiled":52,"yays":13792,"nays":1035},{"committee":"Бабаюртовская","vibid":"20520001437207","voters":28106,"total":26387,"voted":26387,"spoiled":14,"yays":25364,"nays":1009},{"committee":"Бежтинская","vibid":"20520001437206","voters":5959,"total":5187,"voted":5187,"spoiled":136,"yays":4326,"nays":725},{"committee":"Ботлихская","vibid":"20520001437205","voters":28405,"total":25606,"voted":25243,"spoiled":160,"yays":23353,"nays":1730},{"committee":"Буйнакская","vibid":"20520001437204","voters":46852,"total":43310,"voted":43202,"spoiled":62,"yays":41185,"nays":1955},{"committee":"Буйнакская городская","vibid":"20520001437203","voters":40127,"total":34637,"voted":34553,"spoiled":214,"yays":29208,"nays":5131},{"committee":"Гергебильская","vibid":"20520001437202","voters":13436,"total":12533,"voted":12533,"spoiled":89,"yays":11153,"nays":1291},{"committee":"Гумбетовская","vibid":"20520001437201","voters":11258,"total":8396,"voted":8396,"spoiled":21,"yays":7012,"nays":1363},{"committee":"Гунибская","vibid":"20520001437200","voters":16145,"total":13758,"voted":13755,"spoiled":47,"yays":12255,"nays":1453},{"committee":"Дагогнинская городская","vibid":"20520001437199","voters":22642,"total":20602,"voted":20602,"spoiled":25,"yays":18743,"nays":1834},{"committee":"Дахадаевская","vibid":"20520001437198","voters":26335,"total":22454,"voted":22454,"spoiled":110,"yays":21269,"nays":1075},{"committee":"Дербентская","vibid":"20520001437197","voters":66848,"total":62193,"voted":62193,"spoiled":647,"yays":54067,"nays":7479},{"committee":"Дербентская городская","vibid":"20520001437196","voters":69637,"total":65974,"voted":65968,"spoiled":190,"yays":64675,"nays":1103},{"committee":"Докузпаринская","vibid":"20520001437195","voters":10214,"total":9090,"voted":9090,"spoiled":58,"yays":8622,"nays":410},{"committee":"Избербашская городская","vibid":"20520001437194","voters":30906,"total":27448,"voted":27448,"spoiled":77,"yays":25503,"nays":1868},{"committee":"Казбековская","vibid":"20520001437193","voters":31303,"total":28300,"voted":28300,"spoiled":8,"yays":24842,"nays":3450},{"committee":"Кайтагская","vibid":"20520001437192","voters":21318,"total":19826,"voted":19826,"spoiled":14,"yays":18854,"nays":958},{"committee":"Карабудахкентская","vibid":"20520001437191","voters":51067,"total":46185,"voted":46185,"spoiled":184,"yays":40544,"nays":5457},{"committee":"Каспийская городская","vibid":"20520001437190","voters":55870,"total":48923,"voted":48923,"spoiled":165,"yays":43179,"nays":5579},{"committee":"Каякентская","vibid":"20520001437189","voters":34677,"total":30157,"voted":30143,"spoiled":189,"yays":25948,"nays":4006},{"committee":"Кизилюртовская","vibid":"20520001437188","voters":43969,"total":40505,"voted":40505,"spoiled":24,"yays":36130,"nays":4351},{"committee":"Кизилюртовская городская","vibid":"20520001437187","voters":24949,"total":24079,"voted":24079,"spoiled":10,"yays":21254,"nays":2815},{"committee":"Кизлярская","vibid":"20520001437186","voters":45794,"total":39068,"voted":39036,"spoiled":129,"yays":33752,"nays":5155},{"committee":"Кизлярская городская","vibid":"20520001437185","voters":25559,"total":23348,"voted":23348,"spoiled":200,"yays":21264,"nays":1884},{"committee":"Кулинская","vibid":"20520001437184","voters":7516,"total":6783,"voted":6783,"spoiled":648,"yays":5903,"nays":232},{"committee":"Кумторкалинская","vibid":"20520001437183","voters":16409,"total":14834,"voted":14821,"spoiled":35,"yays":13019,"nays":1767},{"committee":"Курахская","vibid":"20520001437182","voters":10448,"total":10163,"voted":10163,"spoiled":13,"yays":10057,"nays":93},{"committee":"Лакская","vibid":"20520001437181","voters":7806,"total":7464,"voted":7354,"spoiled":80,"yays":6753,"nays":521},{"committee":"Левашинская","vibid":"20520001437180","voters":52022,"total":42919,"voted":42919,"spoiled":22,"yays":37830,"nays":5067},{"committee":"Магарамкентская","vibid":"20520001437179","voters":40018,"total":36845,"voted":36481,"spoiled":195,"yays":34532,"nays":1754},{"committee":"Махачкала, Кировская","vibid":"20520001437178","voters":93329,"total":84339,"voted":83733,"spoiled":1626,"yays":73768,"nays":8339},{"committee":"Махачкала, Ленинская","vibid":"20520001437177","voters":90355,"total":82964,"voted":82551,"spoiled":222,"yays":71484,"nays":10845},{"committee":"Махачкала, Советская","vibid":"20520001437176","voters":91221,"total":82561,"voted":82561,"spoiled":126,"yays":71638,"nays":10797},{"committee":"Новолакская","vibid":"20520001437175","voters":23045,"total":20373,"voted":20372,"spoiled":849,"yays":18637,"nays":886},{"committee":"Ногайская","vibid":"20520001437174","voters":13800,"total":12435,"voted":12435,"spoiled":224,"yays":10660,"nays":1551},{"committee":"Рутульская","vibid":"20520001437173","voters":14959,"total":12729,"voted":12729,"spoiled":7,"yays":11306,"nays":1416},{"committee":"Сергокалинская","vibid":"20520001437172","voters":20700,"total":18634,"voted":18634,"spoiled":5,"yays":16378,"nays":2251},{"committee":"Сулейман-Стальская","vibid":"20520001437171","voters":36963,"total":34435,"voted":34294,"spoiled":208,"yays":30779,"nays":3307},{"committee":"Табасаранская","vibid":"20520001437170","voters":35683,"total":32681,"voted":32681,"spoiled":2,"yays":28425,"nays":4254},{"committee":"Тарумовская","vibid":"20520001437169","voters":21824,"total":19979,"voted":19893,"spoiled":34,"yays":17466,"nays":2393},{"committee":"Тляратинская","vibid":"20520001437168","voters":16151,"total":14582,"voted":14545,"spoiled":72,"yays":12444,"nays":2029},{"committee":"Унцукульская","vibid":"20520001437167","voters":15660,"total":14071,"voted":14071,"spoiled":177,"yays":12942,"nays":952},{"committee":"Хасавюртовская","vibid":"20520001437166","voters":100324,"total":90300,"voted":90300,"spoiled":48,"yays":75854,"nays":14398},{"committee":"Хасавюртовская городская","vibid":"20520001437165","voters":66489,"total":61017,"voted":61017,"spoiled":739,"yays":53666,"nays":6612},{"committee":"Хивская","vibid":"20520001437164","voters":14028,"total":13219,"voted":13192,"spoiled":89,"yays":12605,"nays":498},{"committee":"Хунзахская","vibid":"20520001437163","voters":22177,"total":19977,"voted":19977,"spoiled":119,"yays":16614,"nays":3244},{"committee":"Цумадинская","vibid":"20520001437162","voters":15532,"total":12212,"voted":12122,"spoiled":50,"yays":11278,"nays":794},{"committee":"Цунтинская","vibid":"20520001437161","voters":8041,"total":5454,"voted":5454,"spoiled":17,"yays":4641,"nays":796},{"committee":"Чародинская","vibid":"20520001437160","voters":8804,"total":8049,"voted":8049,"spoiled":13,"yays":7428,"nays":608},{"committee":"Шамильская","vibid":"20520001437159","voters":20342,"total":18311,"voted":18311,"spoiled":76,"yays":15699,"nays":2536},{"committee":"Южно-Сухокумская городская","vibid":"20520001437158","voters":6198,"total":4648,"voted":4648,"spoiled":7,"yays":4043,"nays":598}]