[{"committee":"Воловская","vibid":"2482000855381","voters":10718,"total":8635,"voted":8635,"spoiled":48,"yays":7341,"nays":1246},{"committee":"Грязинская","vibid":"2482000855383","voters":58628,"total":54294,"voted":54290,"spoiled":69,"yays":48404,"nays":5817},{"committee":"Данковская","vibid":"2482000855374","voters":12222,"total":11140,"voted":11140,"spoiled":379,"yays":9222,"nays":1539},{"committee":"Добринская","vibid":"2482000855379","voters":16701,"total":15350,"voted":15350,"spoiled":159,"yays":13533,"nays":1658},{"committee":"Добровская","vibid":"2482000855385","voters":18607,"total":16673,"voted":16673,"spoiled":363,"yays":15265,"nays":1045},{"committee":"Долгоруковская","vibid":"2482000855398","voters":14169,"total":12538,"voted":12537,"spoiled":78,"yays":10746,"nays":1713},{"committee":"Елецкая","vibid":"2482000855390","voters":21974,"total":20693,"voted":20689,"spoiled":116,"yays":18775,"nays":1798},{"committee":"Елецкая городская","vibid":"2482000855386","voters":70498,"total":39091,"voted":39091,"spoiled":577,"yays":26592,"nays":11922},{"committee":"Задонская","vibid":"2482000855393","voters":26199,"total":22019,"voted":22017,"spoiled":507,"yays":18128,"nays":3382},{"committee":"Измалковская","vibid":"2482000855377","voters":12273,"total":11609,"voted":11609,"spoiled":8,"yays":10971,"nays":630},{"committee":"Краснинская","vibid":"2482000855397","voters":10715,"total":9179,"voted":9041,"spoiled":244,"yays":8061,"nays":736},{"committee":"Лебедянская","vibid":"2482000855387","voters":33532,"total":28942,"voted":28936,"spoiled":449,"yays":22050,"nays":6437},{"committee":"Лев-Толстовская","vibid":"2482000855394","voters":12470,"total":11291,"voted":11291,"spoiled":115,"yays":8990,"nays":2186},{"committee":"Липецк, Левобережная","vibid":"2482000855391","voters":35833,"total":15916,"voted":15915,"spoiled":171,"yays":10511,"nays":5233},{"committee":"Липецк, Октябрьская №1","vibid":"2482000855375","voters":68907,"total":29465,"voted":29459,"spoiled":292,"yays":19284,"nays":9883},{"committee":"Липецк, Правобережная","vibid":"2482000855392","voters":64128,"total":26621,"voted":26617,"spoiled":260,"yays":17335,"nays":9022},{"committee":"Липецк, Советская","vibid":"2482000855389","voters":132284,"total":61280,"voted":61269,"spoiled":578,"yays":39165,"nays":21526},{"committee":"Липецкая","vibid":"2482000855378","voters":34879,"total":27963,"voted":27961,"spoiled":270,"yays":22089,"nays":5602},{"committee":"Становлянская","vibid":"2482000855388","voters":13897,"total":11201,"voted":11200,"spoiled":256,"yays":8685,"nays":2259},{"committee":"Тербунская","vibid":"2482000855396","voters":17095,"total":14342,"voted":14342,"spoiled":65,"yays":11693,"nays":2584},{"committee":"Усманская","vibid":"2482000855376","voters":20627,"total":20197,"voted":20196,"spoiled":33,"yays":19473,"nays":690},{"committee":"Хлевенская","vibid":"2482000855395","voters":16053,"total":15213,"voted":15211,"spoiled":45,"yays":14195,"nays":971},{"committee":"Чаплыгинская","vibid":"2482000855380","voters":9795,"total":9427,"voted":9427,"spoiled":92,"yays":8807,"nays":528},{"committee":"Липецк, Октябрьская №2","vibid":"2482000855384","voters":55879,"total":25483,"voted":25479,"spoiled":171,"yays":15636,"nays":9672}]