[{"committee":"Абатская","vibid":"27220001395759","voters":14592,"total":13527,"voted":13527,"spoiled":5,"yays":12738,"nays":784},{"committee":"Армизонская","vibid":"27220001395761","voters":7368,"total":6358,"voted":6358,"spoiled":10,"yays":5855,"nays":493},{"committee":"Аромашевская","vibid":"27220001395751","voters":9237,"total":8377,"voted":8377,"spoiled":7,"yays":8061,"nays":309},{"committee":"Бердюжская","vibid":"27220001395756","voters":8959,"total":7833,"voted":7833,"spoiled":15,"yays":7162,"nays":656},{"committee":"Вагайская","vibid":"27220001395763","voters":15896,"total":14173,"voted":14173,"spoiled":11,"yays":13384,"nays":778},{"committee":"Викуловская","vibid":"27220001395775","voters":12147,"total":9463,"voted":9463,"spoiled":51,"yays":7845,"nays":1567},{"committee":"Голышмановская","vibid":"27220001395768","voters":19134,"total":17365,"voted":17365,"spoiled":67,"yays":16004,"nays":1294},{"committee":"Заводоуковская","vibid":"27220001395764","voters":37350,"total":30122,"voted":30118,"spoiled":204,"yays":25604,"nays":4310},{"committee":"Исетская","vibid":"27220001395771","voters":19713,"total":17352,"voted":17352,"spoiled":23,"yays":15956,"nays":1373},{"committee":"Ишимская","vibid":"27220001395754","voters":23696,"total":22205,"voted":22205,"spoiled":14,"yays":21032,"nays":1159},{"committee":"Ишимская городская","vibid":"27220001395776","voters":47000,"total":39222,"voted":39217,"spoiled":158,"yays":33923,"nays":5136},{"committee":"Казанская","vibid":"27220001395765","voters":16662,"total":14461,"voted":14461,"spoiled":27,"yays":13544,"nays":890},{"committee":"Нижнетавдинская","vibid":"27220001395772","voters":19117,"total":17172,"voted":17172,"spoiled":25,"yays":15955,"nays":1192},{"committee":"Омутинская","vibid":"27220001395769","voters":14519,"total":12781,"voted":12781,"spoiled":13,"yays":11731,"nays":1037},{"committee":"Сладковская","vibid":"27220001395752","voters":9062,"total":8449,"voted":8449,"spoiled":9,"yays":7905,"nays":535},{"committee":"Сорокинская","vibid":"27220001395770","voters":7581,"total":6513,"voted":6513,"spoiled":19,"yays":5857,"nays":637},{"committee":"Тобольская","vibid":"27220001395767","voters":15895,"total":14528,"voted":14528,"spoiled":64,"yays":13478,"nays":986},{"committee":"Тобольская городская","vibid":"27220001395755","voters":79523,"total":60118,"voted":60117,"spoiled":131,"yays":48352,"nays":11634},{"committee":"Тюменская","vibid":"27220001395766","voters":95892,"total":73243,"voted":73208,"spoiled":348,"yays":63491,"nays":9369},{"committee":"Тюмень, Калининская","vibid":"27220001395774","voters":154194,"total":108114,"voted":108073,"spoiled":686,"yays":88083,"nays":19304},{"committee":"Тюмень, Ленинская","vibid":"27220001395753","voters":117037,"total":85670,"voted":85643,"spoiled":329,"yays":70516,"nays":14798},{"committee":"Тюмень, Центральная","vibid":"27220001395773","voters":141042,"total":98297,"voted":98287,"spoiled":499,"yays":79304,"nays":18484},{"committee":"Уватская","vibid":"27220001395758","voters":15843,"total":14982,"voted":14982,"spoiled":55,"yays":14111,"nays":816},{"committee":"Упоровская","vibid":"27220001395762","voters":15168,"total":14087,"voted":14087,"spoiled":13,"yays":13122,"nays":952},{"committee":"Юргинская","vibid":"27220001395760","voters":8768,"total":8173,"voted":8173,"spoiled":11,"yays":7467,"nays":695},{"committee":"Ялуторовская","vibid":"27220001395750","voters":11556,"total":10912,"voted":10912,"spoiled":15,"yays":10157,"nays":740},{"committee":"Ялуторовская городская","vibid":"27220001395778","voters":27458,"total":21670,"voted":21670,"spoiled":67,"yays":19198,"nays":2405},{"committee":"Ярковская","vibid":"27220001395757","voters":15579,"total":14089,"voted":14089,"spoiled":33,"yays":12571,"nays":1485},{"committee":"Тюмень, Восточная","vibid":"27220001395777","voters":150314,"total":105314,"voted":105302,"spoiled":477,"yays":85884,"nays":18941}]