[{"committee":"Бокситогорская","vibid":"24720001114007","voters":39432,"total":31846,"voted":31840,"spoiled":242,"yays":26316,"nays":5282},{"committee":"Волосовская","vibid":"24720001114006","voters":33942,"total":23932,"voted":23931,"spoiled":121,"yays":20326,"nays":3484},{"committee":"Волховская","vibid":"24720001114005","voters":65620,"total":37364,"voted":37364,"spoiled":319,"yays":27292,"nays":9753},{"committee":"Всеволожская","vibid":"24720001114004","voters":183325,"total":138768,"voted":138274,"spoiled":809,"yays":107809,"nays":29656},{"committee":"Выборгская","vibid":"24720001114003","voters":80656,"total":59262,"voted":59260,"spoiled":509,"yays":46684,"nays":12067},{"committee":"Гатчинская","vibid":"24720001114002","voters":145833,"total":111688,"voted":111643,"spoiled":796,"yays":91156,"nays":19691},{"committee":"Кингисеппская","vibid":"24720001114001","voters":29559,"total":23147,"voted":23141,"spoiled":279,"yays":16243,"nays":6619},{"committee":"Киришская","vibid":"24720001114000","voters":50136,"total":26020,"voted":26013,"spoiled":269,"yays":16900,"nays":8844},{"committee":"Кировская","vibid":"24720001113999","voters":62622,"total":50648,"voted":50606,"spoiled":416,"yays":37895,"nays":12295},{"committee":"Лодейнопольская","vibid":"24720001113998","voters":23267,"total":17458,"voted":17458,"spoiled":172,"yays":13185,"nays":4101},{"committee":"Ломоносовская","vibid":"24720001113997","voters":62643,"total":49073,"voted":49068,"spoiled":362,"yays":40778,"nays":7928},{"committee":"Лужская","vibid":"24720001113996","voters":63182,"total":43550,"voted":43546,"spoiled":300,"yays":35136,"nays":8110},{"committee":"Подпорожская","vibid":"24720001113995","voters":23318,"total":17213,"voted":17213,"spoiled":164,"yays":12864,"nays":4185},{"committee":"Приозерская","vibid":"24720001113994","voters":31489,"total":25265,"voted":25265,"spoiled":196,"yays":23400,"nays":1669},{"committee":"Сланцевская","vibid":"24720001113993","voters":21599,"total":16163,"voted":16163,"spoiled":111,"yays":13164,"nays":2888},{"committee":"Сосновоборская городская","vibid":"24720001113992","voters":49832,"total":28107,"voted":28106,"spoiled":224,"yays":19749,"nays":8133},{"committee":"Тихвинская","vibid":"24720001113991","voters":55012,"total":43539,"voted":43539,"spoiled":272,"yays":33649,"nays":9618},{"committee":"Тосненская","vibid":"24720001113990","voters":80776,"total":66195,"voted":66193,"spoiled":613,"yays":57252,"nays":8328}]