[{"committee":"Алексеевская","vibid":"26320001649729","voters":8557,"total":7953,"voted":7953,"spoiled":41,"yays":6940,"nays":972},{"committee":"Безенчукская","vibid":"26320001649731","voters":29912,"total":27340,"voted":27337,"spoiled":208,"yays":23608,"nays":3521},{"committee":"Богатовская","vibid":"26320001649718","voters":11240,"total":10952,"voted":10952,"spoiled":61,"yays":9227,"nays":1664},{"committee":"Большеглушицкая","vibid":"26320001649725","voters":12704,"total":12126,"voted":12126,"spoiled":73,"yays":10277,"nays":1776},{"committee":"Большечерниговская","vibid":"26320001649736","voters":12685,"total":12015,"voted":12015,"spoiled":39,"yays":9841,"nays":2135},{"committee":"Борская","vibid":"26320001649757","voters":14758,"total":14325,"voted":14324,"spoiled":65,"yays":12261,"nays":1998},{"committee":"Волжская","vibid":"26320001649743","voters":75223,"total":70540,"voted":70328,"spoiled":962,"yays":64135,"nays":5231},{"committee":"Елховская","vibid":"26320001649738","voters":6541,"total":6409,"voted":6409,"spoiled":17,"yays":6216,"nays":176},{"committee":"Жигулевская городская","vibid":"26320001649748","voters":45940,"total":37561,"voted":37561,"spoiled":150,"yays":33956,"nays":3455},{"committee":"Исаклинская","vibid":"26320001649722","voters":9313,"total":8867,"voted":8867,"spoiled":283,"yays":7232,"nays":1352},{"committee":"Камышлинская","vibid":"26320001649756","voters":7063,"total":6570,"voted":6570,"spoiled":22,"yays":6030,"nays":518},{"committee":"Кинель-Черкасская","vibid":"26320001649739","voters":30415,"total":26836,"voted":26836,"spoiled":142,"yays":21600,"nays":5094},{"committee":"Кинельская","vibid":"26320001649749","voters":19293,"total":18190,"voted":18190,"spoiled":114,"yays":15042,"nays":3034},{"committee":"Кинельская городская","vibid":"26320001649745","voters":37106,"total":32051,"voted":32049,"spoiled":192,"yays":25142,"nays":6715},{"committee":"Клявлинская","vibid":"26320001649719","voters":10605,"total":10308,"voted":10308,"spoiled":37,"yays":9662,"nays":609},{"committee":"Кошкинская","vibid":"26320001649746","voters":15039,"total":14340,"voted":14340,"spoiled":169,"yays":12466,"nays":1705},{"committee":"Красноармейская","vibid":"26320001649742","voters":11488,"total":10650,"voted":10649,"spoiled":82,"yays":8703,"nays":1864},{"committee":"Красноярская","vibid":"26320001649723","voters":41035,"total":34090,"voted":34090,"spoiled":1897,"yays":28469,"nays":3724},{"committee":"Нефтегорская","vibid":"26320001649740","voters":22960,"total":21810,"voted":21810,"spoiled":217,"yays":18015,"nays":3578},{"committee":"Новокуйбышевская городская","vibid":"26320001649753","voters":76514,"total":50887,"voted":50873,"spoiled":520,"yays":39224,"nays":11129},{"committee":"Октябрьская городская","vibid":"26320001649721","voters":18084,"total":16466,"voted":16466,"spoiled":79,"yays":14223,"nays":2164},{"committee":"Отрадная городская","vibid":"26320001649752","voters":31393,"total":25070,"voted":25070,"spoiled":177,"yays":19021,"nays":5872},{"committee":"Пестравская","vibid":"26320001649727","voters":12961,"total":12347,"voted":12333,"spoiled":113,"yays":10258,"nays":1962},{"committee":"Похвистневская","vibid":"26320001649732","voters":19644,"total":18902,"voted":18902,"spoiled":40,"yays":18018,"nays":844},{"committee":"Похвистневская городская","vibid":"26320001649730","voters":18579,"total":16241,"voted":16241,"spoiled":132,"yays":13046,"nays":3063},{"committee":"Приволжская","vibid":"26320001649717","voters":16503,"total":16222,"voted":16222,"spoiled":25,"yays":15740,"nays":457},{"committee":"Самара, Железнодорожная","vibid":"26320001649762","voters":79068,"total":40454,"voted":40450,"spoiled":359,"yays":30148,"nays":9943},{"committee":"Самара, Кировская","vibid":"26320001649726","voters":178930,"total":109355,"voted":109352,"spoiled":712,"yays":87291,"nays":21349},{"committee":"Самара, Красноглинская","vibid":"26320001649758","voters":83704,"total":48805,"voted":48798,"spoiled":359,"yays":37500,"nays":10939},{"committee":"Самара, Куйбышевская","vibid":"26320001649724","voters":66275,"total":50212,"voted":49970,"spoiled":107,"yays":43550,"nays":6313},{"committee":"Самара, Ленинская","vibid":"26320001649733","voters":53943,"total":38026,"voted":38022,"spoiled":270,"yays":30379,"nays":7373},{"committee":"Самара, Октябрьская","vibid":"26320001649741","voters":99422,"total":68032,"voted":67976,"spoiled":355,"yays":54300,"nays":13321},{"committee":"Самара, Промышленная","vibid":"26320001649751","voters":209126,"total":134682,"voted":134662,"spoiled":707,"yays":105883,"nays":28072},{"committee":"Самара, Самарская","vibid":"26320001649760","voters":24181,"total":17027,"voted":17027,"spoiled":76,"yays":14412,"nays":2539},{"committee":"Самара, Советская","vibid":"26320001649761","voters":129316,"total":85502,"voted":85498,"spoiled":366,"yays":71407,"nays":13725},{"committee":"Сергиевская","vibid":"26320001649737","voters":34644,"total":30714,"voted":30714,"spoiled":125,"yays":26520,"nays":4069},{"committee":"Ставропольская","vibid":"26320001649735","voters":58538,"total":44962,"voted":44962,"spoiled":252,"yays":35788,"nays":8922},{"committee":"Сызранская","vibid":"26320001649750","voters":18332,"total":14967,"voted":14967,"spoiled":100,"yays":10484,"nays":4383},{"committee":"Сызранская городская","vibid":"26320001649754","voters":129382,"total":89928,"voted":89920,"spoiled":616,"yays":68029,"nays":21275},{"committee":"Тольятти, Автозаводская","vibid":"26320001649759","voters":334784,"total":160956,"voted":160884,"spoiled":1313,"yays":115275,"nays":44296},{"committee":"Тольятти, Комсомольская","vibid":"26320001649720","voters":85642,"total":48906,"voted":48893,"spoiled":355,"yays":35969,"nays":12569},{"committee":"Тольятти, Центральная","vibid":"26320001649734","voters":118409,"total":64509,"voted":64502,"spoiled":659,"yays":46887,"nays":16956},{"committee":"Хворостянская","vibid":"26320001649755","voters":10740,"total":10606,"voted":10606,"spoiled":43,"yays":9738,"nays":825},{"committee":"Чапаевская городская","vibid":"26320001649716","voters":53217,"total":38492,"voted":38489,"spoiled":157,"yays":31596,"nays":6736},{"committee":"Челно-Вершинская","vibid":"26320001649744","voters":12791,"total":12323,"voted":12323,"spoiled":6,"yays":11561,"nays":756},{"committee":"Шенталинская","vibid":"26320001649728","voters":11000,"total":10537,"voted":10537,"spoiled":56,"yays":9030,"nays":1451},{"committee":"Шигонская","vibid":"26320001649747","voters":14582,"total":14033,"voted":14033,"spoiled":50,"yays":12155,"nays":1828}]