[{"committee":"Ермишинская","vibid":"2622000937342","voters":6634,"total":4905,"voted":4905,"spoiled":98,"yays":3438,"nays":1369},{"committee":"Захаровская","vibid":"2622000937344","voters":7942,"total":5969,"voted":5969,"spoiled":40,"yays":4706,"nays":1223},{"committee":"Кадомская","vibid":"2622000937333","voters":6305,"total":4819,"voted":4819,"spoiled":26,"yays":3711,"nays":1082},{"committee":"Касимовская","vibid":"2622000937339","voters":23390,"total":14723,"voted":14723,"spoiled":135,"yays":10740,"nays":3848},{"committee":"Касимовская городская","vibid":"2622000937349","voters":26304,"total":20822,"voted":20822,"spoiled":67,"yays":17303,"nays":3452},{"committee":"Kлепиковская","vibid":"2622000937365","voters":19143,"total":15632,"voted":15632,"spoiled":121,"yays":13084,"nays":2427},{"committee":"Кораблинская","vibid":"2622000937356","voters":17801,"total":12444,"voted":12444,"spoiled":103,"yays":10263,"nays":2078},{"committee":"Милославская","vibid":"2622000937351","voters":9866,"total":7815,"voted":7815,"spoiled":45,"yays":6500,"nays":1270},{"committee":"Mихайловская","vibid":"2622000937359","voters":25500,"total":22878,"voted":22878,"spoiled":190,"yays":20095,"nays":2593},{"committee":"Александро-Невская","vibid":"2622000937336","voters":8395,"total":6858,"voted":6858,"spoiled":269,"yays":5664,"nays":925},{"committee":"Пителинская","vibid":"2622000937364","voters":4312,"total":3322,"voted":3322,"spoiled":20,"yays":2521,"nays":781},{"committee":"Пронская","vibid":"2622000937352","voters":25307,"total":18465,"voted":18465,"spoiled":165,"yays":14998,"nays":3302},{"committee":"Путятинская","vibid":"2622000937360","voters":6218,"total":4657,"voted":4657,"spoiled":34,"yays":3835,"nays":788},{"committee":"Рыбновская","vibid":"2622000937357","voters":30922,"total":22820,"voted":22820,"spoiled":103,"yays":17130,"nays":5587},{"committee":"Ряжская","vibid":"2622000937334","voters":22828,"total":17336,"voted":17332,"spoiled":131,"yays":14627,"nays":2574},{"committee":"Рязанская","vibid":"2622000937358","voters":47225,"total":31200,"voted":31191,"spoiled":273,"yays":23430,"nays":7488},{"committee":"Рязань, Железнодорожная","vibid":"2622000937355","voters":103696,"total":67819,"voted":67811,"spoiled":636,"yays":51947,"nays":15228},{"committee":"Рязань, Московская","vibid":"2622000937337","voters":136674,"total":80005,"voted":79231,"spoiled":694,"yays":57607,"nays":20930},{"committee":"Рязань, Октябрьская","vibid":"2622000937353","voters":113486,"total":72318,"voted":72287,"spoiled":683,"yays":54736,"nays":16868},{"committee":"Рязань, Советская","vibid":"2622000937363","voters":63323,"total":45417,"voted":44901,"spoiled":450,"yays":35182,"nays":9269},{"committee":"Сапожковская","vibid":"2622000937335","voters":8132,"total":5876,"voted":5876,"spoiled":24,"yays":4558,"nays":1294},{"committee":"Cараевская","vibid":"2622000937362","voters":13868,"total":11274,"voted":11274,"spoiled":55,"yays":9207,"nays":2012},{"committee":"Cacовская","vibid":"2622000937341","voters":13124,"total":9962,"voted":9962,"spoiled":198,"yays":7506,"nays":2258},{"committee":"Сасовская городская","vibid":"2622000937345","voters":22866,"total":18542,"voted":18542,"spoiled":57,"yays":16051,"nays":2434},{"committee":"Скопинская","vibid":"2622000937343","voters":20940,"total":18247,"voted":18180,"spoiled":67,"yays":16703,"nays":1410},{"committee":"Скопинская городская","vibid":"2622000937332","voters":21601,"total":17517,"voted":17517,"spoiled":112,"yays":14422,"nays":2983},{"committee":"Спасская","vibid":"2622000937369","voters":22864,"total":14982,"voted":14982,"spoiled":89,"yays":11232,"nays":3661},{"committee":"Старожиловская","vibid":"2622000937340","voters":12678,"total":9871,"voted":9871,"spoiled":71,"yays":8007,"nays":1793},{"committee":"Ухоловская","vibid":"2622000937366","voters":7845,"total":6283,"voted":6282,"spoiled":136,"yays":5062,"nays":1084},{"committee":"Чучковская","vibid":"2622000937338","voters":6325,"total":4661,"voted":4661,"spoiled":20,"yays":3527,"nays":1114},{"committee":"Шацкая","vibid":"2622000937346","voters":17995,"total":14009,"voted":14009,"spoiled":47,"yays":11539,"nays":2423},{"committee":"Шиловская","vibid":"2622000937354","voters":29897,"total":24059,"voted":24058,"spoiled":117,"yays":20385,"nays":3556}]