[{"committee":"Абзелиловская","vibid":"20220002380864","voters":34119,"total":31270,"voted":31270,"spoiled":533,"yays":25262,"nays":5475},{"committee":"Агидельская городская","vibid":"20220002380866","voters":12352,"total":11007,"voted":11007,"spoiled":86,"yays":9850,"nays":1071},{"committee":"Альшеевская","vibid":"20220002380851","voters":31868,"total":31227,"voted":31219,"spoiled":131,"yays":30003,"nays":1085},{"committee":"Архангельская","vibid":"20220002380860","voters":15017,"total":14110,"voted":14110,"spoiled":122,"yays":12655,"nays":1333},{"committee":"Аскинская","vibid":"20220002380832","voters":16653,"total":15731,"voted":15731,"spoiled":85,"yays":14340,"nays":1306},{"committee":"Аургазинская","vibid":"20220002380842","voters":27463,"total":25553,"voted":25549,"spoiled":114,"yays":22101,"nays":3334},{"committee":"Баймакская","vibid":"20220002380877","voters":42113,"total":38449,"voted":38426,"spoiled":608,"yays":33894,"nays":3924},{"committee":"Бакалинская","vibid":"20220002380834","voters":21785,"total":21035,"voted":21035,"spoiled":61,"yays":19930,"nays":1044},{"committee":"Балтачевская","vibid":"20220002380881","voters":16032,"total":15059,"voted":15059,"spoiled":51,"yays":14205,"nays":803},{"committee":"Белебеевская","vibid":"20220002380856","voters":69380,"total":66140,"voted":66096,"spoiled":314,"yays":62971,"nays":2811},{"committee":"Белокатайская","vibid":"20220002380843","voters":14689,"total":13983,"voted":13983,"spoiled":64,"yays":12944,"nays":975},{"committee":"Белорецкая","vibid":"20220002380873","voters":77950,"total":72988,"voted":72979,"spoiled":438,"yays":68853,"nays":3688},{"committee":"Бижбулякская","vibid":"20220002380837","voters":18421,"total":17732,"voted":17732,"spoiled":90,"yays":16779,"nays":863},{"committee":"Благоварская","vibid":"20220002380852","voters":18812,"total":17657,"voted":17653,"spoiled":113,"yays":14714,"nays":2826},{"committee":"Благовещенская","vibid":"20220002380836","voters":37067,"total":32858,"voted":32856,"spoiled":338,"yays":28514,"nays":4004},{"committee":"Буздякская","vibid":"20220002380876","voters":22019,"total":20229,"voted":20229,"spoiled":328,"yays":16393,"nays":3508},{"committee":"Бураевская","vibid":"20220002380857","voters":18622,"total":17868,"voted":17868,"spoiled":87,"yays":17019,"nays":762},{"committee":"Бурзянская","vibid":"20220002380875","voters":12438,"total":11562,"voted":11559,"spoiled":147,"yays":10396,"nays":1016},{"committee":"Гафурийская","vibid":"20220002380839","voters":25667,"total":24875,"voted":24873,"spoiled":166,"yays":24132,"nays":575},{"committee":"Давлекановская","vibid":"20220002380855","voters":30767,"total":30126,"voted":30126,"spoiled":146,"yays":28659,"nays":1321},{"committee":"Дуванская","vibid":"20220002380882","voters":22232,"total":20756,"voted":20756,"spoiled":258,"yays":18920,"nays":1578},{"committee":"Дюртюлинская","vibid":"20220002380862","voters":47702,"total":45625,"voted":45623,"spoiled":296,"yays":41107,"nays":4220},{"committee":"Ермекеевская","vibid":"20220002380827","voters":11503,"total":10974,"voted":10974,"spoiled":41,"yays":10261,"nays":672},{"committee":"Зианчуринская","vibid":"20220002380826","voters":21376,"total":20372,"voted":20352,"spoiled":107,"yays":19166,"nays":1079},{"committee":"Зилаирская","vibid":"20220002380850","voters":11550,"total":11015,"voted":11015,"spoiled":59,"yays":10170,"nays":786},{"committee":"Иглинская","vibid":"20220002380847","voters":45117,"total":39985,"voted":39872,"spoiled":113,"yays":37026,"nays":2733},{"committee":"Илишевская","vibid":"20220002380823","voters":25556,"total":24468,"voted":24468,"spoiled":39,"yays":23409,"nays":1020},{"committee":"Ишимбайская","vibid":"20220002380844","voters":67589,"total":66183,"voted":66183,"spoiled":205,"yays":63576,"nays":2402},{"committee":"Калтасинская","vibid":"20220002380858","voters":19629,"total":18549,"voted":18549,"spoiled":100,"yays":16763,"nays":1686},{"committee":"Караидельская","vibid":"20220002380830","voters":19201,"total":18663,"voted":18663,"spoiled":103,"yays":17360,"nays":1200},{"committee":"Кармаскалинская","vibid":"20220002380835","voters":38876,"total":37684,"voted":37683,"spoiled":71,"yays":35921,"nays":1691},{"committee":"Кигинская","vibid":"20220002380838","voters":13546,"total":13101,"voted":13101,"spoiled":69,"yays":11570,"nays":1462},{"committee":"Краснокамская","vibid":"20220002380846","voters":21624,"total":19836,"voted":19836,"spoiled":86,"yays":18751,"nays":999},{"committee":"Кугарчинская","vibid":"20220002380887","voters":23809,"total":22718,"voted":22718,"spoiled":122,"yays":20728,"nays":1868},{"committee":"Кумертауская городская","vibid":"20220002380833","voters":48104,"total":40374,"voted":40374,"spoiled":242,"yays":36356,"nays":3776},{"committee":"Кушнаренковская","vibid":"20220002380868","voters":22615,"total":21589,"voted":21589,"spoiled":112,"yays":20320,"nays":1157},{"committee":"Мечетлинская","vibid":"20220002380840","voters":17611,"total":17174,"voted":17174,"spoiled":65,"yays":15892,"nays":1217},{"committee":"Мишкинская","vibid":"20220002380886","voters":18532,"total":17741,"voted":17740,"spoiled":125,"yays":16260,"nays":1355},{"committee":"Миякинская","vibid":"20220002380820","voters":21776,"total":21235,"voted":21235,"spoiled":60,"yays":20330,"nays":845},{"committee":"Нефтекамская городская","vibid":"20220002380831","voters":104234,"total":94684,"voted":94684,"spoiled":930,"yays":88533,"nays":5221},{"committee":"Нуримановская","vibid":"20220002380884","voters":15563,"total":14697,"voted":14697,"spoiled":57,"yays":13228,"nays":1412},{"committee":"Октябрьская","vibid":"20220002380819","voters":78791,"total":68415,"voted":68413,"spoiled":200,"yays":63466,"nays":4747},{"committee":"Салаватская городская","vibid":"20220002380879","voters":106141,"total":92597,"voted":92594,"spoiled":435,"yays":84606,"nays":7553},{"committee":"Салаватская","vibid":"20220002380863","voters":20091,"total":19757,"voted":19757,"spoiled":321,"yays":18334,"nays":1102},{"committee":"Сибайская городская","vibid":"20220002380880","voters":42085,"total":39306,"voted":39304,"spoiled":179,"yays":36884,"nays":2241},{"committee":"Стерлибашевская","vibid":"20220002380870","voters":15733,"total":14890,"voted":14890,"spoiled":56,"yays":14043,"nays":791},{"committee":"Стерлитамакская городская","vibid":"20220002380824","voters":206108,"total":181761,"voted":181754,"spoiled":945,"yays":140199,"nays":40610},{"committee":"Стерлитамакская","vibid":"20220002380869","voters":33392,"total":31947,"voted":31947,"spoiled":71,"yays":30917,"nays":959},{"committee":"Татышлинская","vibid":"20220002380859","voters":18958,"total":18437,"voted":18437,"spoiled":11,"yays":17805,"nays":621},{"committee":"Уфа, Демская","vibid":"20220002380872","voters":52285,"total":45053,"voted":45050,"spoiled":544,"yays":36889,"nays":7617},{"committee":"Уфа, Калининская","vibid":"20220002380821","voters":154244,"total":136068,"voted":136002,"spoiled":1674,"yays":114117,"nays":20211},{"committee":"Уфа, Кировская","vibid":"20220002380829","voters":124913,"total":110491,"voted":110259,"spoiled":847,"yays":93725,"nays":15687},{"committee":"Уфа, Ленинская","vibid":"20220002380867","voters":61647,"total":53349,"voted":52706,"spoiled":178,"yays":43270,"nays":9258},{"committee":"Уфа, Октябрьская","vibid":"20220002380841","voters":170986,"total":149278,"voted":148761,"spoiled":2659,"yays":123286,"nays":22816},{"committee":"Уфа, Орджоникидзевская","vibid":"20220002380825","voters":118985,"total":101493,"voted":101452,"spoiled":724,"yays":83507,"nays":17221},{"committee":"Уфа, Советская","vibid":"20220002380874","voters":117803,"total":99801,"voted":99787,"spoiled":425,"yays":81206,"nays":18156},{"committee":"Уфимская","vibid":"20220002380849","voters":75979,"total":68274,"voted":68274,"spoiled":257,"yays":61740,"nays":6277},{"committee":"Учалинская","vibid":"20220002380848","voters":56439,"total":52575,"voted":52572,"spoiled":223,"yays":48968,"nays":3381},{"committee":"Федоровская","vibid":"20220002380828","voters":12846,"total":12260,"voted":12260,"spoiled":82,"yays":11525,"nays":653},{"committee":"Хайбуллинская","vibid":"20220002380878","voters":23559,"total":22381,"voted":22381,"spoiled":149,"yays":20993,"nays":1239},{"committee":"Чекмагушевская","vibid":"20220002380871","voters":23574,"total":20772,"voted":20772,"spoiled":139,"yays":18704,"nays":1929},{"committee":"Чишминская","vibid":"20220002380854","voters":40112,"total":37647,"voted":37647,"spoiled":260,"yays":34738,"nays":2649},{"committee":"Шаранская","vibid":"20220002380845","voters":16984,"total":15811,"voted":15811,"spoiled":323,"yays":14302,"nays":1186},{"committee":"Янаульская","vibid":"20220002380883","voters":36201,"total":34582,"voted":34582,"spoiled":195,"yays":31252,"nays":3135},{"committee":"Бирская","vibid":"20220002380822","voters":44190,"total":39098,"voted":39097,"spoiled":414,"yays":31582,"nays":7101},{"committee":"Куюргазинская","vibid":"20220002380861","voters":18291,"total":17229,"voted":17229,"spoiled":25,"yays":15903,"nays":1301},{"committee":"Межгорьевская городская","vibid":"20220002380865","voters":12036,"total":10254,"voted":10253,"spoiled":303,"yays":7037,"nays":2913},{"committee":"Мелеузовская","vibid":"20220002380885","voters":62447,"total":60222,"voted":60222,"spoiled":593,"yays":55237,"nays":4392},{"committee":"Туймазинская","vibid":"20220002380853","voters":96384,"total":82468,"voted":82415,"spoiled":374,"yays":75189,"nays":6852}]