[{"committee":"Губкинская городская","vibid":"2882000679777","voters":16473,"total":13625,"voted":13560,"spoiled":44,"yays":12206,"nays":1310},{"committee":"Красноселькупская","vibid":"2882000679778","voters":4604,"total":4311,"voted":4303,"spoiled":0,"yays":3878,"nays":425},{"committee":"Лабытнангская городская","vibid":"2882000679770","voters":16191,"total":12653,"voted":12646,"spoiled":96,"yays":11400,"nays":1150},{"committee":"Муравленковская городская","vibid":"2882000679774","voters":22616,"total":18516,"voted":18492,"spoiled":105,"yays":16750,"nays":1637},{"committee":"Надымская","vibid":"2882000679768","voters":46943,"total":38124,"voted":38115,"spoiled":196,"yays":34082,"nays":3837},{"committee":"Новоуренгойская городская","vibid":"2882000679779","voters":67049,"total":50526,"voted":50457,"spoiled":221,"yays":44351,"nays":5885},{"committee":"Ноябрьская городская","vibid":"2882000679773","voters":74316,"total":59292,"voted":59270,"spoiled":303,"yays":53056,"nays":5911},{"committee":"Приуральская","vibid":"2882000679769","voters":9615,"total":8271,"voted":8271,"spoiled":15,"yays":7491,"nays":765},{"committee":"Пуровская","vibid":"2882000679775","voters":39516,"total":31987,"voted":31969,"spoiled":195,"yays":28269,"nays":3505},{"committee":"Салехардская городская","vibid":"2882000679772","voters":29917,"total":23683,"voted":23635,"spoiled":201,"yays":21343,"nays":2091},{"committee":"Тазовская","vibid":"2882000679780","voters":17669,"total":15300,"voted":15284,"spoiled":108,"yays":13649,"nays":1527},{"committee":"Шурышкарская","vibid":"2882000679771","voters":5886,"total":5088,"voted":5077,"spoiled":57,"yays":4618,"nays":402},{"committee":"Ямальская","vibid":"2882000679776","voters":17932,"total":16396,"voted":16389,"spoiled":85,"yays":14144,"nays":2160}]