[{"committee":"район Богородское","vibid":"27720002420503","voters":58891,"total":24236,"voted":24214,"spoiled":204,"yays":13854,"nays":10156},{"committee":"район Вешняки ","vibid":"27720002420505","voters":64941,"total":35305,"voted":35149,"spoiled":270,"yays":24553,"nays":10326},{"committee":"район Восточное Измайлово ","vibid":"27720002420428","voters":37501,"total":18608,"voted":18594,"spoiled":192,"yays":12065,"nays":6337},{"committee":"район Гольяново ","vibid":"27720002420498","voters":89863,"total":50515,"voted":50471,"spoiled":368,"yays":36585,"nays":13518},{"committee":"район Ивановское ","vibid":"27720002420476","voters":69095,"total":30527,"voted":30498,"spoiled":302,"yays":20551,"nays":9645},{"committee":"район Измайлово ","vibid":"27720002420422","voters":52238,"total":24987,"voted":24976,"spoiled":216,"yays":16037,"nays":8723},{"committee":"район Косино-Ухтомский ","vibid":"27720002420519","voters":37464,"total":18573,"voted":18522,"spoiled":307,"yays":10829,"nays":7386},{"committee":"район Метрогородок ","vibid":"27720002420477","voters":20115,"total":9154,"voted":9111,"spoiled":108,"yays":5745,"nays":3258},{"committee":"район Новокосино ","vibid":"27720002420454","voters":55065,"total":25308,"voted":25298,"spoiled":248,"yays":16464,"nays":8586},{"committee":"район Новогиреево ","vibid":"27720002420433","voters":50333,"total":29794,"voted":29766,"spoiled":312,"yays":20780,"nays":8674},{"committee":"район Перово","vibid":"27720002420482","voters":73924,"total":33239,"voted":33214,"spoiled":284,"yays":21578,"nays":11352},{"committee":"район Восточный","vibid":"27720002420513","voters":6705,"total":3476,"voted":3465,"spoiled":46,"yays":2375,"nays":1044},{"committee":"район Преображенское","vibid":"27720002420480","voters":44498,"total":18620,"voted":18590,"spoiled":115,"yays":10954,"nays":7521},{"committee":"район Северное Измайлово","vibid":"27720002420452","voters":46627,"total":22294,"voted":22269,"spoiled":224,"yays":14085,"nays":7960},{"committee":"район Соколиная гора","vibid":"27720002420492","voters":52004,"total":24647,"voted":24593,"spoiled":250,"yays":14923,"nays":9420},{"committee":"район Сокольники","vibid":"27720002420418","voters":34767,"total":17439,"voted":17434,"spoiled":150,"yays":10382,"nays":6902},{"committee":"район Внуково","vibid":"27720002420447","voters":15172,"total":9298,"voted":9298,"spoiled":74,"yays":7036,"nays":2188},{"committee":"район Дорогомилово","vibid":"27720002420495","voters":36277,"total":18302,"voted":18244,"spoiled":122,"yays":12097,"nays":6025},{"committee":"район Крылатское","vibid":"27720002420514","voters":47856,"total":32233,"voted":31727,"spoiled":296,"yays":21456,"nays":9975},{"committee":"район Кунцево","vibid":"27720002420420","voters":79792,"total":48840,"voted":48510,"spoiled":351,"yays":34716,"nays":13443},{"committee":"Можайский район","vibid":"27720002420458","voters":79145,"total":39977,"voted":39562,"spoiled":264,"yays":27124,"nays":12174},{"committee":"район Ново-Переделкино","vibid":"27720002420471","voters":64701,"total":33961,"voted":33915,"spoiled":336,"yays":24064,"nays":9515},{"committee":"район Очаково-Матвеевское","vibid":"27720002420411","voters":69611,"total":32901,"voted":32826,"spoiled":519,"yays":20043,"nays":12264},{"committee":"район Проспект Вернадского","vibid":"27720002420490","voters":35046,"total":23370,"voted":23355,"spoiled":223,"yays":16478,"nays":6654},{"committee":"район Раменки","vibid":"27720002420423","voters":71615,"total":32226,"voted":31935,"spoiled":464,"yays":19909,"nays":11562},{"committee":"район Солнцево","vibid":"27720002420408","voters":68594,"total":35634,"voted":35600,"spoiled":295,"yays":25562,"nays":9743},{"committee":"район Тропарево-Никулино","vibid":"27720002420485","voters":64143,"total":25704,"voted":25656,"spoiled":170,"yays":15269,"nays":10217},{"committee":"район Филевский парк","vibid":"27720002420497","voters":45312,"total":18847,"voted":18363,"spoiled":177,"yays":10481,"nays":7705},{"committee":"район Фили-Давыдково","vibid":"27720002420413","voters":58841,"total":29240,"voted":29190,"spoiled":244,"yays":19703,"nays":9243},{"committee":"район Силино","vibid":"27720002420416","voters":25577,"total":14907,"voted":14898,"spoiled":123,"yays":10293,"nays":4482},{"committee":"район Крюково","vibid":"27720002420419","voters":63214,"total":39613,"voted":39579,"spoiled":498,"yays":26113,"nays":12968},{"committee":"район Старое Крюково","vibid":"27720002420487","voters":19692,"total":10590,"voted":10577,"spoiled":102,"yays":7176,"nays":3299},{"committee":"район Матушкино","vibid":"27720002420528","voters":25792,"total":14289,"voted":14275,"spoiled":106,"yays":9856,"nays":4313},{"committee":"район Аэропорт","vibid":"27720002420442","voters":41912,"total":23168,"voted":23130,"spoiled":411,"yays":14431,"nays":8288},{"committee":"район Беговой ","vibid":"27720002420456","voters":25757,"total":12426,"voted":12422,"spoiled":102,"yays":7309,"nays":5011},{"committee":"Бескудниковский район ","vibid":"27720002420481","voters":43902,"total":26479,"voted":26448,"spoiled":187,"yays":18245,"nays":8016},{"committee":"район Савелки","vibid":"27720002420527","voters":21867,"total":12436,"voted":12398,"spoiled":169,"yays":8549,"nays":3680},{"committee":"Войковский район","vibid":"27720002420406","voters":45039,"total":22006,"voted":21982,"spoiled":253,"yays":15806,"nays":5923},{"committee":"район Восточное Дегунино","vibid":"27720002420475","voters":51493,"total":26996,"voted":26980,"spoiled":197,"yays":19241,"nays":7542},{"committee":"Головинский район","vibid":"27720002420459","voters":59096,"total":29663,"voted":29553,"spoiled":341,"yays":19792,"nays":9420},{"committee":"Дмитровский район","vibid":"27720002420462","voters":50670,"total":30150,"voted":30068,"spoiled":233,"yays":22060,"nays":7775},{"committee":"район Западное Дегунино","vibid":"27720002420450","voters":49148,"total":22729,"voted":22681,"spoiled":207,"yays":14897,"nays":7577},{"committee":"район Коптево","vibid":"27720002420502","voters":54448,"total":23328,"voted":23297,"spoiled":166,"yays":16591,"nays":6540},{"committee":"Левобережный район","vibid":"27720002420522","voters":30940,"total":17092,"voted":17078,"spoiled":133,"yays":12072,"nays":4873},{"committee":"Молжаниновский район","vibid":"27720002420510","voters":7572,"total":3438,"voted":3438,"spoiled":25,"yays":2003,"nays":1410},{"committee":"Савеловский район","vibid":"27720002420466","voters":34275,"total":16388,"voted":16377,"spoiled":117,"yays":11211,"nays":5049},{"committee":"район Сокол","vibid":"27720002420508","voters":29331,"total":13200,"voted":13135,"spoiled":155,"yays":7890,"nays":5090},{"committee":"Тимирязевский район","vibid":"27720002420496","voters":44741,"total":24668,"voted":24587,"spoiled":192,"yays":16621,"nays":7774},{"committee":"район Ховрино","vibid":"27720002420448","voters":55366,"total":23777,"voted":23544,"spoiled":175,"yays":14129,"nays":9240},{"committee":"Хорошевский район","vibid":"27720002420444","voters":49534,"total":26812,"voted":26744,"spoiled":169,"yays":18146,"nays":8429},{"committee":"Алексеевский район","vibid":"27720002420463","voters":39054,"total":17393,"voted":17144,"spoiled":391,"yays":9474,"nays":7279},{"committee":"Алтуфьевский район","vibid":"27720002420474","voters":31019,"total":13942,"voted":13924,"spoiled":117,"yays":9006,"nays":4801},{"committee":"Бабушкинский район","vibid":"27720002420507","voters":52036,"total":24895,"voted":24827,"spoiled":222,"yays":15574,"nays":9031},{"committee":"район Бибирево","vibid":"27720002420421","voters":85199,"total":34283,"voted":34245,"spoiled":663,"yays":21087,"nays":12495},{"committee":"Бутырский район","vibid":"27720002420469","voters":35867,"total":18201,"voted":18192,"spoiled":136,"yays":11225,"nays":6831},{"committee":"район Лианозово","vibid":"27720002420445","voters":47224,"total":22388,"voted":22354,"spoiled":215,"yays":14374,"nays":7765},{"committee":"Лосиноостровский район","vibid":"27720002420426","voters":48749,"total":19582,"voted":19523,"spoiled":205,"yays":11761,"nays":7557},{"committee":"район Марфино","vibid":"27720002420424","voters":20194,"total":9470,"voted":9443,"spoiled":102,"yays":5914,"nays":3427},{"committee":"район Марьина Роща","vibid":"27720002420472","voters":33318,"total":13620,"voted":13570,"spoiled":134,"yays":7534,"nays":5902},{"committee":"Останкинский район","vibid":"27720002420449","voters":32314,"total":13790,"voted":13768,"spoiled":104,"yays":7536,"nays":6128},{"committee":"район Отрадное","vibid":"27720002420511","voters":108097,"total":44120,"voted":43949,"spoiled":400,"yays":26322,"nays":17227},{"committee":"район Ростокино","vibid":"27720002420432","voters":23329,"total":12151,"voted":12046,"spoiled":101,"yays":7908,"nays":4037},{"committee":"район Свиблово","vibid":"27720002420486","voters":33436,"total":14498,"voted":14444,"spoiled":120,"yays":8131,"nays":6193},{"committee":"район Северное Медведково","vibid":"27720002420525","voters":61491,"total":25879,"voted":25864,"spoiled":422,"yays":15529,"nays":9913},{"committee":"район Северный","vibid":"27720002420439","voters":22032,"total":9830,"voted":9827,"spoiled":69,"yays":5751,"nays":4007},{"committee":"район Южное Медведково","vibid":"27720002420478","voters":45537,"total":19603,"voted":19589,"spoiled":148,"yays":12104,"nays":7337},{"committee":"Ярославский район","vibid":"27720002420464","voters":49642,"total":22846,"voted":22802,"spoiled":228,"yays":14445,"nays":8129},{"committee":"район Куркино","vibid":"27720002420523","voters":19853,"total":9005,"voted":9002,"spoiled":48,"yays":5304,"nays":3650},{"committee":"район Митино","vibid":"27720002420499","voters":106009,"total":51332,"voted":51270,"spoiled":350,"yays":34513,"nays":16407},{"committee":"район Покровское-Стрешнево","vibid":"27720002420438","voters":33748,"total":15689,"voted":15679,"spoiled":205,"yays":9318,"nays":6156},{"committee":"район Северное Тушино","vibid":"27720002420526","voters":80378,"total":33442,"voted":33305,"spoiled":289,"yays":20190,"nays":12826},{"committee":"район Строгино","vibid":"27720002420493","voters":80915,"total":35283,"voted":35227,"spoiled":311,"yays":21962,"nays":12954},{"committee":"район Хорошево-Мневники","vibid":"27720002420409","voters":91355,"total":39485,"voted":39412,"spoiled":317,"yays":25285,"nays":13810},{"committee":"район Щукино","vibid":"27720002420427","voters":57914,"total":25180,"voted":25152,"spoiled":233,"yays":14211,"nays":10708},{"committee":"район Южное Тушино","vibid":"27720002420455","voters":56395,"total":24395,"voted":24347,"spoiled":225,"yays":15388,"nays":8734},{"committee":"район Арбат","vibid":"27720002420435","voters":18988,"total":10765,"voted":10598,"spoiled":48,"yays":7918,"nays":2632},{"committee":"Басманный район","vibid":"27720002420479","voters":60155,"total":29299,"voted":29136,"spoiled":202,"yays":17652,"nays":11282},{"committee":"район Замоскворечье","vibid":"27720002420529","voters":29846,"total":14790,"voted":14744,"spoiled":96,"yays":8531,"nays":6117},{"committee":"Красносельский район","vibid":"27720002420430","voters":25762,"total":17070,"voted":17055,"spoiled":275,"yays":11712,"nays":5068},{"committee":"Мещанский район","vibid":"27720002420504","voters":35830,"total":22726,"voted":22291,"spoiled":130,"yays":15058,"nays":7103},{"committee":"Пресненский район","vibid":"27720002420461","voters":71174,"total":34677,"voted":34402,"spoiled":268,"yays":20788,"nays":13346},{"committee":"Таганский район","vibid":"27720002420443","voters":68218,"total":32077,"voted":32028,"spoiled":252,"yays":18958,"nays":12818},{"committee":"Тверской район","vibid":"27720002420405","voters":46248,"total":23722,"voted":23685,"spoiled":402,"yays":13691,"nays":9592},{"committee":"район Хамовники","vibid":"27720002420512","voters":53040,"total":23702,"voted":23633,"spoiled":162,"yays":12558,"nays":10913},{"committee":"район Якиманка","vibid":"27720002420446","voters":18398,"total":12943,"voted":12848,"spoiled":330,"yays":8524,"nays":3994},{"committee":"район Выхино-Жулебино","vibid":"27720002420417","voters":114609,"total":62855,"voted":62787,"spoiled":553,"yays":42034,"nays":20200},{"committee":"район Капотня","vibid":"27720002420412","voters":15628,"total":9202,"voted":9197,"spoiled":66,"yays":6315,"nays":2816},{"committee":"район Кузьминки","vibid":"27720002420488","voters":71636,"total":37527,"voted":37451,"spoiled":475,"yays":25646,"nays":11330},{"committee":"район Лефортово","vibid":"27720002420500","voters":52797,"total":40147,"voted":40088,"spoiled":366,"yays":28449,"nays":11273},{"committee":"район Люблино","vibid":"27720002420516","voters":99481,"total":54115,"voted":54081,"spoiled":644,"yays":37229,"nays":16208},{"committee":"район Марьино","vibid":"27720002420517","voters":139278,"total":72278,"voted":72208,"spoiled":643,"yays":49478,"nays":22087},{"committee":"район Некрасовка","vibid":"27720002420436","voters":37332,"total":26821,"voted":26788,"spoiled":139,"yays":18866,"nays":7783},{"committee":"Нижегородский район","vibid":"27720002420518","voters":25888,"total":14052,"voted":14032,"spoiled":120,"yays":9682,"nays":4230},{"committee":"район Печатники","vibid":"27720002420530","voters":49772,"total":25793,"voted":25764,"spoiled":393,"yays":17728,"nays":7643},{"committee":"Рязанский район","vibid":"27720002420470","voters":56531,"total":41821,"voted":41804,"spoiled":473,"yays":30832,"nays":10499},{"committee":"район Текстильщики","vibid":"27720002420410","voters":52676,"total":30804,"voted":30730,"spoiled":224,"yays":21619,"nays":8887},{"committee":"Южнопортовый район","vibid":"27720002420524","voters":39245,"total":25143,"voted":25129,"spoiled":173,"yays":18048,"nays":6908},{"committee":"Академический район","vibid":"27720002420429","voters":54774,"total":24464,"voted":24453,"spoiled":220,"yays":14334,"nays":9899},{"committee":"Гагаринский район","vibid":"27720002420465","voters":41512,"total":16684,"voted":16612,"spoiled":132,"yays":9163,"nays":7317},{"committee":"район Зюзино","vibid":"27720002420414","voters":63021,"total":30811,"voted":30754,"spoiled":262,"yays":20919,"nays":9573},{"committee":"район Коньково","vibid":"27720002420407","voters":83038,"total":32763,"voted":31857,"spoiled":287,"yays":18240,"nays":13330},{"committee":"район Котловка","vibid":"27720002420437","voters":31466,"total":13960,"voted":13913,"spoiled":107,"yays":8681,"nays":5125},{"committee":"Ломоносовский район","vibid":"27720002420506","voters":45790,"total":20344,"voted":20299,"spoiled":136,"yays":12533,"nays":7630},{"committee":"Обручевский район","vibid":"27720002420467","voters":43761,"total":18543,"voted":18506,"spoiled":401,"yays":10849,"nays":7256},{"committee":"район Северное Бутово","vibid":"27720002420451","voters":51131,"total":25411,"voted":25322,"spoiled":178,"yays":16367,"nays":8777},{"committee":"район Теплый Стан","vibid":"27720002420501","voters":71956,"total":28034,"voted":27960,"spoiled":311,"yays":17135,"nays":10514},{"committee":"район Черемушки","vibid":"27720002420491","voters":58434,"total":25632,"voted":25579,"spoiled":227,"yays":15492,"nays":9860},{"committee":"район Южное Бутово","vibid":"27720002420509","voters":121413,"total":53068,"voted":53017,"spoiled":407,"yays":32506,"nays":20104},{"committee":"район Ясенево","vibid":"27720002420489","voters":98419,"total":39864,"voted":39816,"spoiled":363,"yays":25018,"nays":14435},{"committee":"район Бирюлево Восточное","vibid":"27720002420520","voters":79269,"total":47956,"voted":47896,"spoiled":439,"yays":34541,"nays":12916},{"committee":"район Бирюлево Западное","vibid":"27720002420483","voters":45541,"total":25570,"voted":25540,"spoiled":246,"yays":18287,"nays":7007},{"committee":"район Братеево","vibid":"27720002420441","voters":50664,"total":28718,"voted":28693,"spoiled":253,"yays":20933,"nays":7507},{"committee":"Даниловский район","vibid":"27720002420440","voters":52212,"total":28242,"voted":28226,"spoiled":119,"yays":19551,"nays":8556},{"committee":"Донской район","vibid":"27720002420457","voters":27190,"total":13494,"voted":13481,"spoiled":117,"yays":8461,"nays":4903},{"committee":"район Зябликово","vibid":"27720002420415","voters":62337,"total":28323,"voted":28300,"spoiled":305,"yays":20437,"nays":7558},{"committee":"район Москворечье-Сабурово","vibid":"27720002420453","voters":40341,"total":28655,"voted":28641,"spoiled":224,"yays":21294,"nays":7123},{"committee":"район Нагатино-Садовники","vibid":"27720002420403","voters":44088,"total":26270,"voted":26249,"spoiled":182,"yays":18617,"nays":7450},{"committee":"район Нагатинский затон","vibid":"27720002420494","voters":58498,"total":39385,"voted":39370,"spoiled":449,"yays":29681,"nays":9240},{"committee":"Нагорный район","vibid":"27720002420431","voters":40754,"total":20614,"voted":20600,"spoiled":151,"yays":13330,"nays":7119},{"committee":"район Орехово-Борисово Северное","vibid":"27720002420484","voters":62785,"total":30632,"voted":30602,"spoiled":320,"yays":21251,"nays":9031},{"committee":"район Орехово-Борисово Южное","vibid":"27720002420425","voters":75759,"total":47190,"voted":47169,"spoiled":383,"yays":36671,"nays":10115},{"committee":"район Царицыно","vibid":"27720002420468","voters":64241,"total":25925,"voted":25907,"spoiled":303,"yays":15773,"nays":9831},{"committee":"район Чертаново Северное","vibid":"27720002420434","voters":54428,"total":21184,"voted":21170,"spoiled":215,"yays":12359,"nays":8596},{"committee":"район Чертаново Центральное","vibid":"27720002420521","voters":58165,"total":37909,"voted":37859,"spoiled":486,"yays":26281,"nays":11092},{"committee":"район Чертаново Южное","vibid":"27720002420460","voters":81138,"total":46505,"voted":46442,"spoiled":361,"yays":34706,"nays":11375},{"committee":"Новомосковская","vibid":"27720002420515","voters":106002,"total":59451,"voted":59434,"spoiled":347,"yays":44302,"nays":14785},{"committee":"Троицкий административный округ","vibid":"27720002420404","voters":93663,"total":45592,"voted":45585,"spoiled":456,"yays":30373,"nays":14756},{"committee":"Сосенская","vibid":"27720002420473","voters":111613,"total":53091,"voted":53045,"spoiled":376,"yays":37075,"nays":15594}]