[{"committee":"Балашихинская городская","vibid":"25020002979069","voters":359284,"total":297161,"voted":296703,"spoiled":2649,"yays":240783,"nays":53271},{"committee":"Бронницкая городская","vibid":"25020002979071","voters":14355,"total":11313,"voted":11313,"spoiled":220,"yays":8474,"nays":2619},{"committee":"Волоколамская","vibid":"25020002979058","voters":40573,"total":32589,"voted":32589,"spoiled":439,"yays":26228,"nays":5922},{"committee":"Воскресенская","vibid":"25020002979066","voters":118533,"total":85278,"voted":85041,"spoiled":1025,"yays":60601,"nays":23415},{"committee":"Восходненская поселковая","vibid":"25020002979038","voters":1382,"total":976,"voted":976,"spoiled":12,"yays":676,"nays":288},{"committee":"Власихинская городская","vibid":"25020002979049","voters":17589,"total":13714,"voted":13709,"spoiled":60,"yays":10152,"nays":3497},{"committee":"Дзержинская городская","vibid":"25020002979083","voters":35324,"total":24518,"voted":24508,"spoiled":107,"yays":20111,"nays":4290},{"committee":"Дмитровcкая","vibid":"25020002979040","voters":129362,"total":109214,"voted":108964,"spoiled":632,"yays":93153,"nays":15179},{"committee":"Долгопрудненская городская","vibid":"25020002979088","voters":75185,"total":45839,"voted":45820,"spoiled":493,"yays":33224,"nays":12103},{"committee":"Домодедовская городская","vibid":"25020002979062","voters":135507,"total":99218,"voted":99123,"spoiled":625,"yays":80622,"nays":17876},{"committee":"Дубненская городская","vibid":"25020002979048","voters":53956,"total":24662,"voted":24635,"spoiled":225,"yays":15690,"nays":8720},{"committee":"Егорьевская городская","vibid":"25020002979078","voters":77796,"total":60075,"voted":60074,"spoiled":511,"yays":48782,"nays":10781},{"committee":"Жуковская городская","vibid":"25020002979086","voters":74489,"total":57076,"voted":57061,"spoiled":151,"yays":43770,"nays":13140},{"committee":"Зарайская городская","vibid":"25020002979059","voters":29787,"total":20111,"voted":20111,"spoiled":225,"yays":15279,"nays":4607},{"committee":"Звездный городок городская","vibid":"25020002979081","voters":4836,"total":2838,"voted":2837,"spoiled":140,"yays":1897,"nays":800},{"committee":"Ивантеевская городская","vibid":"25020002979063","voters":53358,"total":40134,"voted":40115,"spoiled":327,"yays":32364,"nays":7424},{"committee":"Истринская городская","vibid":"25020002979080","voters":106484,"total":86488,"voted":86487,"spoiled":379,"yays":69670,"nays":16438},{"committee":"Каширская городская","vibid":"25020002979045","voters":53763,"total":44685,"voted":44640,"spoiled":721,"yays":40137,"nays":3782},{"committee":"Клинская городская","vibid":"25020002979091","voters":100898,"total":78439,"voted":78437,"spoiled":409,"yays":64009,"nays":14019},{"committee":"Коломенская городская","vibid":"25020002979033","voters":152768,"total":115990,"voted":115952,"spoiled":1094,"yays":97510,"nays":17348},{"committee":"Королевская городская","vibid":"25020002979032","voters":122839,"total":98974,"voted":98725,"spoiled":1939,"yays":75511,"nays":21275},{"committee":"Котельниковская поселковая","vibid":"25020002979057","voters":25060,"total":20235,"voted":20234,"spoiled":85,"yays":16926,"nays":3223},{"committee":"Красноармейская городская","vibid":"25020002979053","voters":20137,"total":11639,"voted":11621,"spoiled":110,"yays":7530,"nays":3981},{"committee":"Красногорская городская","vibid":"25020002979028","voters":126065,"total":94092,"voted":94034,"spoiled":495,"yays":71164,"nays":22375},{"committee":"Краснознаменская городская","vibid":"25020002979050","voters":32718,"total":27505,"voted":27465,"spoiled":167,"yays":21559,"nays":5739},{"committee":"Ленинская","vibid":"25020002979065","voters":124845,"total":100126,"voted":100114,"spoiled":516,"yays":75556,"nays":24042},{"committee":"Лобненская городская","vibid":"25020002979036","voters":64073,"total":52587,"voted":52585,"spoiled":316,"yays":43564,"nays":8705},{"committee":"Лосино-Петровская городская","vibid":"25020002979041","voters":38894,"total":25564,"voted":25563,"spoiled":242,"yays":19636,"nays":5685},{"committee":"Лотошинская","vibid":"25020002979044","voters":13659,"total":11921,"voted":11921,"spoiled":255,"yays":10735,"nays":931},{"committee":"Луховицкая городская","vibid":"25020002979052","voters":48339,"total":30252,"voted":30120,"spoiled":364,"yays":19311,"nays":10445},{"committee":"Лыткаринская городская","vibid":"25020002979096","voters":40474,"total":31366,"voted":31366,"spoiled":137,"yays":26077,"nays":5152},{"committee":"Люберецкая городская","vibid":"25020002979039","voters":238299,"total":186420,"voted":186361,"spoiled":1121,"yays":149017,"nays":36223},{"committee":"Можайская городская","vibid":"25020002979074","voters":55418,"total":44267,"voted":44267,"spoiled":2057,"yays":34461,"nays":7749},{"committee":"Молодежная поселковая","vibid":"25020002979090","voters":2003,"total":1394,"voted":1394,"spoiled":79,"yays":898,"nays":417},{"committee":"Мытищинская городская","vibid":"25020002979046","voters":177720,"total":126461,"voted":126397,"spoiled":1025,"yays":93422,"nays":31950},{"committee":"Наро-Фоминская городская","vibid":"25020002979095","voters":132921,"total":99986,"voted":99876,"spoiled":1916,"yays":75322,"nays":22638},{"committee":"Ногинская","vibid":"25020002979025","voters":165483,"total":126353,"voted":126172,"spoiled":1012,"yays":99533,"nays":25627},{"committee":"Одинцовская","vibid":"25020002979037","voters":143937,"total":109155,"voted":108906,"spoiled":834,"yays":85661,"nays":22411},{"committee":"Озерская городская","vibid":"25020002979093","voters":27847,"total":18408,"voted":18119,"spoiled":254,"yays":12278,"nays":5587},{"committee":"Орехово-Зуевская городская","vibid":"25020002979024","voters":105394,"total":88517,"voted":88514,"spoiled":1475,"yays":73646,"nays":13393},{"committee":"Ликино-Дулевская городская","vibid":"25020002979085","voters":72575,"total":57620,"voted":57553,"spoiled":2059,"yays":46899,"nays":8595},{"committee":"Павлово-Посадская городская","vibid":"25020002979068","voters":62587,"total":46258,"voted":46256,"spoiled":684,"yays":34965,"nays":10607},{"committee":"Подольская городская","vibid":"25020002979087","voters":263714,"total":200956,"voted":200594,"spoiled":952,"yays":162354,"nays":37288},{"committee":"Протвинская городская","vibid":"25020002979029","voters":28321,"total":11142,"voted":11137,"spoiled":133,"yays":7334,"nays":3670},{"committee":"Пушкинская","vibid":"25020002979075","voters":143289,"total":109922,"voted":109902,"spoiled":627,"yays":85531,"nays":23744},{"committee":"Пущинская городская","vibid":"25020002979064","voters":15371,"total":7272,"voted":7270,"spoiled":92,"yays":4893,"nays":2285},{"committee":"Раменская","vibid":"25020002979082","voters":77611,"total":57610,"voted":57197,"spoiled":596,"yays":42876,"nays":13725},{"committee":"Реутовская городская","vibid":"25020002979077","voters":70947,"total":58783,"voted":58773,"spoiled":254,"yays":47302,"nays":11217},{"committee":"Рошальская городская","vibid":"25020002979026","voters":15764,"total":13496,"voted":13496,"spoiled":96,"yays":10726,"nays":2674},{"committee":"Рузская городская","vibid":"25020002979035","voters":51330,"total":41612,"voted":41601,"spoiled":223,"yays":32031,"nays":9347},{"committee":"Сергиево-Посадская","vibid":"25020002979073","voters":190301,"total":144149,"voted":143761,"spoiled":1464,"yays":117484,"nays":24813},{"committee":"Серебряно-Прудская городская","vibid":"25020002979047","voters":18101,"total":13317,"voted":13317,"spoiled":219,"yays":10465,"nays":2633},{"committee":"Серпуховская городская","vibid":"25020002979031","voters":135470,"total":102777,"voted":102520,"spoiled":1079,"yays":79740,"nays":21701},{"committee":"Солнечногорская","vibid":"25020002979055","voters":124981,"total":88050,"voted":88050,"spoiled":795,"yays":66151,"nays":21104},{"committee":"Ступинская городская","vibid":"25020002979054","voters":87157,"total":68892,"voted":68890,"spoiled":417,"yays":55788,"nays":12685},{"committee":"Талдомская","vibid":"25020002979034","voters":36297,"total":28482,"voted":28477,"spoiled":259,"yays":21500,"nays":6718},{"committee":"Фрязинская городская","vibid":"25020002979084","voters":45777,"total":33151,"voted":32883,"spoiled":301,"yays":24634,"nays":7948},{"committee":"Химкинская городская","vibid":"25020002979076","voters":181655,"total":149131,"voted":148704,"spoiled":559,"yays":120818,"nays":27327},{"committee":"Черноголовская городская","vibid":"25020002979061","voters":17369,"total":7041,"voted":7039,"spoiled":65,"yays":4504,"nays":2470},{"committee":"ТИК города Чехов","vibid":"25020002979051","voters":105301,"total":78096,"voted":77450,"spoiled":377,"yays":61950,"nays":15123},{"committee":"Шатурская городская","vibid":"25020002979092","voters":51783,"total":40056,"voted":40056,"spoiled":304,"yays":31891,"nays":7861},{"committee":"Шаховская городская","vibid":"25020002979072","voters":19015,"total":13727,"voted":13727,"spoiled":90,"yays":10483,"nays":3154},{"committee":"Щелковская","vibid":"25020002979042","voters":150206,"total":123768,"voted":123699,"spoiled":906,"yays":104802,"nays":17991},{"committee":"Электрогорская городская","vibid":"25020002979027","voters":17305,"total":13269,"voted":13269,"spoiled":77,"yays":11398,"nays":1794},{"committee":"Электростальская городская","vibid":"25020002979089","voters":119612,"total":84278,"voted":84188,"spoiled":734,"yays":66439,"nays":17015},{"committee":"Королевская городская № 2","vibid":"25020002979070","voters":54601,"total":44011,"voted":43869,"spoiled":277,"yays":33989,"nays":9603},{"committee":"Красногорская городская № 2","vibid":"25020002979094","voters":59121,"total":45710,"voted":45691,"spoiled":233,"yays":34842,"nays":10616},{"committee":"Одинцовская № 2","vibid":"25020002979060","voters":146362,"total":108914,"voted":108675,"spoiled":726,"yays":81921,"nays":26028},{"committee":"Раменская № 2","vibid":"25020002979030","voters":104300,"total":76933,"voted":76740,"spoiled":1201,"yays":59548,"nays":15991}]