[{"committee":"Ак-Довуракская","vibid":"2172000658273","voters":7402,"total":6689,"voted":6688,"spoiled":4,"yays":6498,"nays":186},{"committee":"Бай-Тайгинская","vibid":"2172000658255","voters":5817,"total":5581,"voted":5581,"spoiled":4,"yays":5544,"nays":33},{"committee":"Барун-Хемчикская","vibid":"2172000658243","voters":7330,"total":7094,"voted":7094,"spoiled":8,"yays":6912,"nays":174},{"committee":"Дзун-Хемчикская","vibid":"2172000658253","voters":13280,"total":12997,"voted":12997,"spoiled":33,"yays":12726,"nays":238},{"committee":"Каа-Хемская","vibid":"2172000658274","voters":7913,"total":7808,"voted":7807,"spoiled":4,"yays":7737,"nays":66},{"committee":"Кызылская городская","vibid":"2172000658238","voters":71893,"total":61001,"voted":61000,"spoiled":273,"yays":57654,"nays":3073},{"committee":"Кызылская","vibid":"2172000658268","voters":17162,"total":16938,"voted":16938,"spoiled":10,"yays":16541,"nays":387},{"committee":"Монгун-Тайгинская","vibid":"2172000658224","voters":3964,"total":3892,"voted":3892,"spoiled":8,"yays":3827,"nays":57},{"committee":"Овюрская","vibid":"2172000658272","voters":4807,"total":4758,"voted":4758,"spoiled":0,"yays":4734,"nays":24},{"committee":"Пий-Хемская","vibid":"2172000658248","voters":7577,"total":7389,"voted":7389,"spoiled":3,"yays":7231,"nays":155},{"committee":"Сут-Хольская","vibid":"2172000658239","voters":5240,"total":5218,"voted":5218,"spoiled":1,"yays":5182,"nays":35},{"committee":"Тандинская","vibid":"2172000658259","voters":7716,"total":7553,"voted":7553,"spoiled":2,"yays":7414,"nays":137},{"committee":"Тес-Хемская","vibid":"2172000658229","voters":5745,"total":5732,"voted":5732,"spoiled":1,"yays":5697,"nays":34},{"committee":"Тоджинская","vibid":"2172000658270","voters":3984,"total":3773,"voted":3772,"spoiled":27,"yays":3457,"nays":288},{"committee":"Улуг-Хемская","vibid":"2172000658246","voters":11202,"total":11114,"voted":11114,"spoiled":8,"yays":10875,"nays":231},{"committee":"Чаа-Хольская","vibid":"2172000658227","voters":4087,"total":3947,"voted":3947,"spoiled":17,"yays":3783,"nays":147},{"committee":"Чеди-Хольская","vibid":"2172000658264","voters":4748,"total":4429,"voted":4429,"spoiled":1,"yays":4303,"nays":125},{"committee":"Эрзинская","vibid":"2172000658250","voters":4630,"total":4497,"voted":4497,"spoiled":3,"yays":4471,"nays":23},{"committee":"Тере-Хольская","vibid":"2172000658261","voters":1126,"total":1126,"voted":1126,"spoiled":1,"yays":1112,"nays":13}]