[{"committee":"Большесельская","vibid":"2762000799694","voters":7763,"total":5811,"voted":5811,"spoiled":58,"yays":4273,"nays":1480},{"committee":"Борисоглебская","vibid":"2762000799696","voters":10032,"total":7164,"voted":7164,"spoiled":39,"yays":5496,"nays":1629},{"committee":"Брейтовская","vibid":"2762000799685","voters":5365,"total":3826,"voted":3826,"spoiled":16,"yays":2934,"nays":876},{"committee":"Гаврилов-Ямская","vibid":"2762000799690","voters":19656,"total":13952,"voted":13952,"spoiled":103,"yays":9883,"nays":3966},{"committee":"Даниловская","vibid":"2762000799698","voters":19518,"total":12412,"voted":12411,"spoiled":68,"yays":9037,"nays":3306},{"committee":"Любимская","vibid":"2762000799713","voters":9323,"total":6119,"voted":6119,"spoiled":39,"yays":4279,"nays":1801},{"committee":"Мышкинская","vibid":"2762000799703","voters":8006,"total":5844,"voted":5843,"spoiled":34,"yays":4225,"nays":1584},{"committee":"Некоузская","vibid":"2762000799699","voters":11858,"total":8128,"voted":8128,"spoiled":106,"yays":5954,"nays":2068},{"committee":"Некрасовская","vibid":"2762000799708","voters":17477,"total":12149,"voted":12149,"spoiled":86,"yays":9125,"nays":2938},{"committee":"Первомайская","vibid":"2762000799688","voters":8738,"total":6399,"voted":6399,"spoiled":48,"yays":4952,"nays":1399},{"committee":"Переславль-Залесская городская","vibid":"2762000799712","voters":31881,"total":14592,"voted":14592,"spoiled":120,"yays":10042,"nays":4430},{"committee":"Пошехонская","vibid":"2762000799700","voters":10711,"total":7724,"voted":7724,"spoiled":58,"yays":5517,"nays":2149},{"committee":"Ростовская","vibid":"2762000799709","voters":49463,"total":32377,"voted":32375,"spoiled":216,"yays":22758,"nays":9401},{"committee":"Рыбинская","vibid":"2762000799704","voters":21727,"total":15011,"voted":15011,"spoiled":154,"yays":10552,"nays":4305},{"committee":"Тутаевская","vibid":"2762000799686","voters":42368,"total":30226,"voted":30224,"spoiled":240,"yays":21609,"nays":8375},{"committee":"Угличская","vibid":"2762000799707","voters":32954,"total":23810,"voted":23767,"spoiled":168,"yays":17370,"nays":6229},{"committee":"Ярославль, Дзержинская","vibid":"2762000799702","voters":129972,"total":52636,"voted":52619,"spoiled":481,"yays":34552,"nays":17586},{"committee":"Ярославль, Заволжская","vibid":"2762000799689","voters":91210,"total":46933,"voted":46913,"spoiled":594,"yays":31844,"nays":14475},{"committee":"Ярославль, Кировская","vibid":"2762000799701","voters":41355,"total":25153,"voted":25151,"spoiled":224,"yays":16666,"nays":8261},{"committee":"Ярославль, Красноперекопская","vibid":"2762000799711","voters":53025,"total":25403,"voted":25400,"spoiled":203,"yays":15055,"nays":10142},{"committee":"Ярославль, Ленинская","vibid":"2762000799687","voters":48360,"total":27338,"voted":27329,"spoiled":247,"yays":17761,"nays":9321},{"committee":"Ярославль, Фрунзенская","vibid":"2762000799710","voters":102225,"total":44133,"voted":43198,"spoiled":364,"yays":28107,"nays":14727},{"committee":"Ярославская","vibid":"2762000799691","voters":49478,"total":31118,"voted":31118,"spoiled":305,"yays":21201,"nays":9612},{"committee":"Переславская","vibid":"2762000799697","voters":15864,"total":10644,"voted":10644,"spoiled":149,"yays":8068,"nays":2427},{"committee":"Рыбинск, Волжская","vibid":"2762000799695","voters":79157,"total":45899,"voted":45859,"spoiled":439,"yays":29251,"nays":16169},{"committee":"Рыбинск, Пролетарская","vibid":"2762000799684","voters":65267,"total":34018,"voted":34016,"spoiled":200,"yays":23542,"nays":10274}]