[{"committee":"Алексеевская","vibid":"2312000850011","voters":50304,"total":44857,"voted":44857,"spoiled":95,"yays":40110,"nays":4652},{"committee":"Белгородская районная","vibid":"2312000850013","voters":121072,"total":105208,"voted":105208,"spoiled":961,"yays":88999,"nays":15248},{"committee":"Белгородская городская","vibid":"2312000850012","voters":286570,"total":195915,"voted":195711,"spoiled":1858,"yays":153868,"nays":39985},{"committee":"Борисовская","vibid":"2312000850024","voters":20111,"total":18477,"voted":18477,"spoiled":108,"yays":16522,"nays":1847},{"committee":"Валуйская","vibid":"2312000850033","voters":53054,"total":44549,"voted":44549,"spoiled":303,"yays":36827,"nays":7419},{"committee":"Вейделевская","vibid":"2312000850051","voters":16960,"total":15958,"voted":15958,"spoiled":35,"yays":14941,"nays":982},{"committee":"Волоконовская","vibid":"2312000850052","voters":24928,"total":22710,"voted":22710,"spoiled":440,"yays":20111,"nays":2159},{"committee":"Грайворонская","vibid":"2312000850053","voters":21312,"total":18574,"voted":18574,"spoiled":145,"yays":16414,"nays":2015},{"committee":"Губкинская","vibid":"2312000850054","voters":82590,"total":60305,"voted":60305,"spoiled":291,"yays":46281,"nays":13733},{"committee":"Ивнянская","vibid":"2312000850055","voters":18096,"total":16919,"voted":16919,"spoiled":65,"yays":15186,"nays":1668},{"committee":"Корочанская","vibid":"2312000850056","voters":30584,"total":26319,"voted":26319,"spoiled":237,"yays":21059,"nays":5023},{"committee":"Красненская","vibid":"2312000850057","voters":9564,"total":8744,"voted":8744,"spoiled":60,"yays":7831,"nays":853},{"committee":"Красногвардейская","vibid":"2312000850058","voters":28682,"total":23760,"voted":23760,"spoiled":262,"yays":18162,"nays":5336},{"committee":"Краснояружская","vibid":"2312000850059","voters":11642,"total":10540,"voted":10540,"spoiled":57,"yays":8765,"nays":1718},{"committee":"Новооскольская","vibid":"2312000850060","voters":33177,"total":30039,"voted":30039,"spoiled":105,"yays":28491,"nays":1443},{"committee":"Прохоровская","vibid":"2312000850061","voters":21559,"total":18823,"voted":18823,"spoiled":94,"yays":16222,"nays":2507},{"committee":"Ракитянская","vibid":"2312000850062","voters":25958,"total":23743,"voted":23743,"spoiled":193,"yays":21487,"nays":2063},{"committee":"Ровеньская","vibid":"2312000850063","voters":18351,"total":15152,"voted":15144,"spoiled":162,"yays":11594,"nays":3388},{"committee":"Старооскольская","vibid":"2312000850064","voters":207511,"total":163144,"voted":162913,"spoiled":1516,"yays":123842,"nays":37555},{"committee":"Чернянская","vibid":"2312000850065","voters":24403,"total":22100,"voted":22100,"spoiled":145,"yays":20260,"nays":1695},{"committee":"Шебекинская","vibid":"2312000850066","voters":70343,"total":49566,"voted":49562,"spoiled":429,"yays":36619,"nays":12514},{"committee":"Яковлевская","vibid":"2312000850067","voters":49067,"total":41810,"voted":41809,"spoiled":395,"yays":35045,"nays":6369}]