[{"committee":"Адыге-Хабльская","vibid":"2092000562238","voters":9128,"total":7659,"voted":7659,"spoiled":51,"yays":6469,"nays":1139},{"committee":"Зеленчукская","vibid":"2092000562237","voters":35188,"total":29107,"voted":29107,"spoiled":58,"yays":24594,"nays":4455},{"committee":"Карачаевская","vibid":"2092000562236","voters":18894,"total":16020,"voted":16020,"spoiled":15,"yays":13923,"nays":2082},{"committee":"Карачаевская городская","vibid":"2092000562235","voters":18764,"total":16083,"voted":16083,"spoiled":26,"yays":13705,"nays":2352},{"committee":"Малокарачаевская","vibid":"2092000562234","voters":26865,"total":23079,"voted":23079,"spoiled":35,"yays":19420,"nays":3624},{"committee":"Прикубанская","vibid":"2092000562233","voters":20238,"total":17091,"voted":17091,"spoiled":20,"yays":14273,"nays":2798},{"committee":"Урупская","vibid":"2092000562232","voters":12283,"total":10655,"voted":10655,"spoiled":21,"yays":9253,"nays":1381},{"committee":"Усть-Джегутинская","vibid":"2092000562231","voters":34810,"total":29508,"voted":29508,"spoiled":20,"yays":24935,"nays":4553},{"committee":"Хабезская","vibid":"2092000562230","voters":18376,"total":15738,"voted":15738,"spoiled":19,"yays":13551,"nays":2168},{"committee":"Черкесская городская","vibid":"2092000562229","voters":81227,"total":67369,"voted":67356,"spoiled":187,"yays":56310,"nays":10859},{"committee":"Абазинская","vibid":"2092000562228","voters":10303,"total":8705,"voted":8705,"spoiled":25,"yays":7711,"nays":969},{"committee":"Ногайская","vibid":"2092000562227","voters":9603,"total":8012,"voted":8012,"spoiled":6,"yays":7019,"nays":987}]