[{"committee":"Александровская","vibid":"25920002010951","voters":22767,"total":9305,"voted":9305,"spoiled":133,"yays":6686,"nays":2486},{"committee":"Бардымская","vibid":"25920002010952","voters":19580,"total":14634,"voted":14634,"spoiled":106,"yays":10081,"nays":4447},{"committee":"Березниковская городская","vibid":"25920002010941","voters":123194,"total":51434,"voted":51405,"spoiled":770,"yays":35143,"nays":15492},{"committee":"Березовская","vibid":"25920002010948","voters":12594,"total":8127,"voted":8127,"spoiled":71,"yays":5864,"nays":2192},{"committee":"Большесосновская","vibid":"25920002010927","voters":10291,"total":6675,"voted":6675,"spoiled":69,"yays":5197,"nays":1409},{"committee":"Верещагинская городская","vibid":"25920002010935","voters":31158,"total":20117,"voted":20113,"spoiled":247,"yays":14721,"nays":5145},{"committee":"Горнозаводская городская","vibid":"25920002010961","voters":19422,"total":9407,"voted":9407,"spoiled":119,"yays":6695,"nays":2593},{"committee":"Гремячинская городская","vibid":"25920002010929","voters":9638,"total":4421,"voted":4421,"spoiled":48,"yays":3323,"nays":1050},{"committee":"Губахинская городская","vibid":"25920002010964","voters":26948,"total":16348,"voted":16348,"spoiled":200,"yays":11576,"nays":4572},{"committee":"Добрянская городская","vibid":"25920002010944","voters":44724,"total":21551,"voted":20932,"spoiled":228,"yays":14763,"nays":5941},{"committee":"Еловская","vibid":"25920002010936","voters":8371,"total":4766,"voted":4766,"spoiled":31,"yays":3482,"nays":1253},{"committee":"Ильинская городская","vibid":"25920002010957","voters":14656,"total":9470,"voted":9470,"spoiled":99,"yays":7075,"nays":2296},{"committee":"Карагайская","vibid":"25920002010932","voters":16676,"total":8503,"voted":8503,"spoiled":52,"yays":6476,"nays":1975},{"committee":"Кизеловская городская","vibid":"25920002010963","voters":18357,"total":9800,"voted":9800,"spoiled":86,"yays":7136,"nays":2578},{"committee":"Кишертская","vibid":"25920002010942","voters":9816,"total":7084,"voted":7082,"spoiled":66,"yays":5669,"nays":1347},{"committee":"Красновишерская городская","vibid":"25920002010931","voters":16572,"total":8074,"voted":8072,"spoiled":99,"yays":6086,"nays":1887},{"committee":"Краснокамская городская","vibid":"25920002010959","voters":54355,"total":30718,"voted":30715,"spoiled":391,"yays":22388,"nays":7936},{"committee":"Куединская","vibid":"25920002010945","voters":20442,"total":10806,"voted":10805,"spoiled":77,"yays":7974,"nays":2754},{"committee":"Кунгурская городская","vibid":"25920002010958","voters":46186,"total":22240,"voted":22224,"spoiled":189,"yays":15826,"nays":6209},{"committee":"Лысьвенская городская","vibid":"25920002010934","voters":59310,"total":29896,"voted":29891,"spoiled":295,"yays":21043,"nays":8553},{"committee":"Нытвенская городская","vibid":"25920002010943","voters":35371,"total":16314,"voted":16312,"spoiled":147,"yays":12427,"nays":3738},{"committee":"Октябрьская городская","vibid":"25920002010966","voters":22874,"total":12533,"voted":12531,"spoiled":89,"yays":8301,"nays":4141},{"committee":"Ординская","vibid":"25920002010949","voters":11742,"total":7429,"voted":7366,"spoiled":69,"yays":5611,"nays":1686},{"committee":"Осинская городская","vibid":"25920002010923","voters":22819,"total":12333,"voted":12284,"spoiled":86,"yays":9021,"nays":3177},{"committee":"Оханская городская","vibid":"25920002010922","voters":12109,"total":6841,"voted":6840,"spoiled":43,"yays":5334,"nays":1463},{"committee":"Очерская городская","vibid":"25920002010940","voters":18167,"total":9953,"voted":9950,"spoiled":88,"yays":7404,"nays":2458},{"committee":"Пермская","vibid":"25920002010939","voters":89349,"total":55946,"voted":55946,"spoiled":356,"yays":39984,"nays":15606},{"committee":"Пермь, Дзержинская","vibid":"25920002010920","voters":108420,"total":47471,"voted":46692,"spoiled":446,"yays":30370,"nays":15876},{"committee":"Пермь, Индустриальная","vibid":"25920002010937","voters":116707,"total":50234,"voted":50204,"spoiled":393,"yays":33451,"nays":16360},{"committee":"Пермь, Кировская","vibid":"25920002010947","voters":96153,"total":36793,"voted":36760,"spoiled":415,"yays":24350,"nays":11995},{"committee":"Пермь, Ленинская","vibid":"25920002010925","voters":36771,"total":17373,"voted":17362,"spoiled":144,"yays":10766,"nays":6452},{"committee":"Пермь, Мотовилихинская","vibid":"25920002010930","voters":142320,"total":69187,"voted":69140,"spoiled":580,"yays":48970,"nays":19590},{"committee":"Пермь, Орджоникидзевская","vibid":"25920002010933","voters":86322,"total":51186,"voted":51144,"spoiled":91,"yays":36329,"nays":14724},{"committee":"Пермь, Свердловская № 2","vibid":"25920002010938","voters":73647,"total":40398,"voted":40373,"spoiled":287,"yays":29962,"nays":10124},{"committee":"Сивинская","vibid":"25920002010969","voters":11394,"total":7355,"voted":7355,"spoiled":22,"yays":5865,"nays":1468},{"committee":"Соликамская городская","vibid":"25920002010928","voters":79353,"total":41220,"voted":40768,"spoiled":471,"yays":28327,"nays":11970},{"committee":"Суксунская городская","vibid":"25920002010953","voters":15549,"total":10003,"voted":10003,"spoiled":59,"yays":7625,"nays":2319},{"committee":"Уинская","vibid":"25920002010965","voters":8871,"total":6278,"voted":6278,"spoiled":23,"yays":4780,"nays":1475},{"committee":"Чайковская городская","vibid":"25920002010968","voters":79452,"total":44823,"voted":44817,"spoiled":414,"yays":30813,"nays":13590},{"committee":"Частинская","vibid":"25920002010918","voters":10040,"total":6526,"voted":6526,"spoiled":28,"yays":5106,"nays":1392},{"committee":"Чердынская городская","vibid":"25920002010926","voters":14224,"total":8206,"voted":8206,"spoiled":48,"yays":6339,"nays":1819},{"committee":"Чернушинская городская","vibid":"25920002010967","voters":38024,"total":27213,"voted":27212,"spoiled":429,"yays":18620,"nays":8163},{"committee":"Чусовская городская","vibid":"25920002010917","voters":49659,"total":21923,"voted":21917,"spoiled":203,"yays":15817,"nays":5897},{"committee":"Звездная городская","vibid":"25920002010962","voters":5334,"total":2787,"voted":2786,"spoiled":19,"yays":1888,"nays":879},{"committee":"Кунгурская","vibid":"25920002010950","voters":34424,"total":20265,"voted":20264,"spoiled":126,"yays":14907,"nays":5231},{"committee":"Гайнская","vibid":"25920002010955","voters":10666,"total":6509,"voted":6509,"spoiled":241,"yays":4735,"nays":1533},{"committee":"Косинская","vibid":"25920002010921","voters":5419,"total":4125,"voted":4125,"spoiled":199,"yays":2819,"nays":1107},{"committee":"Кочевская","vibid":"25920002010954","voters":8489,"total":6550,"voted":6524,"spoiled":34,"yays":5136,"nays":1354},{"committee":"Кудымкарская","vibid":"25920002010946","voters":17823,"total":10837,"voted":10837,"spoiled":74,"yays":8818,"nays":1945},{"committee":"Кудымкарская городская","vibid":"25920002010960","voters":22346,"total":14749,"voted":14749,"spoiled":315,"yays":10444,"nays":3990},{"committee":"Юрлинская","vibid":"25920002010956","voters":7533,"total":4914,"voted":4827,"spoiled":438,"yays":3295,"nays":1094},{"committee":"Юсьвинская","vibid":"25920002010919","voters":14218,"total":9091,"voted":9090,"spoiled":67,"yays":7019,"nays":2004},{"committee":"Пермь, Свердловская №1","vibid":"25920002010924","voters":92334,"total":50194,"voted":50182,"spoiled":309,"yays":32965,"nays":16908}]