[{"committee":"Анадырская","vibid":"2872000345894","voters":5174,"total":4221,"voted":4221,"spoiled":50,"yays":3591,"nays":580},{"committee":"Анадырская городская","vibid":"2872000345895","voters":7754,"total":5112,"voted":5110,"spoiled":55,"yays":4240,"nays":815},{"committee":"Билибинская","vibid":"2872000345898","voters":5029,"total":3347,"voted":3346,"spoiled":36,"yays":2396,"nays":914},{"committee":"Эгвекинотская","vibid":"2872000345892","voters":2640,"total":2288,"voted":2288,"spoiled":21,"yays":1851,"nays":416},{"committee":"Провиденская","vibid":"2872000345896","voters":2518,"total":2367,"voted":2367,"spoiled":16,"yays":1582,"nays":769},{"committee":"Певекская","vibid":"2872000345897","voters":4456,"total":3409,"voted":3407,"spoiled":35,"yays":2888,"nays":484},{"committee":"Чукотская","vibid":"2872000345893","voters":2282,"total":1860,"voted":1860,"spoiled":37,"yays":1598,"nays":225}]