[{"committee":"Астрахань, Кировская","vibid":"23020001172916","voters":82676,"total":60526,"voted":60507,"spoiled":195,"yays":55709,"nays":4603},{"committee":"Астрахань, Ленинская","vibid":"23020001172917","voters":106430,"total":77101,"voted":77099,"spoiled":271,"yays":67234,"nays":9594},{"committee":"Астрахань, Cоветская","vibid":"23020001172898","voters":104200,"total":72321,"voted":72308,"spoiled":304,"yays":64263,"nays":7741},{"committee":"Астрахань, Трусовская","vibid":"23020001172903","voters":78627,"total":56694,"voted":56692,"spoiled":256,"yays":51342,"nays":5094},{"committee":"Ахтубинская","vibid":"23020001172896","voters":50550,"total":24845,"voted":24837,"spoiled":261,"yays":16683,"nays":7893},{"committee":"Володарская","vibid":"23020001172919","voters":33521,"total":22263,"voted":22262,"spoiled":194,"yays":17719,"nays":4349},{"committee":"Енотаевская","vibid":"23020001172902","voters":18722,"total":13261,"voted":13259,"spoiled":165,"yays":10460,"nays":2634},{"committee":"Знаменская городская","vibid":"23020001172897","voters":20283,"total":11398,"voted":11387,"spoiled":111,"yays":6540,"nays":4736},{"committee":"Икрянинская","vibid":"23020001172914","voters":34129,"total":25312,"voted":25312,"spoiled":266,"yays":19792,"nays":5254},{"committee":"Камызякская","vibid":"23020001172901","voters":34853,"total":30899,"voted":30899,"spoiled":118,"yays":27555,"nays":3226},{"committee":"Красноярская","vibid":"23020001172918","voters":25134,"total":15332,"voted":15330,"spoiled":298,"yays":10360,"nays":4672},{"committee":"Лиманская","vibid":"23020001172900","voters":22947,"total":21195,"voted":21194,"spoiled":35,"yays":19844,"nays":1315},{"committee":"Наримановская","vibid":"23020001172915","voters":35715,"total":30361,"voted":30361,"spoiled":144,"yays":27720,"nays":2497},{"committee":"Приволжская","vibid":"23020001172904","voters":38418,"total":35895,"voted":35886,"spoiled":76,"yays":34081,"nays":1729},{"committee":"Харабалинская","vibid":"23020001172899","voters":28670,"total":26621,"voted":26621,"spoiled":149,"yays":24777,"nays":1695},{"committee":"Черноярская","vibid":"23020001172908","voters":13805,"total":10892,"voted":10892,"spoiled":50,"yays":9787,"nays":1055}]