[{"committee":"Азовская городская","vibid":"26120002245077","voters":62224,"total":51197,"voted":51193,"spoiled":275,"yays":43558,"nays":7360},{"committee":"Азовская","vibid":"26120002245076","voters":73870,"total":58016,"voted":58009,"spoiled":274,"yays":48872,"nays":8863},{"committee":"Аксайская","vibid":"26120002245075","voters":88005,"total":75892,"voted":75889,"spoiled":173,"yays":65616,"nays":10100},{"committee":"Багаевская","vibid":"26120002245074","voters":27731,"total":21916,"voted":21916,"spoiled":101,"yays":18075,"nays":3740},{"committee":"Батайская городская","vibid":"26120002245073","voters":97625,"total":82476,"voted":82474,"spoiled":878,"yays":66342,"nays":15254},{"committee":"Белокалитвинская","vibid":"26120002245072","voters":76555,"total":63176,"voted":63176,"spoiled":247,"yays":55702,"nays":7227},{"committee":"Боковская","vibid":"26120002245071","voters":11125,"total":9236,"voted":9236,"spoiled":31,"yays":7821,"nays":1384},{"committee":"Верхнедонская","vibid":"26120002245070","voters":15305,"total":12455,"voted":12455,"spoiled":60,"yays":10783,"nays":1612},{"committee":"Веселовская","vibid":"26120002245069","voters":18415,"total":14950,"voted":14950,"spoiled":74,"yays":13049,"nays":1827},{"committee":"Волгодонская городская","vibid":"26120002245068","voters":123808,"total":99377,"voted":99363,"spoiled":667,"yays":81571,"nays":17125},{"committee":"Волгодонская","vibid":"26120002245067","voters":23740,"total":18568,"voted":18463,"spoiled":65,"yays":15559,"nays":2839},{"committee":"Гуковская городская","vibid":"26120002245066","voters":47724,"total":34429,"voted":33837,"spoiled":294,"yays":29417,"nays":4126},{"committee":"Донецкая городская","vibid":"26120002245065","voters":38601,"total":29834,"voted":29831,"spoiled":158,"yays":25274,"nays":4399},{"committee":"Дубовская","vibid":"26120002245064","voters":15400,"total":12789,"voted":12789,"spoiled":55,"yays":10501,"nays":2233},{"committee":"Егорлыкская","vibid":"26120002245063","voters":26619,"total":21962,"voted":21962,"spoiled":66,"yays":18603,"nays":3293},{"committee":"Заветинская","vibid":"26120002245062","voters":10008,"total":7786,"voted":7784,"spoiled":167,"yays":6351,"nays":1266},{"committee":"Зверевская городская","vibid":"26120002245061","voters":17597,"total":14626,"voted":14621,"spoiled":73,"yays":13455,"nays":1093},{"committee":"Зерноградская","vibid":"26120002245060","voters":46923,"total":30449,"voted":30448,"spoiled":150,"yays":23962,"nays":6336},{"committee":"Зимовниковская","vibid":"26120002245059","voters":24585,"total":19145,"voted":19145,"spoiled":137,"yays":15526,"nays":3482},{"committee":"Кагальницкая","vibid":"26120002245058","voters":24370,"total":19022,"voted":19018,"spoiled":136,"yays":15937,"nays":2945},{"committee":"Каменск-Шахтинская городская","vibid":"26120002245057","voters":66235,"total":48093,"voted":48089,"spoiled":270,"yays":37852,"nays":9967},{"committee":"Каменская","vibid":"26120002245056","voters":36009,"total":31460,"voted":31459,"spoiled":158,"yays":27432,"nays":3869},{"committee":"Кашарская","vibid":"26120002245055","voters":17373,"total":14277,"voted":14277,"spoiled":60,"yays":12296,"nays":1921},{"committee":"Константиновская","vibid":"26120002245054","voters":24488,"total":19167,"voted":19166,"spoiled":44,"yays":15895,"nays":3227},{"committee":"Красносулинская","vibid":"26120002245053","voters":57837,"total":45917,"voted":45736,"spoiled":208,"yays":38519,"nays":7009},{"committee":"Куйбышевская","vibid":"26120002245052","voters":14536,"total":12421,"voted":12420,"spoiled":94,"yays":10371,"nays":1955},{"committee":"Мартыновская","vibid":"26120002245051","voters":28044,"total":19400,"voted":19400,"spoiled":143,"yays":15106,"nays":4151},{"committee":"Матвеево-Курганская","vibid":"26120002245050","voters":35465,"total":29661,"voted":29659,"spoiled":304,"yays":26655,"nays":2700},{"committee":"Миллеровская","vibid":"26120002245049","voters":50735,"total":39536,"voted":39534,"spoiled":200,"yays":32404,"nays":6930},{"committee":"Милютинская","vibid":"26120002245048","voters":11476,"total":9956,"voted":9954,"spoiled":33,"yays":9015,"nays":906},{"committee":"Морозовская","vibid":"26120002245047","voters":33109,"total":29003,"voted":29003,"spoiled":48,"yays":24015,"nays":4940},{"committee":"Мясниковская","vibid":"26120002245046","voters":37109,"total":27956,"voted":27954,"spoiled":256,"yays":20805,"nays":6893},{"committee":"Неклиновская","vibid":"26120002245045","voters":71524,"total":60851,"voted":60849,"spoiled":185,"yays":53452,"nays":7212},{"committee":"Новочеркасская городская","vibid":"26120002245044","voters":125597,"total":82058,"voted":81909,"spoiled":582,"yays":63561,"nays":17766},{"committee":"Новошахтинская городская","vibid":"26120002245043","voters":72791,"total":60231,"voted":60230,"spoiled":412,"yays":51805,"nays":8013},{"committee":"Обливская","vibid":"26120002245042","voters":12835,"total":10281,"voted":10281,"spoiled":71,"yays":8425,"nays":1785},{"committee":"Октябрьская","vibid":"26120002245041","voters":57668,"total":49513,"voted":49425,"spoiled":29,"yays":43774,"nays":5622},{"committee":"Орловская","vibid":"26120002245040","voters":27133,"total":23026,"voted":23026,"spoiled":49,"yays":19501,"nays":3476},{"committee":"Песчанокопская","vibid":"26120002245039","voters":24038,"total":19741,"voted":19741,"spoiled":35,"yays":16340,"nays":3366},{"committee":"Пролетарская","vibid":"26120002245038","voters":23801,"total":19362,"voted":19362,"spoiled":99,"yays":16894,"nays":2369},{"committee":"Ремонтненская","vibid":"26120002245037","voters":12709,"total":9691,"voted":9691,"spoiled":132,"yays":8269,"nays":1290},{"committee":"Родионово-Несветайская","vibid":"26120002245036","voters":17596,"total":14951,"voted":14948,"spoiled":252,"yays":12568,"nays":2128},{"committee":"Ростов-на-Дону, Ворошиловская","vibid":"26120002245035","voters":150664,"total":130063,"voted":129995,"spoiled":483,"yays":113340,"nays":16172},{"committee":"Ростов-на-Дону, Железнодорожная","vibid":"26120002245034","voters":71922,"total":60641,"voted":60638,"spoiled":481,"yays":49083,"nays":11074},{"committee":"Ростов-на-Дону, Кировская","vibid":"26120002245033","voters":45933,"total":38239,"voted":38236,"spoiled":75,"yays":30835,"nays":7326},{"committee":"Ростов-на-Дону, Ленинская","vibid":"26120002245032","voters":50746,"total":44372,"voted":44371,"spoiled":87,"yays":40347,"nays":3937},{"committee":"Ростов-на-Дону, Октябрьская","vibid":"26120002245031","voters":118305,"total":100270,"voted":100243,"spoiled":360,"yays":82199,"nays":17684},{"committee":"Ростов-на-Дону, Первомайская","vibid":"26120002245030","voters":132506,"total":112693,"voted":111106,"spoiled":398,"yays":94975,"nays":15733},{"committee":"Ростов-на-Дону, Пролетарская","vibid":"26120002245029","voters":91938,"total":75784,"voted":75770,"spoiled":381,"yays":61412,"nays":13977},{"committee":"Ростов-на-Дону, Советская","vibid":"26120002245028","voters":138217,"total":123389,"voted":123375,"spoiled":412,"yays":104412,"nays":18551},{"committee":"Сальская","vibid":"26120002245027","voters":81812,"total":69476,"voted":69475,"spoiled":240,"yays":56967,"nays":12268},{"committee":"Семикаракорская","vibid":"26120002245026","voters":39301,"total":33963,"voted":33963,"spoiled":221,"yays":28178,"nays":5564},{"committee":"Советская","vibid":"26120002245025","voters":4688,"total":4193,"voted":4193,"spoiled":24,"yays":3652,"nays":517},{"committee":"Таганрогская городская","vibid":"26120002245024","voters":220352,"total":93759,"voted":93033,"spoiled":803,"yays":66404,"nays":25826},{"committee":"Тарасовская","vibid":"26120002245023","voters":22256,"total":15627,"voted":15626,"spoiled":205,"yays":12404,"nays":3017},{"committee":"Тацинская","vibid":"26120002245022","voters":26768,"total":21441,"voted":21441,"spoiled":208,"yays":17483,"nays":3750},{"committee":"Усть-Донецкая","vibid":"26120002245021","voters":20555,"total":18306,"voted":18306,"spoiled":205,"yays":15396,"nays":2705},{"committee":"Целинская","vibid":"26120002245020","voters":26375,"total":20546,"voted":20546,"spoiled":139,"yays":17150,"nays":3257},{"committee":"Цимлянская","vibid":"26120002245019","voters":27860,"total":21195,"voted":21195,"spoiled":139,"yays":17045,"nays":4011},{"committee":"Чертковская","vibid":"26120002245018","voters":26015,"total":21699,"voted":21699,"spoiled":122,"yays":18141,"nays":3436},{"committee":"Шахтинская городская","vibid":"26120002245017","voters":165570,"total":120948,"voted":120939,"spoiled":399,"yays":105432,"nays":15108},{"committee":"Шолоховская","vibid":"26120002245016","voters":19900,"total":16116,"voted":16116,"spoiled":155,"yays":13419,"nays":2542}]