[{"committee":"Алеутская","vibid":"2412000515645","voters":500,"total":378,"voted":377,"spoiled":2,"yays":228,"nays":147},{"committee":"Быстринская","vibid":"2412000515646","voters":2197,"total":1510,"voted":1510,"spoiled":23,"yays":928,"nays":559},{"committee":"Вилючинская ","vibid":"2412000515636","voters":17075,"total":7445,"voted":7440,"spoiled":52,"yays":4167,"nays":3221},{"committee":"Елизовская","vibid":"2412000515641","voters":47974,"total":20219,"voted":20211,"spoiled":383,"yays":12815,"nays":7013},{"committee":"Мильковская","vibid":"2412000515634","voters":5713,"total":3496,"voted":3496,"spoiled":24,"yays":2264,"nays":1208},{"committee":"Петропавловск-Камчатская городская","vibid":"2412000515648","voters":131029,"total":47135,"voted":47111,"spoiled":353,"yays":29539,"nays":17219},{"committee":"Петропавловск-Камчатская (судовая)","vibid":"2412000515640","voters":4844,"total":4808,"voted":4802,"spoiled":26,"yays":3057,"nays":1719},{"committee":"Соболевская","vibid":"2412000515635","voters":3843,"total":3191,"voted":3187,"spoiled":38,"yays":2004,"nays":1145},{"committee":"Усть-Большерецкая","vibid":"2412000515643","voters":5448,"total":2689,"voted":2687,"spoiled":20,"yays":1624,"nays":1043},{"committee":"Усть-Камчатская","vibid":"2412000515639","voters":7877,"total":5244,"voted":5238,"spoiled":115,"yays":2967,"nays":2156},{"committee":"Карагинская","vibid":"2412000515647","voters":4085,"total":3017,"voted":3017,"spoiled":45,"yays":1381,"nays":1591},{"committee":"Олюторская","vibid":"2412000515638","voters":3553,"total":2416,"voted":2416,"spoiled":19,"yays":1523,"nays":874},{"committee":"Пенжинская","vibid":"2412000515644","voters":1782,"total":1326,"voted":1326,"spoiled":11,"yays":882,"nays":433},{"committee":"Тигильская","vibid":"2412000515642","voters":4750,"total":3217,"voted":3217,"spoiled":33,"yays":2106,"nays":1078}]