[{"committee":"Агрызская","vibid":"21620002480917","voters":24685,"total":22487,"voted":22482,"spoiled":138,"yays":19176,"nays":3168},{"committee":"Азнакаевская","vibid":"21620002480918","voters":21353,"total":19069,"voted":19034,"spoiled":73,"yays":16376,"nays":2585},{"committee":"Азнакаевская городская","vibid":"21620002480904","voters":27079,"total":22212,"voted":22212,"spoiled":101,"yays":18935,"nays":3176},{"committee":"Аксубаевская","vibid":"21620002480912","voters":21738,"total":20433,"voted":20433,"spoiled":5,"yays":18475,"nays":1953},{"committee":"Актанышская","vibid":"21620002480878","voters":22230,"total":21465,"voted":21465,"spoiled":5,"yays":20459,"nays":1001},{"committee":"Алексеевская","vibid":"21620002480892","voters":19304,"total":18447,"voted":18447,"spoiled":3,"yays":16683,"nays":1761},{"committee":"Алькеевская","vibid":"21620002480932","voters":14615,"total":13754,"voted":13754,"spoiled":7,"yays":12320,"nays":1427},{"committee":"Альметьевская","vibid":"21620002480880","voters":37207,"total":33109,"voted":33099,"spoiled":282,"yays":27755,"nays":5062},{"committee":"Альметьевская городская","vibid":"21620002480937","voters":111552,"total":90732,"voted":90729,"spoiled":334,"yays":72005,"nays":18390},{"committee":"Апастовская","vibid":"21620002480908","voters":15430,"total":14996,"voted":14996,"spoiled":15,"yays":14471,"nays":510},{"committee":"Арская","vibid":"21620002480893","voters":39515,"total":37912,"voted":37912,"spoiled":20,"yays":35592,"nays":2300},{"committee":"Атнинская","vibid":"21620002480927","voters":10015,"total":9689,"voted":9689,"spoiled":21,"yays":9194,"nays":474},{"committee":"Бавлинская","vibid":"21620002480885","voters":9772,"total":9189,"voted":9189,"spoiled":68,"yays":7726,"nays":1395},{"committee":"Бавлинская городская","vibid":"21620002480935","voters":16925,"total":13843,"voted":13843,"spoiled":179,"yays":10739,"nays":2925},{"committee":"Балтасинская","vibid":"21620002480905","voters":25581,"total":24410,"voted":24410,"spoiled":51,"yays":22206,"nays":2153},{"committee":"Бугульминская","vibid":"21620002480884","voters":16221,"total":15141,"voted":15141,"spoiled":17,"yays":12581,"nays":2543},{"committee":"Бугульминская городская","vibid":"21620002480930","voters":64865,"total":55450,"voted":55253,"spoiled":242,"yays":43901,"nays":11110},{"committee":"Буинская","vibid":"21620002480909","voters":17690,"total":16811,"voted":16810,"spoiled":3,"yays":16136,"nays":671},{"committee":"Буинская городская","vibid":"21620002480929","voters":16316,"total":14038,"voted":14038,"spoiled":9,"yays":11857,"nays":2172},{"committee":"Верхнеуслонская","vibid":"21620002480889","voters":14960,"total":13181,"voted":13180,"spoiled":83,"yays":11479,"nays":1618},{"committee":"Высокогорская","vibid":"21620002480907","voters":40355,"total":36333,"voted":36333,"spoiled":524,"yays":30818,"nays":4991},{"committee":"Дрожжановская","vibid":"21620002480939","voters":17599,"total":16996,"voted":16996,"spoiled":21,"yays":16052,"nays":923},{"committee":"Елабужская","vibid":"21620002480913","voters":8770,"total":8074,"voted":8074,"spoiled":12,"yays":6904,"nays":1158},{"committee":"Елабужская городская","vibid":"21620002480871","voters":52377,"total":44397,"voted":44396,"spoiled":540,"yays":36174,"nays":7682},{"committee":"Заинская","vibid":"21620002480870","voters":10394,"total":9697,"voted":9697,"spoiled":14,"yays":8089,"nays":1594},{"committee":"Заинская городская","vibid":"21620002480903","voters":30082,"total":26191,"voted":26190,"spoiled":110,"yays":21489,"nays":4591},{"committee":"Зеленодольская","vibid":"21620002480898","voters":50514,"total":44157,"voted":44157,"spoiled":292,"yays":36447,"nays":7418},{"committee":"Зеленодольская городская","vibid":"21620002480867","voters":76469,"total":60768,"voted":60765,"spoiled":467,"yays":47189,"nays":13109},{"committee":"Казань, Авиастроительная","vibid":"21620002480896","voters":89872,"total":57755,"voted":57649,"spoiled":492,"yays":45336,"nays":11821},{"committee":"Казань, Вахитовская","vibid":"21620002480910","voters":60352,"total":38581,"voted":38564,"spoiled":352,"yays":29874,"nays":8338},{"committee":"Казань, Кировская","vibid":"21620002480876","voters":91259,"total":57822,"voted":57797,"spoiled":380,"yays":45596,"nays":11821},{"committee":"Казань, Московская","vibid":"21620002480883","voters":92426,"total":58579,"voted":58513,"spoiled":530,"yays":46204,"nays":11779},{"committee":"Казань, Ново-Савиновская","vibid":"21620002480888","voters":165187,"total":105469,"voted":105190,"spoiled":993,"yays":81851,"nays":22346},{"committee":"Казань, Приволжская","vibid":"21620002480897","voters":194508,"total":123453,"voted":123397,"spoiled":1036,"yays":95390,"nays":26971},{"committee":"Казань, Советская","vibid":"21620002480942","voters":240702,"total":156000,"voted":155900,"spoiled":1378,"yays":121324,"nays":33198},{"committee":"Кайбицкая","vibid":"21620002480879","voters":10359,"total":9863,"voted":9863,"spoiled":21,"yays":9428,"nays":414},{"committee":"Камско-Устьинская","vibid":"21620002480920","voters":12793,"total":12167,"voted":12167,"spoiled":46,"yays":11135,"nays":986},{"committee":"Кукморская","vibid":"21620002480938","voters":39764,"total":36261,"voted":36261,"spoiled":130,"yays":32337,"nays":3794},{"committee":"Лаишевская","vibid":"21620002480890","voters":36663,"total":32615,"voted":32614,"spoiled":227,"yays":28350,"nays":4037},{"committee":"Лениногорская","vibid":"21620002480941","voters":15937,"total":14784,"voted":14784,"spoiled":50,"yays":12895,"nays":1839},{"committee":"Лениногорская городская","vibid":"21620002480865","voters":46835,"total":39981,"voted":39981,"spoiled":80,"yays":33076,"nays":6825},{"committee":"Мамадышская","vibid":"21620002480877","voters":32869,"total":30742,"voted":30741,"spoiled":98,"yays":27184,"nays":3459},{"committee":"Менделеевская","vibid":"21620002480940","voters":21585,"total":19533,"voted":19533,"spoiled":360,"yays":16796,"nays":2377},{"committee":"Мензелинская","vibid":"21620002480864","voters":21610,"total":19705,"voted":19705,"spoiled":9,"yays":17041,"nays":2655},{"committee":"Муслюмовская","vibid":"21620002480934","voters":15868,"total":14960,"voted":14960,"spoiled":15,"yays":12788,"nays":2157},{"committee":"Набережные Челны, Автозаводская","vibid":"21620002480916","voters":132982,"total":107172,"voted":107118,"spoiled":356,"yays":84635,"nays":22127},{"committee":"Набережные Челны, Комсомольская","vibid":"21620002480936","voters":111309,"total":90208,"voted":90193,"spoiled":677,"yays":73313,"nays":16203},{"committee":"Набережные Челны, Центральная","vibid":"21620002480924","voters":154338,"total":125022,"voted":124995,"spoiled":990,"yays":98138,"nays":25867},{"committee":"Нижнекамская","vibid":"21620002480868","voters":28507,"total":26414,"voted":26414,"spoiled":46,"yays":23210,"nays":3158},{"committee":"Нижнекамская городская","vibid":"21620002480921","voters":171956,"total":138906,"voted":138894,"spoiled":970,"yays":111852,"nays":26072},{"committee":"Новошешминская","vibid":"21620002480911","voters":10990,"total":10445,"voted":10445,"spoiled":1,"yays":9209,"nays":1235},{"committee":"Нурлатская","vibid":"21620002480931","voters":16430,"total":15279,"voted":15279,"spoiled":0,"yays":14071,"nays":1208},{"committee":"Нурлатская городская","vibid":"21620002480926","voters":26750,"total":22987,"voted":22987,"spoiled":19,"yays":19162,"nays":3806},{"committee":"Пестречинская","vibid":"21620002480866","voters":33168,"total":29861,"voted":29861,"spoiled":71,"yays":25707,"nays":4083},{"committee":"Рыбно-Слободская","vibid":"21620002480873","voters":20559,"total":19642,"voted":19586,"spoiled":59,"yays":18048,"nays":1479},{"committee":"Сабинская","vibid":"21620002480919","voters":24308,"total":23105,"voted":23105,"spoiled":2,"yays":20592,"nays":2511},{"committee":"Сармановская","vibid":"21620002480891","voters":26756,"total":25434,"voted":25434,"spoiled":29,"yays":22937,"nays":2468},{"committee":"Спасская","vibid":"21620002480869","voters":14726,"total":13584,"voted":13584,"spoiled":9,"yays":12030,"nays":1545},{"committee":"Тетюшская","vibid":"21620002480928","voters":17363,"total":16455,"voted":16455,"spoiled":151,"yays":14657,"nays":1647},{"committee":"Тукаевская","vibid":"21620002480902","voters":33034,"total":31035,"voted":31028,"spoiled":83,"yays":26997,"nays":3948},{"committee":"Тюлячинская","vibid":"21620002480899","voters":10779,"total":10289,"voted":10289,"spoiled":6,"yays":9334,"nays":949},{"committee":"Черемшанская","vibid":"21620002480872","voters":14468,"total":13951,"voted":13951,"spoiled":27,"yays":13132,"nays":792},{"committee":"Чистопольская","vibid":"21620002480933","voters":12952,"total":12183,"voted":12183,"spoiled":21,"yays":11050,"nays":1112},{"committee":"Чистопольская городская","vibid":"21620002480925","voters":46857,"total":39226,"voted":39226,"spoiled":173,"yays":33099,"nays":5954},{"committee":"Ютазинская","vibid":"21620002480906","voters":16555,"total":15730,"voted":15730,"spoiled":127,"yays":14679,"nays":924}]