[{"committee":"Алексеевская","vibid":"23420001620698","voters":11930,"total":9940,"voted":9940,"spoiled":70,"yays":8466,"nays":1404},{"committee":"Быковская","vibid":"23420001620697","voters":19138,"total":15596,"voted":15596,"spoiled":115,"yays":13196,"nays":2285},{"committee":"Волгоград, Ворошиловская","vibid":"23420001620696","voters":56482,"total":47450,"voted":47450,"spoiled":875,"yays":40523,"nays":6052},{"committee":"Волгоград, Дзержинская","vibid":"23420001620695","voters":132408,"total":111999,"voted":111980,"spoiled":395,"yays":97030,"nays":14555},{"committee":"Волгоград, Кировская","vibid":"23420001620694","voters":68884,"total":56674,"voted":56674,"spoiled":272,"yays":47514,"nays":8888},{"committee":"Волгоград, Красноармейская","vibid":"23420001620693","voters":85660,"total":71783,"voted":71782,"spoiled":461,"yays":61184,"nays":10137},{"committee":"Волгоград, Краснооктябрьская","vibid":"23420001620692","voters":112490,"total":91357,"voted":91357,"spoiled":374,"yays":74798,"nays":16185},{"committee":"Волгоград, Советская","vibid":"23420001620691","voters":85973,"total":69578,"voted":69578,"spoiled":449,"yays":56729,"nays":12400},{"committee":"Волгоград, Тракторозаводская","vibid":"23420001620690","voters":96095,"total":80880,"voted":80877,"spoiled":518,"yays":68318,"nays":12041},{"committee":"Волгоград, Центральная","vibid":"23420001620689","voters":56627,"total":46516,"voted":46513,"spoiled":391,"yays":39203,"nays":6919},{"committee":"Волжская городская ","vibid":"23420001620688","voters":211336,"total":158195,"voted":158169,"spoiled":1209,"yays":125647,"nays":31313},{"committee":"Городищенская","vibid":"23420001620687","voters":49691,"total":35076,"voted":35076,"spoiled":262,"yays":27090,"nays":7724},{"committee":"Даниловская","vibid":"23420001620686","voters":11595,"total":8927,"voted":8927,"spoiled":49,"yays":6716,"nays":2162},{"committee":"Дубовская","vibid":"23420001620685","voters":20997,"total":16602,"voted":16590,"spoiled":282,"yays":14033,"nays":2275},{"committee":"Еланская","vibid":"23420001620684","voters":22542,"total":17994,"voted":17994,"spoiled":92,"yays":16118,"nays":1784},{"committee":"Жирновская","vibid":"23420001620683","voters":30375,"total":25646,"voted":25646,"spoiled":97,"yays":22728,"nays":2821},{"committee":"Иловлинская","vibid":"23420001620682","voters":22006,"total":18446,"voted":18446,"spoiled":52,"yays":16008,"nays":2386},{"committee":"Калачевская","vibid":"23420001620681","voters":43641,"total":33003,"voted":33001,"spoiled":289,"yays":21528,"nays":11184},{"committee":"Камышинская","vibid":"23420001620680","voters":29105,"total":24324,"voted":24242,"spoiled":87,"yays":21802,"nays":2353},{"committee":"Киквидзенская","vibid":"23420001620679","voters":11896,"total":10329,"voted":10272,"spoiled":133,"yays":9190,"nays":949},{"committee":"Клетская","vibid":"23420001620678","voters":12635,"total":10383,"voted":10383,"spoiled":73,"yays":7925,"nays":2385},{"committee":"Котельниковская","vibid":"23420001620677","voters":24501,"total":20641,"voted":20641,"spoiled":287,"yays":17543,"nays":2811},{"committee":"Котовская","vibid":"23420001620676","voters":25423,"total":20728,"voted":20728,"spoiled":163,"yays":17383,"nays":3182},{"committee":"Ленинская","vibid":"23420001620675","voters":21437,"total":16212,"voted":16149,"spoiled":529,"yays":12977,"nays":2643},{"committee":"Михайловская","vibid":"23420001620674","voters":17501,"total":13519,"voted":13519,"spoiled":81,"yays":10916,"nays":2522},{"committee":"Нехаевская","vibid":"23420001620673","voters":11144,"total":9166,"voted":9165,"spoiled":197,"yays":7727,"nays":1241},{"committee":"Николаевская","vibid":"23420001620672","voters":22787,"total":19027,"voted":19027,"spoiled":316,"yays":16944,"nays":1767},{"committee":"Новоаннинская","vibid":"23420001620671","voters":26474,"total":21474,"voted":21474,"spoiled":139,"yays":18181,"nays":3154},{"committee":"Новониколаевская","vibid":"23420001620670","voters":16756,"total":12566,"voted":12566,"spoiled":29,"yays":11310,"nays":1227},{"committee":"Октябрьская","vibid":"23420001620669","voters":16288,"total":14016,"voted":14016,"spoiled":183,"yays":11595,"nays":2238},{"committee":"Ольховская","vibid":"23420001620668","voters":12840,"total":9306,"voted":9304,"spoiled":73,"yays":7190,"nays":2041},{"committee":"Палласовская","vibid":"23420001620667","voters":29402,"total":22703,"voted":22703,"spoiled":167,"yays":19725,"nays":2811},{"committee":"Кумылженская","vibid":"23420001620666","voters":14331,"total":12112,"voted":12111,"spoiled":112,"yays":10229,"nays":1770},{"committee":"Руднянская","vibid":"23420001620665","voters":12117,"total":9705,"voted":9704,"spoiled":50,"yays":8042,"nays":1612},{"committee":"Светлоярская","vibid":"23420001620664","voters":28666,"total":24596,"voted":24596,"spoiled":128,"yays":22275,"nays":2193},{"committee":"Серафимовичская","vibid":"23420001620663","voters":16841,"total":14160,"voted":14159,"spoiled":91,"yays":11902,"nays":2166},{"committee":"Среднеахтубинская","vibid":"23420001620662","voters":42001,"total":32128,"voted":32128,"spoiled":184,"yays":25507,"nays":6437},{"committee":"Старополтавская","vibid":"23420001620661","voters":14656,"total":11325,"voted":11325,"spoiled":116,"yays":9270,"nays":1939},{"committee":"Суровикинская","vibid":"23420001620660","voters":24960,"total":15634,"voted":15634,"spoiled":154,"yays":10345,"nays":5135},{"committee":"Урюпинская городская","vibid":"23420001620659","voters":29056,"total":23926,"voted":23926,"spoiled":70,"yays":21595,"nays":2261},{"committee":"Фроловская","vibid":"23420001620658","voters":10580,"total":9145,"voted":9144,"spoiled":107,"yays":8056,"nays":981},{"committee":"Чернышковская","vibid":"23420001620657","voters":12266,"total":10463,"voted":10455,"spoiled":133,"yays":8896,"nays":1426},{"committee":"Камышинская городская","vibid":"23420001620656","voters":79666,"total":61213,"voted":61213,"spoiled":551,"yays":52992,"nays":7670},{"committee":"Михайловская городская","vibid":"23420001620655","voters":42762,"total":34300,"voted":34299,"spoiled":301,"yays":28015,"nays":5983},{"committee":"Урюпинская","vibid":"23420001620654","voters":18925,"total":15553,"voted":15553,"spoiled":145,"yays":12893,"nays":2515},{"committee":"Фроловская городская","vibid":"23420001620653","voters":27476,"total":23104,"voted":23104,"spoiled":58,"yays":20554,"nays":2492}]