[{"committee":"Баргузинская","vibid":"20320001019028","voters":18036,"total":10369,"voted":10369,"spoiled":147,"yays":7190,"nays":3032},{"committee":"Баунтовская","vibid":"20320001019027","voters":8006,"total":5282,"voted":5282,"spoiled":344,"yays":3568,"nays":1370},{"committee":"Бичурская","vibid":"20320001019026","voters":16546,"total":12330,"voted":12329,"spoiled":267,"yays":9590,"nays":2472},{"committee":"Джидинская","vibid":"20320001019025","voters":18184,"total":12583,"voted":12581,"spoiled":211,"yays":9899,"nays":2471},{"committee":"Еравнинская","vibid":"20320001019024","voters":11219,"total":10645,"voted":10645,"spoiled":28,"yays":9917,"nays":700},{"committee":"Заиграевская","vibid":"20320001019023","voters":39859,"total":22701,"voted":22701,"spoiled":286,"yays":16066,"nays":6349},{"committee":"Закаменская","vibid":"20320001019022","voters":18096,"total":17645,"voted":17645,"spoiled":68,"yays":15933,"nays":1644},{"committee":"Иволгинская","vibid":"20320001019021","voters":39803,"total":21966,"voted":21965,"spoiled":193,"yays":13337,"nays":8435},{"committee":"Кабанская","vibid":"20320001019020","voters":44474,"total":25600,"voted":25597,"spoiled":351,"yays":16747,"nays":8499},{"committee":"Кижингинская","vibid":"20320001019019","voters":12031,"total":11613,"voted":11613,"spoiled":42,"yays":11220,"nays":351},{"committee":"Курумканская","vibid":"20320001019018","voters":10831,"total":9078,"voted":9078,"spoiled":88,"yays":7993,"nays":997},{"committee":"Кяхтинская","vibid":"20320001019017","voters":22552,"total":18577,"voted":18577,"spoiled":124,"yays":16358,"nays":2095},{"committee":"Муйская","vibid":"20320001019016","voters":8382,"total":4053,"voted":4053,"spoiled":48,"yays":2655,"nays":1350},{"committee":"Мухоршибирская","vibid":"20320001019015","voters":17929,"total":11209,"voted":11209,"spoiled":86,"yays":7756,"nays":3367},{"committee":"Окинская","vibid":"20320001019014","voters":4103,"total":3239,"voted":3238,"spoiled":35,"yays":2294,"nays":909},{"committee":"Прибайкальская","vibid":"20320001019013","voters":20224,"total":13969,"voted":13969,"spoiled":118,"yays":9810,"nays":4041},{"committee":"Северо-Байкальская","vibid":"20320001019012","voters":9130,"total":5244,"voted":5244,"spoiled":73,"yays":3492,"nays":1679},{"committee":"Северобайкальская городская","vibid":"20320001019011","voters":17145,"total":8478,"voted":8477,"spoiled":84,"yays":5247,"nays":3146},{"committee":"Селенгинская","vibid":"20320001019010","voters":28283,"total":21421,"voted":21419,"spoiled":258,"yays":17781,"nays":3380},{"committee":"Тарбагатайская","vibid":"20320001019009","voters":16367,"total":11073,"voted":11073,"spoiled":98,"yays":8014,"nays":2961},{"committee":"Тункинская","vibid":"20320001019008","voters":14497,"total":12210,"voted":12210,"spoiled":83,"yays":8630,"nays":3497},{"committee":"Улан-Удэ, Железнодорожная","vibid":"20320001019007","voters":100196,"total":58731,"voted":58726,"spoiled":1358,"yays":38487,"nays":18881},{"committee":"Улан-Удэ, Октябрьская","vibid":"20320001019006","voters":141047,"total":79528,"voted":78859,"spoiled":1983,"yays":50184,"nays":26692},{"committee":"Улан-Удэ, Советская","vibid":"20320001019005","voters":59459,"total":38252,"voted":38242,"spoiled":726,"yays":24837,"nays":12679},{"committee":"Хоринская","vibid":"20320001019004","voters":13012,"total":12481,"voted":12481,"spoiled":70,"yays":12203,"nays":208}]