[{"committee":"Анучинская ","vibid":"22520001694527","voters":11078,"total":8311,"voted":8311,"spoiled":65,"yays":6570,"nays":1676},{"committee":"Арсеньевская городская","vibid":"22520001694529","voters":44507,"total":31111,"voted":31097,"spoiled":455,"yays":24973,"nays":5669},{"committee":"Артёмовская городская","vibid":"22520001694518","voters":86047,"total":70466,"voted":70464,"spoiled":434,"yays":62346,"nays":7684},{"committee":"Большекаменская городская","vibid":"22520001694524","voters":29443,"total":14445,"voted":14434,"spoiled":139,"yays":10462,"nays":3833},{"committee":"Владивосток, Ленинская","vibid":"22520001694533","voters":106793,"total":54557,"voted":54436,"spoiled":411,"yays":37336,"nays":16689},{"committee":"Владивосток, Первомайская","vibid":"22520001694549","voters":106842,"total":52062,"voted":52050,"spoiled":543,"yays":37411,"nays":14096},{"committee":"Владивосток, Первореченская","vibid":"22520001694540","voters":103008,"total":48322,"voted":48310,"spoiled":361,"yays":32174,"nays":15775},{"committee":"Владивосток, Советская","vibid":"22520001694535","voters":89724,"total":52636,"voted":52613,"spoiled":502,"yays":37748,"nays":14363},{"committee":"Владивосток, Фрунзенская","vibid":"22520001694543","voters":52182,"total":26690,"voted":26664,"spoiled":249,"yays":14558,"nays":11857},{"committee":"Дальнегорская городская","vibid":"22520001694521","voters":36642,"total":17019,"voted":17017,"spoiled":228,"yays":12490,"nays":4299},{"committee":"Дальнереченская городская","vibid":"22520001694550","voters":22214,"total":12083,"voted":12083,"spoiled":120,"yays":9148,"nays":2815},{"committee":"Кавалеровская","vibid":"22520001694536","voters":20746,"total":10098,"voted":10097,"spoiled":128,"yays":7408,"nays":2561},{"committee":"Кировская","vibid":"22520001694544","voters":16661,"total":14417,"voted":14417,"spoiled":148,"yays":12799,"nays":1470},{"committee":"Красноармейская","vibid":"22520001694541","voters":13900,"total":8157,"voted":8154,"spoiled":140,"yays":6111,"nays":1903},{"committee":"Лазовская","vibid":"22520001694519","voters":10506,"total":7762,"voted":7762,"spoiled":91,"yays":6391,"nays":1280},{"committee":"Лесозаводская городская","vibid":"22520001694542","voters":35255,"total":14404,"voted":14399,"spoiled":186,"yays":9485,"nays":4728},{"committee":"Михайловская","vibid":"22520001694539","voters":26199,"total":20630,"voted":20629,"spoiled":133,"yays":16620,"nays":3876},{"committee":"Надеждинская","vibid":"22520001694522","voters":31858,"total":14416,"voted":14416,"spoiled":147,"yays":10173,"nays":4096},{"committee":"Находкинская городская","vibid":"22520001694537","voters":122220,"total":84011,"voted":83986,"spoiled":461,"yays":72586,"nays":10939},{"committee":"Октябрьская","vibid":"22520001694547","voters":21711,"total":16552,"voted":16551,"spoiled":131,"yays":14919,"nays":1501},{"committee":"Ольгинская","vibid":"22520001694520","voters":7820,"total":4080,"voted":4080,"spoiled":91,"yays":2686,"nays":1303},{"committee":"Партизанская городская","vibid":"22520001694546","voters":36053,"total":22759,"voted":22759,"spoiled":284,"yays":19272,"nays":3203},{"committee":"Партизанская","vibid":"22520001694526","voters":21112,"total":15283,"voted":15281,"spoiled":217,"yays":11972,"nays":3092},{"committee":"Пограничная","vibid":"22520001694530","voters":16601,"total":9378,"voted":9377,"spoiled":117,"yays":7198,"nays":2062},{"committee":"Пожарская","vibid":"22520001694528","voters":22615,"total":10156,"voted":10154,"spoiled":154,"yays":6628,"nays":3372},{"committee":"Спасская городская","vibid":"22520001694517","voters":30828,"total":25413,"voted":25411,"spoiled":129,"yays":22583,"nays":2699},{"committee":"Тернейская","vibid":"22520001694554","voters":9187,"total":6814,"voted":6814,"spoiled":80,"yays":5595,"nays":1139},{"committee":"Уссурийская городская","vibid":"22520001694525","voters":143051,"total":115763,"voted":115752,"spoiled":693,"yays":99696,"nays":15363},{"committee":"Ханкайская","vibid":"22520001694551","voters":15998,"total":8132,"voted":8132,"spoiled":111,"yays":6207,"nays":1814},{"committee":"Хасанская","vibid":"22520001694523","voters":24412,"total":11648,"voted":11645,"spoiled":235,"yays":8104,"nays":3306},{"committee":"Хорольская","vibid":"22520001694531","voters":22463,"total":18857,"voted":18857,"spoiled":270,"yays":16327,"nays":2260},{"committee":"Черниговская","vibid":"22520001694538","voters":28581,"total":23147,"voted":23147,"spoiled":173,"yays":20039,"nays":2935},{"committee":"Чугуевская","vibid":"22520001694545","voters":17536,"total":14232,"voted":14231,"spoiled":74,"yays":13052,"nays":1105},{"committee":"Фокинская городская","vibid":"22520001694552","voters":21357,"total":12283,"voted":12279,"spoiled":151,"yays":8669,"nays":3459},{"committee":"Яковлевская","vibid":"22520001694553","voters":10908,"total":7987,"voted":7985,"spoiled":93,"yays":6410,"nays":1482},{"committee":"Спасская","vibid":"22520001694534","voters":22159,"total":13748,"voted":13748,"spoiled":144,"yays":10233,"nays":3371},{"committee":"Дальнереченская","vibid":"22520001694532","voters":8154,"total":6187,"voted":6187,"spoiled":28,"yays":5439,"nays":720},{"committee":"Шкотовская","vibid":"22520001694548","voters":17795,"total":13193,"voted":13193,"spoiled":88,"yays":11271,"nays":1834}]