[{"committee":"Алейская","vibid":"22220001874395","voters":12247,"total":10020,"voted":10020,"spoiled":76,"yays":7419,"nays":2525},{"committee":"Алейская городская","vibid":"22220001874397","voters":21625,"total":11617,"voted":11617,"spoiled":117,"yays":7385,"nays":4115},{"committee":"Алтайская","vibid":"22220001874383","voters":19206,"total":10861,"voted":10859,"spoiled":85,"yays":8082,"nays":2692},{"committee":"Баевская","vibid":"22220001874391","voters":7977,"total":4651,"voted":4651,"spoiled":40,"yays":3379,"nays":1232},{"committee":"Барнаул, Железнодорожная","vibid":"22220001874363","voters":75931,"total":37831,"voted":37808,"spoiled":608,"yays":27320,"nays":9880},{"committee":"Барнаул, Индустриальная","vibid":"22220001874374","voters":176807,"total":77857,"voted":77807,"spoiled":1299,"yays":54764,"nays":21744},{"committee":"Барнаул, Ленинская","vibid":"22220001874410","voters":105367,"total":48182,"voted":48176,"spoiled":1012,"yays":36716,"nays":10448},{"committee":"Барнаул, Октябрьская","vibid":"22220001874365","voters":71006,"total":39585,"voted":39579,"spoiled":376,"yays":28946,"nays":10257},{"committee":"Барнаул, Центральная","vibid":"22220001874415","voters":102956,"total":44134,"voted":44119,"spoiled":519,"yays":29277,"nays":14323},{"committee":"Белокурихинская городская","vibid":"22220001874387","voters":12475,"total":5317,"voted":5316,"spoiled":66,"yays":3534,"nays":1716},{"committee":"Бийск, Восточная","vibid":"22220001874375","voters":78938,"total":25671,"voted":25668,"spoiled":258,"yays":18281,"nays":7129},{"committee":"Бийск, Приобская","vibid":"22220001874405","voters":83119,"total":27597,"voted":27593,"spoiled":304,"yays":19294,"nays":7995},{"committee":"Бийская","vibid":"22220001874369","voters":27162,"total":13263,"voted":13257,"spoiled":151,"yays":9775,"nays":3331},{"committee":"Благовещенская","vibid":"22220001874413","voters":22081,"total":14147,"voted":14147,"spoiled":204,"yays":10739,"nays":3204},{"committee":"Бурлинская","vibid":"22220001874384","voters":8268,"total":4429,"voted":4429,"spoiled":60,"yays":3043,"nays":1326},{"committee":"Быстроистокская","vibid":"22220001874368","voters":7452,"total":4191,"voted":4191,"spoiled":33,"yays":3136,"nays":1022},{"committee":"Волчихинская","vibid":"22220001874408","voters":14367,"total":7657,"voted":7657,"spoiled":129,"yays":5254,"nays":2274},{"committee":"Егорьевская","vibid":"22220001874388","voters":10292,"total":6067,"voted":6067,"spoiled":41,"yays":4271,"nays":1755},{"committee":"Ельцовская","vibid":"22220001874407","voters":4731,"total":2872,"voted":2871,"spoiled":50,"yays":2156,"nays":665},{"committee":"Завьяловская","vibid":"22220001874371","voters":14956,"total":10489,"voted":10489,"spoiled":149,"yays":7210,"nays":3130},{"committee":"Залесовская","vibid":"22220001874386","voters":11079,"total":5873,"voted":5873,"spoiled":45,"yays":4534,"nays":1294},{"committee":"Заринская","vibid":"22220001874418","voters":11996,"total":10076,"voted":10076,"spoiled":126,"yays":7751,"nays":2199},{"committee":"Заринская городская","vibid":"22220001874393","voters":35668,"total":14361,"voted":14359,"spoiled":146,"yays":10070,"nays":4143},{"committee":"Змеиногорская","vibid":"22220001874358","voters":15790,"total":7155,"voted":7155,"spoiled":75,"yays":5092,"nays":1988},{"committee":"Зональная","vibid":"22220001874357","voters":14980,"total":8063,"voted":8059,"spoiled":72,"yays":5810,"nays":2177},{"committee":"Калманская","vibid":"22220001874382","voters":11106,"total":6610,"voted":6610,"spoiled":65,"yays":4949,"nays":1596},{"committee":"Каменская","vibid":"22220001874379","voters":37578,"total":16950,"voted":16948,"spoiled":176,"yays":12479,"nays":4293},{"committee":"Ключевская","vibid":"22220001874354","voters":13165,"total":10652,"voted":10652,"spoiled":147,"yays":8730,"nays":1775},{"committee":"Косихинская","vibid":"22220001874376","voters":13924,"total":7513,"voted":7513,"spoiled":51,"yays":5506,"nays":1956},{"committee":"Красногорская","vibid":"22220001874389","voters":12041,"total":6783,"voted":6783,"spoiled":103,"yays":5112,"nays":1568},{"committee":"Краснощековская","vibid":"22220001874361","voters":13447,"total":9845,"voted":9845,"spoiled":93,"yays":7604,"nays":2148},{"committee":"Крутихинская","vibid":"22220001874366","voters":8250,"total":4725,"voted":4725,"spoiled":32,"yays":3538,"nays":1155},{"committee":"Кулундинская","vibid":"22220001874370","voters":16795,"total":12301,"voted":12301,"spoiled":218,"yays":9353,"nays":2730},{"committee":"Курьинская","vibid":"22220001874378","voters":8293,"total":4275,"voted":4275,"spoiled":31,"yays":3119,"nays":1125},{"committee":"Кытмановская","vibid":"22220001874423","voters":10338,"total":7492,"voted":7490,"spoiled":101,"yays":5933,"nays":1456},{"committee":"Локтевская","vibid":"22220001874364","voters":19258,"total":10877,"voted":10876,"spoiled":99,"yays":7591,"nays":3186},{"committee":"Мамонтовская","vibid":"22220001874400","voters":17726,"total":10073,"voted":10073,"spoiled":82,"yays":7180,"nays":2811},{"committee":"Михайловская","vibid":"22220001874417","voters":15464,"total":5017,"voted":5017,"spoiled":85,"yays":3409,"nays":1523},{"committee":"Немецкая","vibid":"22220001874372","voters":11978,"total":7764,"voted":7763,"spoiled":122,"yays":5569,"nays":2072},{"committee":"Новичихинская","vibid":"22220001874422","voters":7502,"total":4465,"voted":4465,"spoiled":33,"yays":3021,"nays":1411},{"committee":"Новоалтайская городская","vibid":"22220001874351","voters":57730,"total":21657,"voted":21656,"spoiled":295,"yays":14665,"nays":6696},{"committee":"Павловская","vibid":"22220001874362","voters":32871,"total":16831,"voted":16830,"spoiled":177,"yays":12241,"nays":4412},{"committee":"Панкрушихинская","vibid":"22220001874420","voters":9558,"total":6144,"voted":6144,"spoiled":56,"yays":4519,"nays":1569},{"committee":"Первомайская","vibid":"22220001874350","voters":40728,"total":18359,"voted":18359,"spoiled":136,"yays":13160,"nays":5063},{"committee":"Петропавловская","vibid":"22220001874412","voters":9134,"total":6741,"voted":6741,"spoiled":54,"yays":5299,"nays":1388},{"committee":"Поспелихинская","vibid":"22220001874394","voters":18753,"total":10374,"voted":10374,"spoiled":92,"yays":7012,"nays":3270},{"committee":"Ребрихинская","vibid":"22220001874414","voters":18274,"total":9652,"voted":9652,"spoiled":74,"yays":7045,"nays":2533},{"committee":"Родинская","vibid":"22220001874402","voters":14344,"total":13206,"voted":13206,"spoiled":409,"yays":10724,"nays":2073},{"committee":"Романовская","vibid":"22220001874355","voters":10144,"total":6010,"voted":6010,"spoiled":91,"yays":4000,"nays":1919},{"committee":"Рубцовская","vibid":"22220001874401","voters":17731,"total":11863,"voted":11861,"spoiled":166,"yays":8315,"nays":3380},{"committee":"Рубцовская городская","vibid":"22220001874390","voters":97548,"total":32421,"voted":32417,"spoiled":359,"yays":22395,"nays":9663},{"committee":"Сибирская городская","vibid":"22220001874409","voters":7835,"total":4857,"voted":4853,"spoiled":51,"yays":2529,"nays":2273},{"committee":"Славгородская городская","vibid":"22220001874404","voters":29728,"total":11872,"voted":11870,"spoiled":107,"yays":8499,"nays":3264},{"committee":"Смоленская","vibid":"22220001874352","voters":19614,"total":9699,"voted":9699,"spoiled":108,"yays":7295,"nays":2296},{"committee":"Советская","vibid":"22220001874360","voters":12565,"total":6489,"voted":6489,"spoiled":63,"yays":4644,"nays":1782},{"committee":"Солонешенская","vibid":"22220001874399","voters":7089,"total":4268,"voted":4268,"spoiled":28,"yays":3085,"nays":1155},{"committee":"Солтонская","vibid":"22220001874373","voters":6424,"total":4343,"voted":4343,"spoiled":25,"yays":3102,"nays":1216},{"committee":"Суетская","vibid":"22220001874356","voters":3408,"total":2454,"voted":2453,"spoiled":32,"yays":1725,"nays":696},{"committee":"Табунская","vibid":"22220001874406","voters":6972,"total":3724,"voted":3724,"spoiled":34,"yays":2519,"nays":1171},{"committee":"Тальменская","vibid":"22220001874381","voters":34111,"total":21044,"voted":21043,"spoiled":218,"yays":14965,"nays":5860},{"committee":"Тогульская","vibid":"22220001874380","voters":6366,"total":4131,"voted":4131,"spoiled":33,"yays":3055,"nays":1043},{"committee":"Топчихинская","vibid":"22220001874359","voters":17808,"total":8409,"voted":8409,"spoiled":67,"yays":6209,"nays":2133},{"committee":"Третьяковская","vibid":"22220001874411","voters":10165,"total":5790,"voted":5790,"spoiled":61,"yays":4143,"nays":1586},{"committee":"Троицкая","vibid":"22220001874403","voters":18804,"total":10295,"voted":10291,"spoiled":190,"yays":7593,"nays":2508},{"committee":"Тюменцевская","vibid":"22220001874385","voters":10803,"total":7585,"voted":7585,"spoiled":86,"yays":5426,"nays":2073},{"committee":"Угловская","vibid":"22220001874377","voters":9316,"total":5056,"voted":5056,"spoiled":39,"yays":3440,"nays":1577},{"committee":"Усть-Калманская","vibid":"22220001874419","voters":11575,"total":7073,"voted":7073,"spoiled":56,"yays":5144,"nays":1873},{"committee":"Усть-Пристанская","vibid":"22220001874398","voters":9983,"total":5941,"voted":5941,"spoiled":50,"yays":4646,"nays":1245},{"committee":"Хабарская","vibid":"22220001874367","voters":12620,"total":6903,"voted":6903,"spoiled":64,"yays":4915,"nays":1924},{"committee":"Целинная","vibid":"22220001874353","voters":12786,"total":7706,"voted":7704,"spoiled":89,"yays":5440,"nays":2175},{"committee":"Чарышская","vibid":"22220001874416","voters":9340,"total":5200,"voted":5200,"spoiled":66,"yays":3620,"nays":1514},{"committee":"Шелаболихинская","vibid":"22220001874392","voters":10520,"total":7058,"voted":7058,"spoiled":73,"yays":4937,"nays":2048},{"committee":"Шипуновская","vibid":"22220001874396","voters":22970,"total":12090,"voted":12090,"spoiled":85,"yays":9220,"nays":2785},{"committee":"Яровская городская","vibid":"22220001874421","voters":13520,"total":5398,"voted":5395,"spoiled":49,"yays":3746,"nays":1600}]