[{"committee":"Базарносызганская","vibid":"27320001179939","voters":6612,"total":5356,"voted":5356,"spoiled":48,"yays":4154,"nays":1154},{"committee":"Барышская","vibid":"27320001179941","voters":31936,"total":24775,"voted":24769,"spoiled":163,"yays":19174,"nays":5432},{"committee":"Вешкаймская","vibid":"27320001179931","voters":14192,"total":11598,"voted":11598,"spoiled":133,"yays":8689,"nays":2776},{"committee":"Димитровградская городская","vibid":"27320001179936","voters":94415,"total":42917,"voted":42884,"spoiled":421,"yays":28081,"nays":14382},{"committee":"Инзенская","vibid":"27320001179943","voters":25231,"total":16167,"voted":16167,"spoiled":238,"yays":11981,"nays":3948},{"committee":"Карсунская","vibid":"27320001179956","voters":17687,"total":14748,"voted":14746,"spoiled":196,"yays":12661,"nays":1889},{"committee":"Кузоватовская","vibid":"27320001179948","voters":17472,"total":14266,"voted":14266,"spoiled":198,"yays":11502,"nays":2566},{"committee":"Майнская","vibid":"27320001179944","voters":20045,"total":15395,"voted":15395,"spoiled":94,"yays":12099,"nays":3202},{"committee":"Мелекесская","vibid":"27320001179951","voters":28163,"total":21031,"voted":21030,"spoiled":148,"yays":15608,"nays":5274},{"committee":"Николаевская","vibid":"27320001179934","voters":19495,"total":16222,"voted":16220,"spoiled":105,"yays":13064,"nays":3051},{"committee":"Новомалыклинская","vibid":"27320001179955","voters":11350,"total":9454,"voted":9454,"spoiled":107,"yays":7656,"nays":1691},{"committee":"Новоспасская","vibid":"27320001179945","voters":16847,"total":11825,"voted":11824,"spoiled":106,"yays":8311,"nays":3407},{"committee":"Павловская","vibid":"27320001179952","voters":10271,"total":8651,"voted":8651,"spoiled":45,"yays":6900,"nays":1706},{"committee":"Радищевская","vibid":"27320001179949","voters":9615,"total":7838,"voted":7837,"spoiled":63,"yays":5936,"nays":1838},{"committee":"Сенгилеевская","vibid":"27320001179932","voters":17548,"total":12566,"voted":12564,"spoiled":82,"yays":9249,"nays":3233},{"committee":"Старокулаткинская","vibid":"27320001179950","voters":9992,"total":7691,"voted":7691,"spoiled":265,"yays":6112,"nays":1314},{"committee":"Старомайнская","vibid":"27320001179947","voters":13646,"total":9496,"voted":9496,"spoiled":61,"yays":6723,"nays":2712},{"committee":"Сурская","vibid":"27320001179935","voters":12881,"total":11295,"voted":11295,"spoiled":60,"yays":9925,"nays":1310},{"committee":"Тереньгульская","vibid":"27320001179946","voters":12659,"total":7864,"voted":7864,"spoiled":82,"yays":5526,"nays":2256},{"committee":"Ульяновск, Железнодорожная","vibid":"27320001179954","voters":68825,"total":26511,"voted":26498,"spoiled":320,"yays":16830,"nays":9348},{"committee":"Ульяновск, Заволжская N1","vibid":"27320001179933","voters":82489,"total":31228,"voted":31220,"spoiled":313,"yays":20597,"nays":10310},{"committee":"Ульяновск, Заволжская N2","vibid":"27320001179953","voters":82254,"total":31389,"voted":31364,"spoiled":233,"yays":19846,"nays":11285},{"committee":"Ульяновск, Засвияжская N1","vibid":"27320001179938","voters":77953,"total":30407,"voted":30139,"spoiled":295,"yays":18770,"nays":11074},{"committee":"Ульяновск, Засвияжская N2","vibid":"27320001179942","voters":95684,"total":35721,"voted":35712,"spoiled":409,"yays":22950,"nays":12353},{"committee":"Ульяновск, Ленинская","vibid":"27320001179940","voters":94507,"total":45574,"voted":45554,"spoiled":478,"yays":29483,"nays":15593},{"committee":"Ульяновская","vibid":"27320001179930","voters":26917,"total":19127,"voted":19124,"spoiled":315,"yays":14274,"nays":4535},{"committee":"Цильнинская","vibid":"27320001179958","voters":19101,"total":15148,"voted":15147,"spoiled":108,"yays":11367,"nays":3672},{"committee":"Чердаклинская","vibid":"27320001179937","voters":30801,"total":22457,"voted":22457,"spoiled":148,"yays":17375,"nays":4934},{"committee":"Новоульяновская","vibid":"27320001179957","voters":14190,"total":6386,"voted":6385,"spoiled":71,"yays":4213,"nays":2101}]