[{"committee":"Территориальная избирательная комиссия №1","vibid":"27820001295445","voters":113593,"total":87704,"voted":87168,"spoiled":2079,"yays":63575,"nays":21514},{"committee":"Территориальная избирательная комиссия №2","vibid":"27820001295444","voters":151552,"total":119553,"voted":118380,"spoiled":456,"yays":96948,"nays":20976},{"committee":"Территориальная избирательная комиссия №3","vibid":"27820001295443","voters":108619,"total":72924,"voted":72743,"spoiled":385,"yays":54822,"nays":17536},{"committee":"Территориальная избирательная комиссия №4","vibid":"27820001295442","voters":133575,"total":98743,"voted":98629,"spoiled":531,"yays":72513,"nays":25585},{"committee":"Территориальная избирательная комиссия №5","vibid":"27820001295441","voters":260617,"total":203627,"voted":203411,"spoiled":1242,"yays":161648,"nays":40521},{"committee":"Территориальная избирательная комиссия №6","vibid":"27820001295440","voters":174352,"total":110823,"voted":110730,"spoiled":778,"yays":79703,"nays":30249},{"committee":"Территориальная избирательная комиссия №7","vibid":"27820001295439","voters":143096,"total":101517,"voted":101416,"spoiled":1958,"yays":79240,"nays":20218},{"committee":"Территориальная избирательная комиссия №8","vibid":"27820001295438","voters":84306,"total":58246,"voted":58151,"spoiled":462,"yays":44680,"nays":13009},{"committee":"Территориальная избирательная комиссия №9","vibid":"27820001295437","voters":107319,"total":88639,"voted":88474,"spoiled":550,"yays":71469,"nays":16455},{"committee":"Территориальная избирательная комиссия №10","vibid":"27820001295436","voters":93532,"total":72226,"voted":72160,"spoiled":602,"yays":49162,"nays":22396},{"committee":"Территориальная избирательная комиссия №11","vibid":"27820001295435","voters":206127,"total":152722,"voted":151865,"spoiled":1030,"yays":118360,"nays":32475},{"committee":"Территориальная избирательная комиссия №12","vibid":"27820001295434","voters":133588,"total":93880,"voted":93772,"spoiled":412,"yays":75402,"nays":17958},{"committee":"Территориальная избирательная комиссия №13","vibid":"27820001295433","voters":50344,"total":32355,"voted":32337,"spoiled":234,"yays":23530,"nays":8573},{"committee":"Территориальная избирательная комиссия №14","vibid":"27820001295432","voters":132397,"total":104273,"voted":104022,"spoiled":511,"yays":75067,"nays":28444},{"committee":"Территориальная избирательная комиссия №15","vibid":"27820001295431","voters":32825,"total":24152,"voted":24135,"spoiled":166,"yays":19246,"nays":4723},{"committee":"Территориальная избирательная комиссия №16","vibid":"27820001295430","voters":81842,"total":55349,"voted":55243,"spoiled":346,"yays":40545,"nays":14352},{"committee":"Территориальная избирательная комиссия №17","vibid":"27820001295429","voters":141850,"total":109911,"voted":109576,"spoiled":698,"yays":85429,"nays":23449},{"committee":"Территориальная избирательная комиссия №18","vibid":"27820001295428","voters":99009,"total":80319,"voted":80058,"spoiled":359,"yays":64543,"nays":15156},{"committee":"Территориальная избирательная комиссия №19","vibid":"27820001295427","voters":146876,"total":109951,"voted":109833,"spoiled":642,"yays":94125,"nays":15066},{"committee":"Территориальная избирательная комиссия №20","vibid":"27820001295426","voters":156982,"total":130671,"voted":130649,"spoiled":932,"yays":106965,"nays":22752},{"committee":"Территориальная избирательная комиссия №21","vibid":"27820001295425","voters":140732,"total":95685,"voted":95097,"spoiled":626,"yays":73203,"nays":21268},{"committee":"Территориальная избирательная комиссия №22","vibid":"27820001295424","voters":150659,"total":114464,"voted":114221,"spoiled":729,"yays":80393,"nays":33099},{"committee":"Территориальная избирательная комиссия №23","vibid":"27820001295423","voters":133737,"total":101352,"voted":101137,"spoiled":642,"yays":81049,"nays":19446},{"committee":"Территориальная избирательная комиссия №24","vibid":"27820001295422","voters":131126,"total":102970,"voted":102850,"spoiled":459,"yays":81791,"nays":20600},{"committee":"Территориальная избирательная комиссия №25","vibid":"27820001295421","voters":140788,"total":105780,"voted":105369,"spoiled":525,"yays":77217,"nays":27627},{"committee":"Территориальная избирательная комиссия №26","vibid":"27820001295420","voters":125316,"total":85818,"voted":85794,"spoiled":779,"yays":65142,"nays":19873},{"committee":"Территориальная избирательная комиссия №27","vibid":"27820001295419","voters":87510,"total":61912,"voted":61290,"spoiled":262,"yays":50821,"nays":10207},{"committee":"Территориальная избирательная комиссия №28","vibid":"27820001295418","voters":182048,"total":134923,"voted":134606,"spoiled":763,"yays":108768,"nays":25075},{"committee":"Территориальная избирательная комиссия №29","vibid":"27820001295417","voters":162026,"total":132274,"voted":130938,"spoiled":627,"yays":105865,"nays":24446},{"committee":"Территориальная избирательная комиссия №30","vibid":"27820001295416","voters":68013,"total":52896,"voted":52740,"spoiled":529,"yays":40742,"nays":11469}]