[{"committee":"Владимир, Ленинская","vibid":"23320001061887","voters":104685,"total":63177,"voted":63154,"spoiled":538,"yays":46829,"nays":15787},{"committee":"Владимир, Октябрьская","vibid":"23320001061886","voters":84556,"total":51578,"voted":51524,"spoiled":394,"yays":39108,"nays":12022},{"committee":"Владимир, Фрунзенская","vibid":"23320001061885","voters":84790,"total":43735,"voted":43713,"spoiled":403,"yays":31910,"nays":11400},{"committee":"Гусь-Хрустальная городская","vibid":"23320001061884","voters":51062,"total":18811,"voted":18808,"spoiled":167,"yays":12974,"nays":5667},{"committee":"Ковровская городская","vibid":"23320001061883","voters":110576,"total":46206,"voted":46204,"spoiled":467,"yays":29928,"nays":15809},{"committee":"Муром округ","vibid":"23320001061882","voters":98623,"total":64466,"voted":64452,"spoiled":930,"yays":45537,"nays":17985},{"committee":"Радужная городская","vibid":"23320001061881","voters":13362,"total":6216,"voted":6214,"spoiled":85,"yays":4068,"nays":2061},{"committee":"Александровская","vibid":"23320001061880","voters":86738,"total":30878,"voted":30875,"spoiled":257,"yays":21508,"nays":9110},{"committee":"Вязниковская","vibid":"23320001061879","voters":61997,"total":42429,"voted":42428,"spoiled":462,"yays":33062,"nays":8904},{"committee":"Гороховецкая","vibid":"23320001061878","voters":16760,"total":12344,"voted":12344,"spoiled":104,"yays":9798,"nays":2442},{"committee":"Гусь-Хрустальная","vibid":"23320001061877","voters":32782,"total":17821,"voted":17820,"spoiled":245,"yays":12805,"nays":4770},{"committee":"Камешковская","vibid":"23320001061876","voters":24011,"total":14514,"voted":14514,"spoiled":165,"yays":10348,"nays":4001},{"committee":"Киржачская","vibid":"23320001061875","voters":32682,"total":14391,"voted":14391,"spoiled":142,"yays":10165,"nays":4084},{"committee":"Ковровская","vibid":"23320001061874","voters":21760,"total":13838,"voted":13838,"spoiled":121,"yays":9606,"nays":4111},{"committee":"Кольчугинская","vibid":"23320001061873","voters":42583,"total":18710,"voted":18710,"spoiled":152,"yays":12185,"nays":6373},{"committee":"Меленковская","vibid":"23320001061872","voters":27153,"total":16342,"voted":16342,"spoiled":197,"yays":10715,"nays":5430},{"committee":"Муромская","vibid":"23320001061871","voters":13270,"total":8171,"voted":8171,"spoiled":70,"yays":5720,"nays":2381},{"committee":"Петушинская","vibid":"23320001061870","voters":49113,"total":23426,"voted":23425,"spoiled":256,"yays":16862,"nays":6307},{"committee":"Селивановская","vibid":"23320001061869","voters":14808,"total":8895,"voted":8895,"spoiled":78,"yays":5927,"nays":2890},{"committee":"Собинская","vibid":"23320001061868","voters":44959,"total":23449,"voted":23445,"spoiled":228,"yays":16427,"nays":6790},{"committee":"Судогодская","vibid":"23320001061867","voters":30610,"total":17108,"voted":17108,"spoiled":137,"yays":11407,"nays":5564},{"committee":"Суздальская","vibid":"23320001061866","voters":34898,"total":19241,"voted":19239,"spoiled":172,"yays":13093,"nays":5974},{"committee":"Юрьев-Польская","vibid":"23320001061865","voters":25432,"total":13915,"voted":13915,"spoiled":128,"yays":9624,"nays":4163}]