[{"committee":"Бондарская","vibid":"2682000784309","voters":9021,"total":8298,"voted":8298,"spoiled":45,"yays":7876,"nays":377},{"committee":"Гавриловская","vibid":"2682000784308","voters":7998,"total":7001,"voted":7001,"spoiled":11,"yays":6453,"nays":537},{"committee":"Жердевская","vibid":"2682000784307","voters":21646,"total":18730,"voted":18730,"spoiled":65,"yays":16380,"nays":2285},{"committee":"Знаменская","vibid":"2682000784306","voters":13503,"total":11967,"voted":11967,"spoiled":54,"yays":10830,"nays":1083},{"committee":"Инжавинская","vibid":"2682000784305","voters":16849,"total":14258,"voted":14218,"spoiled":458,"yays":11982,"nays":1778},{"committee":"Кирсановская","vibid":"2682000784304","voters":14010,"total":12214,"voted":12214,"spoiled":69,"yays":10996,"nays":1149},{"committee":"Кирсановская городская","vibid":"2682000784303","voters":11944,"total":10479,"voted":10479,"spoiled":17,"yays":9726,"nays":736},{"committee":"Котовская городская","vibid":"2682000784302","voters":24684,"total":22876,"voted":22876,"spoiled":44,"yays":21582,"nays":1250},{"committee":"Мичуринская","vibid":"2682000784301","voters":24584,"total":23208,"voted":23201,"spoiled":51,"yays":22054,"nays":1096},{"committee":"Мичуринская городская","vibid":"2682000784300","voters":66801,"total":59808,"voted":59807,"spoiled":195,"yays":57478,"nays":2134},{"committee":"Мордовская","vibid":"2682000784299","voters":13668,"total":11881,"voted":11881,"spoiled":192,"yays":10288,"nays":1401},{"committee":"Моршанская","vibid":"2682000784298","voters":23342,"total":22362,"voted":22362,"spoiled":56,"yays":20581,"nays":1725},{"committee":"Моршанская городская","vibid":"2682000784297","voters":30348,"total":27742,"voted":27731,"spoiled":57,"yays":24108,"nays":3566},{"committee":"Мучкапская","vibid":"2682000784296","voters":10782,"total":9076,"voted":9076,"spoiled":30,"yays":8214,"nays":832},{"committee":"Никифоровская","vibid":"2682000784295","voters":15195,"total":13389,"voted":13387,"spoiled":26,"yays":12171,"nays":1190},{"committee":"Первомайская","vibid":"2682000784294","voters":21334,"total":18361,"voted":18361,"spoiled":88,"yays":15904,"nays":2369},{"committee":"Петровская","vibid":"2682000784293","voters":14029,"total":12239,"voted":12239,"spoiled":28,"yays":11020,"nays":1191},{"committee":"Пичаевская","vibid":"2682000784292","voters":9696,"total":7021,"voted":7021,"spoiled":49,"yays":5379,"nays":1593},{"committee":"Рассказовская","vibid":"2682000784291","voters":15229,"total":14427,"voted":14427,"spoiled":42,"yays":13718,"nays":667},{"committee":"Рассказовская городская","vibid":"2682000784290","voters":34789,"total":31872,"voted":31871,"spoiled":76,"yays":30508,"nays":1287},{"committee":"Ржаксинская","vibid":"2682000784289","voters":12686,"total":11281,"voted":11281,"spoiled":69,"yays":9998,"nays":1214},{"committee":"Сампурская","vibid":"2682000784288","voters":10561,"total":9583,"voted":9583,"spoiled":47,"yays":8337,"nays":1199},{"committee":"Сосновская","vibid":"2682000784287","voters":22999,"total":20710,"voted":20709,"spoiled":122,"yays":19409,"nays":1178},{"committee":"Староюрьевская","vibid":"2682000784286","voters":10739,"total":9248,"voted":9248,"spoiled":59,"yays":7979,"nays":1210},{"committee":"Тамбов, Ленинская","vibid":"2682000784285","voters":31977,"total":21003,"voted":20970,"spoiled":531,"yays":15709,"nays":4730},{"committee":"Тамбов, Октябрьская","vibid":"2682000784284","voters":137559,"total":86472,"voted":86392,"spoiled":750,"yays":63876,"nays":21766},{"committee":"Тамбов, Советская","vibid":"2682000784283","voters":74326,"total":44668,"voted":44628,"spoiled":313,"yays":33658,"nays":10657},{"committee":"Тамбовская","vibid":"2682000784282","voters":80293,"total":63116,"voted":63116,"spoiled":170,"yays":55037,"nays":7909},{"committee":"Токаревская","vibid":"2682000784281","voters":13210,"total":12268,"voted":12268,"spoiled":102,"yays":11778,"nays":388},{"committee":"Уваровская","vibid":"2682000784280","voters":7820,"total":7124,"voted":7124,"spoiled":65,"yays":6251,"nays":808},{"committee":"Уваровская городская","vibid":"2682000784279","voters":21860,"total":18509,"voted":18509,"spoiled":96,"yays":18176,"nays":237},{"committee":"Уметская","vibid":"2682000784278","voters":7745,"total":7130,"voted":7130,"spoiled":18,"yays":6516,"nays":596}]