[{"committee":"Верхнеландеховская","vibid":"23720001158024","voters":3471,"total":3041,"voted":3041,"spoiled":4,"yays":2534,"nays":503},{"committee":"Вичугская","vibid":"23720001158023","voters":13503,"total":8687,"voted":8687,"spoiled":82,"yays":5839,"nays":2766},{"committee":"Вичугская городская","vibid":"23720001158022","voters":29000,"total":19917,"voted":19916,"spoiled":264,"yays":15241,"nays":4411},{"committee":"Гаврилово-Посадская","vibid":"23720001158021","voters":12907,"total":10687,"voted":10687,"spoiled":46,"yays":8788,"nays":1853},{"committee":"Заволжская","vibid":"23720001158020","voters":13683,"total":5790,"voted":5790,"spoiled":31,"yays":4103,"nays":1656},{"committee":"Иваново, Ленинская","vibid":"23720001158019","voters":111734,"total":61953,"voted":61934,"spoiled":502,"yays":45166,"nays":16266},{"committee":"Иваново, Октябрьская","vibid":"23720001158025","voters":67396,"total":34035,"voted":34016,"spoiled":278,"yays":23584,"nays":10154},{"committee":"Иваново, Советская","vibid":"23720001158027","voters":47167,"total":26799,"voted":26779,"spoiled":202,"yays":19531,"nays":7046},{"committee":"Иваново, Фрунзенская","vibid":"23720001158026","voters":85710,"total":49560,"voted":49525,"spoiled":357,"yays":35610,"nays":13558},{"committee":"Ивановская","vibid":"23720001158048","voters":29940,"total":24699,"voted":24699,"spoiled":184,"yays":20746,"nays":3769},{"committee":"Ильинская","vibid":"23720001158047","voters":6815,"total":4157,"voted":4157,"spoiled":24,"yays":3165,"nays":968},{"committee":"Кинешемская","vibid":"23720001158046","voters":16937,"total":10546,"voted":10546,"spoiled":92,"yays":7411,"nays":3043},{"committee":"Кинешемская городская","vibid":"23720001158045","voters":65591,"total":43391,"voted":43386,"spoiled":379,"yays":34496,"nays":8511},{"committee":"Комсомольская","vibid":"23720001158044","voters":14823,"total":12420,"voted":12420,"spoiled":36,"yays":10244,"nays":2140},{"committee":"Кохомская городская","vibid":"23720001158043","voters":23344,"total":16515,"voted":16513,"spoiled":56,"yays":13208,"nays":3249},{"committee":"Лежневская","vibid":"23720001158042","voters":14307,"total":12011,"voted":12011,"spoiled":40,"yays":10234,"nays":1737},{"committee":"Лухская","vibid":"23720001158041","voters":4990,"total":4120,"voted":4120,"spoiled":45,"yays":3203,"nays":872},{"committee":"Палехская","vibid":"23720001158040","voters":8371,"total":5230,"voted":5229,"spoiled":48,"yays":3661,"nays":1520},{"committee":"Пестяковская","vibid":"23720001158039","voters":4777,"total":2994,"voted":2994,"spoiled":27,"yays":2162,"nays":805},{"committee":"Приволжская","vibid":"23720001158038","voters":18988,"total":13064,"voted":13064,"spoiled":74,"yays":10307,"nays":2683},{"committee":"Пучежская","vibid":"23720001158037","voters":10635,"total":7554,"voted":7554,"spoiled":53,"yays":5457,"nays":2044},{"committee":"Родниковская","vibid":"23720001158036","voters":27019,"total":22802,"voted":22802,"spoiled":44,"yays":19001,"nays":3757},{"committee":"Савинская","vibid":"23720001158035","voters":8074,"total":5039,"voted":5039,"spoiled":31,"yays":3529,"nays":1479},{"committee":"Тейковская","vibid":"23720001158034","voters":9490,"total":7223,"voted":7222,"spoiled":66,"yays":5731,"nays":1425},{"committee":"Тейковская городская","vibid":"23720001158033","voters":27325,"total":18045,"voted":18045,"spoiled":121,"yays":14326,"nays":3598},{"committee":"Фурмановская","vibid":"23720001158032","voters":33936,"total":23171,"voted":23171,"spoiled":270,"yays":18210,"nays":4691},{"committee":"Шуйская","vibid":"23720001158031","voters":14081,"total":10501,"voted":10501,"spoiled":18,"yays":8340,"nays":2143},{"committee":"Шуйская городская","vibid":"23720001158030","voters":46272,"total":28842,"voted":28834,"spoiled":353,"yays":21677,"nays":6804},{"committee":"Южская","vibid":"23720001158029","voters":15334,"total":11857,"voted":11857,"spoiled":92,"yays":9225,"nays":2540},{"committee":"Юрьевецкая","vibid":"23720001158028","voters":11831,"total":7420,"voted":7420,"spoiled":38,"yays":5527,"nays":1855}]