[{"committee":"Баксанская","vibid":"2072000493542","voters":41994,"total":32243,"voted":31872,"spoiled":458,"yays":28667,"nays":2747},{"committee":"Баксанская городская","vibid":"2072000493543","voters":29963,"total":23283,"voted":22832,"spoiled":365,"yays":20674,"nays":1793},{"committee":"Зольская","vibid":"2072000493535","voters":29376,"total":25610,"voted":25354,"spoiled":386,"yays":23023,"nays":1945},{"committee":"Лескенская","vibid":"2072000493539","voters":18125,"total":14299,"voted":14084,"spoiled":382,"yays":12574,"nays":1128},{"committee":"Майская","vibid":"2072000493533","voters":25593,"total":20328,"voted":20144,"spoiled":235,"yays":18160,"nays":1749},{"committee":"Нальчикская городская","vibid":"2072000493544","voters":167275,"total":132472,"voted":129609,"spoiled":2715,"yays":99873,"nays":27021},{"committee":"Прохладненская","vibid":"2072000493538","voters":31640,"total":24235,"voted":23871,"spoiled":474,"yays":21683,"nays":1714},{"committee":"Прохладненская городская","vibid":"2072000493534","voters":37182,"total":29144,"voted":28484,"spoiled":605,"yays":25597,"nays":2282},{"committee":"Терская","vibid":"2072000493540","voters":36084,"total":29358,"voted":29299,"spoiled":549,"yays":25978,"nays":2772},{"committee":"Урванская","vibid":"2072000493537","voters":44682,"total":36322,"voted":35688,"spoiled":543,"yays":30346,"nays":4799},{"committee":"Чегемская","vibid":"2072000493545","voters":41190,"total":32221,"voted":31819,"spoiled":510,"yays":28777,"nays":2532},{"committee":"Черекская","vibid":"2072000493536","voters":18087,"total":15099,"voted":14949,"spoiled":194,"yays":13687,"nays":1068},{"committee":"Эльбрусская","vibid":"2072000493541","voters":20446,"total":16385,"voted":16142,"spoiled":197,"yays":13700,"nays":2245}]