[{"committee":"Балаклавская","vibid":"2942000269695","voters":42987,"total":25861,"voted":25855,"spoiled":189,"yays":22293,"nays":3373},{"committee":"Гагаринская","vibid":"2942000269694","voters":108981,"total":64790,"voted":64725,"spoiled":397,"yays":54407,"nays":9921},{"committee":"Ленинская","vibid":"2942000269693","voters":87562,"total":68322,"voted":68313,"spoiled":574,"yays":58480,"nays":9259},{"committee":"Нахимовская","vibid":"2942000269692","voters":86990,"total":57610,"voted":57601,"spoiled":382,"yays":48116,"nays":9103}]