[{"committee":"Брасовская","vibid":"23220001314893","voters":15199,"total":13989,"voted":13989,"spoiled":80,"yays":12962,"nays":947},{"committee":"Брянск, Бежицкая","vibid":"23220001314895","voters":123840,"total":111505,"voted":111386,"spoiled":620,"yays":93268,"nays":17498},{"committee":"Брянск, Володарская","vibid":"23220001314884","voters":59057,"total":49764,"voted":49763,"spoiled":503,"yays":42528,"nays":6732},{"committee":"Брянск, Советская","vibid":"23220001314890","voters":102178,"total":85459,"voted":85456,"spoiled":512,"yays":72812,"nays":12132},{"committee":"Брянск, Фокинская","vibid":"23220001314898","voters":66152,"total":59402,"voted":59368,"spoiled":170,"yays":49977,"nays":9221},{"committee":"Брянская","vibid":"23220001314912","voters":50598,"total":44165,"voted":44165,"spoiled":221,"yays":37957,"nays":5987},{"committee":"Выгоничская","vibid":"23220001314904","voters":14050,"total":12791,"voted":12791,"spoiled":335,"yays":11001,"nays":1455},{"committee":"Гордеевская","vibid":"23220001314899","voters":7774,"total":7356,"voted":7356,"spoiled":6,"yays":6460,"nays":890},{"committee":"Дубровская","vibid":"23220001314907","voters":13572,"total":12057,"voted":12057,"spoiled":171,"yays":10273,"nays":1613},{"committee":"Дятьковская","vibid":"23220001314887","voters":56831,"total":51187,"voted":51187,"spoiled":321,"yays":43851,"nays":7015},{"committee":"Жирятинская","vibid":"23220001314913","voters":4943,"total":4576,"voted":4575,"spoiled":13,"yays":3979,"nays":583},{"committee":"Жуковская","vibid":"23220001314900","voters":27202,"total":24487,"voted":24487,"spoiled":624,"yays":20814,"nays":3049},{"committee":"Злынковская","vibid":"23220001314908","voters":8882,"total":8114,"voted":8114,"spoiled":106,"yays":6968,"nays":1040},{"committee":"Карачевская","vibid":"23220001314905","voters":26276,"total":23584,"voted":23584,"spoiled":242,"yays":19823,"nays":3519},{"committee":"Клетнянская","vibid":"23220001314885","voters":14351,"total":13016,"voted":13016,"spoiled":31,"yays":11966,"nays":1019},{"committee":"Климовская","vibid":"23220001314906","voters":23064,"total":21189,"voted":21188,"spoiled":200,"yays":18198,"nays":2790},{"committee":"Клинцовская","vibid":"23220001314903","voters":12909,"total":11797,"voted":11797,"spoiled":83,"yays":10087,"nays":1627},{"committee":"Клинцовская городская","vibid":"23220001314888","voters":53959,"total":49028,"voted":49028,"spoiled":1987,"yays":41934,"nays":5107},{"committee":"Комаричская","vibid":"23220001314901","voters":12864,"total":11970,"voted":11970,"spoiled":163,"yays":10431,"nays":1376},{"committee":"Красногорская","vibid":"23220001314911","voters":9996,"total":9546,"voted":9546,"spoiled":15,"yays":8629,"nays":902},{"committee":"Мглинская","vibid":"23220001314886","voters":12823,"total":11733,"voted":11733,"spoiled":72,"yays":10081,"nays":1580},{"committee":"Навлинская","vibid":"23220001314910","voters":21043,"total":19062,"voted":19021,"spoiled":157,"yays":16253,"nays":2611},{"committee":"Новозыбковская городская","vibid":"23220001314892","voters":40345,"total":36712,"voted":36707,"spoiled":1315,"yays":30809,"nays":4583},{"committee":"Погарская","vibid":"23220001314896","voters":23333,"total":21615,"voted":21535,"spoiled":202,"yays":19646,"nays":1687},{"committee":"Почепская","vibid":"23220001314894","voters":29216,"total":25927,"voted":25927,"spoiled":481,"yays":22175,"nays":3271},{"committee":"Рогнединская","vibid":"23220001314883","voters":5041,"total":4585,"voted":4584,"spoiled":105,"yays":4128,"nays":351},{"committee":"Севская","vibid":"23220001314915","voters":12060,"total":11218,"voted":11218,"spoiled":131,"yays":9878,"nays":1209},{"committee":"Сельцовская городская","vibid":"23220001314891","voters":13630,"total":12331,"voted":12331,"spoiled":120,"yays":10599,"nays":1612},{"committee":"Стародубская","vibid":"23220001314914","voters":28829,"total":27002,"voted":26955,"spoiled":187,"yays":24884,"nays":1884},{"committee":"Суземская","vibid":"23220001314889","voters":13437,"total":12197,"voted":12197,"spoiled":212,"yays":10386,"nays":1599},{"committee":"Суражская","vibid":"23220001314897","voters":17670,"total":15639,"voted":15639,"spoiled":77,"yays":13572,"nays":1990},{"committee":"Трубчевская","vibid":"23220001314902","voters":26379,"total":23632,"voted":23632,"spoiled":283,"yays":19816,"nays":3533},{"committee":"Унечская","vibid":"23220001314909","voters":30638,"total":27465,"voted":27464,"spoiled":263,"yays":23604,"nays":3597}]