[{"committee":"Амурская","vibid":"22720001055278","voters":47963,"total":24122,"voted":24120,"spoiled":266,"yays":17643,"nays":6211},{"committee":"Аяно-Майская","vibid":"22720001055277","voters":2100,"total":1647,"voted":1647,"spoiled":8,"yays":1170,"nays":469},{"committee":"Бикинская","vibid":"22720001055276","voters":16873,"total":7803,"voted":7803,"spoiled":57,"yays":5218,"nays":2528},{"committee":"Ванинская","vibid":"22720001055275","voters":26135,"total":9921,"voted":9921,"spoiled":122,"yays":5905,"nays":3894},{"committee":"Верхнебуреинская","vibid":"22720001055480","voters":20562,"total":10472,"voted":10471,"spoiled":69,"yays":7716,"nays":2686},{"committee":"Вяземская","vibid":"22720001055274","voters":17787,"total":7907,"voted":7907,"spoiled":100,"yays":4864,"nays":2943},{"committee":"Лазовская","vibid":"22720001055273","voters":36495,"total":18527,"voted":18517,"spoiled":207,"yays":12222,"nays":6088},{"committee":"Осипенковская","vibid":"22720001055272","voters":4269,"total":2061,"voted":2061,"spoiled":13,"yays":1148,"nays":900},{"committee":"Комсомольская городская","vibid":"22720001055271","voters":183523,"total":75944,"voted":75892,"spoiled":920,"yays":43807,"nays":31165},{"committee":"Комсомольская","vibid":"22720001055270","voters":17452,"total":13527,"voted":13527,"spoiled":321,"yays":10189,"nays":3017},{"committee":"Нанайская","vibid":"22720001055269","voters":12706,"total":7106,"voted":7104,"spoiled":79,"yays":4311,"nays":2714},{"committee":"Николаевская","vibid":"22720001055268","voters":24423,"total":9539,"voted":9539,"spoiled":108,"yays":5814,"nays":3617},{"committee":"Охотская","vibid":"22720001055267","voters":6610,"total":3464,"voted":3463,"spoiled":41,"yays":2273,"nays":1149},{"committee":"Советско-Гаванская","vibid":"22720001055266","voters":29562,"total":10007,"voted":10007,"spoiled":88,"yays":6314,"nays":3605},{"committee":"Солнечная","vibid":"22720001055265","voters":22645,"total":9709,"voted":9708,"spoiled":164,"yays":6418,"nays":3126},{"committee":"Тугуро-Чумиканская","vibid":"22720001055264","voters":1969,"total":1388,"voted":1388,"spoiled":13,"yays":1030,"nays":345},{"committee":"Ульчская","vibid":"22720001055263","voters":13490,"total":6235,"voted":6235,"spoiled":83,"yays":4113,"nays":2039},{"committee":"Хабаровск, Железнодорожная","vibid":"22720001055262","voters":110897,"total":44146,"voted":44138,"spoiled":427,"yays":26317,"nays":17394},{"committee":"Хабаровск, Индустриальная","vibid":"22720001055261","voters":158796,"total":69476,"voted":69457,"spoiled":598,"yays":43122,"nays":25737},{"committee":"Хабаровск, Кировская","vibid":"22720001055260","voters":40079,"total":18764,"voted":18761,"spoiled":176,"yays":11835,"nays":6750},{"committee":"Хабаровск, Краснофлотская","vibid":"22720001055259","voters":60729,"total":24936,"voted":24916,"spoiled":210,"yays":15007,"nays":9699},{"committee":"Хабаровск, Центральная","vibid":"22720001055258","voters":68048,"total":33852,"voted":33833,"spoiled":286,"yays":19392,"nays":14155},{"committee":"Хабаровская","vibid":"22720001055257","voters":62317,"total":25391,"voted":25389,"spoiled":365,"yays":15593,"nays":9431}]