[{"committee":"Андреапольская","vibid":"26920001507518","voters":9061,"total":8237,"voted":8237,"spoiled":327,"yays":7273,"nays":637},{"committee":"Бежецкая","vibid":"26920001507517","voters":23923,"total":13614,"voted":13613,"spoiled":102,"yays":9511,"nays":4000},{"committee":"Бельская","vibid":"26920001507516","voters":4996,"total":2689,"voted":2689,"spoiled":28,"yays":1900,"nays":761},{"committee":"Бологовская","vibid":"26920001507515","voters":27192,"total":14877,"voted":14874,"spoiled":123,"yays":10578,"nays":4173},{"committee":"Весьегонская","vibid":"26920001507514","voters":9798,"total":4970,"voted":4970,"spoiled":32,"yays":3963,"nays":975},{"committee":"Вышневолоцкая","vibid":"26920001507513","voters":18288,"total":14135,"voted":14135,"spoiled":107,"yays":11143,"nays":2885},{"committee":"Вышневолоцкая городская","vibid":"26920001507512","voters":36773,"total":20287,"voted":20284,"spoiled":192,"yays":15475,"nays":4617},{"committee":"Жарковская","vibid":"26920001507511","voters":4479,"total":2628,"voted":2628,"spoiled":23,"yays":2091,"nays":514},{"committee":"Западнодвинская","vibid":"26920001507510","voters":12767,"total":10167,"voted":10167,"spoiled":76,"yays":8355,"nays":1736},{"committee":"Зубцовская","vibid":"26920001507509","voters":12908,"total":7405,"voted":7404,"spoiled":91,"yays":5125,"nays":2188},{"committee":"Калининская","vibid":"26920001507508","voters":51082,"total":26209,"voted":26196,"spoiled":192,"yays":18342,"nays":7662},{"committee":"Калязинская","vibid":"26920001507507","voters":15983,"total":8531,"voted":8531,"spoiled":90,"yays":5760,"nays":2681},{"committee":"Кашинская","vibid":"26920001507506","voters":19811,"total":11683,"voted":11681,"spoiled":87,"yays":8652,"nays":2942},{"committee":"Кесовогорская","vibid":"26920001507505","voters":6133,"total":3833,"voted":3833,"spoiled":20,"yays":2758,"nays":1055},{"committee":"Кимрская","vibid":"26920001507504","voters":10174,"total":7342,"voted":7339,"spoiled":33,"yays":5779,"nays":1527},{"committee":"Кимрская городская","vibid":"26920001507503","voters":37938,"total":20715,"voted":20709,"spoiled":221,"yays":14517,"nays":5971},{"committee":"Конаковская","vibid":"26920001507502","voters":68426,"total":38224,"voted":38200,"spoiled":372,"yays":27827,"nays":10001},{"committee":"Краснохолмская","vibid":"26920001507501","voters":8611,"total":5041,"voted":5040,"spoiled":27,"yays":3931,"nays":1082},{"committee":"Кувшиновская","vibid":"26920001507500","voters":11622,"total":9232,"voted":9232,"spoiled":49,"yays":7077,"nays":2106},{"committee":"Лесная","vibid":"26920001507499","voters":3956,"total":2821,"voted":2821,"spoiled":26,"yays":2163,"nays":632},{"committee":"Лихославльская","vibid":"26920001507498","voters":21561,"total":15450,"voted":15387,"spoiled":90,"yays":11981,"nays":3316},{"committee":"Максатихинская","vibid":"26920001507497","voters":12650,"total":6009,"voted":6009,"spoiled":32,"yays":4470,"nays":1507},{"committee":"Молоковская","vibid":"26920001507496","voters":4038,"total":2634,"voted":2634,"spoiled":10,"yays":2040,"nays":584},{"committee":"Нелидовская","vibid":"26920001507495","voters":22035,"total":13480,"voted":13480,"spoiled":103,"yays":9595,"nays":3782},{"committee":"Озерная поселковая","vibid":"26920001507494","voters":7988,"total":5984,"voted":5977,"spoiled":68,"yays":4027,"nays":1882},{"committee":"Оленинская","vibid":"26920001507493","voters":9391,"total":7708,"voted":7708,"spoiled":83,"yays":6730,"nays":895},{"committee":"Осташковская","vibid":"26920001507492","voters":19205,"total":13207,"voted":13199,"spoiled":435,"yays":8965,"nays":3799},{"committee":"Пеновская","vibid":"26920001507491","voters":5615,"total":4579,"voted":4579,"spoiled":29,"yays":3481,"nays":1069},{"committee":"Рамешковская","vibid":"26920001507490","voters":10798,"total":8907,"voted":8907,"spoiled":37,"yays":7439,"nays":1431},{"committee":"Ржевская","vibid":"26920001507489","voters":9333,"total":7551,"voted":7551,"spoiled":32,"yays":5736,"nays":1783},{"committee":"Ржевская городская","vibid":"26920001507488","voters":44544,"total":19454,"voted":19439,"spoiled":206,"yays":13287,"nays":5946},{"committee":"Сандовская","vibid":"26920001507487","voters":5106,"total":3869,"voted":3869,"spoiled":20,"yays":3101,"nays":748},{"committee":"Селижаровская","vibid":"26920001507486","voters":9273,"total":5822,"voted":5821,"spoiled":43,"yays":4234,"nays":1544},{"committee":"Солнечная поселковая","vibid":"26920001507485","voters":1557,"total":990,"voted":990,"spoiled":21,"yays":583,"nays":386},{"committee":"Сонковская","vibid":"26920001507484","voters":6530,"total":3290,"voted":3290,"spoiled":21,"yays":2428,"nays":841},{"committee":"Спировская","vibid":"26920001507483","voters":8807,"total":4746,"voted":4744,"spoiled":43,"yays":3521,"nays":1180},{"committee":"Старицкая","vibid":"26920001507482","voters":16992,"total":12878,"voted":12878,"spoiled":56,"yays":10615,"nays":2207},{"committee":"Тверь, Заволжская","vibid":"26920001507481","voters":114242,"total":47021,"voted":46979,"spoiled":392,"yays":30327,"nays":16260},{"committee":"Тверь, Московская","vibid":"26920001507480","voters":97615,"total":46795,"voted":46757,"spoiled":369,"yays":32240,"nays":14148},{"committee":"Тверь, Пролетарская","vibid":"26920001507479","voters":72670,"total":31050,"voted":31006,"spoiled":274,"yays":20129,"nays":10603},{"committee":"Тверь, Центральная","vibid":"26920001507478","voters":42652,"total":19614,"voted":19596,"spoiled":194,"yays":12659,"nays":6743},{"committee":"Торжокская","vibid":"26920001507477","voters":15680,"total":11745,"voted":11744,"spoiled":46,"yays":8865,"nays":2833},{"committee":"Торжокская городская","vibid":"26920001507476","voters":33335,"total":15301,"voted":15298,"spoiled":181,"yays":9881,"nays":5236},{"committee":"Торопецкая","vibid":"26920001507475","voters":16344,"total":8621,"voted":8621,"spoiled":74,"yays":6311,"nays":2236},{"committee":"Удомельская","vibid":"26920001507474","voters":30499,"total":17389,"voted":17365,"spoiled":135,"yays":11913,"nays":5317},{"committee":"Фировская","vibid":"26920001507473","voters":7563,"total":4656,"voted":4655,"spoiled":24,"yays":3643,"nays":988}]