[{"committee":"УИК №8000","vibid":"499400180527","voters":8306,"total":8306,"voted":8265,"spoiled":117,"yays":5517,"nays":2631},{"committee":"УИК №8009","vibid":"499400180528","voters":98,"total":98,"voted":98,"spoiled":0,"yays":50,"nays":48},{"committee":"УИК №8010","vibid":"499400180529","voters":445,"total":445,"voted":443,"spoiled":1,"yays":203,"nays":239},{"committee":"УИК №8015","vibid":"499400180530","voters":1251,"total":1251,"voted":1250,"spoiled":4,"yays":492,"nays":754},{"committee":"УИК №8016","vibid":"499400180531","voters":78,"total":78,"voted":78,"spoiled":0,"yays":26,"nays":52},{"committee":"УИК №8017","vibid":"499400180532","voters":273,"total":273,"voted":273,"spoiled":3,"yays":207,"nays":63},{"committee":"УИК №8018","vibid":"499400180533","voters":213,"total":213,"voted":212,"spoiled":0,"yays":148,"nays":64},{"committee":"УИК №8020","vibid":"499400180534","voters":470,"total":443,"voted":443,"spoiled":1,"yays":280,"nays":162},{"committee":"УИК №8022","vibid":"499400180535","voters":289,"total":289,"voted":289,"spoiled":0,"yays":203,"nays":86},{"committee":"УИК №8023","vibid":"499400180536","voters":237,"total":237,"voted":237,"spoiled":0,"yays":149,"nays":88},{"committee":"УИК №8024","vibid":"499400180537","voters":146,"total":124,"voted":124,"spoiled":1,"yays":91,"nays":32},{"committee":"УИК №8025","vibid":"499400180538","voters":43,"total":43,"voted":43,"spoiled":0,"yays":39,"nays":4},{"committee":"УИК №8026","vibid":"499400180539","voters":1331,"total":1331,"voted":1323,"spoiled":9,"yays":1009,"nays":305},{"committee":"УИК №8027","vibid":"499400180540","voters":968,"total":968,"voted":968,"spoiled":10,"yays":935,"nays":23},{"committee":"УИК №8028","vibid":"499400180541","voters":66,"total":66,"voted":66,"spoiled":0,"yays":44,"nays":22},{"committee":"УИК №8030","vibid":"499400180542","voters":59,"total":59,"voted":59,"spoiled":0,"yays":37,"nays":22},{"committee":"УИК №8031","vibid":"499400180543","voters":371,"total":371,"voted":371,"spoiled":3,"yays":274,"nays":94},{"committee":"УИК №8032","vibid":"499400180544","voters":802,"total":802,"voted":802,"spoiled":3,"yays":761,"nays":38},{"committee":"УИК №8033","vibid":"499400180545","voters":1227,"total":1227,"voted":1227,"spoiled":10,"yays":1194,"nays":23},{"committee":"УИК №8034","vibid":"499400180546","voters":845,"total":845,"voted":845,"spoiled":9,"yays":807,"nays":29},{"committee":"УИК №8036","vibid":"499400180547","voters":1554,"total":1346,"voted":1346,"spoiled":23,"yays":516,"nays":807},{"committee":"УИК №8038","vibid":"499400180548","voters":58,"total":58,"voted":58,"spoiled":1,"yays":30,"nays":27},{"committee":"УИК №8039","vibid":"499400180549","voters":656,"total":656,"voted":655,"spoiled":7,"yays":313,"nays":335},{"committee":"УИК №8040","vibid":"499400180550","voters":246,"total":246,"voted":246,"spoiled":1,"yays":136,"nays":109},{"committee":"УИК №8041","vibid":"499400180551","voters":50,"total":50,"voted":50,"spoiled":0,"yays":32,"nays":18},{"committee":"УИК №8042","vibid":"499400180552","voters":2609,"total":2609,"voted":2609,"spoiled":29,"yays":1669,"nays":911},{"committee":"УИК №8043","vibid":"499400180553","voters":1022,"total":1020,"voted":1019,"spoiled":6,"yays":806,"nays":207},{"committee":"УИК №8046","vibid":"499400190050","voters":424,"total":424,"voted":424,"spoiled":3,"yays":346,"nays":75},{"committee":"УИК №8047","vibid":"499400190051","voters":335,"total":335,"voted":335,"spoiled":0,"yays":289,"nays":46},{"committee":"УИК №8048","vibid":"499400180554","voters":560,"total":560,"voted":560,"spoiled":0,"yays":312,"nays":248},{"committee":"УИК №8050","vibid":"499400180555","voters":676,"total":676,"voted":672,"spoiled":2,"yays":530,"nays":140},{"committee":"УИК №8051","vibid":"499400180556","voters":371,"total":371,"voted":371,"spoiled":8,"yays":270,"nays":93},{"committee":"УИК №8052","vibid":"499400180557","voters":103,"total":103,"voted":103,"spoiled":1,"yays":92,"nays":10},{"committee":"УИК №8053","vibid":"499400180558","voters":33,"total":33,"voted":33,"spoiled":0,"yays":28,"nays":5},{"committee":"УИК №8054","vibid":"499400180559","voters":92,"total":92,"voted":92,"spoiled":1,"yays":65,"nays":26},{"committee":"УИК №8055","vibid":"499400180560","voters":45,"total":35,"voted":35,"spoiled":0,"yays":23,"nays":12},{"committee":"УИК №8056","vibid":"499400180561","voters":113,"total":113,"voted":113,"spoiled":0,"yays":70,"nays":43},{"committee":"УИК №8057","vibid":"499400180562","voters":88,"total":88,"voted":88,"spoiled":1,"yays":48,"nays":39},{"committee":"УИК №8058","vibid":"499400180563","voters":69,"total":69,"voted":69,"spoiled":0,"yays":33,"nays":36},{"committee":"УИК №8059","vibid":"499400180564","voters":20,"total":20,"voted":20,"spoiled":1,"yays":12,"nays":7},{"committee":"УИК №8060","vibid":"499400180565","voters":30,"total":30,"voted":30,"spoiled":0,"yays":24,"nays":6},{"committee":"УИК №8061","vibid":"499400180566","voters":2228,"total":2228,"voted":2225,"spoiled":4,"yays":430,"nays":1791},{"committee":"УИК №8063","vibid":"499400180567","voters":120,"total":120,"voted":120,"spoiled":0,"yays":38,"nays":82},{"committee":"УИК №8064","vibid":"499400180568","voters":696,"total":696,"voted":696,"spoiled":5,"yays":304,"nays":387},{"committee":"УИК №8065","vibid":"499400180569","voters":65,"total":65,"voted":65,"spoiled":1,"yays":56,"nays":8},{"committee":"УИК №8066","vibid":"499400180570","voters":374,"total":356,"voted":356,"spoiled":2,"yays":244,"nays":110},{"committee":"УИК №8067","vibid":"499400180571","voters":231,"total":219,"voted":219,"spoiled":1,"yays":120,"nays":98},{"committee":"УИК №8068","vibid":"499400180572","voters":645,"total":645,"voted":645,"spoiled":4,"yays":309,"nays":332},{"committee":"УИК №8069","vibid":"499400180573","voters":51,"total":51,"voted":51,"spoiled":0,"yays":21,"nays":30},{"committee":"УИК №8071","vibid":"499400180574","voters":35,"total":35,"voted":35,"spoiled":0,"yays":24,"nays":11},{"committee":"УИК №8072","vibid":"499400180575","voters":43,"total":43,"voted":43,"spoiled":0,"yays":29,"nays":14},{"committee":"УИК №8073","vibid":"499400180576","voters":124,"total":69,"voted":69,"spoiled":1,"yays":55,"nays":13},{"committee":"УИК №8074","vibid":"499400180577","voters":38,"total":38,"voted":38,"spoiled":0,"yays":26,"nays":12},{"committee":"УИК №8075","vibid":"499400180578","voters":24,"total":24,"voted":24,"spoiled":0,"yays":20,"nays":4},{"committee":"УИК №8076","vibid":"499400180579","voters":324,"total":250,"voted":250,"spoiled":1,"yays":160,"nays":89},{"committee":"УИК №8077","vibid":"499400180580","voters":579,"total":578,"voted":578,"spoiled":5,"yays":473,"nays":100},{"committee":"УИК №8078","vibid":"499400180581","voters":301,"total":301,"voted":301,"spoiled":2,"yays":260,"nays":39},{"committee":"УИК №8079","vibid":"499400180582","voters":455,"total":455,"voted":455,"spoiled":2,"yays":182,"nays":271},{"committee":"УИК №8080","vibid":"499400180583","voters":28,"total":28,"voted":28,"spoiled":0,"yays":21,"nays":7},{"committee":"УИК №8081","vibid":"499400180584","voters":429,"total":429,"voted":429,"spoiled":0,"yays":289,"nays":140},{"committee":"УИК №8082","vibid":"499400180585","voters":78,"total":76,"voted":76,"spoiled":0,"yays":37,"nays":39},{"committee":"УИК №8083","vibid":"499400180586","voters":55,"total":55,"voted":55,"spoiled":0,"yays":40,"nays":15},{"committee":"УИК №8084","vibid":"499400180587","voters":63,"total":63,"voted":63,"spoiled":0,"yays":40,"nays":23},{"committee":"УИК №8094","vibid":"499400180825","voters":1112,"total":1112,"voted":1110,"spoiled":7,"yays":387,"nays":716},{"committee":"УИК №8096","vibid":"499400180826","voters":694,"total":694,"voted":694,"spoiled":6,"yays":318,"nays":370},{"committee":"УИК №8098","vibid":"499400180827","voters":59,"total":59,"voted":59,"spoiled":0,"yays":49,"nays":10},{"committee":"УИК №8099","vibid":"499400180828","voters":358,"total":358,"voted":358,"spoiled":2,"yays":240,"nays":116},{"committee":"УИК №8100","vibid":"499400180829","voters":66,"total":66,"voted":66,"spoiled":0,"yays":44,"nays":22},{"committee":"УИК №8101","vibid":"499400180830","voters":25,"total":25,"voted":25,"spoiled":0,"yays":10,"nays":15},{"committee":"УИК №8102","vibid":"499400180831","voters":96,"total":96,"voted":96,"spoiled":1,"yays":49,"nays":46},{"committee":"УИК №8103","vibid":"499400180832","voters":156,"total":156,"voted":156,"spoiled":0,"yays":102,"nays":54},{"committee":"УИК №8104","vibid":"499400180833","voters":1318,"total":250,"voted":250,"spoiled":1,"yays":197,"nays":52},{"committee":"УИК №8105","vibid":"499400180834","voters":193,"total":193,"voted":193,"spoiled":0,"yays":129,"nays":64},{"committee":"УИК №8106","vibid":"499400180835","voters":143,"total":143,"voted":143,"spoiled":0,"yays":69,"nays":74},{"committee":"УИК №8107","vibid":"499400180836","voters":240,"total":111,"voted":111,"spoiled":0,"yays":72,"nays":39},{"committee":"УИК №8108","vibid":"499400180837","voters":215,"total":215,"voted":215,"spoiled":2,"yays":124,"nays":89},{"committee":"УИК №8109","vibid":"499400180838","voters":6,"total":6,"voted":6,"spoiled":0,"yays":6,"nays":0},{"committee":"УИК №8110","vibid":"499400180839","voters":12,"total":12,"voted":12,"spoiled":0,"yays":8,"nays":4},{"committee":"УИК №8111","vibid":"499400190052","voters":161,"total":161,"voted":161,"spoiled":1,"yays":98,"nays":62},{"committee":"УИК №8112","vibid":"499400180840","voters":439,"total":439,"voted":439,"spoiled":0,"yays":133,"nays":306},{"committee":"УИК №8113","vibid":"499400180841","voters":114,"total":114,"voted":114,"spoiled":0,"yays":45,"nays":69},{"committee":"УИК №8114","vibid":"499400180842","voters":397,"total":397,"voted":397,"spoiled":1,"yays":217,"nays":179},{"committee":"УИК №8117","vibid":"499400180843","voters":492,"total":492,"voted":492,"spoiled":0,"yays":159,"nays":333},{"committee":"УИК №8118","vibid":"499400180844","voters":477,"total":477,"voted":476,"spoiled":1,"yays":279,"nays":196},{"committee":"УИК №8119","vibid":"499400180845","voters":495,"total":495,"voted":495,"spoiled":0,"yays":223,"nays":272},{"committee":"УИК №8120","vibid":"499400180846","voters":97,"total":97,"voted":97,"spoiled":0,"yays":62,"nays":35},{"committee":"УИК №8121","vibid":"499400180847","voters":54,"total":54,"voted":54,"spoiled":0,"yays":36,"nays":18},{"committee":"УИК №8124","vibid":"499400180848","voters":31,"total":31,"voted":31,"spoiled":1,"yays":13,"nays":17},{"committee":"УИК №8125","vibid":"499400180849","voters":373,"total":373,"voted":373,"spoiled":2,"yays":279,"nays":92},{"committee":"УИК №8128","vibid":"499400180850","voters":218,"total":218,"voted":218,"spoiled":0,"yays":176,"nays":42},{"committee":"УИК №8131","vibid":"499400180851","voters":272,"total":272,"voted":272,"spoiled":2,"yays":183,"nays":87},{"committee":"УИК №8132","vibid":"499400180852","voters":938,"total":928,"voted":928,"spoiled":12,"yays":592,"nays":324},{"committee":"УИК №8133","vibid":"499400180853","voters":628,"total":628,"voted":628,"spoiled":4,"yays":498,"nays":126},{"committee":"УИК №8137","vibid":"499400180854","voters":174,"total":174,"voted":174,"spoiled":0,"yays":147,"nays":27},{"committee":"УИК №8148","vibid":"499400180855","voters":250,"total":250,"voted":249,"spoiled":0,"yays":165,"nays":84},{"committee":"УИК №8150","vibid":"499400180856","voters":397,"total":397,"voted":397,"spoiled":5,"yays":196,"nays":196},{"committee":"УИК №8151","vibid":"499400180857","voters":680,"total":680,"voted":676,"spoiled":0,"yays":358,"nays":318},{"committee":"УИК №8152","vibid":"499400180858","voters":103,"total":103,"voted":103,"spoiled":1,"yays":61,"nays":41},{"committee":"УИК №8153","vibid":"499400180859","voters":50,"total":50,"voted":50,"spoiled":1,"yays":35,"nays":14},{"committee":"УИК №8156","vibid":"499400180860","voters":132,"total":132,"voted":132,"spoiled":1,"yays":57,"nays":74},{"committee":"УИК №8157","vibid":"499400180861","voters":80,"total":80,"voted":80,"spoiled":0,"yays":59,"nays":21},{"committee":"УИК №8158","vibid":"499400180862","voters":853,"total":833,"voted":833,"spoiled":8,"yays":354,"nays":471},{"committee":"УИК №8159","vibid":"499400180863","voters":1184,"total":1184,"voted":1184,"spoiled":11,"yays":1028,"nays":145},{"committee":"УИК №8160","vibid":"499400180864","voters":1278,"total":1278,"voted":1278,"spoiled":2,"yays":1266,"nays":10},{"committee":"УИК №8161","vibid":"499400180865","voters":298,"total":298,"voted":298,"spoiled":1,"yays":189,"nays":108},{"committee":"УИК №8162","vibid":"499400180866","voters":452,"total":452,"voted":452,"spoiled":5,"yays":392,"nays":55},{"committee":"УИК №8163","vibid":"499400180867","voters":126,"total":125,"voted":125,"spoiled":3,"yays":75,"nays":47},{"committee":"УИК №8164","vibid":"499400180868","voters":37,"total":36,"voted":36,"spoiled":0,"yays":21,"nays":15},{"committee":"УИК №8165","vibid":"499400180869","voters":644,"total":644,"voted":644,"spoiled":5,"yays":376,"nays":263},{"committee":"УИК №8166","vibid":"499400180870","voters":408,"total":408,"voted":408,"spoiled":5,"yays":118,"nays":285},{"committee":"УИК №8167","vibid":"499400180871","voters":71,"total":71,"voted":71,"spoiled":0,"yays":25,"nays":46},{"committee":"УИК №8168","vibid":"499400180872","voters":204,"total":201,"voted":201,"spoiled":0,"yays":40,"nays":161},{"committee":"УИК №8169","vibid":"499400180873","voters":270,"total":270,"voted":270,"spoiled":1,"yays":92,"nays":177},{"committee":"УИК №8170","vibid":"499400180874","voters":131,"total":122,"voted":122,"spoiled":0,"yays":75,"nays":47},{"committee":"УИК №8171","vibid":"499400180875","voters":32,"total":32,"voted":32,"spoiled":1,"yays":24,"nays":7},{"committee":"УИК №8172","vibid":"499400180876","voters":95,"total":95,"voted":95,"spoiled":1,"yays":71,"nays":23},{"committee":"УИК №8173","vibid":"499400180877","voters":435,"total":435,"voted":435,"spoiled":0,"yays":174,"nays":261},{"committee":"УИК №8174","vibid":"499400180878","voters":244,"total":232,"voted":232,"spoiled":3,"yays":124,"nays":105},{"committee":"УИК №8175","vibid":"499400180879","voters":64,"total":64,"voted":64,"spoiled":0,"yays":30,"nays":34},{"committee":"УИК №8176","vibid":"499400180880","voters":103,"total":58,"voted":58,"spoiled":0,"yays":31,"nays":27},{"committee":"УИК №8177","vibid":"499400180881","voters":2183,"total":620,"voted":619,"spoiled":2,"yays":488,"nays":129},{"committee":"УИК №8178","vibid":"499400180882","voters":128,"total":128,"voted":128,"spoiled":0,"yays":81,"nays":47},{"committee":"УИК №8179","vibid":"499400180883","voters":977,"total":977,"voted":977,"spoiled":3,"yays":810,"nays":164},{"committee":"УИК №8180","vibid":"499400180884","voters":3621,"total":3621,"voted":3610,"spoiled":23,"yays":3257,"nays":330},{"committee":"УИК №8181","vibid":"499400180885","voters":2085,"total":2085,"voted":2085,"spoiled":6,"yays":1943,"nays":136},{"committee":"УИК №8183","vibid":"499400180886","voters":2469,"total":2469,"voted":2469,"spoiled":23,"yays":2391,"nays":55},{"committee":"УИК №8184","vibid":"499400180887","voters":1804,"total":1804,"voted":1804,"spoiled":20,"yays":1746,"nays":38},{"committee":"УИК №8186","vibid":"499400180888","voters":296,"total":296,"voted":296,"spoiled":0,"yays":242,"nays":54},{"committee":"УИК №8187","vibid":"499400180889","voters":841,"total":841,"voted":841,"spoiled":9,"yays":646,"nays":186},{"committee":"УИК №8190","vibid":"499400180890","voters":380,"total":380,"voted":380,"spoiled":1,"yays":317,"nays":62},{"committee":"УИК №8191","vibid":"499400180891","voters":158,"total":143,"voted":143,"spoiled":0,"yays":73,"nays":70},{"committee":"УИК №8192","vibid":"499400180892","voters":282,"total":282,"voted":282,"spoiled":0,"yays":86,"nays":196},{"committee":"УИК №8193","vibid":"499400180893","voters":34,"total":34,"voted":34,"spoiled":0,"yays":21,"nays":13},{"committee":"УИК №8194","vibid":"499400180894","voters":51,"total":51,"voted":51,"spoiled":0,"yays":47,"nays":4},{"committee":"УИК №8195","vibid":"499400180895","voters":60,"total":60,"voted":60,"spoiled":0,"yays":50,"nays":10},{"committee":"УИК №8196","vibid":"499400180896","voters":673,"total":100,"voted":100,"spoiled":1,"yays":69,"nays":30},{"committee":"УИК №8197","vibid":"499400180897","voters":151,"total":151,"voted":151,"spoiled":0,"yays":68,"nays":83},{"committee":"УИК №8198","vibid":"499400180898","voters":152,"total":152,"voted":152,"spoiled":0,"yays":107,"nays":45},{"committee":"УИК №8199","vibid":"499400180899","voters":170,"total":170,"voted":170,"spoiled":0,"yays":73,"nays":97},{"committee":"УИК №8200","vibid":"499400180900","voters":171,"total":159,"voted":159,"spoiled":6,"yays":89,"nays":64},{"committee":"УИК №8201","vibid":"499400180901","voters":68,"total":68,"voted":68,"spoiled":0,"yays":49,"nays":19},{"committee":"УИК №8202","vibid":"499400180902","voters":275,"total":275,"voted":275,"spoiled":1,"yays":154,"nays":120},{"committee":"УИК №8203","vibid":"499400180903","voters":110,"total":110,"voted":110,"spoiled":0,"yays":75,"nays":35},{"committee":"УИК №8204","vibid":"499400180904","voters":889,"total":889,"voted":889,"spoiled":5,"yays":820,"nays":64},{"committee":"УИК №8206","vibid":"499400180905","voters":7503,"total":7503,"voted":7503,"spoiled":35,"yays":7202,"nays":266},{"committee":"УИК №8212","vibid":"499400180906","voters":4741,"total":4741,"voted":4741,"spoiled":23,"yays":4309,"nays":409},{"committee":"УИК №8229","vibid":"499400180907","voters":882,"total":455,"voted":453,"spoiled":2,"yays":339,"nays":112},{"committee":"УИК №8230","vibid":"499400180908","voters":282,"total":166,"voted":164,"spoiled":0,"yays":124,"nays":40},{"committee":"УИК №8233","vibid":"499400180909","voters":79,"total":79,"voted":79,"spoiled":0,"yays":50,"nays":29},{"committee":"УИК №8234","vibid":"499400180910","voters":69,"total":68,"voted":68,"spoiled":0,"yays":49,"nays":19},{"committee":"УИК №8235","vibid":"499400180911","voters":73,"total":73,"voted":73,"spoiled":0,"yays":34,"nays":39},{"committee":"УИК №8237","vibid":"499400180912","voters":74,"total":74,"voted":74,"spoiled":1,"yays":47,"nays":26},{"committee":"УИК №8238","vibid":"499400180913","voters":1001,"total":1001,"voted":1001,"spoiled":4,"yays":223,"nays":774},{"committee":"УИК №8240","vibid":"499400180914","voters":148,"total":132,"voted":132,"spoiled":1,"yays":79,"nays":52},{"committee":"УИК №8241","vibid":"499400180915","voters":116,"total":116,"voted":116,"spoiled":0,"yays":55,"nays":61},{"committee":"УИК №8244","vibid":"499400180916","voters":420,"total":420,"voted":420,"spoiled":1,"yays":201,"nays":218},{"committee":"УИК №8245","vibid":"499400180917","voters":86,"total":86,"voted":86,"spoiled":0,"yays":47,"nays":39},{"committee":"УИК №8246","vibid":"499400180918","voters":128,"total":128,"voted":128,"spoiled":0,"yays":65,"nays":63},{"committee":"УИК №8247","vibid":"499400180919","voters":183,"total":183,"voted":183,"spoiled":0,"yays":106,"nays":77},{"committee":"УИК №8248","vibid":"499400180920","voters":795,"total":795,"voted":795,"spoiled":16,"yays":411,"nays":368},{"committee":"УИК №8249","vibid":"499400180921","voters":113,"total":113,"voted":113,"spoiled":0,"yays":67,"nays":46},{"committee":"УИК №8250","vibid":"499400180922","voters":138,"total":138,"voted":138,"spoiled":1,"yays":85,"nays":52},{"committee":"УИК №8251","vibid":"499400180923","voters":56,"total":56,"voted":56,"spoiled":1,"yays":39,"nays":16},{"committee":"УИК №8253","vibid":"499400180924","voters":25,"total":25,"voted":25,"spoiled":0,"yays":18,"nays":7},{"committee":"УИК №8254","vibid":"499400180925","voters":143,"total":143,"voted":143,"spoiled":0,"yays":93,"nays":50},{"committee":"УИК №8255","vibid":"499400180926","voters":511,"total":511,"voted":510,"spoiled":2,"yays":221,"nays":287},{"committee":"УИК №8256","vibid":"499400180927","voters":157,"total":157,"voted":157,"spoiled":0,"yays":33,"nays":124},{"committee":"УИК №8257","vibid":"499400180928","voters":235,"total":235,"voted":235,"spoiled":0,"yays":39,"nays":196},{"committee":"УИК №8258","vibid":"499400180929","voters":59,"total":59,"voted":59,"spoiled":1,"yays":19,"nays":39},{"committee":"УИК №8259","vibid":"499400180930","voters":414,"total":407,"voted":406,"spoiled":0,"yays":173,"nays":233},{"committee":"УИК №8260","vibid":"499400180931","voters":21,"total":21,"voted":21,"spoiled":0,"yays":15,"nays":6},{"committee":"УИК №8261","vibid":"499400180932","voters":238,"total":238,"voted":238,"spoiled":1,"yays":162,"nays":75},{"committee":"УИК №8262","vibid":"499400180933","voters":50,"total":50,"voted":50,"spoiled":0,"yays":32,"nays":18},{"committee":"УИК №8263","vibid":"499400180934","voters":83,"total":82,"voted":82,"spoiled":1,"yays":57,"nays":24},{"committee":"УИК №8265","vibid":"499400180935","voters":66,"total":66,"voted":66,"spoiled":1,"yays":26,"nays":39},{"committee":"УИК №8266","vibid":"499400180936","voters":64,"total":64,"voted":64,"spoiled":0,"yays":37,"nays":27},{"committee":"УИК №8267","vibid":"499400180937","voters":488,"total":488,"voted":488,"spoiled":1,"yays":315,"nays":172},{"committee":"УИК №8268","vibid":"499400180938","voters":394,"total":394,"voted":394,"spoiled":1,"yays":114,"nays":279},{"committee":"УИК №8269","vibid":"499400180939","voters":6424,"total":6424,"voted":6424,"spoiled":762,"yays":4881,"nays":781},{"committee":"УИК №8270","vibid":"499400180940","voters":292,"total":292,"voted":292,"spoiled":2,"yays":149,"nays":141},{"committee":"УИК №8271","vibid":"499400180941","voters":256,"total":256,"voted":256,"spoiled":0,"yays":133,"nays":123},{"committee":"УИК №8272","vibid":"499400180942","voters":99,"total":99,"voted":99,"spoiled":0,"yays":56,"nays":43},{"committee":"УИК №8274","vibid":"499400180943","voters":816,"total":816,"voted":815,"spoiled":0,"yays":310,"nays":505},{"committee":"УИК №8277","vibid":"499400190053","voters":201,"total":201,"voted":200,"spoiled":0,"yays":82,"nays":118},{"committee":"УИК №8278","vibid":"499400180945","voters":916,"total":916,"voted":916,"spoiled":5,"yays":793,"nays":118},{"committee":"УИК №8279","vibid":"499400180946","voters":2164,"total":2164,"voted":2164,"spoiled":144,"yays":2008,"nays":12},{"committee":"УИК №8280","vibid":"499400180947","voters":832,"total":795,"voted":795,"spoiled":0,"yays":781,"nays":14},{"committee":"УИК №8281","vibid":"499400180948","voters":1320,"total":1320,"voted":1320,"spoiled":29,"yays":1281,"nays":10},{"committee":"УИК №8282","vibid":"499400180949","voters":501,"total":473,"voted":473,"spoiled":4,"yays":286,"nays":183},{"committee":"УИК №8283","vibid":"499400180950","voters":559,"total":559,"voted":559,"spoiled":4,"yays":545,"nays":10},{"committee":"УИК №8284","vibid":"499400180951","voters":412,"total":412,"voted":411,"spoiled":6,"yays":164,"nays":241},{"committee":"УИК №8285","vibid":"499400180952","voters":74,"total":74,"voted":74,"spoiled":1,"yays":40,"nays":33},{"committee":"УИК №8286","vibid":"499400180953","voters":167,"total":167,"voted":167,"spoiled":0,"yays":123,"nays":44},{"committee":"УИК №8287","vibid":"499400180954","voters":839,"total":839,"voted":837,"spoiled":14,"yays":759,"nays":64},{"committee":"УИК №8288","vibid":"499400180955","voters":127,"total":127,"voted":127,"spoiled":1,"yays":122,"nays":4},{"committee":"УИК №8292","vibid":"499400180956","voters":1796,"total":1796,"voted":1796,"spoiled":17,"yays":903,"nays":876},{"committee":"УИК №8293","vibid":"499400180957","voters":31,"total":31,"voted":31,"spoiled":0,"yays":20,"nays":11},{"committee":"УИК №8294","vibid":"499400180958","voters":569,"total":569,"voted":569,"spoiled":6,"yays":312,"nays":251},{"committee":"УИК №8295","vibid":"499400180959","voters":524,"total":524,"voted":524,"spoiled":2,"yays":237,"nays":285},{"committee":"УИК №8296","vibid":"499400180960","voters":70,"total":70,"voted":70,"spoiled":0,"yays":49,"nays":21},{"committee":"УИК №8297","vibid":"499400180961","voters":1272,"total":1272,"voted":1272,"spoiled":6,"yays":1054,"nays":212},{"committee":"УИК №8298","vibid":"499400180962","voters":188,"total":188,"voted":188,"spoiled":2,"yays":126,"nays":60},{"committee":"УИК №8299","vibid":"499400180963","voters":31,"total":31,"voted":31,"spoiled":0,"yays":24,"nays":7},{"committee":"УИК №8300","vibid":"499400180964","voters":105,"total":105,"voted":105,"spoiled":1,"yays":80,"nays":24},{"committee":"УИК №8301","vibid":"499400180965","voters":121,"total":121,"voted":121,"spoiled":0,"yays":98,"nays":23},{"committee":"УИК №8302","vibid":"499400180966","voters":125,"total":75,"voted":75,"spoiled":1,"yays":47,"nays":27},{"committee":"УИК №8303","vibid":"499400180967","voters":85,"total":84,"voted":84,"spoiled":0,"yays":48,"nays":36},{"committee":"УИК №8304","vibid":"499400180968","voters":1752,"total":1733,"voted":1733,"spoiled":4,"yays":619,"nays":1110},{"committee":"УИК №8305","vibid":"499400180969","voters":247,"total":247,"voted":247,"spoiled":0,"yays":136,"nays":111},{"committee":"УИК №8306","vibid":"499400180970","voters":22,"total":22,"voted":22,"spoiled":0,"yays":12,"nays":10},{"committee":"УИК №8307","vibid":"499400180971","voters":271,"total":271,"voted":271,"spoiled":0,"yays":153,"nays":118},{"committee":"УИК №8308","vibid":"499400180972","voters":1873,"total":1873,"voted":1872,"spoiled":3,"yays":625,"nays":1244},{"committee":"УИК №8313","vibid":"499400180973","voters":180,"total":180,"voted":180,"spoiled":1,"yays":83,"nays":96},{"committee":"УИК №8314","vibid":"499400180974","voters":278,"total":278,"voted":278,"spoiled":0,"yays":111,"nays":167},{"committee":"УИК №8315","vibid":"499400180975","voters":2652,"total":2611,"voted":2611,"spoiled":7,"yays":839,"nays":1765},{"committee":"УИК №8317","vibid":"499400180976","voters":507,"total":507,"voted":507,"spoiled":0,"yays":255,"nays":252},{"committee":"УИК №8318","vibid":"499400180977","voters":881,"total":881,"voted":881,"spoiled":1,"yays":469,"nays":411},{"committee":"УИК №8320","vibid":"499400180978","voters":1454,"total":1454,"voted":1454,"spoiled":10,"yays":541,"nays":903},{"committee":"УИК №8322","vibid":"499400180979","voters":1030,"total":1030,"voted":1029,"spoiled":4,"yays":607,"nays":418},{"committee":"УИК №8324","vibid":"499400180980","voters":1041,"total":1041,"voted":1041,"spoiled":0,"yays":490,"nays":551},{"committee":"УИК №8326","vibid":"499400180981","voters":98,"total":98,"voted":98,"spoiled":1,"yays":68,"nays":29},{"committee":"УИК №8327","vibid":"499400180982","voters":67,"total":60,"voted":60,"spoiled":0,"yays":46,"nays":14},{"committee":"УИК №8328","vibid":"499400180983","voters":22,"total":22,"voted":22,"spoiled":0,"yays":21,"nays":1},{"committee":"УИК №8329","vibid":"499400180984","voters":258,"total":258,"voted":257,"spoiled":1,"yays":127,"nays":129},{"committee":"УИК №8330","vibid":"499400180985","voters":2835,"total":2835,"voted":2834,"spoiled":4,"yays":505,"nays":2325},{"committee":"УИК №8331","vibid":"499400180986","voters":356,"total":356,"voted":356,"spoiled":3,"yays":56,"nays":297},{"committee":"УИК №8332","vibid":"499400180987","voters":167,"total":167,"voted":167,"spoiled":0,"yays":114,"nays":53},{"committee":"УИК №8333","vibid":"499400180988","voters":78,"total":78,"voted":78,"spoiled":0,"yays":53,"nays":25},{"committee":"УИК №8334","vibid":"499400180989","voters":464,"total":464,"voted":464,"spoiled":6,"yays":198,"nays":260},{"committee":"УИК №8335","vibid":"499400180990","voters":830,"total":830,"voted":830,"spoiled":5,"yays":420,"nays":405},{"committee":"УИК №8336","vibid":"499400180991","voters":588,"total":588,"voted":588,"spoiled":1,"yays":232,"nays":355},{"committee":"УИК №8337","vibid":"499400180992","voters":230,"total":230,"voted":230,"spoiled":0,"yays":93,"nays":137},{"committee":"УИК №8338","vibid":"499400180993","voters":61,"total":61,"voted":61,"spoiled":0,"yays":39,"nays":22},{"committee":"УИК №8339","vibid":"499400180994","voters":40,"total":40,"voted":40,"spoiled":0,"yays":25,"nays":15},{"committee":"УИК №8341","vibid":"499400180995","voters":12,"total":12,"voted":12,"spoiled":0,"yays":10,"nays":2},{"committee":"УИК №8342","vibid":"499400180996","voters":4245,"total":4245,"voted":4245,"spoiled":25,"yays":3650,"nays":570},{"committee":"УИК №8347","vibid":"499400180997","voters":3281,"total":3281,"voted":3281,"spoiled":21,"yays":3097,"nays":163},{"committee":"УИК №8351","vibid":"499400180998","voters":231,"total":147,"voted":147,"spoiled":1,"yays":101,"nays":45},{"committee":"УИК №8352","vibid":"499400180999","voters":203,"total":203,"voted":203,"spoiled":0,"yays":162,"nays":41},{"committee":"УИК №8353","vibid":"499400181000","voters":91,"total":91,"voted":91,"spoiled":0,"yays":44,"nays":47},{"committee":"УИК №8354","vibid":"499400181001","voters":6380,"total":6380,"voted":6380,"spoiled":95,"yays":5268,"nays":1017},{"committee":"УИК №8358","vibid":"499400181002","voters":1027,"total":1027,"voted":1027,"spoiled":41,"yays":968,"nays":18},{"committee":"УИК №8359","vibid":"499400181003","voters":1736,"total":1736,"voted":1736,"spoiled":18,"yays":1689,"nays":29},{"committee":"УИК №8366","vibid":"499400181004","voters":33,"total":33,"voted":33,"spoiled":0,"yays":20,"nays":13},{"committee":"УИК №8367","vibid":"499400181005","voters":592,"total":556,"voted":556,"spoiled":0,"yays":219,"nays":337},{"committee":"УИК №8368","vibid":"499400181006","voters":138,"total":138,"voted":138,"spoiled":2,"yays":58,"nays":78},{"committee":"УИК №8369","vibid":"499400181007","voters":90,"total":90,"voted":90,"spoiled":0,"yays":33,"nays":57},{"committee":"УИК №8370","vibid":"499400181008","voters":66,"total":66,"voted":66,"spoiled":0,"yays":36,"nays":30},{"committee":"УИК №8373","vibid":"499400181009","voters":205,"total":205,"voted":205,"spoiled":1,"yays":87,"nays":117},{"committee":"УИК №8377","vibid":"499400190054","voters":2868,"total":2658,"voted":2656,"spoiled":57,"yays":1141,"nays":1458},{"committee":"УИК №8380","vibid":"499400181010","voters":371,"total":371,"voted":370,"spoiled":0,"yays":87,"nays":283},{"committee":"УИК №8383","vibid":"499400181011","voters":45,"total":45,"voted":45,"spoiled":0,"yays":37,"nays":8},{"committee":"УИК №8388","vibid":"499400181012","voters":675,"total":675,"voted":675,"spoiled":5,"yays":395,"nays":275},{"committee":"УИК №8407","vibid":"499400181013","voters":79,"total":79,"voted":79,"spoiled":0,"yays":46,"nays":33}]