[{"committee":"УИК №688","vibid":"4054049199259","voters":975,"total":899,"voted":899,"spoiled":2,"yays":809,"nays":88},{"committee":"УИК №689","vibid":"4054049199260","voters":1238,"total":1052,"voted":1052,"spoiled":3,"yays":894,"nays":155},{"committee":"УИК №690","vibid":"4054049199261","voters":1031,"total":1001,"voted":1001,"spoiled":1,"yays":970,"nays":30},{"committee":"УИК №691","vibid":"4054049199262","voters":888,"total":861,"voted":861,"spoiled":1,"yays":818,"nays":42},{"committee":"УИК №692","vibid":"4054049199263","voters":1638,"total":1392,"voted":1392,"spoiled":0,"yays":1155,"nays":237},{"committee":"УИК №693","vibid":"4054049199264","voters":761,"total":738,"voted":738,"spoiled":0,"yays":708,"nays":30},{"committee":"УИК №694","vibid":"4054049199265","voters":295,"total":280,"voted":280,"spoiled":0,"yays":261,"nays":19},{"committee":"УИК №695","vibid":"4054049199266","voters":850,"total":756,"voted":756,"spoiled":3,"yays":688,"nays":65},{"committee":"УИК №696","vibid":"4054049199267","voters":1148,"total":952,"voted":952,"spoiled":1,"yays":761,"nays":190},{"committee":"УИК №697","vibid":"4054049199268","voters":609,"total":578,"voted":578,"spoiled":0,"yays":537,"nays":41},{"committee":"УИК №698","vibid":"4054049199269","voters":1767,"total":1413,"voted":1413,"spoiled":3,"yays":1144,"nays":266},{"committee":"УИК №699","vibid":"4054049199270","voters":1897,"total":1631,"voted":1631,"spoiled":0,"yays":1451,"nays":180},{"committee":"УИК №700","vibid":"4054049199271","voters":1585,"total":1521,"voted":1521,"spoiled":0,"yays":1460,"nays":61},{"committee":"УИК №701","vibid":"4054049199272","voters":1135,"total":1112,"voted":1112,"spoiled":0,"yays":1067,"nays":45},{"committee":"УИК №702","vibid":"4054049199273","voters":835,"total":826,"voted":826,"spoiled":2,"yays":801,"nays":23},{"committee":"УИК №703","vibid":"4054049199274","voters":1451,"total":1451,"voted":1451,"spoiled":0,"yays":1175,"nays":276},{"committee":"УИК №704","vibid":"4054049199275","voters":1284,"total":1220,"voted":1220,"spoiled":1,"yays":1172,"nays":47},{"committee":"УИК №705","vibid":"4054049199276","voters":942,"total":904,"voted":904,"spoiled":0,"yays":895,"nays":9},{"committee":"УИК №706","vibid":"4054049199277","voters":1705,"total":1671,"voted":1671,"spoiled":3,"yays":1494,"nays":174},{"committee":"УИК №707","vibid":"4054049199278","voters":349,"total":331,"voted":331,"spoiled":0,"yays":311,"nays":20},{"committee":"УИК №708","vibid":"4054049199279","voters":1082,"total":1028,"voted":1028,"spoiled":2,"yays":950,"nays":76},{"committee":"УИК №709","vibid":"4054049199280","voters":1672,"total":1404,"voted":1404,"spoiled":0,"yays":1139,"nays":265},{"committee":"УИК №710","vibid":"4054049199281","voters":1197,"total":1101,"voted":1101,"spoiled":0,"yays":1046,"nays":55},{"committee":"УИК №711","vibid":"4054049199282","voters":1587,"total":1348,"voted":1348,"spoiled":0,"yays":1064,"nays":284},{"committee":"УИК №712","vibid":"4054049199283","voters":1271,"total":1245,"voted":1245,"spoiled":0,"yays":1006,"nays":239},{"committee":"УИК №713","vibid":"4054049199284","voters":1216,"total":1122,"voted":1122,"spoiled":0,"yays":1027,"nays":95},{"committee":"УИК №714","vibid":"4054049199285","voters":985,"total":896,"voted":896,"spoiled":0,"yays":806,"nays":90},{"committee":"УИК №715","vibid":"4054049199286","voters":983,"total":875,"voted":875,"spoiled":0,"yays":840,"nays":35},{"committee":"УИК №716","vibid":"4054049199287","voters":1138,"total":1081,"voted":1081,"spoiled":0,"yays":1049,"nays":32},{"committee":"УИК №717","vibid":"4054049199288","voters":1520,"total":1277,"voted":1277,"spoiled":0,"yays":1021,"nays":256},{"committee":"УИК №718","vibid":"4054049199289","voters":1680,"total":1603,"voted":1603,"spoiled":1,"yays":1314,"nays":288},{"committee":"УИК №719","vibid":"4054049199290","voters":1317,"total":1264,"voted":1264,"spoiled":0,"yays":1163,"nays":101},{"committee":"УИК №720","vibid":"4054049199291","voters":1433,"total":1361,"voted":1361,"spoiled":0,"yays":1088,"nays":273},{"committee":"УИК №721","vibid":"4054049199292","voters":1428,"total":1342,"voted":1342,"spoiled":1,"yays":1244,"nays":97},{"committee":"УИК №722","vibid":"4054049199293","voters":1484,"total":1424,"voted":1424,"spoiled":0,"yays":1381,"nays":43},{"committee":"УИК №723","vibid":"4054049199294","voters":1593,"total":1545,"voted":1545,"spoiled":0,"yays":1421,"nays":124}]