[{"committee":"УИК №465","vibid":"4034014247060","voters":309,"total":203,"voted":203,"spoiled":6,"yays":139,"nays":58},{"committee":"УИК №466","vibid":"4034014247061","voters":272,"total":206,"voted":206,"spoiled":1,"yays":153,"nays":52},{"committee":"УИК №467","vibid":"4034014247062","voters":285,"total":192,"voted":192,"spoiled":1,"yays":164,"nays":27},{"committee":"УИК №468","vibid":"4034014247063","voters":340,"total":207,"voted":207,"spoiled":0,"yays":109,"nays":98},{"committee":"УИК №469","vibid":"4034014247064","voters":617,"total":385,"voted":385,"spoiled":0,"yays":235,"nays":150},{"committee":"УИК №470","vibid":"4034014247065","voters":102,"total":56,"voted":56,"spoiled":0,"yays":33,"nays":23},{"committee":"УИК №471","vibid":"4034014247066","voters":1471,"total":887,"voted":887,"spoiled":12,"yays":608,"nays":267},{"committee":"УИК №472","vibid":"4034014247067","voters":1389,"total":724,"voted":724,"spoiled":9,"yays":480,"nays":235},{"committee":"УИК №473","vibid":"4034014247068","voters":1251,"total":649,"voted":649,"spoiled":9,"yays":418,"nays":222},{"committee":"УИК №474","vibid":"4034014247069","voters":52,"total":40,"voted":40,"spoiled":1,"yays":36,"nays":3},{"committee":"УИК №475","vibid":"4034014247070","voters":247,"total":160,"voted":160,"spoiled":1,"yays":116,"nays":43},{"committee":"УИК №476","vibid":"4034014247071","voters":1008,"total":755,"voted":755,"spoiled":7,"yays":543,"nays":205},{"committee":"УИК №477","vibid":"4034014247072","voters":672,"total":443,"voted":443,"spoiled":1,"yays":325,"nays":117},{"committee":"УИК №478","vibid":"4034014247073","voters":789,"total":458,"voted":458,"spoiled":4,"yays":293,"nays":161},{"committee":"УИК №479","vibid":"4034014247074","voters":643,"total":473,"voted":473,"spoiled":3,"yays":359,"nays":111},{"committee":"УИК №480","vibid":"4034014247075","voters":144,"total":109,"voted":109,"spoiled":2,"yays":70,"nays":37},{"committee":"УИК №481","vibid":"4034014247076","voters":1512,"total":779,"voted":779,"spoiled":6,"yays":435,"nays":338},{"committee":"УИК №482","vibid":"4034014247077","voters":1518,"total":805,"voted":805,"spoiled":5,"yays":404,"nays":396},{"committee":"УИК №483","vibid":"4034014247078","voters":80,"total":55,"voted":55,"spoiled":0,"yays":52,"nays":3},{"committee":"УИК №484","vibid":"4034014247079","voters":638,"total":422,"voted":422,"spoiled":2,"yays":326,"nays":94},{"committee":"УИК №485","vibid":"4034014247080","voters":697,"total":492,"voted":492,"spoiled":6,"yays":331,"nays":155},{"committee":"УИК №486","vibid":"4034014247081","voters":1089,"total":708,"voted":708,"spoiled":5,"yays":581,"nays":122},{"committee":"УИК №487","vibid":"4034014247082","voters":323,"total":246,"voted":246,"spoiled":0,"yays":179,"nays":67},{"committee":"УИК №488","vibid":"4034014247083","voters":91,"total":78,"voted":78,"spoiled":1,"yays":48,"nays":29},{"committee":"УИК №489","vibid":"4034014247084","voters":491,"total":345,"voted":345,"spoiled":1,"yays":254,"nays":90},{"committee":"УИК №490","vibid":"4034014247085","voters":384,"total":290,"voted":290,"spoiled":0,"yays":267,"nays":23},{"committee":"УИК №491","vibid":"4034014247086","voters":233,"total":192,"voted":192,"spoiled":1,"yays":142,"nays":49},{"committee":"УИК №492","vibid":"4034014247087","voters":55,"total":45,"voted":45,"spoiled":0,"yays":43,"nays":2},{"committee":"УИК №493","vibid":"4034014247088","voters":985,"total":616,"voted":616,"spoiled":1,"yays":455,"nays":160},{"committee":"УИК №494","vibid":"4034014247089","voters":242,"total":189,"voted":189,"spoiled":1,"yays":158,"nays":30}]