[{"committee":"УИК №1181","vibid":"4054031185685","voters":189,"total":168,"voted":168,"spoiled":3,"yays":135,"nays":30},{"committee":"УИК №1182","vibid":"4054031185686","voters":628,"total":592,"voted":592,"spoiled":3,"yays":469,"nays":120},{"committee":"УИК №1183","vibid":"4054031185687","voters":1095,"total":1080,"voted":1080,"spoiled":0,"yays":1018,"nays":62},{"committee":"УИК №1184","vibid":"4054031185688","voters":343,"total":253,"voted":253,"spoiled":0,"yays":243,"nays":10},{"committee":"УИК №1185","vibid":"4054031185689","voters":1125,"total":1106,"voted":1106,"spoiled":0,"yays":1090,"nays":16},{"committee":"УИК №1186","vibid":"4054031185690","voters":1084,"total":1075,"voted":1075,"spoiled":0,"yays":939,"nays":136},{"committee":"УИК №1187","vibid":"4054031185691","voters":95,"total":84,"voted":84,"spoiled":0,"yays":76,"nays":8},{"committee":"УИК №1188","vibid":"4054031185692","voters":80,"total":77,"voted":77,"spoiled":0,"yays":51,"nays":26},{"committee":"УИК №1189","vibid":"4054031185693","voters":92,"total":88,"voted":88,"spoiled":0,"yays":83,"nays":5},{"committee":"УИК №1190","vibid":"4054031185694","voters":1145,"total":513,"voted":513,"spoiled":17,"yays":331,"nays":165},{"committee":"УИК №1191","vibid":"4054031185695","voters":359,"total":333,"voted":333,"spoiled":7,"yays":142,"nays":184},{"committee":"УИК №1192","vibid":"4054031185696","voters":547,"total":521,"voted":521,"spoiled":0,"yays":514,"nays":7},{"committee":"УИК №1193","vibid":"4054031185697","voters":491,"total":465,"voted":465,"spoiled":7,"yays":435,"nays":23},{"committee":"УИК №1194","vibid":"4054031185698","voters":457,"total":307,"voted":307,"spoiled":1,"yays":191,"nays":115},{"committee":"УИК №1195","vibid":"4054031185699","voters":24,"total":23,"voted":23,"spoiled":0,"yays":22,"nays":1},{"committee":"УИК №1196","vibid":"4054031185700","voters":285,"total":223,"voted":223,"spoiled":9,"yays":183,"nays":31},{"committee":"УИК №1197","vibid":"4054031185701","voters":328,"total":320,"voted":320,"spoiled":0,"yays":305,"nays":15},{"committee":"УИК №1198","vibid":"4054031185702","voters":312,"total":292,"voted":292,"spoiled":0,"yays":261,"nays":31},{"committee":"УИК №1199","vibid":"4054031185703","voters":1747,"total":1585,"voted":1585,"spoiled":144,"yays":1366,"nays":75},{"committee":"УИК №1200","vibid":"4054031185704","voters":1576,"total":1550,"voted":1550,"spoiled":0,"yays":1215,"nays":335},{"committee":"УИК №1201","vibid":"4054031185705","voters":1798,"total":1780,"voted":1780,"spoiled":33,"yays":1591,"nays":156}]