[{"committee":"УИК №2450","vibid":"4024037311828","voters":810,"total":786,"voted":786,"spoiled":1,"yays":785,"nays":0},{"committee":"УИК №2451","vibid":"4024037311829","voters":1330,"total":1267,"voted":1267,"spoiled":0,"yays":1213,"nays":54},{"committee":"УИК №2452","vibid":"4024037311830","voters":1069,"total":1008,"voted":1008,"spoiled":7,"yays":933,"nays":68},{"committee":"УИК №2453","vibid":"4024037311831","voters":1042,"total":990,"voted":990,"spoiled":10,"yays":920,"nays":60},{"committee":"УИК №2454","vibid":"4024037311832","voters":890,"total":846,"voted":846,"spoiled":5,"yays":804,"nays":37},{"committee":"УИК №2455","vibid":"4024037311833","voters":1287,"total":1227,"voted":1227,"spoiled":0,"yays":1177,"nays":50},{"committee":"УИК №2456","vibid":"4024037311834","voters":1611,"total":1538,"voted":1538,"spoiled":20,"yays":1421,"nays":97},{"committee":"УИК №2457","vibid":"4024037311835","voters":1523,"total":1447,"voted":1447,"spoiled":11,"yays":1302,"nays":134},{"committee":"УИК №2458","vibid":"4024037311836","voters":661,"total":628,"voted":628,"spoiled":0,"yays":546,"nays":82},{"committee":"УИК №2459","vibid":"4024037311837","voters":180,"total":171,"voted":171,"spoiled":1,"yays":157,"nays":13},{"committee":"УИК №2460","vibid":"4024037311838","voters":180,"total":153,"voted":153,"spoiled":1,"yays":135,"nays":17},{"committee":"УИК №2461","vibid":"4024037311839","voters":235,"total":231,"voted":231,"spoiled":1,"yays":210,"nays":20},{"committee":"УИК №2462","vibid":"4024037311840","voters":86,"total":82,"voted":82,"spoiled":0,"yays":78,"nays":4},{"committee":"УИК №2463","vibid":"4024037311841","voters":423,"total":405,"voted":405,"spoiled":1,"yays":402,"nays":2},{"committee":"УИК №2464","vibid":"4024037311842","voters":308,"total":293,"voted":293,"spoiled":1,"yays":278,"nays":14},{"committee":"УИК №2465","vibid":"4024037311843","voters":452,"total":433,"voted":433,"spoiled":2,"yays":420,"nays":11},{"committee":"УИК №2466","vibid":"4024037311844","voters":184,"total":174,"voted":174,"spoiled":0,"yays":167,"nays":7},{"committee":"УИК №2467","vibid":"4024037311845","voters":274,"total":267,"voted":267,"spoiled":0,"yays":255,"nays":12},{"committee":"УИК №2468","vibid":"4024037311846","voters":530,"total":507,"voted":507,"spoiled":0,"yays":487,"nays":20},{"committee":"УИК №2469","vibid":"4024037311847","voters":285,"total":271,"voted":271,"spoiled":0,"yays":256,"nays":15},{"committee":"УИК №2470","vibid":"4024037311848","voters":342,"total":325,"voted":325,"spoiled":0,"yays":306,"nays":19},{"committee":"УИК №2471","vibid":"4024037311849","voters":334,"total":328,"voted":328,"spoiled":0,"yays":315,"nays":13},{"committee":"УИК №2472","vibid":"4024037311850","voters":354,"total":344,"voted":344,"spoiled":0,"yays":333,"nays":11},{"committee":"УИК №2473","vibid":"4024037311851","voters":104,"total":91,"voted":91,"spoiled":0,"yays":78,"nays":13},{"committee":"УИК №2474","vibid":"4024037311852","voters":363,"total":335,"voted":335,"spoiled":9,"yays":294,"nays":32},{"committee":"УИК №2475","vibid":"4024037311853","voters":374,"total":349,"voted":349,"spoiled":0,"yays":339,"nays":10},{"committee":"УИК №2476","vibid":"4024037311854","voters":484,"total":468,"voted":468,"spoiled":1,"yays":430,"nays":37},{"committee":"УИК №2477","vibid":"4024037311855","voters":102,"total":97,"voted":97,"spoiled":0,"yays":93,"nays":4},{"committee":"УИК №2478","vibid":"4024037311856","voters":367,"total":360,"voted":360,"spoiled":3,"yays":349,"nays":8},{"committee":"УИК №2479","vibid":"4024037311857","voters":473,"total":457,"voted":457,"spoiled":2,"yays":450,"nays":5},{"committee":"УИК №2480","vibid":"4024037311858","voters":678,"total":658,"voted":658,"spoiled":6,"yays":621,"nays":31},{"committee":"УИК №2481","vibid":"4024037311859","voters":322,"total":308,"voted":308,"spoiled":3,"yays":292,"nays":13},{"committee":"УИК №2482","vibid":"4024037311860","voters":623,"total":589,"voted":589,"spoiled":4,"yays":560,"nays":25},{"committee":"УИК №2483","vibid":"4024037311861","voters":53,"total":51,"voted":51,"spoiled":0,"yays":50,"nays":1},{"committee":"УИК №2484","vibid":"4024037311862","voters":264,"total":247,"voted":247,"spoiled":0,"yays":230,"nays":17},{"committee":"УИК №2485","vibid":"4024037311863","voters":106,"total":101,"voted":101,"spoiled":0,"yays":96,"nays":5},{"committee":"УИК №2486","vibid":"4024037311864","voters":133,"total":128,"voted":128,"spoiled":0,"yays":121,"nays":7},{"committee":"УИК №2487","vibid":"4024037311865","voters":537,"total":524,"voted":524,"spoiled":3,"yays":484,"nays":37},{"committee":"УИК №2488","vibid":"4024037311866","voters":288,"total":278,"voted":278,"spoiled":0,"yays":274,"nays":4},{"committee":"УИК №2489","vibid":"4024037311867","voters":155,"total":146,"voted":146,"spoiled":0,"yays":132,"nays":14},{"committee":"УИК №2490","vibid":"4024037311868","voters":425,"total":411,"voted":411,"spoiled":20,"yays":372,"nays":19},{"committee":"УИК №2491","vibid":"4024037311869","voters":250,"total":240,"voted":240,"spoiled":0,"yays":237,"nays":3},{"committee":"УИК №2492","vibid":"4024037311870","voters":1062,"total":1008,"voted":1008,"spoiled":0,"yays":980,"nays":28},{"committee":"УИК №2493","vibid":"4024037311871","voters":386,"total":369,"voted":369,"spoiled":0,"yays":342,"nays":27},{"committee":"УИК №2494","vibid":"4024037311872","voters":550,"total":533,"voted":533,"spoiled":0,"yays":480,"nays":53},{"committee":"УИК №2495","vibid":"4024037311873","voters":126,"total":120,"voted":120,"spoiled":0,"yays":116,"nays":4}]