[{"committee":"УИК №1477","vibid":"4054038152530","voters":486,"total":440,"voted":440,"spoiled":0,"yays":435,"nays":5},{"committee":"УИК №1478","vibid":"4054038152531","voters":664,"total":602,"voted":602,"spoiled":2,"yays":524,"nays":76},{"committee":"УИК №1479","vibid":"4054038152532","voters":730,"total":646,"voted":646,"spoiled":2,"yays":591,"nays":53},{"committee":"УИК №1480","vibid":"4054038152533","voters":950,"total":829,"voted":829,"spoiled":17,"yays":729,"nays":83},{"committee":"УИК №1481","vibid":"4054038152534","voters":1267,"total":1181,"voted":1181,"spoiled":2,"yays":1122,"nays":57},{"committee":"УИК №1482","vibid":"4054038152535","voters":1286,"total":1141,"voted":1141,"spoiled":0,"yays":1121,"nays":20},{"committee":"УИК №1483","vibid":"4054038152536","voters":36,"total":33,"voted":33,"spoiled":0,"yays":26,"nays":7},{"committee":"УИК №1484","vibid":"4054038152537","voters":295,"total":211,"voted":211,"spoiled":4,"yays":200,"nays":7},{"committee":"УИК №1485","vibid":"4054038152538","voters":88,"total":78,"voted":78,"spoiled":1,"yays":74,"nays":3},{"committee":"УИК №1486","vibid":"4054038152539","voters":1111,"total":1010,"voted":1010,"spoiled":0,"yays":798,"nays":212},{"committee":"УИК №1487","vibid":"4054038152540","voters":38,"total":38,"voted":38,"spoiled":4,"yays":32,"nays":2},{"committee":"УИК №1488","vibid":"4054038152541","voters":1488,"total":1371,"voted":1371,"spoiled":79,"yays":1193,"nays":99},{"committee":"УИК №1489","vibid":"4054038152542","voters":1053,"total":959,"voted":959,"spoiled":0,"yays":948,"nays":11},{"committee":"УИК №1490","vibid":"4054038152543","voters":41,"total":38,"voted":38,"spoiled":0,"yays":36,"nays":2},{"committee":"УИК №1491","vibid":"4054038152544","voters":27,"total":23,"voted":23,"spoiled":2,"yays":19,"nays":2},{"committee":"УИК №1492","vibid":"4054038152545","voters":990,"total":931,"voted":931,"spoiled":0,"yays":884,"nays":47},{"committee":"УИК №1493","vibid":"4054038152546","voters":448,"total":422,"voted":422,"spoiled":0,"yays":402,"nays":20},{"committee":"УИК №1494","vibid":"4054038152547","voters":1300,"total":1152,"voted":1152,"spoiled":2,"yays":1138,"nays":12},{"committee":"УИК №1495","vibid":"4054038152548","voters":973,"total":923,"voted":923,"spoiled":58,"yays":803,"nays":62},{"committee":"УИК №1496","vibid":"4054038152549","voters":186,"total":167,"voted":167,"spoiled":0,"yays":160,"nays":7},{"committee":"УИК №1497","vibid":"4054038152550","voters":949,"total":777,"voted":777,"spoiled":3,"yays":686,"nays":88},{"committee":"УИК №1498","vibid":"4054038152551","voters":537,"total":508,"voted":508,"spoiled":0,"yays":473,"nays":35},{"committee":"УИК №1499","vibid":"4054038152552","voters":13,"total":8,"voted":8,"spoiled":0,"yays":8,"nays":0},{"committee":"УИК №1500","vibid":"4054038152553","voters":101,"total":93,"voted":93,"spoiled":0,"yays":87,"nays":6},{"committee":"УИК №1501","vibid":"4054038152554","voters":77,"total":70,"voted":70,"spoiled":0,"yays":65,"nays":5},{"committee":"УИК №1502","vibid":"4054038152555","voters":63,"total":58,"voted":58,"spoiled":0,"yays":51,"nays":7},{"committee":"УИК №1503","vibid":"4054038152556","voters":17,"total":14,"voted":14,"spoiled":0,"yays":11,"nays":3},{"committee":"УИК №1504","vibid":"4054038152557","voters":21,"total":19,"voted":19,"spoiled":0,"yays":17,"nays":2},{"committee":"УИК №1505","vibid":"4054038152558","voters":319,"total":240,"voted":240,"spoiled":1,"yays":225,"nays":14},{"committee":"УИК №1506","vibid":"4054038152559","voters":106,"total":89,"voted":89,"spoiled":0,"yays":84,"nays":5}]