[{"committee":"УИК №201","vibid":"4064005112802","voters":991,"total":844,"voted":844,"spoiled":32,"yays":565,"nays":247},{"committee":"УИК №202","vibid":"4064005112803","voters":1571,"total":1255,"voted":1255,"spoiled":8,"yays":1170,"nays":77},{"committee":"УИК №203","vibid":"4064005112804","voters":1289,"total":1007,"voted":1007,"spoiled":8,"yays":942,"nays":57},{"committee":"УИК №204","vibid":"4064005112805","voters":2432,"total":1749,"voted":1749,"spoiled":11,"yays":1736,"nays":2},{"committee":"УИК №205","vibid":"4064005112806","voters":2949,"total":1816,"voted":1816,"spoiled":14,"yays":1685,"nays":117},{"committee":"УИК №206","vibid":"4064005112807","voters":2511,"total":1799,"voted":1799,"spoiled":17,"yays":1778,"nays":4},{"committee":"УИК №207","vibid":"4064005112808","voters":1552,"total":1336,"voted":1336,"spoiled":5,"yays":918,"nays":413},{"committee":"УИК №208","vibid":"4064005112809","voters":2819,"total":1909,"voted":1909,"spoiled":13,"yays":1890,"nays":6}]