[{"committee":"УИК №511","vibid":"4034016229313","voters":85,"total":44,"voted":44,"spoiled":1,"yays":22,"nays":21},{"committee":"УИК №512","vibid":"4034016229314","voters":147,"total":113,"voted":113,"spoiled":1,"yays":82,"nays":30},{"committee":"УИК №513","vibid":"4034016229315","voters":786,"total":625,"voted":625,"spoiled":4,"yays":465,"nays":156},{"committee":"УИК №514","vibid":"4034016229316","voters":1109,"total":683,"voted":683,"spoiled":3,"yays":489,"nays":191},{"committee":"УИК №515","vibid":"4034016229317","voters":119,"total":92,"voted":92,"spoiled":0,"yays":76,"nays":16},{"committee":"УИК №516","vibid":"4034016229318","voters":75,"total":66,"voted":66,"spoiled":0,"yays":54,"nays":12},{"committee":"УИК №517","vibid":"4034016229319","voters":633,"total":477,"voted":477,"spoiled":5,"yays":322,"nays":150},{"committee":"УИК №518","vibid":"4034016229320","voters":181,"total":138,"voted":138,"spoiled":1,"yays":103,"nays":34},{"committee":"УИК №519","vibid":"4034016229321","voters":365,"total":263,"voted":263,"spoiled":2,"yays":181,"nays":80},{"committee":"УИК №520","vibid":"4034016229322","voters":155,"total":117,"voted":117,"spoiled":1,"yays":82,"nays":34},{"committee":"УИК №521","vibid":"4034016229323","voters":472,"total":327,"voted":327,"spoiled":3,"yays":217,"nays":107},{"committee":"УИК №522","vibid":"4034016229324","voters":139,"total":106,"voted":106,"spoiled":1,"yays":83,"nays":22},{"committee":"УИК №523","vibid":"4034016229325","voters":458,"total":332,"voted":332,"spoiled":5,"yays":243,"nays":84},{"committee":"УИК №524","vibid":"4034016229326","voters":160,"total":128,"voted":128,"spoiled":1,"yays":110,"nays":17},{"committee":"УИК №525","vibid":"4034016229327","voters":104,"total":72,"voted":72,"spoiled":0,"yays":43,"nays":29},{"committee":"УИК №526","vibid":"4034016229328","voters":842,"total":540,"voted":540,"spoiled":1,"yays":377,"nays":162},{"committee":"УИК №527","vibid":"4034016229329","voters":115,"total":82,"voted":82,"spoiled":0,"yays":63,"nays":19},{"committee":"УИК №528","vibid":"4034016229330","voters":1396,"total":923,"voted":923,"spoiled":8,"yays":640,"nays":275},{"committee":"УИК №529","vibid":"4034016229331","voters":1416,"total":981,"voted":981,"spoiled":10,"yays":658,"nays":313},{"committee":"УИК №530","vibid":"4034016229332","voters":1273,"total":1015,"voted":1015,"spoiled":4,"yays":695,"nays":316},{"committee":"УИК №531","vibid":"4034016229333","voters":622,"total":382,"voted":382,"spoiled":3,"yays":266,"nays":113},{"committee":"УИК №532","vibid":"4034016229334","voters":800,"total":572,"voted":572,"spoiled":8,"yays":352,"nays":212},{"committee":"УИК №533","vibid":"4034016229335","voters":127,"total":89,"voted":89,"spoiled":0,"yays":70,"nays":19},{"committee":"УИК №534","vibid":"4034016229336","voters":178,"total":116,"voted":116,"spoiled":0,"yays":87,"nays":29},{"committee":"УИК №535","vibid":"4034016229337","voters":487,"total":371,"voted":371,"spoiled":3,"yays":297,"nays":71},{"committee":"УИК №536","vibid":"4034016229338","voters":711,"total":378,"voted":378,"spoiled":4,"yays":283,"nays":91},{"committee":"УИК №537","vibid":"4034016229339","voters":225,"total":153,"voted":153,"spoiled":0,"yays":116,"nays":37},{"committee":"УИК №538","vibid":"4034016229340","voters":1022,"total":657,"voted":657,"spoiled":5,"yays":480,"nays":172},{"committee":"УИК №539","vibid":"4034016229341","voters":813,"total":613,"voted":613,"spoiled":4,"yays":436,"nays":173},{"committee":"УИК №540","vibid":"4034016229342","voters":1076,"total":690,"voted":690,"spoiled":14,"yays":470,"nays":206},{"committee":"УИК №541","vibid":"4034016229343","voters":951,"total":635,"voted":635,"spoiled":2,"yays":415,"nays":218},{"committee":"УИК №542","vibid":"4034016229344","voters":502,"total":326,"voted":326,"spoiled":3,"yays":198,"nays":125},{"committee":"УИК №543","vibid":"4034016229345","voters":355,"total":253,"voted":253,"spoiled":1,"yays":190,"nays":62},{"committee":"УИК №544","vibid":"4034016229346","voters":279,"total":233,"voted":233,"spoiled":2,"yays":163,"nays":68},{"committee":"УИК №545","vibid":"4034016229347","voters":1317,"total":824,"voted":824,"spoiled":9,"yays":592,"nays":223},{"committee":"УИК №546","vibid":"4034016229348","voters":126,"total":90,"voted":90,"spoiled":0,"yays":75,"nays":15},{"committee":"УИК №547","vibid":"4034016229349","voters":603,"total":463,"voted":463,"spoiled":9,"yays":315,"nays":139}]