[{"committee":"УИК №1865","vibid":"4054045190482","voters":606,"total":542,"voted":542,"spoiled":0,"yays":540,"nays":2},{"committee":"УИК №1866","vibid":"4054045190487","voters":954,"total":872,"voted":872,"spoiled":0,"yays":830,"nays":42},{"committee":"УИК №1867","vibid":"4054045190484","voters":143,"total":129,"voted":129,"spoiled":3,"yays":121,"nays":5},{"committee":"УИК №1868","vibid":"4054045190489","voters":402,"total":364,"voted":364,"spoiled":1,"yays":348,"nays":15},{"committee":"УИК №1869","vibid":"4054045190490","voters":227,"total":203,"voted":203,"spoiled":1,"yays":188,"nays":14},{"committee":"УИК №1870","vibid":"4054045190491","voters":163,"total":126,"voted":126,"spoiled":0,"yays":123,"nays":3},{"committee":"УИК №1871","vibid":"4054045190492","voters":479,"total":471,"voted":471,"spoiled":11,"yays":456,"nays":4},{"committee":"УИК №1872","vibid":"4054045190493","voters":382,"total":305,"voted":305,"spoiled":2,"yays":228,"nays":75},{"committee":"УИК №1873","vibid":"4054045190494","voters":1197,"total":1034,"voted":1034,"spoiled":1,"yays":851,"nays":182},{"committee":"УИК №1874","vibid":"4054045190495","voters":594,"total":559,"voted":559,"spoiled":0,"yays":337,"nays":222},{"committee":"УИК №1875","vibid":"4054045190496","voters":122,"total":114,"voted":114,"spoiled":0,"yays":99,"nays":15},{"committee":"УИК №1876","vibid":"4054045190497","voters":200,"total":141,"voted":141,"spoiled":0,"yays":125,"nays":16},{"committee":"УИК №1877","vibid":"4054045190498","voters":143,"total":137,"voted":137,"spoiled":0,"yays":134,"nays":3},{"committee":"УИК №1878","vibid":"4054045190499","voters":166,"total":159,"voted":159,"spoiled":0,"yays":152,"nays":7},{"committee":"УИК №1879","vibid":"4054045190500","voters":212,"total":201,"voted":201,"spoiled":0,"yays":181,"nays":20},{"committee":"УИК №1880","vibid":"4054045190501","voters":1145,"total":1097,"voted":1097,"spoiled":8,"yays":646,"nays":443},{"committee":"УИК №1881","vibid":"4054045190502","voters":210,"total":192,"voted":192,"spoiled":2,"yays":177,"nays":13},{"committee":"УИК №1882","vibid":"4054045190503","voters":338,"total":305,"voted":305,"spoiled":0,"yays":272,"nays":33},{"committee":"УИК №1883","vibid":"4054045190504","voters":361,"total":341,"voted":341,"spoiled":0,"yays":333,"nays":8},{"committee":"УИК №1884","vibid":"4054045190505","voters":437,"total":381,"voted":381,"spoiled":1,"yays":364,"nays":16},{"committee":"УИК №1885","vibid":"4054045190506","voters":233,"total":218,"voted":218,"spoiled":0,"yays":199,"nays":19},{"committee":"УИК №1886","vibid":"4054045190507","voters":63,"total":56,"voted":56,"spoiled":0,"yays":56,"nays":0},{"committee":"УИК №1887","vibid":"4054045190508","voters":102,"total":98,"voted":98,"spoiled":0,"yays":93,"nays":5},{"committee":"УИК №1888","vibid":"4054045190509","voters":197,"total":187,"voted":187,"spoiled":0,"yays":172,"nays":15},{"committee":"УИК №1889","vibid":"4054045190510","voters":1226,"total":1118,"voted":1118,"spoiled":0,"yays":1099,"nays":19},{"committee":"УИК №1890","vibid":"4054045190511","voters":243,"total":218,"voted":218,"spoiled":2,"yays":198,"nays":18},{"committee":"УИК №1891","vibid":"4054045190512","voters":638,"total":528,"voted":528,"spoiled":0,"yays":515,"nays":13},{"committee":"УИК №1892","vibid":"4054045190513","voters":297,"total":254,"voted":254,"spoiled":2,"yays":229,"nays":23},{"committee":"УИК №1893","vibid":"4054045190514","voters":78,"total":72,"voted":72,"spoiled":0,"yays":65,"nays":7},{"committee":"УИК №1894","vibid":"4054045190515","voters":216,"total":210,"voted":210,"spoiled":0,"yays":206,"nays":4},{"committee":"УИК №1895","vibid":"4054045190516","voters":1870,"total":1766,"voted":1766,"spoiled":12,"yays":1123,"nays":631},{"committee":"УИК №1896","vibid":"4054045190517","voters":992,"total":905,"voted":905,"spoiled":2,"yays":695,"nays":208},{"committee":"УИК №1897","vibid":"4054045190518","voters":215,"total":178,"voted":178,"spoiled":0,"yays":172,"nays":6},{"committee":"УИК №1898","vibid":"4054045190519","voters":390,"total":355,"voted":355,"spoiled":8,"yays":336,"nays":11},{"committee":"УИК №1899","vibid":"4054045190520","voters":258,"total":208,"voted":208,"spoiled":0,"yays":190,"nays":18},{"committee":"УИК №1900","vibid":"4054045190521","voters":968,"total":915,"voted":915,"spoiled":0,"yays":881,"nays":34},{"committee":"УИК №1901","vibid":"4054045190522","voters":693,"total":547,"voted":547,"spoiled":2,"yays":505,"nays":40},{"committee":"УИК №1902","vibid":"4054045190523","voters":56,"total":52,"voted":52,"spoiled":0,"yays":52,"nays":0},{"committee":"УИК №1903","vibid":"4054045190524","voters":1601,"total":1436,"voted":1436,"spoiled":10,"yays":1249,"nays":177},{"committee":"УИК №1904","vibid":"4054045190525","voters":90,"total":83,"voted":83,"spoiled":0,"yays":78,"nays":5},{"committee":"УИК №1905","vibid":"4054045190526","voters":704,"total":591,"voted":591,"spoiled":4,"yays":581,"nays":6},{"committee":"УИК №1906","vibid":"4054045190527","voters":172,"total":134,"voted":134,"spoiled":2,"yays":132,"nays":0},{"committee":"УИК №1907","vibid":"4054045190528","voters":443,"total":402,"voted":402,"spoiled":2,"yays":276,"nays":124},{"committee":"УИК №1908","vibid":"4054045190529","voters":116,"total":107,"voted":107,"spoiled":0,"yays":92,"nays":15}]