[{"committee":"УИК №959","vibid":"4054028190224","voters":240,"total":216,"voted":216,"spoiled":0,"yays":207,"nays":9},{"committee":"УИК №960","vibid":"4054028190225","voters":55,"total":48,"voted":45,"spoiled":0,"yays":42,"nays":3},{"committee":"УИК №961","vibid":"4054028190226","voters":1135,"total":1044,"voted":1044,"spoiled":1,"yays":995,"nays":48},{"committee":"УИК №962","vibid":"4054028190227","voters":811,"total":755,"voted":755,"spoiled":2,"yays":730,"nays":23},{"committee":"УИК №963","vibid":"4054028190228","voters":642,"total":570,"voted":570,"spoiled":13,"yays":500,"nays":57},{"committee":"УИК №964","vibid":"4054028190229","voters":400,"total":344,"voted":344,"spoiled":12,"yays":290,"nays":42},{"committee":"УИК №965","vibid":"4054028190230","voters":1605,"total":1460,"voted":1460,"spoiled":0,"yays":1405,"nays":55},{"committee":"УИК №966","vibid":"4054028190231","voters":1790,"total":1645,"voted":1645,"spoiled":1,"yays":1589,"nays":55},{"committee":"УИК №967","vibid":"4054028190232","voters":1706,"total":1587,"voted":1226,"spoiled":23,"yays":966,"nays":237},{"committee":"УИК №968","vibid":"4054028190233","voters":1545,"total":1545,"voted":1545,"spoiled":0,"yays":1503,"nays":42},{"committee":"УИК №969","vibid":"4054028190234","voters":1550,"total":1450,"voted":1450,"spoiled":5,"yays":1383,"nays":62},{"committee":"УИК №970","vibid":"4054028190235","voters":275,"total":251,"voted":251,"spoiled":6,"yays":240,"nays":5},{"committee":"УИК №971","vibid":"4054028190236","voters":1780,"total":1660,"voted":1660,"spoiled":2,"yays":1590,"nays":68},{"committee":"УИК №972","vibid":"4054028190237","voters":1220,"total":1130,"voted":1130,"spoiled":3,"yays":1090,"nays":37},{"committee":"УИК №973","vibid":"4054028190238","voters":1180,"total":1100,"voted":1100,"spoiled":4,"yays":1065,"nays":31},{"committee":"УИК №974","vibid":"4054028190239","voters":1288,"total":1180,"voted":1180,"spoiled":2,"yays":1150,"nays":28},{"committee":"УИК №975","vibid":"4054028190240","voters":1521,"total":1400,"voted":1400,"spoiled":1,"yays":1370,"nays":29},{"committee":"УИК №976","vibid":"4054028190241","voters":1573,"total":1460,"voted":1460,"spoiled":2,"yays":1400,"nays":58},{"committee":"УИК №977","vibid":"4054028190242","voters":1142,"total":1050,"voted":1050,"spoiled":4,"yays":1030,"nays":16},{"committee":"УИК №978","vibid":"4054028190243","voters":985,"total":904,"voted":904,"spoiled":5,"yays":865,"nays":34},{"committee":"УИК №979","vibid":"4054028190244","voters":1004,"total":915,"voted":915,"spoiled":1,"yays":890,"nays":24},{"committee":"УИК №980","vibid":"4054028190245","voters":1870,"total":1739,"voted":1739,"spoiled":51,"yays":1480,"nays":208},{"committee":"УИК №981","vibid":"4054028190246","voters":328,"total":303,"voted":303,"spoiled":2,"yays":290,"nays":11},{"committee":"УИК №982","vibid":"4054028190247","voters":245,"total":225,"voted":225,"spoiled":3,"yays":215,"nays":7},{"committee":"УИК №983","vibid":"4054028190248","voters":646,"total":590,"voted":590,"spoiled":4,"yays":570,"nays":16},{"committee":"УИК №984","vibid":"4054028190249","voters":954,"total":859,"voted":859,"spoiled":12,"yays":730,"nays":117},{"committee":"УИК №985","vibid":"4054028190250","voters":268,"total":241,"voted":241,"spoiled":1,"yays":235,"nays":5},{"committee":"УИК №986","vibid":"4054028190251","voters":1035,"total":946,"voted":946,"spoiled":0,"yays":910,"nays":36},{"committee":"УИК №987","vibid":"4054028190252","voters":1445,"total":1320,"voted":1320,"spoiled":1,"yays":1265,"nays":54},{"committee":"УИК №988","vibid":"4054028190253","voters":1530,"total":1400,"voted":1400,"spoiled":4,"yays":1340,"nays":56},{"committee":"УИК №989","vibid":"4054028190254","voters":602,"total":556,"voted":556,"spoiled":5,"yays":533,"nays":18},{"committee":"УИК №990","vibid":"4054028190255","voters":851,"total":780,"voted":780,"spoiled":6,"yays":740,"nays":34},{"committee":"УИК №991","vibid":"4054028190256","voters":932,"total":855,"voted":855,"spoiled":7,"yays":815,"nays":33},{"committee":"УИК №992","vibid":"4054028190257","voters":991,"total":901,"voted":901,"spoiled":2,"yays":870,"nays":29},{"committee":"УИК №993","vibid":"4054028190258","voters":986,"total":896,"voted":896,"spoiled":1,"yays":861,"nays":34},{"committee":"УИК №994","vibid":"4054028190259","voters":1175,"total":1070,"voted":1070,"spoiled":2,"yays":1030,"nays":38},{"committee":"УИК №995","vibid":"4054028190260","voters":1128,"total":1020,"voted":1020,"spoiled":3,"yays":980,"nays":37},{"committee":"УИК №996","vibid":"4054028190261","voters":1260,"total":1150,"voted":1150,"spoiled":2,"yays":1098,"nays":50},{"committee":"УИК №997","vibid":"4054028190262","voters":325,"total":280,"voted":280,"spoiled":2,"yays":270,"nays":8}]