[{"committee":"УИК №396","vibid":"4034012280672","voters":348,"total":348,"voted":348,"spoiled":3,"yays":324,"nays":21},{"committee":"УИК №397","vibid":"4034012280673","voters":171,"total":160,"voted":160,"spoiled":3,"yays":151,"nays":6},{"committee":"УИК №398","vibid":"4034012280674","voters":109,"total":100,"voted":100,"spoiled":0,"yays":96,"nays":4},{"committee":"УИК №399","vibid":"4034012280675","voters":103,"total":100,"voted":100,"spoiled":0,"yays":90,"nays":10},{"committee":"УИК №400","vibid":"4034012280676","voters":101,"total":65,"voted":65,"spoiled":2,"yays":58,"nays":5},{"committee":"УИК №401","vibid":"4034012280677","voters":206,"total":206,"voted":206,"spoiled":3,"yays":191,"nays":12},{"committee":"УИК №402","vibid":"4034012280678","voters":647,"total":599,"voted":599,"spoiled":3,"yays":561,"nays":35},{"committee":"УИК №403","vibid":"4034012280679","voters":57,"total":50,"voted":50,"spoiled":0,"yays":46,"nays":4},{"committee":"УИК №404","vibid":"4034012280680","voters":53,"total":48,"voted":48,"spoiled":0,"yays":41,"nays":7},{"committee":"УИК №405","vibid":"4034012280681","voters":363,"total":291,"voted":291,"spoiled":7,"yays":207,"nays":77},{"committee":"УИК №406","vibid":"4034012280682","voters":86,"total":75,"voted":75,"spoiled":0,"yays":66,"nays":9},{"committee":"УИК №407","vibid":"4034012280683","voters":109,"total":104,"voted":104,"spoiled":0,"yays":96,"nays":8},{"committee":"УИК №408","vibid":"4034012280684","voters":171,"total":150,"voted":150,"spoiled":0,"yays":136,"nays":14},{"committee":"УИК №409","vibid":"4034012280685","voters":63,"total":63,"voted":63,"spoiled":0,"yays":59,"nays":4},{"committee":"УИК №410","vibid":"4034012280686","voters":56,"total":56,"voted":56,"spoiled":0,"yays":53,"nays":3},{"committee":"УИК №411","vibid":"4034012280687","voters":249,"total":241,"voted":241,"spoiled":6,"yays":220,"nays":15},{"committee":"УИК №412","vibid":"4034012280688","voters":197,"total":183,"voted":183,"spoiled":1,"yays":177,"nays":5},{"committee":"УИК №413","vibid":"4034012280689","voters":511,"total":446,"voted":446,"spoiled":6,"yays":396,"nays":44},{"committee":"УИК №414","vibid":"4034012280690","voters":197,"total":192,"voted":192,"spoiled":2,"yays":162,"nays":28},{"committee":"УИК №415","vibid":"4034012280691","voters":124,"total":118,"voted":118,"spoiled":2,"yays":94,"nays":22},{"committee":"УИК №416","vibid":"4034012280692","voters":198,"total":182,"voted":182,"spoiled":2,"yays":131,"nays":49},{"committee":"УИК №417","vibid":"4034012280693","voters":240,"total":235,"voted":235,"spoiled":0,"yays":229,"nays":6},{"committee":"УИК №418","vibid":"4034012280694","voters":103,"total":100,"voted":100,"spoiled":0,"yays":95,"nays":5},{"committee":"УИК №419","vibid":"4034012280695","voters":661,"total":570,"voted":570,"spoiled":0,"yays":486,"nays":84},{"committee":"УИК №420","vibid":"4034012280696","voters":76,"total":63,"voted":63,"spoiled":0,"yays":27,"nays":36},{"committee":"УИК №421","vibid":"4034012280697","voters":76,"total":70,"voted":70,"spoiled":0,"yays":68,"nays":2},{"committee":"УИК №422","vibid":"4034012280698","voters":79,"total":64,"voted":64,"spoiled":2,"yays":55,"nays":7},{"committee":"УИК №423","vibid":"4034012280699","voters":83,"total":80,"voted":80,"spoiled":0,"yays":76,"nays":4},{"committee":"УИК №424","vibid":"4034012280700","voters":180,"total":164,"voted":164,"spoiled":1,"yays":149,"nays":14},{"committee":"УИК №425","vibid":"4034012280701","voters":104,"total":98,"voted":98,"spoiled":1,"yays":92,"nays":5},{"committee":"УИК №426","vibid":"4034012280702","voters":360,"total":331,"voted":331,"spoiled":3,"yays":312,"nays":16},{"committee":"УИК №427","vibid":"4034012280703","voters":349,"total":327,"voted":327,"spoiled":0,"yays":278,"nays":49},{"committee":"УИК №428","vibid":"4034012280704","voters":177,"total":177,"voted":177,"spoiled":0,"yays":162,"nays":15},{"committee":"УИК №429","vibid":"4034012280705","voters":114,"total":113,"voted":113,"spoiled":3,"yays":103,"nays":7},{"committee":"УИК №430","vibid":"4034012280706","voters":181,"total":181,"voted":181,"spoiled":12,"yays":158,"nays":11},{"committee":"УИК №431","vibid":"4034012280707","voters":1006,"total":792,"voted":792,"spoiled":0,"yays":749,"nays":43},{"committee":"УИК №432","vibid":"4034012280708","voters":1046,"total":908,"voted":908,"spoiled":6,"yays":861,"nays":41},{"committee":"УИК №433","vibid":"4034012280709","voters":1868,"total":1302,"voted":1302,"spoiled":17,"yays":898,"nays":387},{"committee":"УИК №434","vibid":"4034012280710","voters":1400,"total":1037,"voted":1037,"spoiled":0,"yays":981,"nays":56},{"committee":"УИК №435","vibid":"4034012280711","voters":879,"total":723,"voted":723,"spoiled":2,"yays":543,"nays":178},{"committee":"УИК №436","vibid":"4034012280712","voters":1045,"total":889,"voted":889,"spoiled":2,"yays":834,"nays":53},{"committee":"УИК №437","vibid":"4034012280713","voters":672,"total":651,"voted":651,"spoiled":3,"yays":605,"nays":43},{"committee":"УИК №438","vibid":"4034012280714","voters":1243,"total":1055,"voted":1055,"spoiled":0,"yays":1028,"nays":27},{"committee":"УИК №439","vibid":"4034012280715","voters":1123,"total":739,"voted":739,"spoiled":3,"yays":656,"nays":80},{"committee":"УИК №440","vibid":"4034012280716","voters":1161,"total":760,"voted":760,"spoiled":9,"yays":720,"nays":31},{"committee":"УИК №441","vibid":"4034012280717","voters":820,"total":505,"voted":505,"spoiled":4,"yays":332,"nays":169},{"committee":"УИК №442","vibid":"4034012280718","voters":2851,"total":2408,"voted":2408,"spoiled":11,"yays":2079,"nays":318},{"committee":"УИК №443","vibid":"4034012280719","voters":419,"total":349,"voted":349,"spoiled":5,"yays":320,"nays":24},{"committee":"УИК №444","vibid":"4034012280720","voters":117,"total":109,"voted":109,"spoiled":0,"yays":107,"nays":2}]