[{"committee":"УИК №1812","vibid":"4054044167459","voters":187,"total":172,"voted":172,"spoiled":0,"yays":146,"nays":26},{"committee":"УИК №1813","vibid":"4054044167460","voters":95,"total":87,"voted":87,"spoiled":0,"yays":82,"nays":5},{"committee":"УИК №1814","vibid":"4054044167461","voters":154,"total":144,"voted":144,"spoiled":0,"yays":142,"nays":2},{"committee":"УИК №1815","vibid":"4054044167462","voters":192,"total":172,"voted":172,"spoiled":0,"yays":142,"nays":30},{"committee":"УИК №1816","vibid":"4054044167463","voters":77,"total":70,"voted":70,"spoiled":0,"yays":67,"nays":3},{"committee":"УИК №1817","vibid":"4054044167464","voters":207,"total":189,"voted":189,"spoiled":0,"yays":186,"nays":3},{"committee":"УИК №1818","vibid":"4054044167465","voters":365,"total":324,"voted":324,"spoiled":0,"yays":275,"nays":49},{"committee":"УИК №1819","vibid":"4054044167466","voters":134,"total":123,"voted":123,"spoiled":0,"yays":113,"nays":10},{"committee":"УИК №1820","vibid":"4054044167467","voters":150,"total":145,"voted":145,"spoiled":0,"yays":140,"nays":5},{"committee":"УИК №1821","vibid":"4054044167468","voters":62,"total":56,"voted":56,"spoiled":0,"yays":50,"nays":6},{"committee":"УИК №1822","vibid":"4054044167469","voters":107,"total":96,"voted":96,"spoiled":0,"yays":82,"nays":14},{"committee":"УИК №1823","vibid":"4054044167470","voters":133,"total":128,"voted":128,"spoiled":0,"yays":127,"nays":1},{"committee":"УИК №1824","vibid":"4054044167471","voters":96,"total":86,"voted":86,"spoiled":0,"yays":80,"nays":6},{"committee":"УИК №1825","vibid":"4054044167472","voters":66,"total":60,"voted":60,"spoiled":0,"yays":51,"nays":9},{"committee":"УИК №1826","vibid":"4054044167473","voters":140,"total":127,"voted":127,"spoiled":0,"yays":109,"nays":18},{"committee":"УИК №1827","vibid":"4054044167474","voters":106,"total":95,"voted":95,"spoiled":0,"yays":90,"nays":5},{"committee":"УИК №1828","vibid":"4054044167475","voters":87,"total":75,"voted":75,"spoiled":0,"yays":71,"nays":4},{"committee":"УИК №1829","vibid":"4054044167476","voters":282,"total":253,"voted":253,"spoiled":0,"yays":221,"nays":32},{"committee":"УИК №1830","vibid":"4054044167477","voters":538,"total":451,"voted":451,"spoiled":0,"yays":422,"nays":29},{"committee":"УИК №1831","vibid":"4054044167478","voters":133,"total":128,"voted":128,"spoiled":0,"yays":123,"nays":5},{"committee":"УИК №1832","vibid":"4054044167479","voters":215,"total":191,"voted":191,"spoiled":0,"yays":179,"nays":12},{"committee":"УИК №1833","vibid":"4054044167480","voters":66,"total":57,"voted":57,"spoiled":0,"yays":51,"nays":6},{"committee":"УИК №1834","vibid":"4054044167481","voters":77,"total":69,"voted":69,"spoiled":0,"yays":60,"nays":9},{"committee":"УИК №1835","vibid":"4054044167482","voters":105,"total":98,"voted":98,"spoiled":0,"yays":93,"nays":5},{"committee":"УИК №1836","vibid":"4054044167483","voters":633,"total":589,"voted":589,"spoiled":0,"yays":574,"nays":15},{"committee":"УИК №1837","vibid":"4054044167484","voters":192,"total":186,"voted":186,"spoiled":10,"yays":171,"nays":5},{"committee":"УИК №1838","vibid":"4054044167485","voters":113,"total":101,"voted":101,"spoiled":0,"yays":90,"nays":11},{"committee":"УИК №1839","vibid":"4054044167486","voters":70,"total":64,"voted":64,"spoiled":0,"yays":60,"nays":4},{"committee":"УИК №1840","vibid":"4054044167487","voters":23,"total":23,"voted":23,"spoiled":0,"yays":19,"nays":4},{"committee":"УИК №1841","vibid":"4054044167488","voters":239,"total":214,"voted":214,"spoiled":0,"yays":201,"nays":13},{"committee":"УИК №1842","vibid":"4054044167489","voters":103,"total":93,"voted":93,"spoiled":0,"yays":82,"nays":11},{"committee":"УИК №1843","vibid":"4054044167490","voters":78,"total":70,"voted":70,"spoiled":0,"yays":69,"nays":1},{"committee":"УИК №1844","vibid":"4054044167491","voters":24,"total":22,"voted":22,"spoiled":0,"yays":21,"nays":1},{"committee":"УИК №1845","vibid":"4054044167492","voters":35,"total":29,"voted":29,"spoiled":0,"yays":22,"nays":7},{"committee":"УИК №1846","vibid":"4054044167493","voters":78,"total":74,"voted":74,"spoiled":0,"yays":68,"nays":6},{"committee":"УИК №1847","vibid":"4054044167494","voters":35,"total":29,"voted":29,"spoiled":0,"yays":22,"nays":7},{"committee":"УИК №1848","vibid":"4054044167495","voters":48,"total":43,"voted":43,"spoiled":0,"yays":40,"nays":3},{"committee":"УИК №1849","vibid":"4054044167496","voters":15,"total":14,"voted":14,"spoiled":0,"yays":14,"nays":0},{"committee":"УИК №1850","vibid":"4054044167497","voters":176,"total":171,"voted":171,"spoiled":1,"yays":162,"nays":8},{"committee":"УИК №1851","vibid":"4054044167498","voters":93,"total":90,"voted":90,"spoiled":1,"yays":74,"nays":15},{"committee":"УИК №1852","vibid":"4054044167499","voters":139,"total":121,"voted":121,"spoiled":0,"yays":111,"nays":10},{"committee":"УИК №1853","vibid":"4054044167500","voters":1657,"total":1572,"voted":1572,"spoiled":1,"yays":1497,"nays":74},{"committee":"УИК №1854","vibid":"4054044167501","voters":68,"total":58,"voted":58,"spoiled":0,"yays":50,"nays":8},{"committee":"УИК №1855","vibid":"4054044167502","voters":59,"total":54,"voted":54,"spoiled":0,"yays":41,"nays":13},{"committee":"УИК №1856","vibid":"4054044167503","voters":29,"total":26,"voted":26,"spoiled":0,"yays":25,"nays":1},{"committee":"УИК №1857","vibid":"4054044167504","voters":249,"total":231,"voted":231,"spoiled":0,"yays":215,"nays":16},{"committee":"УИК №1858","vibid":"4054044167505","voters":127,"total":118,"voted":118,"spoiled":0,"yays":116,"nays":2},{"committee":"УИК №1859","vibid":"4054044167506","voters":399,"total":341,"voted":341,"spoiled":0,"yays":301,"nays":40},{"committee":"УИК №1860","vibid":"4054044167507","voters":145,"total":140,"voted":140,"spoiled":0,"yays":124,"nays":16},{"committee":"УИК №1861","vibid":"4054044167508","voters":42,"total":38,"voted":38,"spoiled":0,"yays":37,"nays":1},{"committee":"УИК №1862","vibid":"4054044167509","voters":97,"total":83,"voted":83,"spoiled":0,"yays":71,"nays":12},{"committee":"УИК №1863","vibid":"4054044167510","voters":42,"total":39,"voted":39,"spoiled":0,"yays":31,"nays":8},{"committee":"УИК №1864","vibid":"4054044167511","voters":22,"total":20,"voted":20,"spoiled":0,"yays":18,"nays":2}]