[{"committee":"УИК №27","vibid":"4074012132085","voters":2335,"total":1807,"voted":1783,"spoiled":18,"yays":1627,"nays":138},{"committee":"УИК №28","vibid":"4074012132086","voters":2048,"total":1603,"voted":1565,"spoiled":48,"yays":1405,"nays":112},{"committee":"УИК №29","vibid":"4074012132087","voters":2810,"total":2190,"voted":2140,"spoiled":25,"yays":1947,"nays":168},{"committee":"УИК №30","vibid":"4074012132088","voters":2231,"total":1714,"voted":1667,"spoiled":29,"yays":1508,"nays":130},{"committee":"УИК №31","vibid":"4074012132089","voters":1427,"total":1121,"voted":1099,"spoiled":2,"yays":1003,"nays":94},{"committee":"УИК №32","vibid":"4074012132090","voters":2000,"total":1533,"voted":1470,"spoiled":34,"yays":1338,"nays":98},{"committee":"УИК №33","vibid":"4074012132091","voters":1601,"total":1275,"voted":1251,"spoiled":25,"yays":1137,"nays":89},{"committee":"УИК №34","vibid":"4074012132092","voters":1493,"total":1207,"voted":1201,"spoiled":18,"yays":1089,"nays":94},{"committee":"УИК №35","vibid":"4074012132093","voters":2564,"total":1916,"voted":1889,"spoiled":20,"yays":1688,"nays":181},{"committee":"УИК №36","vibid":"4074012132094","voters":2583,"total":2011,"voted":1996,"spoiled":23,"yays":1758,"nays":215},{"committee":"УИК №37","vibid":"4074012132095","voters":1847,"total":1440,"voted":1422,"spoiled":39,"yays":1309,"nays":74},{"committee":"УИК №38","vibid":"4074012132096","voters":1912,"total":1463,"voted":1417,"spoiled":35,"yays":1285,"nays":97},{"committee":"УИК №39","vibid":"4074012132097","voters":1158,"total":915,"voted":870,"spoiled":7,"yays":799,"nays":64},{"committee":"УИК №40","vibid":"4074012132098","voters":1525,"total":1192,"voted":1177,"spoiled":18,"yays":1076,"nays":83},{"committee":"УИК №41","vibid":"4074012132099","voters":1159,"total":923,"voted":919,"spoiled":5,"yays":833,"nays":81},{"committee":"УИК №42","vibid":"4074012132100","voters":1270,"total":973,"voted":966,"spoiled":19,"yays":872,"nays":75}]