[{"committee":"УИК №381","vibid":"4054012216495","voters":1461,"total":1251,"voted":1251,"spoiled":6,"yays":1188,"nays":57},{"committee":"УИК №382","vibid":"4054012216496","voters":1019,"total":912,"voted":912,"spoiled":5,"yays":870,"nays":37},{"committee":"УИК №383","vibid":"4054012216497","voters":1404,"total":1183,"voted":1183,"spoiled":5,"yays":1124,"nays":54},{"committee":"УИК №384","vibid":"4054012216498","voters":733,"total":612,"voted":612,"spoiled":3,"yays":581,"nays":28},{"committee":"УИК №385","vibid":"4054012216499","voters":487,"total":439,"voted":439,"spoiled":5,"yays":418,"nays":16},{"committee":"УИК №386","vibid":"4054012216500","voters":373,"total":311,"voted":311,"spoiled":1,"yays":295,"nays":15},{"committee":"УИК №387","vibid":"4054012216501","voters":83,"total":76,"voted":76,"spoiled":0,"yays":73,"nays":3},{"committee":"УИК №388","vibid":"4054012216502","voters":979,"total":812,"voted":812,"spoiled":4,"yays":770,"nays":38},{"committee":"УИК №389","vibid":"4054012216503","voters":697,"total":581,"voted":581,"spoiled":2,"yays":552,"nays":27},{"committee":"УИК №390","vibid":"4054012216504","voters":678,"total":563,"voted":563,"spoiled":3,"yays":535,"nays":25},{"committee":"УИК №391","vibid":"4054012216505","voters":452,"total":372,"voted":372,"spoiled":5,"yays":353,"nays":14},{"committee":"УИК №392","vibid":"4054012216506","voters":597,"total":538,"voted":538,"spoiled":6,"yays":511,"nays":21},{"committee":"УИК №393","vibid":"4054012216507","voters":259,"total":232,"voted":232,"spoiled":1,"yays":218,"nays":13},{"committee":"УИК №394","vibid":"4054012216508","voters":740,"total":621,"voted":621,"spoiled":2,"yays":590,"nays":29},{"committee":"УИК №395","vibid":"4054012216509","voters":712,"total":597,"voted":597,"spoiled":5,"yays":567,"nays":25},{"committee":"УИК №396","vibid":"4054012216510","voters":247,"total":223,"voted":223,"spoiled":0,"yays":213,"nays":10},{"committee":"УИК №397","vibid":"4054012216511","voters":495,"total":448,"voted":448,"spoiled":3,"yays":427,"nays":18},{"committee":"УИК №398","vibid":"4054012216512","voters":203,"total":183,"voted":183,"spoiled":1,"yays":174,"nays":8},{"committee":"УИК №399","vibid":"4054012216513","voters":236,"total":214,"voted":214,"spoiled":0,"yays":204,"nays":10},{"committee":"УИК №400","vibid":"4054012216514","voters":131,"total":118,"voted":118,"spoiled":0,"yays":114,"nays":4},{"committee":"УИК №401","vibid":"4054012216515","voters":802,"total":722,"voted":722,"spoiled":3,"yays":686,"nays":33},{"committee":"УИК №402","vibid":"4054012216516","voters":1130,"total":1021,"voted":1021,"spoiled":6,"yays":970,"nays":45},{"committee":"УИК №403","vibid":"4054012216517","voters":1177,"total":982,"voted":982,"spoiled":5,"yays":933,"nays":44},{"committee":"УИК №404","vibid":"4054012216518","voters":1147,"total":943,"voted":943,"spoiled":4,"yays":896,"nays":43},{"committee":"УИК №405","vibid":"4054012216519","voters":7,"total":7,"voted":7,"spoiled":0,"yays":7,"nays":0},{"committee":"УИК №406","vibid":"4054012216520","voters":1083,"total":976,"voted":976,"spoiled":4,"yays":928,"nays":44},{"committee":"УИК №407","vibid":"4054012216521","voters":276,"total":250,"voted":250,"spoiled":1,"yays":240,"nays":9},{"committee":"УИК №408","vibid":"4054012216522","voters":168,"total":152,"voted":152,"spoiled":0,"yays":144,"nays":8},{"committee":"УИК №409","vibid":"4054012216523","voters":441,"total":397,"voted":397,"spoiled":2,"yays":380,"nays":15},{"committee":"УИК №410","vibid":"4054012216524","voters":446,"total":125,"voted":125,"spoiled":0,"yays":73,"nays":52},{"committee":"УИК №411","vibid":"4054012216525","voters":125,"total":86,"voted":86,"spoiled":1,"yays":64,"nays":21},{"committee":"УИК №412","vibid":"4054012216526","voters":260,"total":202,"voted":202,"spoiled":0,"yays":200,"nays":2},{"committee":"УИК №413","vibid":"4054012216527","voters":162,"total":135,"voted":135,"spoiled":2,"yays":126,"nays":7},{"committee":"УИК №414","vibid":"4054012216528","voters":217,"total":132,"voted":132,"spoiled":1,"yays":118,"nays":13},{"committee":"УИК №415","vibid":"4054012216529","voters":259,"total":233,"voted":233,"spoiled":2,"yays":222,"nays":9},{"committee":"УИК №416","vibid":"4054012216530","voters":195,"total":135,"voted":135,"spoiled":0,"yays":112,"nays":23},{"committee":"УИК №417","vibid":"4054012216531","voters":112,"total":100,"voted":100,"spoiled":0,"yays":95,"nays":5},{"committee":"УИК №418","vibid":"4054012216532","voters":89,"total":82,"voted":82,"spoiled":0,"yays":77,"nays":5},{"committee":"УИК №419","vibid":"4054012216533","voters":110,"total":104,"voted":104,"spoiled":0,"yays":102,"nays":2},{"committee":"УИК №420","vibid":"4054012216534","voters":183,"total":165,"voted":165,"spoiled":0,"yays":157,"nays":8},{"committee":"УИК №421","vibid":"4054012216535","voters":64,"total":58,"voted":58,"spoiled":0,"yays":55,"nays":3},{"committee":"УИК №422","vibid":"4054012216536","voters":555,"total":501,"voted":501,"spoiled":4,"yays":475,"nays":22},{"committee":"УИК №423","vibid":"4054012216537","voters":341,"total":307,"voted":307,"spoiled":1,"yays":292,"nays":14},{"committee":"УИК №424","vibid":"4054012216538","voters":169,"total":152,"voted":152,"spoiled":0,"yays":145,"nays":7},{"committee":"УИК №425","vibid":"4054012216539","voters":275,"total":248,"voted":248,"spoiled":1,"yays":236,"nays":11},{"committee":"УИК №426","vibid":"4054012216540","voters":161,"total":145,"voted":145,"spoiled":0,"yays":137,"nays":8},{"committee":"УИК №427","vibid":"4054012216541","voters":512,"total":460,"voted":460,"spoiled":3,"yays":437,"nays":20},{"committee":"УИК №428","vibid":"4054012216542","voters":41,"total":36,"voted":36,"spoiled":0,"yays":34,"nays":2},{"committee":"УИК №429","vibid":"4054012216543","voters":236,"total":212,"voted":212,"spoiled":0,"yays":202,"nays":10},{"committee":"УИК №430","vibid":"4054012216544","voters":1151,"total":962,"voted":962,"spoiled":5,"yays":914,"nays":43},{"committee":"УИК №431","vibid":"4054012216545","voters":1220,"total":1025,"voted":1025,"spoiled":2,"yays":974,"nays":49},{"committee":"УИК №432","vibid":"4054012216546","voters":208,"total":187,"voted":187,"spoiled":1,"yays":178,"nays":8},{"committee":"УИК №433","vibid":"4054012216547","voters":253,"total":209,"voted":209,"spoiled":0,"yays":200,"nays":9},{"committee":"УИК №434","vibid":"4054012216548","voters":225,"total":204,"voted":204,"spoiled":0,"yays":195,"nays":9},{"committee":"УИК №435","vibid":"4054012216549","voters":335,"total":320,"voted":320,"spoiled":4,"yays":305,"nays":11},{"committee":"УИК №436","vibid":"4054012216550","voters":214,"total":193,"voted":193,"spoiled":1,"yays":183,"nays":9}]