[{"committee":"УИК №2187","vibid":"4024030312602","voters":1228,"total":1175,"voted":1175,"spoiled":13,"yays":873,"nays":289},{"committee":"УИК №2188","vibid":"4024030312603","voters":596,"total":578,"voted":578,"spoiled":5,"yays":530,"nays":43},{"committee":"УИК №2189","vibid":"4024030312604","voters":1309,"total":1244,"voted":1244,"spoiled":1,"yays":1167,"nays":76},{"committee":"УИК №2190","vibid":"4024030312605","voters":895,"total":869,"voted":869,"spoiled":0,"yays":831,"nays":38},{"committee":"УИК №2191","vibid":"4024030312606","voters":437,"total":418,"voted":418,"spoiled":3,"yays":370,"nays":45},{"committee":"УИК №2192","vibid":"4024030312607","voters":388,"total":383,"voted":383,"spoiled":0,"yays":369,"nays":14},{"committee":"УИК №2193","vibid":"4024030312608","voters":505,"total":383,"voted":383,"spoiled":4,"yays":345,"nays":34},{"committee":"УИК №2194","vibid":"4024030312609","voters":193,"total":184,"voted":184,"spoiled":0,"yays":179,"nays":5},{"committee":"УИК №2195","vibid":"4024030312610","voters":568,"total":549,"voted":549,"spoiled":0,"yays":522,"nays":27},{"committee":"УИК №2196","vibid":"4024030312611","voters":813,"total":594,"voted":594,"spoiled":7,"yays":534,"nays":53},{"committee":"УИК №2197","vibid":"4024030312612","voters":336,"total":326,"voted":326,"spoiled":0,"yays":320,"nays":6},{"committee":"УИК №2198","vibid":"4024030312613","voters":309,"total":295,"voted":295,"spoiled":0,"yays":289,"nays":6},{"committee":"УИК №2199","vibid":"4024030312614","voters":254,"total":247,"voted":247,"spoiled":1,"yays":240,"nays":6},{"committee":"УИК №2200","vibid":"4024030312615","voters":425,"total":407,"voted":407,"spoiled":2,"yays":393,"nays":12},{"committee":"УИК №2201","vibid":"4024030312616","voters":203,"total":197,"voted":197,"spoiled":0,"yays":194,"nays":3},{"committee":"УИК №2202","vibid":"4024030312617","voters":445,"total":432,"voted":432,"spoiled":0,"yays":410,"nays":22},{"committee":"УИК №2203","vibid":"4024030312618","voters":354,"total":346,"voted":346,"spoiled":0,"yays":331,"nays":15},{"committee":"УИК №2204","vibid":"4024030312619","voters":180,"total":176,"voted":176,"spoiled":0,"yays":171,"nays":5},{"committee":"УИК №2205","vibid":"4024030312620","voters":369,"total":363,"voted":363,"spoiled":4,"yays":351,"nays":8},{"committee":"УИК №2206","vibid":"4024030312621","voters":326,"total":321,"voted":321,"spoiled":0,"yays":316,"nays":5},{"committee":"УИК №2207","vibid":"4024030312622","voters":326,"total":320,"voted":320,"spoiled":0,"yays":316,"nays":4},{"committee":"УИК №2208","vibid":"4024030312623","voters":218,"total":214,"voted":214,"spoiled":0,"yays":204,"nays":10},{"committee":"УИК №2209","vibid":"4024030312624","voters":233,"total":227,"voted":227,"spoiled":0,"yays":222,"nays":5},{"committee":"УИК №2210","vibid":"4024030312625","voters":297,"total":286,"voted":286,"spoiled":0,"yays":274,"nays":12},{"committee":"УИК №2211","vibid":"4024030312626","voters":321,"total":312,"voted":312,"spoiled":1,"yays":307,"nays":4},{"committee":"УИК №2212","vibid":"4024030312627","voters":712,"total":701,"voted":701,"spoiled":2,"yays":688,"nays":11},{"committee":"УИК №2213","vibid":"4024030312628","voters":107,"total":105,"voted":105,"spoiled":1,"yays":55,"nays":49},{"committee":"УИК №2214","vibid":"4024030312629","voters":967,"total":921,"voted":921,"spoiled":0,"yays":870,"nays":51},{"committee":"УИК №2215","vibid":"4024030312630","voters":384,"total":380,"voted":380,"spoiled":0,"yays":375,"nays":5},{"committee":"УИК №2216","vibid":"4024030312631","voters":491,"total":483,"voted":483,"spoiled":3,"yays":450,"nays":30},{"committee":"УИК №2217","vibid":"4024030312632","voters":510,"total":495,"voted":495,"spoiled":0,"yays":449,"nays":46},{"committee":"УИК №2218","vibid":"4024030312633","voters":1446,"total":1332,"voted":1332,"spoiled":28,"yays":779,"nays":525},{"committee":"УИК №2219","vibid":"4024030312634","voters":1358,"total":1253,"voted":1253,"spoiled":20,"yays":1165,"nays":68},{"committee":"УИК №2220","vibid":"4024030312635","voters":1120,"total":1079,"voted":1079,"spoiled":2,"yays":997,"nays":80},{"committee":"УИК №2221","vibid":"4024030312636","voters":1006,"total":954,"voted":954,"spoiled":3,"yays":877,"nays":74}]