[{"committee":"УИК №1791","vibid":"4024023325409","voters":1032,"total":995,"voted":995,"spoiled":0,"yays":897,"nays":98},{"committee":"УИК №1792","vibid":"4024023325410","voters":1861,"total":1772,"voted":1772,"spoiled":5,"yays":1595,"nays":172},{"committee":"УИК №1794","vibid":"4024023325411","voters":1362,"total":1308,"voted":1308,"spoiled":8,"yays":1190,"nays":110},{"committee":"УИК №1795","vibid":"4024023325412","voters":1041,"total":994,"voted":994,"spoiled":4,"yays":905,"nays":85},{"committee":"УИК №1797","vibid":"4024023325413","voters":1266,"total":1204,"voted":1204,"spoiled":10,"yays":1075,"nays":119},{"committee":"УИК №1798","vibid":"4024023325414","voters":1313,"total":1261,"voted":1260,"spoiled":16,"yays":1144,"nays":100},{"committee":"УИК №1799","vibid":"4024023325415","voters":1223,"total":1183,"voted":1182,"spoiled":20,"yays":1057,"nays":105},{"committee":"УИК №1800","vibid":"4024023325416","voters":1036,"total":994,"voted":994,"spoiled":4,"yays":898,"nays":92},{"committee":"УИК №1801","vibid":"4024023325417","voters":998,"total":953,"voted":953,"spoiled":7,"yays":861,"nays":85},{"committee":"УИК №1802","vibid":"4024023325418","voters":465,"total":446,"voted":446,"spoiled":3,"yays":405,"nays":38},{"committee":"УИК №1804","vibid":"4024023325419","voters":1033,"total":971,"voted":971,"spoiled":7,"yays":877,"nays":87},{"committee":"УИК №1805","vibid":"4024023325420","voters":1057,"total":1010,"voted":1010,"spoiled":2,"yays":909,"nays":99},{"committee":"УИК №1807","vibid":"4024023325421","voters":1083,"total":1005,"voted":1005,"spoiled":3,"yays":890,"nays":112},{"committee":"УИК №1808","vibid":"4024023325422","voters":1109,"total":1059,"voted":1059,"spoiled":9,"yays":957,"nays":93},{"committee":"УИК №1810","vibid":"4024023325423","voters":1183,"total":1135,"voted":1135,"spoiled":7,"yays":1021,"nays":107},{"committee":"УИК №1812","vibid":"4024023325424","voters":1214,"total":1165,"voted":1165,"spoiled":3,"yays":1046,"nays":116},{"committee":"УИК №1815","vibid":"4024023325425","voters":1098,"total":1061,"voted":1061,"spoiled":3,"yays":959,"nays":99},{"committee":"УИК №1817","vibid":"4024023325426","voters":1185,"total":1138,"voted":1138,"spoiled":16,"yays":1024,"nays":98},{"committee":"УИК №1819","vibid":"4024023325427","voters":610,"total":585,"voted":585,"spoiled":8,"yays":520,"nays":57},{"committee":"УИК №1820","vibid":"4024023325428","voters":1439,"total":1379,"voted":1379,"spoiled":3,"yays":1213,"nays":163},{"committee":"УИК №1822","vibid":"4024023325429","voters":1211,"total":1160,"voted":1160,"spoiled":20,"yays":1032,"nays":108},{"committee":"УИК №1823","vibid":"4024023325430","voters":651,"total":625,"voted":625,"spoiled":1,"yays":569,"nays":55},{"committee":"УИК №1824","vibid":"4024023325431","voters":756,"total":725,"voted":725,"spoiled":4,"yays":660,"nays":61},{"committee":"УИК №1825","vibid":"4024023325432","voters":1127,"total":1082,"voted":1082,"spoiled":4,"yays":975,"nays":103},{"committee":"УИК №1826","vibid":"4024023325433","voters":278,"total":268,"voted":268,"spoiled":2,"yays":244,"nays":22},{"committee":"УИК №1827","vibid":"4024023325434","voters":567,"total":550,"voted":550,"spoiled":4,"yays":501,"nays":45},{"committee":"УИК №1828","vibid":"4024023325435","voters":962,"total":931,"voted":931,"spoiled":2,"yays":835,"nays":94},{"committee":"УИК №1829","vibid":"4024023325436","voters":285,"total":277,"voted":277,"spoiled":1,"yays":259,"nays":17},{"committee":"УИК №1830","vibid":"4024023325437","voters":563,"total":540,"voted":540,"spoiled":5,"yays":480,"nays":55},{"committee":"УИК №1831","vibid":"4024023325438","voters":482,"total":464,"voted":464,"spoiled":4,"yays":422,"nays":38},{"committee":"УИК №1832","vibid":"4024023325439","voters":328,"total":312,"voted":312,"spoiled":1,"yays":287,"nays":24},{"committee":"УИК №1833","vibid":"4024023325440","voters":176,"total":170,"voted":170,"spoiled":6,"yays":157,"nays":7},{"committee":"УИК №1834","vibid":"4024023325441","voters":523,"total":502,"voted":502,"spoiled":4,"yays":453,"nays":45},{"committee":"УИК №1835","vibid":"4024023325442","voters":301,"total":288,"voted":288,"spoiled":1,"yays":259,"nays":28},{"committee":"УИК №1836","vibid":"4024023325443","voters":460,"total":431,"voted":431,"spoiled":2,"yays":384,"nays":45},{"committee":"УИК №1837","vibid":"4024023325444","voters":276,"total":266,"voted":266,"spoiled":2,"yays":244,"nays":20},{"committee":"УИК №1838","vibid":"4024023325445","voters":617,"total":570,"voted":570,"spoiled":1,"yays":525,"nays":44},{"committee":"УИК №1839","vibid":"4024023325446","voters":701,"total":666,"voted":666,"spoiled":7,"yays":500,"nays":159},{"committee":"УИК №1840","vibid":"4024023325447","voters":242,"total":230,"voted":230,"spoiled":0,"yays":223,"nays":7},{"committee":"УИК №1841","vibid":"4024023325448","voters":915,"total":881,"voted":881,"spoiled":7,"yays":811,"nays":63},{"committee":"УИК №1842","vibid":"4024023325449","voters":1157,"total":1110,"voted":1110,"spoiled":2,"yays":1008,"nays":100},{"committee":"УИК №1843","vibid":"4024023325450","voters":788,"total":757,"voted":757,"spoiled":12,"yays":689,"nays":56},{"committee":"УИК №1844","vibid":"4024023325451","voters":429,"total":391,"voted":391,"spoiled":0,"yays":302,"nays":89},{"committee":"УИК №1845","vibid":"4024023325452","voters":389,"total":370,"voted":370,"spoiled":3,"yays":352,"nays":15},{"committee":"УИК №1846","vibid":"4024023325453","voters":406,"total":370,"voted":370,"spoiled":3,"yays":337,"nays":30},{"committee":"УИК №1847","vibid":"4024023325454","voters":475,"total":456,"voted":456,"spoiled":3,"yays":412,"nays":41},{"committee":"УИК №1848","vibid":"4024023325455","voters":361,"total":350,"voted":350,"spoiled":3,"yays":315,"nays":32},{"committee":"УИК №1849","vibid":"4024023325456","voters":89,"total":84,"voted":84,"spoiled":2,"yays":74,"nays":8},{"committee":"УИК №1850","vibid":"4024023325457","voters":526,"total":501,"voted":501,"spoiled":2,"yays":449,"nays":50},{"committee":"УИК №1851","vibid":"4024023325458","voters":229,"total":218,"voted":218,"spoiled":2,"yays":199,"nays":17},{"committee":"УИК №1852","vibid":"4024023325459","voters":291,"total":279,"voted":279,"spoiled":2,"yays":246,"nays":31},{"committee":"УИК №1853","vibid":"4024023325460","voters":469,"total":449,"voted":449,"spoiled":2,"yays":407,"nays":40},{"committee":"УИК №1854","vibid":"4024023325461","voters":824,"total":776,"voted":776,"spoiled":3,"yays":709,"nays":64},{"committee":"УИК №1855","vibid":"4024023325462","voters":374,"total":359,"voted":359,"spoiled":1,"yays":324,"nays":34},{"committee":"УИК №1856","vibid":"4024023325463","voters":619,"total":603,"voted":603,"spoiled":0,"yays":549,"nays":54},{"committee":"УИК №1857","vibid":"4024023325464","voters":1429,"total":1368,"voted":1368,"spoiled":14,"yays":1247,"nays":107},{"committee":"УИК №1858","vibid":"4024023325465","voters":353,"total":346,"voted":346,"spoiled":3,"yays":325,"nays":18},{"committee":"УИК №1859","vibid":"4024023325466","voters":279,"total":267,"voted":267,"spoiled":4,"yays":243,"nays":20},{"committee":"УИК №1860","vibid":"4024023325467","voters":565,"total":537,"voted":537,"spoiled":5,"yays":489,"nays":43},{"committee":"УИК №1861","vibid":"4024023325468","voters":361,"total":329,"voted":329,"spoiled":2,"yays":299,"nays":28},{"committee":"УИК №1862","vibid":"4024023325469","voters":81,"total":69,"voted":69,"spoiled":0,"yays":64,"nays":5},{"committee":"УИК №1863","vibid":"4024023325470","voters":448,"total":435,"voted":435,"spoiled":1,"yays":395,"nays":39},{"committee":"УИК №1864","vibid":"4024023325471","voters":185,"total":178,"voted":178,"spoiled":0,"yays":160,"nays":18},{"committee":"УИК №1865","vibid":"4024023325472","voters":635,"total":616,"voted":616,"spoiled":2,"yays":560,"nays":54},{"committee":"УИК №1866","vibid":"4024023325473","voters":493,"total":478,"voted":478,"spoiled":0,"yays":424,"nays":54},{"committee":"УИК №1867","vibid":"4024023325474","voters":214,"total":207,"voted":207,"spoiled":2,"yays":189,"nays":16},{"committee":"УИК №1868","vibid":"4024023325475","voters":430,"total":409,"voted":409,"spoiled":3,"yays":369,"nays":37},{"committee":"УИК №1869","vibid":"4024023325476","voters":438,"total":421,"voted":421,"spoiled":4,"yays":384,"nays":33},{"committee":"УИК №1871","vibid":"4024023325915","voters":336,"total":336,"voted":336,"spoiled":0,"yays":324,"nays":12}]