[{"committee":"УИК №574","vibid":"4034018154567","voters":1670,"total":970,"voted":970,"spoiled":9,"yays":600,"nays":361},{"committee":"УИК №575","vibid":"4034018154568","voters":1835,"total":1004,"voted":1004,"spoiled":5,"yays":607,"nays":392},{"committee":"УИК №576","vibid":"4034018154569","voters":1881,"total":968,"voted":968,"spoiled":10,"yays":586,"nays":372},{"committee":"УИК №577","vibid":"4034018154570","voters":1564,"total":826,"voted":826,"spoiled":3,"yays":520,"nays":303},{"committee":"УИК №578","vibid":"4034018154571","voters":1396,"total":774,"voted":774,"spoiled":3,"yays":509,"nays":262},{"committee":"УИК №579","vibid":"4034018154572","voters":672,"total":320,"voted":320,"spoiled":7,"yays":171,"nays":142},{"committee":"УИК №580","vibid":"4034018154573","voters":1858,"total":724,"voted":724,"spoiled":4,"yays":472,"nays":248},{"committee":"УИК №581","vibid":"4034018154574","voters":1491,"total":616,"voted":615,"spoiled":10,"yays":374,"nays":231},{"committee":"УИК №582","vibid":"4034018154575","voters":1413,"total":567,"voted":567,"spoiled":21,"yays":357,"nays":189},{"committee":"УИК №583","vibid":"4034018154576","voters":1234,"total":737,"voted":737,"spoiled":4,"yays":445,"nays":288},{"committee":"УИК №584","vibid":"4034018154577","voters":2131,"total":972,"voted":972,"spoiled":8,"yays":606,"nays":358}]