[{"committee":"УИК №1651","vibid":"4054041232363","voters":2786,"total":2458,"voted":2458,"spoiled":14,"yays":2151,"nays":293},{"committee":"УИК №1652","vibid":"4054041232364","voters":228,"total":205,"voted":205,"spoiled":1,"yays":186,"nays":18},{"committee":"УИК №1653","vibid":"4054041232365","voters":241,"total":217,"voted":217,"spoiled":2,"yays":197,"nays":18},{"committee":"УИК №1654","vibid":"4054041232366","voters":281,"total":253,"voted":253,"spoiled":0,"yays":230,"nays":23},{"committee":"УИК №1655","vibid":"4054041232367","voters":164,"total":148,"voted":148,"spoiled":1,"yays":135,"nays":12},{"committee":"УИК №1656","vibid":"4054041232368","voters":174,"total":157,"voted":157,"spoiled":0,"yays":143,"nays":14},{"committee":"УИК №1657","vibid":"4054041232369","voters":158,"total":142,"voted":142,"spoiled":1,"yays":129,"nays":12},{"committee":"УИК №1658","vibid":"4054041232370","voters":925,"total":832,"voted":832,"spoiled":3,"yays":757,"nays":72},{"committee":"УИК №1659","vibid":"4054041232371","voters":898,"total":808,"voted":808,"spoiled":1,"yays":80,"nays":727},{"committee":"УИК №1660","vibid":"4054041232372","voters":100,"total":90,"voted":90,"spoiled":0,"yays":82,"nays":8},{"committee":"УИК №1661","vibid":"4054041232373","voters":754,"total":679,"voted":679,"spoiled":3,"yays":618,"nays":58},{"committee":"УИК №1662","vibid":"4054041232374","voters":409,"total":378,"voted":378,"spoiled":1,"yays":344,"nays":33},{"committee":"УИК №1663","vibid":"4054041232375","voters":243,"total":219,"voted":219,"spoiled":2,"yays":199,"nays":18},{"committee":"УИК №1664","vibid":"4054041232376","voters":399,"total":359,"voted":359,"spoiled":1,"yays":327,"nays":31},{"committee":"УИК №1665","vibid":"4054041232377","voters":194,"total":175,"voted":175,"spoiled":0,"yays":159,"nays":16},{"committee":"УИК №1666","vibid":"4054041232378","voters":574,"total":517,"voted":517,"spoiled":3,"yays":470,"nays":44},{"committee":"УИК №1667","vibid":"4054041232379","voters":378,"total":340,"voted":340,"spoiled":1,"yays":309,"nays":30},{"committee":"УИК №1668","vibid":"4054041232380","voters":307,"total":276,"voted":276,"spoiled":2,"yays":251,"nays":23},{"committee":"УИК №1669","vibid":"4054041232381","voters":1571,"total":1414,"voted":1414,"spoiled":6,"yays":1287,"nays":121},{"committee":"УИК №1670","vibid":"4054041232382","voters":466,"total":419,"voted":419,"spoiled":3,"yays":381,"nays":35},{"committee":"УИК №1671","vibid":"4054041232383","voters":537,"total":483,"voted":483,"spoiled":5,"yays":440,"nays":38},{"committee":"УИК №1672","vibid":"4054041232384","voters":209,"total":198,"voted":198,"spoiled":1,"yays":180,"nays":17},{"committee":"УИК №1673","vibid":"4054041232385","voters":302,"total":272,"voted":272,"spoiled":2,"yays":248,"nays":22},{"committee":"УИК №1674","vibid":"4054041232386","voters":553,"total":498,"voted":498,"spoiled":3,"yays":453,"nays":42},{"committee":"УИК №1675","vibid":"4054041232387","voters":303,"total":273,"voted":273,"spoiled":0,"yays":248,"nays":25},{"committee":"УИК №1676","vibid":"4054041232388","voters":83,"total":75,"voted":75,"spoiled":0,"yays":8,"nays":67},{"committee":"УИК №1677","vibid":"4054041232389","voters":445,"total":400,"voted":400,"spoiled":5,"yays":364,"nays":31},{"committee":"УИК №1678","vibid":"4054041232390","voters":134,"total":121,"voted":121,"spoiled":0,"yays":110,"nays":11},{"committee":"УИК №1679","vibid":"4054041232391","voters":225,"total":202,"voted":202,"spoiled":1,"yays":184,"nays":17},{"committee":"УИК №1680","vibid":"4054041232392","voters":298,"total":268,"voted":268,"spoiled":2,"yays":244,"nays":22},{"committee":"УИК №1681","vibid":"4054041232393","voters":526,"total":473,"voted":473,"spoiled":3,"yays":430,"nays":40},{"committee":"УИК №1682","vibid":"4054041232394","voters":150,"total":135,"voted":135,"spoiled":0,"yays":123,"nays":12},{"committee":"УИК №1683","vibid":"4054041232395","voters":65,"total":58,"voted":58,"spoiled":1,"yays":53,"nays":4},{"committee":"УИК №1684","vibid":"4054041232396","voters":317,"total":285,"voted":285,"spoiled":4,"yays":259,"nays":22},{"committee":"УИК №1685","vibid":"4054041232397","voters":246,"total":221,"voted":221,"spoiled":0,"yays":201,"nays":20},{"committee":"УИК №1686","vibid":"4054041232398","voters":205,"total":184,"voted":184,"spoiled":1,"yays":167,"nays":16},{"committee":"УИК №1687","vibid":"4054041232399","voters":151,"total":146,"voted":146,"spoiled":0,"yays":15,"nays":131},{"committee":"УИК №1688","vibid":"4054041232400","voters":157,"total":141,"voted":141,"spoiled":0,"yays":128,"nays":13},{"committee":"УИК №1689","vibid":"4054041232401","voters":197,"total":177,"voted":177,"spoiled":2,"yays":16,"nays":159},{"committee":"УИК №1690","vibid":"4054041232402","voters":352,"total":317,"voted":317,"spoiled":0,"yays":288,"nays":29},{"committee":"УИК №1691","vibid":"4054041232403","voters":211,"total":190,"voted":190,"spoiled":1,"yays":173,"nays":16},{"committee":"УИК №1692","vibid":"4054041232404","voters":74,"total":67,"voted":67,"spoiled":0,"yays":7,"nays":60},{"committee":"УИК №1693","vibid":"4054041232405","voters":297,"total":267,"voted":267,"spoiled":3,"yays":243,"nays":21},{"committee":"УИК №1694","vibid":"4054041232406","voters":221,"total":199,"voted":199,"spoiled":1,"yays":19,"nays":179},{"committee":"УИК №1695","vibid":"4054041232407","voters":925,"total":832,"voted":832,"spoiled":7,"yays":757,"nays":68},{"committee":"УИК №1696","vibid":"4054041232408","voters":23,"total":21,"voted":21,"spoiled":0,"yays":19,"nays":2},{"committee":"УИК №1697","vibid":"4054041232409","voters":778,"total":739,"voted":739,"spoiled":5,"yays":672,"nays":62},{"committee":"УИК №1698","vibid":"4054041232410","voters":68,"total":61,"voted":61,"spoiled":1,"yays":5,"nays":55},{"committee":"УИК №1699","vibid":"4054041232411","voters":1008,"total":907,"voted":907,"spoiled":11,"yays":825,"nays":71},{"committee":"УИК №1700","vibid":"4054041232412","voters":61,"total":55,"voted":55,"spoiled":0,"yays":6,"nays":49},{"committee":"УИК №1701","vibid":"4054041232413","voters":341,"total":307,"voted":307,"spoiled":3,"yays":279,"nays":25},{"committee":"УИК №1702","vibid":"4054041232414","voters":342,"total":308,"voted":308,"spoiled":5,"yays":280,"nays":23},{"committee":"УИК №1703","vibid":"4054041232415","voters":291,"total":262,"voted":262,"spoiled":1,"yays":238,"nays":23},{"committee":"УИК №1704","vibid":"4054041232416","voters":273,"total":246,"voted":246,"spoiled":3,"yays":224,"nays":19},{"committee":"УИК №1705","vibid":"4054041232417","voters":75,"total":67,"voted":67,"spoiled":0,"yays":61,"nays":6},{"committee":"УИК №1706","vibid":"4054041232418","voters":251,"total":226,"voted":226,"spoiled":2,"yays":21,"nays":203},{"committee":"УИК №1707","vibid":"4054041232419","voters":233,"total":210,"voted":210,"spoiled":1,"yays":191,"nays":18}]