[{"committee":"УИК №241","vibid":"4034008227331","voters":313,"total":246,"voted":246,"spoiled":4,"yays":171,"nays":71},{"committee":"УИК №242","vibid":"4034008227332","voters":1945,"total":1001,"voted":1001,"spoiled":4,"yays":651,"nays":346},{"committee":"УИК №243","vibid":"4034008227333","voters":2813,"total":1342,"voted":1342,"spoiled":8,"yays":767,"nays":567},{"committee":"УИК №244","vibid":"4034008227334","voters":3816,"total":1991,"voted":1991,"spoiled":34,"yays":1127,"nays":830},{"committee":"УИК №245","vibid":"4034008227335","voters":2245,"total":1555,"voted":1555,"spoiled":10,"yays":1120,"nays":425},{"committee":"УИК №246","vibid":"4034008227336","voters":2217,"total":1149,"voted":1149,"spoiled":0,"yays":614,"nays":535},{"committee":"УИК №247","vibid":"4034008227337","voters":2659,"total":1501,"voted":1501,"spoiled":10,"yays":738,"nays":753},{"committee":"УИК №248","vibid":"4034008227338","voters":3299,"total":1586,"voted":1586,"spoiled":11,"yays":873,"nays":702},{"committee":"УИК №249","vibid":"4034008227339","voters":523,"total":340,"voted":340,"spoiled":3,"yays":224,"nays":113},{"committee":"УИК №250","vibid":"4034008227340","voters":249,"total":179,"voted":179,"spoiled":3,"yays":144,"nays":32},{"committee":"УИК №251","vibid":"4034008227341","voters":911,"total":503,"voted":503,"spoiled":2,"yays":313,"nays":188},{"committee":"УИК №252","vibid":"4034008227342","voters":1484,"total":774,"voted":774,"spoiled":4,"yays":518,"nays":252},{"committee":"УИК №253","vibid":"4034008227343","voters":2219,"total":1221,"voted":1220,"spoiled":14,"yays":669,"nays":537},{"committee":"УИК №254","vibid":"4034008227344","voters":2002,"total":1028,"voted":1028,"spoiled":11,"yays":668,"nays":349},{"committee":"УИК №255","vibid":"4034008227345","voters":270,"total":184,"voted":184,"spoiled":7,"yays":134,"nays":43},{"committee":"УИК №256","vibid":"4034008227346","voters":86,"total":56,"voted":56,"spoiled":1,"yays":35,"nays":20},{"committee":"УИК №257","vibid":"4034008227347","voters":749,"total":420,"voted":420,"spoiled":1,"yays":248,"nays":171},{"committee":"УИК №258","vibid":"4034008227348","voters":606,"total":401,"voted":401,"spoiled":9,"yays":284,"nays":108},{"committee":"УИК №259","vibid":"4034008227349","voters":619,"total":468,"voted":468,"spoiled":2,"yays":300,"nays":166},{"committee":"УИК №260","vibid":"4034008227350","voters":552,"total":425,"voted":425,"spoiled":3,"yays":265,"nays":157},{"committee":"УИК №261","vibid":"4034008227351","voters":801,"total":457,"voted":457,"spoiled":11,"yays":399,"nays":47},{"committee":"УИК №262","vibid":"4034008227352","voters":1177,"total":757,"voted":757,"spoiled":7,"yays":476,"nays":274},{"committee":"УИК №263","vibid":"4034008227353","voters":423,"total":274,"voted":274,"spoiled":3,"yays":233,"nays":38},{"committee":"УИК №264","vibid":"4034008227354","voters":104,"total":95,"voted":95,"spoiled":0,"yays":89,"nays":6},{"committee":"УИК №265","vibid":"4034008227355","voters":2395,"total":1142,"voted":1142,"spoiled":15,"yays":632,"nays":495},{"committee":"УИК №266","vibid":"4034008227356","voters":1596,"total":768,"voted":768,"spoiled":4,"yays":444,"nays":320},{"committee":"УИК №267","vibid":"4034008227357","voters":3730,"total":2103,"voted":2103,"spoiled":12,"yays":1201,"nays":890}]