[{"committee":"УИК №1800","vibid":"4054055199920","voters":307,"total":252,"voted":252,"spoiled":0,"yays":227,"nays":25},{"committee":"УИК №1801","vibid":"4054055199921","voters":650,"total":600,"voted":600,"spoiled":0,"yays":545,"nays":55},{"committee":"УИК №1802","vibid":"4054055199922","voters":905,"total":812,"voted":812,"spoiled":0,"yays":782,"nays":30},{"committee":"УИК №1803","vibid":"4054055199923","voters":935,"total":812,"voted":812,"spoiled":3,"yays":730,"nays":79},{"committee":"УИК №1804","vibid":"4054055199924","voters":506,"total":308,"voted":308,"spoiled":1,"yays":263,"nays":44},{"committee":"УИК №1805","vibid":"4054055199925","voters":495,"total":420,"voted":420,"spoiled":0,"yays":226,"nays":194},{"committee":"УИК №1806","vibid":"4054055199926","voters":137,"total":110,"voted":110,"spoiled":1,"yays":109,"nays":0},{"committee":"УИК №1807","vibid":"4054055199927","voters":410,"total":390,"voted":390,"spoiled":0,"yays":378,"nays":12},{"committee":"УИК №1808","vibid":"4054055199928","voters":222,"total":206,"voted":206,"spoiled":2,"yays":109,"nays":95},{"committee":"УИК №1809","vibid":"4054055199929","voters":730,"total":692,"voted":692,"spoiled":64,"yays":528,"nays":100},{"committee":"УИК №1810","vibid":"4054055199930","voters":463,"total":404,"voted":404,"spoiled":59,"yays":295,"nays":50},{"committee":"УИК №1811","vibid":"4054055199931","voters":199,"total":181,"voted":181,"spoiled":6,"yays":134,"nays":41}]