[{"committee":"УИК №292","vibid":"9019058356823","voters":2043,"total":1748,"voted":1748,"spoiled":45,"yays":1434,"nays":269},{"committee":"УИК №293","vibid":"9019058356824","voters":2055,"total":1797,"voted":1797,"spoiled":12,"yays":1473,"nays":312},{"committee":"УИК №294","vibid":"9019058356825","voters":2085,"total":1706,"voted":1703,"spoiled":3,"yays":1394,"nays":306},{"committee":"УИК №295","vibid":"9019058356826","voters":2308,"total":1959,"voted":1958,"spoiled":8,"yays":1605,"nays":345},{"committee":"УИК №296","vibid":"9019058356827","voters":2260,"total":1893,"voted":1893,"spoiled":5,"yays":1552,"nays":336},{"committee":"УИК №297","vibid":"9019058356828","voters":1956,"total":1214,"voted":1214,"spoiled":13,"yays":938,"nays":263},{"committee":"УИК №298","vibid":"9019058356829","voters":2095,"total":1825,"voted":1825,"spoiled":8,"yays":1500,"nays":317},{"committee":"УИК №299","vibid":"9019058356830","voters":1644,"total":1487,"voted":1487,"spoiled":8,"yays":1221,"nays":258},{"committee":"УИК №300","vibid":"9019058356831","voters":1736,"total":1498,"voted":1496,"spoiled":2,"yays":1238,"nays":256},{"committee":"УИК №301","vibid":"9019058356832","voters":1961,"total":1652,"voted":1652,"spoiled":54,"yays":1390,"nays":208},{"committee":"УИК №302","vibid":"9019058356833","voters":2122,"total":1862,"voted":1862,"spoiled":7,"yays":1526,"nays":329},{"committee":"УИК №303","vibid":"9019058356834","voters":1772,"total":1510,"voted":1510,"spoiled":5,"yays":1239,"nays":266},{"committee":"УИК №304","vibid":"9019058356835","voters":1909,"total":1642,"voted":1642,"spoiled":10,"yays":1354,"nays":278},{"committee":"УИК №305","vibid":"9019058356836","voters":1734,"total":1509,"voted":1508,"spoiled":5,"yays":1234,"nays":269},{"committee":"УИК №306","vibid":"9019058356837","voters":2189,"total":1775,"voted":1775,"spoiled":2,"yays":1456,"nays":317},{"committee":"УИК №307","vibid":"9019058356838","voters":2426,"total":1994,"voted":1992,"spoiled":10,"yays":1640,"nays":342},{"committee":"УИК №308","vibid":"9019058356839","voters":2434,"total":2065,"voted":2063,"spoiled":5,"yays":1688,"nays":370},{"committee":"УИК №309","vibid":"9019058356840","voters":2331,"total":2088,"voted":2088,"spoiled":6,"yays":1722,"nays":360},{"committee":"УИК №310","vibid":"9019058356841","voters":2213,"total":1973,"voted":1973,"spoiled":41,"yays":1618,"nays":314},{"committee":"УИК №311","vibid":"9019058356842","voters":2449,"total":2191,"voted":2189,"spoiled":24,"yays":1797,"nays":368},{"committee":"УИК №312","vibid":"9019058356843","voters":2440,"total":2121,"voted":2119,"spoiled":5,"yays":1741,"nays":373},{"committee":"УИК №313","vibid":"9019058356844","voters":2175,"total":1875,"voted":1875,"spoiled":21,"yays":1538,"nays":316},{"committee":"УИК №314","vibid":"9019058356845","voters":1661,"total":1519,"voted":1519,"spoiled":3,"yays":1244,"nays":272},{"committee":"УИК №315","vibid":"9019058356846","voters":1956,"total":1487,"voted":1487,"spoiled":17,"yays":1191,"nays":279},{"committee":"УИК №316","vibid":"9019058356847","voters":650,"total":471,"voted":471,"spoiled":11,"yays":382,"nays":78},{"committee":"УИК №317","vibid":"9019058356848","voters":2421,"total":2079,"voted":2079,"spoiled":4,"yays":1708,"nays":367},{"committee":"УИК №318","vibid":"9019058356849","voters":2007,"total":1717,"voted":1717,"spoiled":12,"yays":1414,"nays":291},{"committee":"УИК №319","vibid":"9019058356850","voters":1084,"total":984,"voted":984,"spoiled":11,"yays":825,"nays":148},{"committee":"УИК №320","vibid":"9019058356851","voters":1777,"total":1486,"voted":1486,"spoiled":4,"yays":1211,"nays":271},{"committee":"УИК №321","vibid":"9019058356852","voters":1880,"total":1592,"voted":1588,"spoiled":15,"yays":1301,"nays":272},{"committee":"УИК №322","vibid":"9019058356853","voters":1234,"total":909,"voted":909,"spoiled":0,"yays":749,"nays":160},{"committee":"УИК №323","vibid":"9019058356854","voters":1359,"total":1142,"voted":1142,"spoiled":0,"yays":913,"nays":229},{"committee":"УИК №324","vibid":"9019058356855","voters":2048,"total":1782,"voted":1780,"spoiled":16,"yays":1570,"nays":194},{"committee":"УИК №325","vibid":"9019058356856","voters":1085,"total":956,"voted":954,"spoiled":2,"yays":781,"nays":171},{"committee":"УИК №326","vibid":"9019058356857","voters":2169,"total":1946,"voted":1945,"spoiled":3,"yays":1609,"nays":333},{"committee":"УИК №327","vibid":"9019058356858","voters":1815,"total":1647,"voted":1647,"spoiled":5,"yays":1349,"nays":293},{"committee":"УИК №328","vibid":"9019058356859","voters":1189,"total":1003,"voted":1003,"spoiled":1,"yays":869,"nays":133},{"committee":"УИК №329","vibid":"9019058356860","voters":1585,"total":1079,"voted":1079,"spoiled":51,"yays":888,"nays":140},{"committee":"УИК №330","vibid":"9019058356861","voters":1873,"total":1630,"voted":1625,"spoiled":5,"yays":1337,"nays":283},{"committee":"УИК №331","vibid":"9019058356862","voters":1540,"total":1180,"voted":1180,"spoiled":4,"yays":961,"nays":215},{"committee":"УИК №332","vibid":"9019058356863","voters":1849,"total":1670,"voted":1670,"spoiled":10,"yays":1369,"nays":291},{"committee":"УИК №333","vibid":"9019058356864","voters":1898,"total":1685,"voted":1685,"spoiled":17,"yays":1368,"nays":300},{"committee":"УИК №334","vibid":"9019058356865","voters":1983,"total":1690,"voted":1690,"spoiled":4,"yays":1381,"nays":305},{"committee":"УИК №335","vibid":"9019058356866","voters":2065,"total":1839,"voted":1839,"spoiled":0,"yays":1507,"nays":332},{"committee":"УИК №336","vibid":"9019058356867","voters":1534,"total":1341,"voted":1341,"spoiled":3,"yays":1105,"nays":233},{"committee":"УИК №337","vibid":"9019058356868","voters":2006,"total":1733,"voted":1733,"spoiled":2,"yays":1421,"nays":310},{"committee":"УИК №338","vibid":"9019058356869","voters":1588,"total":1331,"voted":1330,"spoiled":16,"yays":1075,"nays":239},{"committee":"УИК №339","vibid":"9019058356870","voters":2014,"total":1787,"voted":1787,"spoiled":3,"yays":1466,"nays":318},{"committee":"УИК №340","vibid":"9019058356871","voters":1810,"total":1570,"voted":1569,"spoiled":7,"yays":1282,"nays":280},{"committee":"УИК №341","vibid":"9019058356872","voters":1833,"total":1657,"voted":1655,"spoiled":7,"yays":1359,"nays":289},{"committee":"УИК №342","vibid":"9019058356873","voters":2267,"total":1934,"voted":1932,"spoiled":25,"yays":1564,"nays":343},{"committee":"УИК №343","vibid":"9019058356874","voters":2220,"total":1903,"voted":1903,"spoiled":7,"yays":1563,"nays":333},{"committee":"УИК №344","vibid":"9019058356875","voters":2245,"total":1909,"voted":1906,"spoiled":12,"yays":1553,"nays":341},{"committee":"УИК №345","vibid":"9019058356876","voters":1522,"total":1366,"voted":1366,"spoiled":5,"yays":1117,"nays":244},{"committee":"УИК №346","vibid":"9019058356877","voters":1992,"total":1697,"voted":1695,"spoiled":16,"yays":1393,"nays":286},{"committee":"УИК №347","vibid":"9019058356878","voters":1745,"total":1507,"voted":1507,"spoiled":8,"yays":1236,"nays":263},{"committee":"УИК №348","vibid":"9019058356879","voters":1897,"total":1681,"voted":1681,"spoiled":36,"yays":1378,"nays":267},{"committee":"УИК №349","vibid":"9019058356880","voters":2188,"total":1864,"voted":1864,"spoiled":22,"yays":1542,"nays":300},{"committee":"УИК №350","vibid":"9019058356881","voters":1855,"total":1584,"voted":1584,"spoiled":6,"yays":1367,"nays":211},{"committee":"УИК №351","vibid":"9019058356882","voters":2088,"total":1667,"voted":1667,"spoiled":12,"yays":1373,"nays":282},{"committee":"УИК №352","vibid":"9019058356883","voters":1888,"total":1635,"voted":1635,"spoiled":21,"yays":1442,"nays":172},{"committee":"УИК №353","vibid":"9019058356884","voters":2519,"total":2143,"voted":2142,"spoiled":21,"yays":1779,"nays":342},{"committee":"УИК №354","vibid":"9019058358560","voters":182,"total":182,"voted":182,"spoiled":0,"yays":151,"nays":31},{"committee":"УИК №355","vibid":"9019058358561","voters":20,"total":20,"voted":20,"spoiled":1,"yays":14,"nays":5},{"committee":"УИК №356","vibid":"9019058358562","voters":107,"total":105,"voted":105,"spoiled":0,"yays":102,"nays":3}]