[{"committee":"УИК №2496","vibid":"4024072303950","voters":653,"total":620,"voted":620,"spoiled":0,"yays":576,"nays":44},{"committee":"УИК №2497","vibid":"4024072303951","voters":945,"total":926,"voted":926,"spoiled":0,"yays":852,"nays":74},{"committee":"УИК №2498","vibid":"4024072303952","voters":668,"total":649,"voted":649,"spoiled":0,"yays":623,"nays":26},{"committee":"УИК №2499","vibid":"4024072303953","voters":1206,"total":1120,"voted":1120,"spoiled":0,"yays":1031,"nays":89},{"committee":"УИК №2500","vibid":"4024072303954","voters":1500,"total":1246,"voted":1246,"spoiled":7,"yays":922,"nays":317},{"committee":"УИК №2501","vibid":"4024072303955","voters":980,"total":913,"voted":913,"spoiled":3,"yays":867,"nays":43},{"committee":"УИК №2502","vibid":"4024072303956","voters":306,"total":287,"voted":287,"spoiled":0,"yays":262,"nays":25},{"committee":"УИК №2503","vibid":"4024072303957","voters":114,"total":110,"voted":110,"spoiled":0,"yays":102,"nays":8},{"committee":"УИК №2504","vibid":"4024072303958","voters":103,"total":97,"voted":97,"spoiled":0,"yays":93,"nays":4},{"committee":"УИК №2505","vibid":"4024072303959","voters":190,"total":182,"voted":182,"spoiled":1,"yays":174,"nays":7},{"committee":"УИК №2506","vibid":"4024072303960","voters":219,"total":210,"voted":210,"spoiled":0,"yays":205,"nays":5},{"committee":"УИК №2507","vibid":"4024072303961","voters":336,"total":325,"voted":325,"spoiled":0,"yays":319,"nays":6},{"committee":"УИК №2508","vibid":"4024072303962","voters":609,"total":587,"voted":587,"spoiled":0,"yays":558,"nays":29},{"committee":"УИК №2509","vibid":"4024072303963","voters":265,"total":254,"voted":254,"spoiled":0,"yays":237,"nays":17},{"committee":"УИК №2510","vibid":"4024072303964","voters":470,"total":446,"voted":446,"spoiled":0,"yays":415,"nays":31},{"committee":"УИК №2511","vibid":"4024072303965","voters":178,"total":173,"voted":173,"spoiled":0,"yays":167,"nays":6},{"committee":"УИК №2512","vibid":"4024072303966","voters":165,"total":161,"voted":161,"spoiled":0,"yays":152,"nays":9},{"committee":"УИК №2513","vibid":"4024072303967","voters":215,"total":201,"voted":201,"spoiled":0,"yays":181,"nays":20},{"committee":"УИК №2514","vibid":"4024072303968","voters":315,"total":300,"voted":300,"spoiled":0,"yays":276,"nays":24},{"committee":"УИК №2515","vibid":"4024072303969","voters":113,"total":105,"voted":105,"spoiled":0,"yays":95,"nays":10},{"committee":"УИК №2516","vibid":"4024072303970","voters":269,"total":256,"voted":256,"spoiled":0,"yays":240,"nays":16},{"committee":"УИК №2517","vibid":"4024072303971","voters":213,"total":204,"voted":204,"spoiled":2,"yays":193,"nays":9},{"committee":"УИК №2518","vibid":"4024072303972","voters":488,"total":467,"voted":467,"spoiled":0,"yays":435,"nays":32},{"committee":"УИК №2519","vibid":"4024072303973","voters":469,"total":451,"voted":451,"spoiled":0,"yays":423,"nays":28},{"committee":"УИК №2520","vibid":"4024072303974","voters":120,"total":118,"voted":118,"spoiled":0,"yays":108,"nays":10},{"committee":"УИК №2521","vibid":"4024072303975","voters":91,"total":86,"voted":86,"spoiled":0,"yays":82,"nays":4},{"committee":"УИК №2523","vibid":"4024072307281","voters":607,"total":572,"voted":572,"spoiled":0,"yays":527,"nays":45},{"committee":"УИК №2524","vibid":"4024072303978","voters":246,"total":232,"voted":232,"spoiled":0,"yays":223,"nays":9},{"committee":"УИК №2525","vibid":"4024072303979","voters":126,"total":121,"voted":121,"spoiled":0,"yays":115,"nays":6},{"committee":"УИК №2526","vibid":"4024072303980","voters":626,"total":599,"voted":599,"spoiled":0,"yays":557,"nays":42},{"committee":"УИК №2527","vibid":"4024072303981","voters":84,"total":81,"voted":81,"spoiled":0,"yays":78,"nays":3},{"committee":"УИК №2528","vibid":"4024072303982","voters":159,"total":154,"voted":154,"spoiled":0,"yays":146,"nays":8},{"committee":"УИК №2529","vibid":"4024072303983","voters":165,"total":157,"voted":157,"spoiled":0,"yays":154,"nays":3},{"committee":"УИК №2530","vibid":"4024072303984","voters":361,"total":351,"voted":351,"spoiled":0,"yays":332,"nays":19},{"committee":"УИК №2531","vibid":"4024072303985","voters":521,"total":485,"voted":485,"spoiled":5,"yays":456,"nays":24},{"committee":"УИК №2532","vibid":"4024072303986","voters":162,"total":152,"voted":152,"spoiled":0,"yays":143,"nays":9},{"committee":"УИК №2533","vibid":"4024072303987","voters":249,"total":236,"voted":236,"spoiled":0,"yays":216,"nays":20},{"committee":"УИК №2534","vibid":"4024072303988","voters":134,"total":127,"voted":127,"spoiled":0,"yays":119,"nays":8},{"committee":"УИК №2535","vibid":"4024072303989","voters":280,"total":266,"voted":266,"spoiled":2,"yays":247,"nays":17},{"committee":"УИК №2536","vibid":"4024072303990","voters":948,"total":895,"voted":895,"spoiled":2,"yays":834,"nays":59},{"committee":"УИК №2537","vibid":"4024072303991","voters":231,"total":215,"voted":215,"spoiled":0,"yays":201,"nays":14},{"committee":"УИК №2538","vibid":"4024072303992","voters":171,"total":162,"voted":162,"spoiled":0,"yays":154,"nays":8},{"committee":"УИК №2540","vibid":"4024072303993","voters":327,"total":305,"voted":305,"spoiled":3,"yays":275,"nays":27},{"committee":"УИК №2541","vibid":"4024072303994","voters":167,"total":162,"voted":162,"spoiled":0,"yays":154,"nays":8},{"committee":"УИК №2542","vibid":"4024072303995","voters":194,"total":184,"voted":184,"spoiled":0,"yays":174,"nays":10},{"committee":"УИК №2543","vibid":"4024072303996","voters":286,"total":281,"voted":281,"spoiled":0,"yays":268,"nays":13},{"committee":"УИК №2544","vibid":"4024072303997","voters":85,"total":81,"voted":81,"spoiled":0,"yays":76,"nays":5},{"committee":"УИК №2545","vibid":"4024072303998","voters":241,"total":224,"voted":224,"spoiled":0,"yays":210,"nays":14},{"committee":"УИК №2546","vibid":"4024072303999","voters":721,"total":693,"voted":693,"spoiled":0,"yays":656,"nays":37}]