[{"committee":"УИК №1182","vibid":"4024010398281","voters":1924,"total":1857,"voted":1857,"spoiled":1,"yays":1842,"nays":14},{"committee":"УИК №1183","vibid":"4024010398282","voters":763,"total":740,"voted":740,"spoiled":5,"yays":725,"nays":10},{"committee":"УИК №1184","vibid":"4024010398283","voters":1220,"total":1180,"voted":1180,"spoiled":5,"yays":1165,"nays":10},{"committee":"УИК №1185","vibid":"4024010398284","voters":1465,"total":1420,"voted":1420,"spoiled":5,"yays":1405,"nays":10},{"committee":"УИК №1186","vibid":"4024010398285","voters":1018,"total":969,"voted":969,"spoiled":9,"yays":923,"nays":37},{"committee":"УИК №1187","vibid":"4024010398286","voters":1156,"total":1062,"voted":1062,"spoiled":1,"yays":999,"nays":62},{"committee":"УИК №1188","vibid":"4024010398287","voters":1029,"total":937,"voted":937,"spoiled":0,"yays":887,"nays":50},{"committee":"УИК №1189","vibid":"4024010398288","voters":1097,"total":1038,"voted":1038,"spoiled":4,"yays":984,"nays":50},{"committee":"УИК №1190","vibid":"4024010398289","voters":1838,"total":1752,"voted":1752,"spoiled":6,"yays":1667,"nays":79},{"committee":"УИК №1191","vibid":"4024010398290","voters":2629,"total":2524,"voted":2524,"spoiled":11,"yays":2409,"nays":104},{"committee":"УИК №1192","vibid":"4024010398291","voters":2715,"total":2596,"voted":2596,"spoiled":15,"yays":2465,"nays":116},{"committee":"УИК №1194","vibid":"4024010398292","voters":1938,"total":1841,"voted":1841,"spoiled":13,"yays":1749,"nays":79},{"committee":"УИК №1195","vibid":"4024010398293","voters":1834,"total":1742,"voted":1742,"spoiled":23,"yays":1645,"nays":74},{"committee":"УИК №1196","vibid":"4024010398294","voters":2001,"total":1882,"voted":1882,"spoiled":10,"yays":1805,"nays":67},{"committee":"УИК №1197","vibid":"4024010398295","voters":2092,"total":1988,"voted":1988,"spoiled":4,"yays":1897,"nays":87},{"committee":"УИК №1198","vibid":"4024010398296","voters":2257,"total":2146,"voted":2146,"spoiled":22,"yays":2034,"nays":90},{"committee":"УИК №1199","vibid":"4024010398297","voters":1952,"total":1859,"voted":1859,"spoiled":4,"yays":1781,"nays":74},{"committee":"УИК №1200","vibid":"4024010398298","voters":979,"total":930,"voted":930,"spoiled":1,"yays":889,"nays":40},{"committee":"УИК №1201","vibid":"4024010398299","voters":1976,"total":1878,"voted":1878,"spoiled":2,"yays":1784,"nays":92},{"committee":"УИК №1202","vibid":"4024010398300","voters":2001,"total":1903,"voted":1903,"spoiled":16,"yays":1809,"nays":78},{"committee":"УИК №1203","vibid":"4024010398301","voters":2279,"total":2165,"voted":2165,"spoiled":5,"yays":2057,"nays":103},{"committee":"УИК №1204","vibid":"4024010398302","voters":1770,"total":1682,"voted":1682,"spoiled":11,"yays":1599,"nays":72},{"committee":"УИК №1205","vibid":"4024010398303","voters":1779,"total":1725,"voted":1690,"spoiled":8,"yays":1606,"nays":76},{"committee":"УИК №1206","vibid":"4024010398304","voters":2189,"total":2095,"voted":2095,"spoiled":8,"yays":1985,"nays":102},{"committee":"УИК №1207","vibid":"4024010398305","voters":965,"total":926,"voted":926,"spoiled":4,"yays":873,"nays":49},{"committee":"УИК №1208","vibid":"4024010398306","voters":2140,"total":2019,"voted":2019,"spoiled":6,"yays":1914,"nays":99},{"committee":"УИК №1209","vibid":"4024010398307","voters":841,"total":810,"voted":810,"spoiled":4,"yays":769,"nays":37},{"committee":"УИК №1210","vibid":"4024010398308","voters":860,"total":833,"voted":833,"spoiled":4,"yays":793,"nays":36},{"committee":"УИК №1211","vibid":"4024010398309","voters":1977,"total":1888,"voted":1888,"spoiled":6,"yays":1802,"nays":80},{"committee":"УИК №1212","vibid":"4024010398310","voters":842,"total":813,"voted":813,"spoiled":5,"yays":775,"nays":33},{"committee":"УИК №1213","vibid":"4024010398311","voters":956,"total":916,"voted":916,"spoiled":4,"yays":867,"nays":45},{"committee":"УИК №1214","vibid":"4024010398312","voters":1823,"total":1714,"voted":1714,"spoiled":7,"yays":1626,"nays":81},{"committee":"УИК №1215","vibid":"4024010398313","voters":1631,"total":1507,"voted":1507,"spoiled":6,"yays":1406,"nays":95},{"committee":"УИК №1216","vibid":"4024010398314","voters":978,"total":944,"voted":944,"spoiled":4,"yays":879,"nays":61},{"committee":"УИК №1217","vibid":"4024010398315","voters":1024,"total":991,"voted":991,"spoiled":5,"yays":923,"nays":63},{"committee":"УИК №1218","vibid":"4024010398316","voters":891,"total":851,"voted":851,"spoiled":3,"yays":809,"nays":39},{"committee":"УИК №1219","vibid":"4024010398317","voters":771,"total":739,"voted":739,"spoiled":0,"yays":704,"nays":35},{"committee":"УИК №1221","vibid":"4024010398318","voters":2165,"total":2083,"voted":2083,"spoiled":11,"yays":1983,"nays":89},{"committee":"УИК №1222","vibid":"4024010398319","voters":497,"total":477,"voted":477,"spoiled":1,"yays":455,"nays":21},{"committee":"УИК №1224","vibid":"4024010398320","voters":720,"total":686,"voted":686,"spoiled":5,"yays":653,"nays":28},{"committee":"УИК №1226","vibid":"4024010398321","voters":202,"total":193,"voted":193,"spoiled":2,"yays":184,"nays":7},{"committee":"УИК №1227","vibid":"4024010398322","voters":589,"total":567,"voted":567,"spoiled":3,"yays":540,"nays":24},{"committee":"УИК №1228","vibid":"4024010398323","voters":213,"total":205,"voted":205,"spoiled":1,"yays":195,"nays":9},{"committee":"УИК №1229","vibid":"4024010398324","voters":258,"total":250,"voted":248,"spoiled":1,"yays":236,"nays":11},{"committee":"УИК №1230","vibid":"4024010398325","voters":298,"total":285,"voted":285,"spoiled":2,"yays":271,"nays":12},{"committee":"УИК №1231","vibid":"4024010398326","voters":463,"total":450,"voted":443,"spoiled":0,"yays":424,"nays":19},{"committee":"УИК №1232","vibid":"4024010398327","voters":607,"total":577,"voted":577,"spoiled":9,"yays":549,"nays":19},{"committee":"УИК №1233","vibid":"4024010398328","voters":477,"total":455,"voted":455,"spoiled":5,"yays":433,"nays":17},{"committee":"УИК №1234","vibid":"4024010398329","voters":786,"total":756,"voted":756,"spoiled":7,"yays":719,"nays":30},{"committee":"УИК №1236","vibid":"4024010398330","voters":1621,"total":1540,"voted":1540,"spoiled":2,"yays":1464,"nays":74},{"committee":"УИК №1237","vibid":"4024010398331","voters":560,"total":535,"voted":535,"spoiled":0,"yays":508,"nays":27},{"committee":"УИК №1238","vibid":"4024010398332","voters":890,"total":854,"voted":854,"spoiled":10,"yays":811,"nays":33},{"committee":"УИК №1239","vibid":"4024010398333","voters":423,"total":404,"voted":404,"spoiled":6,"yays":384,"nays":14},{"committee":"УИК №1240","vibid":"4024010398334","voters":466,"total":443,"voted":443,"spoiled":1,"yays":420,"nays":22},{"committee":"УИК №1241","vibid":"4024010398335","voters":545,"total":518,"voted":518,"spoiled":1,"yays":491,"nays":26}]