[{"committee":"УИК №3307","vibid":"4024065426472","voters":342,"total":338,"voted":338,"spoiled":0,"yays":326,"nays":12},{"committee":"УИК №3308","vibid":"4024065426473","voters":744,"total":694,"voted":694,"spoiled":1,"yays":568,"nays":125},{"committee":"УИК №3309","vibid":"4024065426474","voters":235,"total":226,"voted":226,"spoiled":2,"yays":214,"nays":10},{"committee":"УИК №3310","vibid":"4024065426475","voters":458,"total":453,"voted":453,"spoiled":2,"yays":448,"nays":3},{"committee":"УИК №3311","vibid":"4024065426476","voters":487,"total":477,"voted":477,"spoiled":1,"yays":393,"nays":83},{"committee":"УИК №3312","vibid":"4024065426477","voters":626,"total":591,"voted":591,"spoiled":5,"yays":562,"nays":24},{"committee":"УИК №3313","vibid":"4024065426478","voters":627,"total":611,"voted":611,"spoiled":11,"yays":573,"nays":27},{"committee":"УИК №3314","vibid":"4024065426479","voters":670,"total":657,"voted":657,"spoiled":4,"yays":620,"nays":33},{"committee":"УИК №3315","vibid":"4024065426480","voters":300,"total":294,"voted":294,"spoiled":4,"yays":280,"nays":10},{"committee":"УИК №3316","vibid":"4024065426481","voters":362,"total":355,"voted":355,"spoiled":1,"yays":337,"nays":17},{"committee":"УИК №3317","vibid":"4024065426482","voters":220,"total":216,"voted":216,"spoiled":0,"yays":211,"nays":5},{"committee":"УИК №3318","vibid":"4024065426483","voters":226,"total":221,"voted":221,"spoiled":0,"yays":210,"nays":11},{"committee":"УИК №3319","vibid":"4024065426484","voters":426,"total":418,"voted":418,"spoiled":1,"yays":414,"nays":3},{"committee":"УИК №3320","vibid":"4024065426485","voters":186,"total":181,"voted":181,"spoiled":2,"yays":172,"nays":7},{"committee":"УИК №3321","vibid":"4024065426486","voters":215,"total":210,"voted":210,"spoiled":0,"yays":199,"nays":11},{"committee":"УИК №3322","vibid":"4024065426487","voters":424,"total":412,"voted":412,"spoiled":4,"yays":391,"nays":17},{"committee":"УИК №3323","vibid":"4024065426488","voters":246,"total":241,"voted":241,"spoiled":0,"yays":234,"nays":7},{"committee":"УИК №3324","vibid":"4024065426489","voters":650,"total":635,"voted":635,"spoiled":3,"yays":603,"nays":29},{"committee":"УИК №3325","vibid":"4024065426490","voters":509,"total":494,"voted":494,"spoiled":0,"yays":470,"nays":24},{"committee":"УИК №3326","vibid":"4024065426491","voters":294,"total":281,"voted":281,"spoiled":0,"yays":262,"nays":19},{"committee":"УИК №3327","vibid":"4024065426492","voters":310,"total":301,"voted":301,"spoiled":0,"yays":296,"nays":5},{"committee":"УИК №3328","vibid":"4024065426493","voters":402,"total":395,"voted":395,"spoiled":0,"yays":375,"nays":20},{"committee":"УИК №3329","vibid":"4024065426494","voters":354,"total":337,"voted":337,"spoiled":5,"yays":320,"nays":12},{"committee":"УИК №3330","vibid":"4024065426495","voters":306,"total":277,"voted":277,"spoiled":6,"yays":257,"nays":14},{"committee":"УИК №3331","vibid":"4024065426496","voters":601,"total":590,"voted":590,"spoiled":0,"yays":572,"nays":18},{"committee":"УИК №3332","vibid":"4024065426497","voters":461,"total":434,"voted":434,"spoiled":1,"yays":424,"nays":9},{"committee":"УИК №3333","vibid":"4024065426498","voters":2034,"total":1851,"voted":1851,"spoiled":14,"yays":1278,"nays":559},{"committee":"УИК №3334","vibid":"4024065426499","voters":1283,"total":1170,"voted":1170,"spoiled":9,"yays":986,"nays":175},{"committee":"УИК №3335","vibid":"4024065426500","voters":483,"total":474,"voted":474,"spoiled":3,"yays":462,"nays":9},{"committee":"УИК №3336","vibid":"4024065426501","voters":233,"total":228,"voted":228,"spoiled":0,"yays":216,"nays":12},{"committee":"УИК №3337","vibid":"4024065426502","voters":356,"total":343,"voted":343,"spoiled":2,"yays":329,"nays":12},{"committee":"УИК №3338","vibid":"4024065426503","voters":759,"total":742,"voted":742,"spoiled":3,"yays":705,"nays":34},{"committee":"УИК №3339","vibid":"4024065426504","voters":286,"total":279,"voted":279,"spoiled":78,"yays":191,"nays":10},{"committee":"УИК №3340","vibid":"4024065426505","voters":1411,"total":1382,"voted":1382,"spoiled":6,"yays":1313,"nays":63},{"committee":"УИК №3341","vibid":"4024065426506","voters":625,"total":613,"voted":613,"spoiled":4,"yays":593,"nays":16},{"committee":"УИК №3342","vibid":"4024065426507","voters":395,"total":386,"voted":386,"spoiled":0,"yays":366,"nays":20},{"committee":"УИК №3343","vibid":"4024065426508","voters":251,"total":246,"voted":246,"spoiled":0,"yays":239,"nays":7},{"committee":"УИК №3344","vibid":"4024065426509","voters":330,"total":324,"voted":324,"spoiled":3,"yays":308,"nays":13},{"committee":"УИК №3345","vibid":"4024065426510","voters":292,"total":286,"voted":286,"spoiled":5,"yays":267,"nays":14},{"committee":"УИК №3346","vibid":"4024065426511","voters":358,"total":345,"voted":345,"spoiled":0,"yays":327,"nays":18},{"committee":"УИК №3347","vibid":"4024065426512","voters":338,"total":321,"voted":321,"spoiled":0,"yays":308,"nays":13},{"committee":"УИК №3348","vibid":"4024065426513","voters":527,"total":516,"voted":516,"spoiled":1,"yays":490,"nays":25},{"committee":"УИК №3349","vibid":"4024065426514","voters":1239,"total":1177,"voted":1177,"spoiled":0,"yays":1118,"nays":59},{"committee":"УИК №3350","vibid":"4024065426515","voters":973,"total":925,"voted":925,"spoiled":0,"yays":878,"nays":47},{"committee":"УИК №3351","vibid":"4024065426516","voters":360,"total":342,"voted":342,"spoiled":0,"yays":325,"nays":17},{"committee":"УИК №3352","vibid":"4024065426517","voters":963,"total":877,"voted":877,"spoiled":0,"yays":851,"nays":26},{"committee":"УИК №3353","vibid":"4024065426518","voters":2143,"total":1953,"voted":1953,"spoiled":3,"yays":1914,"nays":36},{"committee":"УИК №3354","vibid":"4024065426519","voters":1213,"total":1089,"voted":1089,"spoiled":8,"yays":1056,"nays":25},{"committee":"УИК №3355","vibid":"4024065426520","voters":1464,"total":1183,"voted":1183,"spoiled":9,"yays":682,"nays":492},{"committee":"УИК №3356","vibid":"4024065426521","voters":2240,"total":2098,"voted":2098,"spoiled":10,"yays":2050,"nays":38},{"committee":"УИК №3357","vibid":"4024065426522","voters":2064,"total":1879,"voted":1879,"spoiled":5,"yays":1839,"nays":35},{"committee":"УИК №3358","vibid":"4024065426523","voters":2270,"total":2106,"voted":2106,"spoiled":6,"yays":2058,"nays":42},{"committee":"УИК №3359","vibid":"4024065426524","voters":2561,"total":2370,"voted":2370,"spoiled":26,"yays":2323,"nays":21},{"committee":"УИК №3360","vibid":"4024065426525","voters":1980,"total":1803,"voted":1803,"spoiled":12,"yays":1535,"nays":256}]