[{"committee":"УИК №601","vibid":"4064006138614","voters":2230,"total":1501,"voted":1501,"spoiled":25,"yays":1252,"nays":224},{"committee":"УИК №602","vibid":"4064006138615","voters":2672,"total":2143,"voted":2143,"spoiled":31,"yays":1920,"nays":192},{"committee":"УИК №603","vibid":"4064006138616","voters":1610,"total":1302,"voted":1302,"spoiled":12,"yays":1077,"nays":213},{"committee":"УИК №604","vibid":"4064006138617","voters":1746,"total":1528,"voted":1528,"spoiled":18,"yays":1339,"nays":171},{"committee":"УИК №605","vibid":"4064006138618","voters":2236,"total":1754,"voted":1754,"spoiled":42,"yays":1477,"nays":235},{"committee":"УИК №606","vibid":"4064006138619","voters":2705,"total":2191,"voted":2191,"spoiled":23,"yays":1992,"nays":176},{"committee":"УИК №607","vibid":"4064006138620","voters":2756,"total":2267,"voted":2267,"spoiled":16,"yays":2042,"nays":209},{"committee":"УИК №608","vibid":"4064006138621","voters":2607,"total":1715,"voted":1715,"spoiled":17,"yays":1445,"nays":253},{"committee":"УИК №609","vibid":"4064006138622","voters":1394,"total":1178,"voted":1178,"spoiled":9,"yays":1084,"nays":85},{"committee":"УИК №610","vibid":"4064006138623","voters":2698,"total":1703,"voted":1703,"spoiled":14,"yays":1482,"nays":207},{"committee":"УИК №611","vibid":"4064006138624","voters":1585,"total":1232,"voted":1232,"spoiled":29,"yays":1019,"nays":184},{"committee":"УИК №612","vibid":"4064006138625","voters":2020,"total":1094,"voted":1094,"spoiled":14,"yays":1025,"nays":55},{"committee":"УИК №613","vibid":"4064006138626","voters":2659,"total":1953,"voted":1953,"spoiled":28,"yays":1704,"nays":221},{"committee":"УИК №614","vibid":"4064006138627","voters":2018,"total":1501,"voted":1501,"spoiled":17,"yays":1310,"nays":174},{"committee":"УИК №615","vibid":"4064006138628","voters":2595,"total":2087,"voted":2087,"spoiled":32,"yays":1822,"nays":233},{"committee":"УИК №616","vibid":"4064006138629","voters":2610,"total":2213,"voted":2213,"spoiled":21,"yays":2091,"nays":101},{"committee":"УИК №617","vibid":"4064006138630","voters":2818,"total":2105,"voted":2105,"spoiled":16,"yays":1894,"nays":195},{"committee":"УИК №618","vibid":"4064006138631","voters":2541,"total":1995,"voted":1995,"spoiled":8,"yays":1715,"nays":272},{"committee":"УИК №619","vibid":"4064006138632","voters":2524,"total":2107,"voted":2107,"spoiled":25,"yays":1923,"nays":159},{"committee":"УИК №620","vibid":"4064006138633","voters":2681,"total":2542,"voted":2542,"spoiled":147,"yays":2083,"nays":312}]