[{"committee":"УИК №249","vibid":"4054007129459","voters":1707,"total":1557,"voted":1557,"spoiled":2,"yays":1415,"nays":140},{"committee":"УИК №250","vibid":"4054007129460","voters":1987,"total":1793,"voted":1793,"spoiled":30,"yays":1590,"nays":173},{"committee":"УИК №251","vibid":"4054007129461","voters":1864,"total":1563,"voted":1563,"spoiled":3,"yays":1406,"nays":154},{"committee":"УИК №252","vibid":"4054007129462","voters":1206,"total":790,"voted":790,"spoiled":0,"yays":754,"nays":36},{"committee":"УИК №253","vibid":"4054007129463","voters":2131,"total":1666,"voted":1666,"spoiled":3,"yays":1574,"nays":89},{"committee":"УИК №254","vibid":"4054007129464","voters":2527,"total":1490,"voted":1490,"spoiled":0,"yays":900,"nays":590},{"committee":"УИК №255","vibid":"4054007129465","voters":1734,"total":1374,"voted":1374,"spoiled":5,"yays":1252,"nays":117},{"committee":"УИК №256","vibid":"4054007129466","voters":1864,"total":1663,"voted":1663,"spoiled":50,"yays":1457,"nays":156},{"committee":"УИК №257","vibid":"4054007129467","voters":1642,"total":1476,"voted":1476,"spoiled":10,"yays":1259,"nays":207},{"committee":"УИК №258","vibid":"4054007129468","voters":1602,"total":1432,"voted":1432,"spoiled":3,"yays":826,"nays":603},{"committee":"УИК №259","vibid":"4054007129469","voters":1696,"total":1501,"voted":1501,"spoiled":16,"yays":911,"nays":574},{"committee":"УИК №260","vibid":"4054007129470","voters":1951,"total":1803,"voted":1803,"spoiled":9,"yays":1435,"nays":359},{"committee":"УИК №261","vibid":"4054007129471","voters":1819,"total":1773,"voted":1689,"spoiled":2,"yays":1605,"nays":82},{"committee":"УИК №262","vibid":"4054007129472","voters":1566,"total":1496,"voted":1496,"spoiled":13,"yays":1256,"nays":227},{"committee":"УИК №263","vibid":"4054007129473","voters":1996,"total":1751,"voted":1751,"spoiled":6,"yays":1553,"nays":192},{"committee":"УИК №264","vibid":"4054007129474","voters":1640,"total":1470,"voted":1470,"spoiled":0,"yays":1209,"nays":261},{"committee":"УИК №265","vibid":"4054007129475","voters":1608,"total":1004,"voted":1004,"spoiled":7,"yays":939,"nays":58},{"committee":"УИК №266","vibid":"4054007129476","voters":1442,"total":1298,"voted":1298,"spoiled":3,"yays":1015,"nays":280},{"committee":"УИК №267","vibid":"4054007129477","voters":1731,"total":1697,"voted":1697,"spoiled":42,"yays":1595,"nays":60},{"committee":"УИК №268","vibid":"4054007129478","voters":1540,"total":1292,"voted":1292,"spoiled":0,"yays":1079,"nays":213},{"committee":"УИК №269","vibid":"4054007129479","voters":1452,"total":1326,"voted":1326,"spoiled":2,"yays":900,"nays":424},{"committee":"УИК №270","vibid":"4054007129480","voters":826,"total":826,"voted":826,"spoiled":0,"yays":794,"nays":32},{"committee":"УИК №271","vibid":"4054007129481","voters":1298,"total":1298,"voted":1298,"spoiled":5,"yays":1241,"nays":52},{"committee":"УИК №272","vibid":"4054007129482","voters":1298,"total":1298,"voted":1298,"spoiled":3,"yays":1243,"nays":52}]