[{"committee":"УИК №215","vibid":"4044011209598","voters":281,"total":256,"voted":256,"spoiled":3,"yays":157,"nays":96},{"committee":"УИК №216","vibid":"4044011209599","voters":188,"total":169,"voted":169,"spoiled":0,"yays":133,"nays":36},{"committee":"УИК №217","vibid":"4044011209600","voters":494,"total":316,"voted":316,"spoiled":0,"yays":213,"nays":103},{"committee":"УИК №218","vibid":"4044011209601","voters":403,"total":285,"voted":285,"spoiled":2,"yays":171,"nays":112},{"committee":"УИК №219","vibid":"4044011209602","voters":603,"total":411,"voted":411,"spoiled":3,"yays":313,"nays":95},{"committee":"УИК №220","vibid":"4044011209603","voters":512,"total":263,"voted":263,"spoiled":2,"yays":149,"nays":112},{"committee":"УИК №221","vibid":"4044011209604","voters":119,"total":76,"voted":76,"spoiled":0,"yays":47,"nays":29},{"committee":"УИК №222","vibid":"4044011209605","voters":106,"total":72,"voted":72,"spoiled":3,"yays":39,"nays":30},{"committee":"УИК №223","vibid":"4044011209606","voters":271,"total":171,"voted":171,"spoiled":6,"yays":113,"nays":52},{"committee":"УИК №224","vibid":"4044011209607","voters":1494,"total":771,"voted":771,"spoiled":2,"yays":575,"nays":194},{"committee":"УИК №225","vibid":"4044011209608","voters":451,"total":373,"voted":373,"spoiled":1,"yays":285,"nays":87},{"committee":"УИК №226","vibid":"4044011209609","voters":251,"total":202,"voted":202,"spoiled":0,"yays":162,"nays":40},{"committee":"УИК №227","vibid":"4044011209610","voters":66,"total":48,"voted":48,"spoiled":0,"yays":37,"nays":11},{"committee":"УИК №228","vibid":"4044011209611","voters":2110,"total":976,"voted":976,"spoiled":10,"yays":577,"nays":389},{"committee":"УИК №229","vibid":"4044011209612","voters":1850,"total":921,"voted":921,"spoiled":6,"yays":565,"nays":350},{"committee":"УИК №230","vibid":"4044011209613","voters":217,"total":145,"voted":145,"spoiled":1,"yays":100,"nays":44},{"committee":"УИК №231","vibid":"4044011209614","voters":450,"total":302,"voted":302,"spoiled":9,"yays":221,"nays":72},{"committee":"УИК №232","vibid":"4044011209615","voters":163,"total":110,"voted":110,"spoiled":0,"yays":78,"nays":32},{"committee":"УИК №233","vibid":"4044011209616","voters":118,"total":99,"voted":99,"spoiled":0,"yays":88,"nays":11},{"committee":"УИК №234","vibid":"4044011209617","voters":208,"total":173,"voted":173,"spoiled":0,"yays":140,"nays":33},{"committee":"УИК №235","vibid":"4044011209618","voters":163,"total":128,"voted":128,"spoiled":2,"yays":108,"nays":18}]