[{"committee":"УИК №3405","vibid":"4024067371130","voters":1471,"total":1369,"voted":1369,"spoiled":4,"yays":1109,"nays":256},{"committee":"УИК №3406","vibid":"4024067371131","voters":1853,"total":1734,"voted":1734,"spoiled":6,"yays":1432,"nays":296},{"committee":"УИК №3407","vibid":"4024067371132","voters":1230,"total":1132,"voted":1132,"spoiled":31,"yays":914,"nays":187},{"committee":"УИК №3408","vibid":"4024067371133","voters":426,"total":419,"voted":419,"spoiled":1,"yays":393,"nays":25},{"committee":"УИК №3409","vibid":"4024067371134","voters":1411,"total":1355,"voted":1355,"spoiled":5,"yays":1314,"nays":36},{"committee":"УИК №3410","vibid":"4024067371135","voters":669,"total":654,"voted":654,"spoiled":0,"yays":567,"nays":87},{"committee":"УИК №3411","vibid":"4024067371136","voters":1513,"total":1452,"voted":1452,"spoiled":3,"yays":1237,"nays":212},{"committee":"УИК №3412","vibid":"4024067371137","voters":413,"total":404,"voted":404,"spoiled":3,"yays":363,"nays":38},{"committee":"УИК №3413","vibid":"4024067371138","voters":1423,"total":1379,"voted":1379,"spoiled":5,"yays":1355,"nays":19},{"committee":"УИК №3414","vibid":"4024067371139","voters":507,"total":487,"voted":487,"spoiled":5,"yays":373,"nays":109},{"committee":"УИК №3415","vibid":"4024067371140","voters":1271,"total":1169,"voted":1169,"spoiled":6,"yays":1110,"nays":53},{"committee":"УИК №3416","vibid":"4024067371141","voters":1217,"total":1157,"voted":1157,"spoiled":5,"yays":1099,"nays":53},{"committee":"УИК №3417","vibid":"4024067371142","voters":1189,"total":1100,"voted":1100,"spoiled":54,"yays":913,"nays":133},{"committee":"УИК №3418","vibid":"4024067371143","voters":1244,"total":1094,"voted":1094,"spoiled":2,"yays":798,"nays":294},{"committee":"УИК №3419","vibid":"4024067371144","voters":1070,"total":1017,"voted":1017,"spoiled":8,"yays":830,"nays":179},{"committee":"УИК №3420","vibid":"4024067371145","voters":1718,"total":1632,"voted":1632,"spoiled":6,"yays":1537,"nays":89},{"committee":"УИК №3421","vibid":"4024067371146","voters":468,"total":458,"voted":458,"spoiled":0,"yays":387,"nays":71},{"committee":"УИК №3422","vibid":"4024067371147","voters":1474,"total":1399,"voted":1399,"spoiled":3,"yays":1326,"nays":70},{"committee":"УИК №3423","vibid":"4024067371148","voters":1548,"total":1473,"voted":1473,"spoiled":7,"yays":1408,"nays":58},{"committee":"УИК №3424","vibid":"4024067371149","voters":1630,"total":1564,"voted":1564,"spoiled":6,"yays":1517,"nays":41},{"committee":"УИК №3425","vibid":"4024067371150","voters":429,"total":424,"voted":424,"spoiled":0,"yays":298,"nays":126},{"committee":"УИК №3426","vibid":"4024067371151","voters":641,"total":629,"voted":629,"spoiled":3,"yays":611,"nays":15},{"committee":"УИК №3427","vibid":"4024067371152","voters":256,"total":251,"voted":251,"spoiled":0,"yays":242,"nays":9},{"committee":"УИК №3428","vibid":"4024067371153","voters":361,"total":355,"voted":355,"spoiled":4,"yays":323,"nays":28},{"committee":"УИК №3429","vibid":"4024067371154","voters":559,"total":507,"voted":507,"spoiled":3,"yays":420,"nays":84},{"committee":"УИК №3430","vibid":"4024067371155","voters":457,"total":441,"voted":441,"spoiled":3,"yays":420,"nays":18},{"committee":"УИК №3431","vibid":"4024067371156","voters":310,"total":302,"voted":302,"spoiled":3,"yays":292,"nays":7},{"committee":"УИК №3432","vibid":"4024067371157","voters":287,"total":273,"voted":273,"spoiled":0,"yays":270,"nays":3},{"committee":"УИК №3433","vibid":"4024067371158","voters":274,"total":268,"voted":268,"spoiled":2,"yays":259,"nays":7},{"committee":"УИК №3434","vibid":"4024067371159","voters":423,"total":414,"voted":414,"spoiled":1,"yays":409,"nays":4},{"committee":"УИК №3435","vibid":"4024067371160","voters":252,"total":246,"voted":246,"spoiled":0,"yays":243,"nays":3},{"committee":"УИК №3436","vibid":"4024067371161","voters":220,"total":215,"voted":215,"spoiled":0,"yays":206,"nays":9},{"committee":"УИК №3437","vibid":"4024067371162","voters":465,"total":456,"voted":456,"spoiled":1,"yays":443,"nays":12},{"committee":"УИК №3438","vibid":"4024067371163","voters":423,"total":415,"voted":415,"spoiled":2,"yays":401,"nays":12},{"committee":"УИК №3439","vibid":"4024067371164","voters":485,"total":476,"voted":476,"spoiled":0,"yays":462,"nays":14},{"committee":"УИК №3440","vibid":"4024067371165","voters":526,"total":508,"voted":508,"spoiled":3,"yays":468,"nays":37},{"committee":"УИК №3441","vibid":"4024067371166","voters":451,"total":442,"voted":442,"spoiled":0,"yays":428,"nays":14},{"committee":"УИК №3442","vibid":"4024067371167","voters":223,"total":220,"voted":220,"spoiled":0,"yays":213,"nays":7},{"committee":"УИК №3443","vibid":"4024067371168","voters":665,"total":650,"voted":650,"spoiled":4,"yays":478,"nays":168},{"committee":"УИК №3444","vibid":"4024067371169","voters":322,"total":310,"voted":310,"spoiled":1,"yays":252,"nays":57},{"committee":"УИК №3445","vibid":"4024067371170","voters":477,"total":466,"voted":466,"spoiled":0,"yays":451,"nays":15},{"committee":"УИК №3446","vibid":"4024067371171","voters":295,"total":289,"voted":289,"spoiled":0,"yays":280,"nays":9},{"committee":"УИК №3447","vibid":"4024067371172","voters":322,"total":310,"voted":310,"spoiled":0,"yays":302,"nays":8},{"committee":"УИК №3448","vibid":"4024067371173","voters":226,"total":222,"voted":222,"spoiled":0,"yays":216,"nays":6},{"committee":"УИК №3449","vibid":"4024067371174","voters":602,"total":588,"voted":588,"spoiled":0,"yays":526,"nays":62},{"committee":"УИК №3450","vibid":"4024067371175","voters":628,"total":615,"voted":615,"spoiled":5,"yays":589,"nays":21},{"committee":"УИК №3451","vibid":"4024067371176","voters":1392,"total":1366,"voted":1366,"spoiled":0,"yays":1311,"nays":55},{"committee":"УИК №3452","vibid":"4024067371177","voters":485,"total":476,"voted":476,"spoiled":0,"yays":457,"nays":19}]