[{"committee":"УИК №587","vibid":"4034019295088","voters":1331,"total":1088,"voted":1088,"spoiled":7,"yays":925,"nays":156},{"committee":"УИК №588","vibid":"4034019295089","voters":1628,"total":1291,"voted":1291,"spoiled":25,"yays":1034,"nays":232},{"committee":"УИК №589","vibid":"4034019295090","voters":1441,"total":957,"voted":957,"spoiled":7,"yays":770,"nays":180},{"committee":"УИК №590","vibid":"4034019295091","voters":665,"total":474,"voted":474,"spoiled":44,"yays":302,"nays":128},{"committee":"УИК №591","vibid":"4034019295092","voters":1175,"total":803,"voted":803,"spoiled":3,"yays":613,"nays":187},{"committee":"УИК №592","vibid":"4034019295093","voters":2483,"total":1633,"voted":1633,"spoiled":41,"yays":1113,"nays":479},{"committee":"УИК №593","vibid":"4034019295094","voters":754,"total":561,"voted":560,"spoiled":6,"yays":453,"nays":101},{"committee":"УИК №594","vibid":"4034019295095","voters":1695,"total":1060,"voted":1060,"spoiled":25,"yays":929,"nays":106},{"committee":"УИК №595","vibid":"4034019295096","voters":1673,"total":1193,"voted":1193,"spoiled":10,"yays":1026,"nays":157},{"committee":"УИК №596","vibid":"4034019295097","voters":148,"total":101,"voted":101,"spoiled":1,"yays":76,"nays":24},{"committee":"УИК №597","vibid":"4034019295098","voters":2046,"total":1178,"voted":1178,"spoiled":10,"yays":932,"nays":236},{"committee":"УИК №598","vibid":"4034019295099","voters":1500,"total":856,"voted":856,"spoiled":7,"yays":726,"nays":123},{"committee":"УИК №599","vibid":"4034019295100","voters":1671,"total":1610,"voted":1610,"spoiled":17,"yays":1430,"nays":163},{"committee":"УИК №600","vibid":"4034019295101","voters":160,"total":150,"voted":150,"spoiled":0,"yays":135,"nays":15},{"committee":"УИК №601","vibid":"4034019295102","voters":84,"total":77,"voted":77,"spoiled":0,"yays":68,"nays":9},{"committee":"УИК №602","vibid":"4034019295103","voters":369,"total":271,"voted":271,"spoiled":7,"yays":169,"nays":95},{"committee":"УИК №603","vibid":"4034019295104","voters":65,"total":57,"voted":57,"spoiled":1,"yays":55,"nays":1},{"committee":"УИК №604","vibid":"4034019295105","voters":1437,"total":1227,"voted":1227,"spoiled":8,"yays":1102,"nays":117},{"committee":"УИК №605","vibid":"4034019295106","voters":253,"total":200,"voted":200,"spoiled":1,"yays":178,"nays":21},{"committee":"УИК №606","vibid":"4034019295107","voters":1168,"total":998,"voted":998,"spoiled":7,"yays":884,"nays":107},{"committee":"УИК №607","vibid":"4034019295108","voters":109,"total":103,"voted":103,"spoiled":0,"yays":97,"nays":6},{"committee":"УИК №608","vibid":"4034019295109","voters":72,"total":72,"voted":72,"spoiled":0,"yays":63,"nays":9},{"committee":"УИК №609","vibid":"4034019295110","voters":454,"total":454,"voted":454,"spoiled":1,"yays":384,"nays":69},{"committee":"УИК №610","vibid":"4034019295111","voters":103,"total":98,"voted":98,"spoiled":0,"yays":78,"nays":20},{"committee":"УИК №611","vibid":"4034019295112","voters":138,"total":137,"voted":137,"spoiled":0,"yays":131,"nays":6},{"committee":"УИК №612","vibid":"4034019295113","voters":471,"total":453,"voted":453,"spoiled":0,"yays":450,"nays":3},{"committee":"УИК №613","vibid":"4034019295114","voters":1587,"total":1130,"voted":1130,"spoiled":9,"yays":890,"nays":231},{"committee":"УИК №614","vibid":"4034019295115","voters":117,"total":113,"voted":113,"spoiled":9,"yays":93,"nays":11},{"committee":"УИК №615","vibid":"4034019295116","voters":185,"total":148,"voted":148,"spoiled":0,"yays":128,"nays":20},{"committee":"УИК №616","vibid":"4034019295117","voters":716,"total":656,"voted":655,"spoiled":1,"yays":574,"nays":80},{"committee":"УИК №617","vibid":"4034019295118","voters":155,"total":155,"voted":155,"spoiled":0,"yays":134,"nays":21},{"committee":"УИК №618","vibid":"4034019295119","voters":53,"total":45,"voted":45,"spoiled":0,"yays":40,"nays":5},{"committee":"УИК №619","vibid":"4034019295120","voters":435,"total":360,"voted":360,"spoiled":7,"yays":306,"nays":47},{"committee":"УИК №620","vibid":"4034019295121","voters":755,"total":634,"voted":634,"spoiled":1,"yays":588,"nays":45},{"committee":"УИК №621","vibid":"4034019295122","voters":227,"total":198,"voted":198,"spoiled":0,"yays":169,"nays":29},{"committee":"УИК №622","vibid":"4034019295123","voters":526,"total":457,"voted":457,"spoiled":1,"yays":388,"nays":68},{"committee":"УИК №623","vibid":"4034019295124","voters":223,"total":212,"voted":212,"spoiled":0,"yays":202,"nays":10},{"committee":"УИК №624","vibid":"4034019295125","voters":21,"total":21,"voted":21,"spoiled":0,"yays":13,"nays":8},{"committee":"УИК №625","vibid":"4034019295126","voters":190,"total":190,"voted":190,"spoiled":2,"yays":133,"nays":55}]