[{"committee":"УИК №376","vibid":"4034011182422","voters":943,"total":799,"voted":799,"spoiled":1,"yays":772,"nays":26},{"committee":"УИК №377","vibid":"4034011182423","voters":124,"total":103,"voted":103,"spoiled":5,"yays":89,"nays":9},{"committee":"УИК №378","vibid":"4034011182424","voters":70,"total":65,"voted":65,"spoiled":1,"yays":62,"nays":2},{"committee":"УИК №379","vibid":"4034011182425","voters":533,"total":520,"voted":520,"spoiled":2,"yays":516,"nays":2},{"committee":"УИК №380","vibid":"4034011182426","voters":769,"total":621,"voted":621,"spoiled":18,"yays":492,"nays":111},{"committee":"УИК №381","vibid":"4034011182427","voters":114,"total":98,"voted":98,"spoiled":0,"yays":87,"nays":11},{"committee":"УИК №382","vibid":"4034011182428","voters":592,"total":581,"voted":581,"spoiled":4,"yays":572,"nays":5},{"committee":"УИК №383","vibid":"4034011182429","voters":1777,"total":1446,"voted":1446,"spoiled":14,"yays":1051,"nays":381},{"committee":"УИК №384","vibid":"4034011182430","voters":1517,"total":1137,"voted":1137,"spoiled":10,"yays":1035,"nays":92},{"committee":"УИК №385","vibid":"4034011182431","voters":1263,"total":1077,"voted":1077,"spoiled":4,"yays":911,"nays":162},{"committee":"УИК №386","vibid":"4034011182432","voters":488,"total":323,"voted":323,"spoiled":1,"yays":301,"nays":21},{"committee":"УИК №387","vibid":"4034011182433","voters":122,"total":100,"voted":100,"spoiled":1,"yays":77,"nays":22},{"committee":"УИК №388","vibid":"4034011182434","voters":704,"total":604,"voted":604,"spoiled":20,"yays":536,"nays":48},{"committee":"УИК №389","vibid":"4034011182435","voters":582,"total":515,"voted":515,"spoiled":2,"yays":503,"nays":10},{"committee":"УИК №390","vibid":"4034011182436","voters":289,"total":198,"voted":198,"spoiled":2,"yays":134,"nays":62},{"committee":"УИК №391","vibid":"4034011182437","voters":130,"total":104,"voted":104,"spoiled":0,"yays":81,"nays":23},{"committee":"УИК №392","vibid":"4034011182438","voters":509,"total":482,"voted":482,"spoiled":2,"yays":470,"nays":10},{"committee":"УИК №393","vibid":"4034011182439","voters":305,"total":305,"voted":305,"spoiled":1,"yays":304,"nays":0}]