[{"committee":"УИК №816","vibid":"4054023155781","voters":1047,"total":967,"voted":967,"spoiled":38,"yays":885,"nays":44},{"committee":"УИК №817","vibid":"4054023155782","voters":2528,"total":2261,"voted":2261,"spoiled":65,"yays":2136,"nays":60},{"committee":"УИК №818","vibid":"4054023155783","voters":273,"total":250,"voted":250,"spoiled":37,"yays":203,"nays":10},{"committee":"УИК №819","vibid":"4054023155784","voters":261,"total":242,"voted":242,"spoiled":23,"yays":196,"nays":23},{"committee":"УИК №820","vibid":"4054023155785","voters":529,"total":490,"voted":490,"spoiled":76,"yays":399,"nays":15},{"committee":"УИК №821","vibid":"4054023155786","voters":538,"total":483,"voted":483,"spoiled":70,"yays":391,"nays":22},{"committee":"УИК №822","vibid":"4054023155787","voters":187,"total":171,"voted":171,"spoiled":23,"yays":139,"nays":9},{"committee":"УИК №823","vibid":"4054023155788","voters":285,"total":252,"voted":252,"spoiled":38,"yays":204,"nays":10},{"committee":"УИК №824","vibid":"4054023155789","voters":140,"total":125,"voted":125,"spoiled":22,"yays":101,"nays":2},{"committee":"УИК №825","vibid":"4054023155790","voters":717,"total":619,"voted":619,"spoiled":99,"yays":501,"nays":19},{"committee":"УИК №826","vibid":"4054023155791","voters":172,"total":154,"voted":154,"spoiled":26,"yays":125,"nays":3},{"committee":"УИК №827","vibid":"4054023155792","voters":236,"total":210,"voted":210,"spoiled":30,"yays":170,"nays":10},{"committee":"УИК №828","vibid":"4054023155793","voters":163,"total":144,"voted":144,"spoiled":22,"yays":117,"nays":5},{"committee":"УИК №829","vibid":"4054023155794","voters":291,"total":266,"voted":266,"spoiled":51,"yays":215,"nays":0},{"committee":"УИК №830","vibid":"4054023155795","voters":49,"total":49,"voted":49,"spoiled":9,"yays":40,"nays":0},{"committee":"УИК №831","vibid":"4054023155796","voters":40,"total":40,"voted":40,"spoiled":8,"yays":32,"nays":0},{"committee":"УИК №832","vibid":"4054023155797","voters":60,"total":60,"voted":60,"spoiled":11,"yays":49,"nays":0}]