[{"committee":"УИК №131","vibid":"4034005210777","voters":601,"total":595,"voted":595,"spoiled":0,"yays":565,"nays":30},{"committee":"УИК №132","vibid":"4034005210778","voters":243,"total":241,"voted":241,"spoiled":0,"yays":227,"nays":14},{"committee":"УИК №133","vibid":"4034005210779","voters":616,"total":582,"voted":582,"spoiled":0,"yays":554,"nays":28},{"committee":"УИК №134","vibid":"4034005210780","voters":40,"total":40,"voted":40,"spoiled":0,"yays":36,"nays":4},{"committee":"УИК №135","vibid":"4034005210781","voters":200,"total":190,"voted":190,"spoiled":1,"yays":162,"nays":27},{"committee":"УИК №136","vibid":"4034005210782","voters":128,"total":110,"voted":110,"spoiled":0,"yays":103,"nays":7},{"committee":"УИК №137","vibid":"4034005210783","voters":250,"total":250,"voted":250,"spoiled":0,"yays":225,"nays":25},{"committee":"УИК №138","vibid":"4034005210784","voters":332,"total":330,"voted":330,"spoiled":0,"yays":317,"nays":13},{"committee":"УИК №140","vibid":"4034005210785","voters":468,"total":336,"voted":336,"spoiled":2,"yays":276,"nays":58},{"committee":"УИК №141","vibid":"4034005210786","voters":306,"total":260,"voted":260,"spoiled":0,"yays":255,"nays":5},{"committee":"УИК №143","vibid":"4034005210787","voters":132,"total":104,"voted":104,"spoiled":0,"yays":93,"nays":11},{"committee":"УИК №144","vibid":"4034005210788","voters":902,"total":850,"voted":850,"spoiled":3,"yays":804,"nays":43},{"committee":"УИК №145","vibid":"4034005210789","voters":905,"total":900,"voted":900,"spoiled":8,"yays":828,"nays":64},{"committee":"УИК №146","vibid":"4034005210790","voters":868,"total":843,"voted":843,"spoiled":0,"yays":768,"nays":75},{"committee":"УИК №147","vibid":"4034005210791","voters":982,"total":973,"voted":973,"spoiled":4,"yays":890,"nays":79},{"committee":"УИК №148","vibid":"4034005210792","voters":867,"total":862,"voted":862,"spoiled":0,"yays":793,"nays":69},{"committee":"УИК №149","vibid":"4034005210793","voters":161,"total":150,"voted":150,"spoiled":1,"yays":142,"nays":7},{"committee":"УИК №150","vibid":"4034005210794","voters":263,"total":251,"voted":251,"spoiled":3,"yays":230,"nays":18},{"committee":"УИК №151","vibid":"4034005210795","voters":336,"total":334,"voted":334,"spoiled":0,"yays":315,"nays":19},{"committee":"УИК №152","vibid":"4034005210796","voters":722,"total":613,"voted":613,"spoiled":2,"yays":564,"nays":47},{"committee":"УИК №153","vibid":"4034005210797","voters":74,"total":70,"voted":70,"spoiled":0,"yays":69,"nays":1},{"committee":"УИК №154","vibid":"4034005210798","voters":229,"total":220,"voted":220,"spoiled":2,"yays":209,"nays":9},{"committee":"УИК №155","vibid":"4034005210799","voters":510,"total":505,"voted":505,"spoiled":0,"yays":495,"nays":10},{"committee":"УИК №156","vibid":"4034005210800","voters":523,"total":500,"voted":500,"spoiled":1,"yays":476,"nays":23},{"committee":"УИК №157","vibid":"4034005210801","voters":279,"total":276,"voted":276,"spoiled":1,"yays":265,"nays":10},{"committee":"УИК №158","vibid":"4034005210802","voters":282,"total":260,"voted":260,"spoiled":0,"yays":256,"nays":4}]