[{"committee":"УИК №1355","vibid":"4024013337903","voters":849,"total":825,"voted":825,"spoiled":2,"yays":802,"nays":21},{"committee":"УИК №1356","vibid":"4024013337904","voters":137,"total":130,"voted":130,"spoiled":0,"yays":124,"nays":6},{"committee":"УИК №1357","vibid":"4024013337905","voters":86,"total":82,"voted":82,"spoiled":0,"yays":79,"nays":3},{"committee":"УИК №1358","vibid":"4024013337906","voters":704,"total":683,"voted":683,"spoiled":0,"yays":668,"nays":15},{"committee":"УИК №1359","vibid":"4024013337907","voters":95,"total":90,"voted":90,"spoiled":0,"yays":86,"nays":4},{"committee":"УИК №1360","vibid":"4024013337908","voters":315,"total":305,"voted":305,"spoiled":0,"yays":295,"nays":10},{"committee":"УИК №1361","vibid":"4024013337909","voters":1121,"total":1061,"voted":1061,"spoiled":14,"yays":863,"nays":184},{"committee":"УИК №1362","vibid":"4024013337910","voters":932,"total":888,"voted":888,"spoiled":5,"yays":861,"nays":22},{"committee":"УИК №1363","vibid":"4024013337911","voters":961,"total":913,"voted":913,"spoiled":1,"yays":891,"nays":21},{"committee":"УИК №1364","vibid":"4024013337912","voters":1340,"total":1275,"voted":1275,"spoiled":60,"yays":927,"nays":288},{"committee":"УИК №1365","vibid":"4024013337913","voters":902,"total":857,"voted":857,"spoiled":0,"yays":828,"nays":29},{"committee":"УИК №1366","vibid":"4024013337914","voters":321,"total":317,"voted":317,"spoiled":0,"yays":310,"nays":7},{"committee":"УИК №1368","vibid":"4024013337915","voters":312,"total":303,"voted":303,"spoiled":0,"yays":296,"nays":7},{"committee":"УИК №1369","vibid":"4024013337916","voters":336,"total":326,"voted":326,"spoiled":0,"yays":312,"nays":14},{"committee":"УИК №1370","vibid":"4024013337917","voters":167,"total":159,"voted":159,"spoiled":0,"yays":154,"nays":5},{"committee":"УИК №1371","vibid":"4024013337918","voters":332,"total":316,"voted":316,"spoiled":0,"yays":309,"nays":7},{"committee":"УИК №1372","vibid":"4024013337919","voters":255,"total":242,"voted":242,"spoiled":0,"yays":230,"nays":12},{"committee":"УИК №1374","vibid":"4024013337920","voters":746,"total":725,"voted":725,"spoiled":4,"yays":706,"nays":15},{"committee":"УИК №1375","vibid":"4024013337921","voters":270,"total":256,"voted":256,"spoiled":0,"yays":249,"nays":7},{"committee":"УИК №1376","vibid":"4024013337922","voters":195,"total":182,"voted":182,"spoiled":0,"yays":177,"nays":5},{"committee":"УИК №1377","vibid":"4024013337923","voters":210,"total":204,"voted":204,"spoiled":0,"yays":198,"nays":6},{"committee":"УИК №1378","vibid":"4024013337924","voters":145,"total":141,"voted":141,"spoiled":0,"yays":135,"nays":6},{"committee":"УИК №1379","vibid":"4024013337925","voters":107,"total":102,"voted":102,"spoiled":0,"yays":99,"nays":3},{"committee":"УИК №1380","vibid":"4024013337926","voters":591,"total":572,"voted":572,"spoiled":0,"yays":559,"nays":13},{"committee":"УИК №1381","vibid":"4024013337927","voters":140,"total":137,"voted":137,"spoiled":0,"yays":132,"nays":5},{"committee":"УИК №1382","vibid":"4024013337928","voters":325,"total":317,"voted":317,"spoiled":0,"yays":306,"nays":11},{"committee":"УИК №1383","vibid":"4024013337929","voters":359,"total":348,"voted":348,"spoiled":0,"yays":339,"nays":9},{"committee":"УИК №1384","vibid":"4024013337930","voters":102,"total":97,"voted":97,"spoiled":0,"yays":94,"nays":3},{"committee":"УИК №1385","vibid":"4024013337931","voters":766,"total":743,"voted":743,"spoiled":1,"yays":730,"nays":12},{"committee":"УИК №1386","vibid":"4024013337932","voters":297,"total":282,"voted":282,"spoiled":0,"yays":274,"nays":8},{"committee":"УИК №1387","vibid":"4024013337933","voters":368,"total":358,"voted":358,"spoiled":0,"yays":351,"nays":7},{"committee":"УИК №1388","vibid":"4024013337934","voters":949,"total":921,"voted":921,"spoiled":2,"yays":911,"nays":8},{"committee":"УИК №1389","vibid":"4024013337935","voters":466,"total":452,"voted":452,"spoiled":0,"yays":438,"nays":14},{"committee":"УИК №1390","vibid":"4024013337936","voters":641,"total":626,"voted":626,"spoiled":0,"yays":606,"nays":20},{"committee":"УИК №1391","vibid":"4024013337937","voters":55,"total":53,"voted":53,"spoiled":0,"yays":49,"nays":4},{"committee":"УИК №1392","vibid":"4024013337938","voters":193,"total":185,"voted":185,"spoiled":0,"yays":179,"nays":6},{"committee":"УИК №1393","vibid":"4024013337939","voters":786,"total":762,"voted":762,"spoiled":0,"yays":751,"nays":11},{"committee":"УИК №1394","vibid":"4024013337940","voters":133,"total":129,"voted":129,"spoiled":1,"yays":125,"nays":3},{"committee":"УИК №1395","vibid":"4024013337941","voters":212,"total":206,"voted":206,"spoiled":0,"yays":199,"nays":7},{"committee":"УИК №1396","vibid":"4024013337942","voters":193,"total":187,"voted":187,"spoiled":0,"yays":182,"nays":5},{"committee":"УИК №1397","vibid":"4024013337943","voters":593,"total":575,"voted":575,"spoiled":0,"yays":568,"nays":7},{"committee":"УИК №1398","vibid":"4024013337944","voters":183,"total":178,"voted":178,"spoiled":0,"yays":173,"nays":5},{"committee":"УИК №1399","vibid":"4024013337945","voters":139,"total":135,"voted":135,"spoiled":0,"yays":131,"nays":4},{"committee":"УИК №1400","vibid":"4024013337946","voters":92,"total":87,"voted":87,"spoiled":0,"yays":83,"nays":4}]