[{"committee":"УИК №187","vibid":"4014007272307","voters":1568,"total":1425,"voted":1425,"spoiled":6,"yays":1325,"nays":94},{"committee":"УИК №188","vibid":"4014007272308","voters":2038,"total":1793,"voted":1793,"spoiled":0,"yays":1648,"nays":145},{"committee":"УИК №189","vibid":"4014007272309","voters":2296,"total":1938,"voted":1938,"spoiled":17,"yays":1568,"nays":353},{"committee":"УИК №190","vibid":"4014007272310","voters":808,"total":671,"voted":671,"spoiled":3,"yays":576,"nays":92},{"committee":"УИК №191","vibid":"4014007272311","voters":524,"total":448,"voted":448,"spoiled":0,"yays":351,"nays":97},{"committee":"УИК №192","vibid":"4014007272312","voters":265,"total":225,"voted":225,"spoiled":0,"yays":180,"nays":45},{"committee":"УИК №193","vibid":"4014007272313","voters":2846,"total":2289,"voted":2289,"spoiled":28,"yays":1724,"nays":537},{"committee":"УИК №194","vibid":"4014007272314","voters":2101,"total":1983,"voted":1983,"spoiled":10,"yays":1835,"nays":138},{"committee":"УИК №195","vibid":"4014007272315","voters":1544,"total":1276,"voted":1276,"spoiled":2,"yays":1126,"nays":148},{"committee":"УИК №196","vibid":"4014007272316","voters":1851,"total":1501,"voted":1501,"spoiled":6,"yays":1342,"nays":153},{"committee":"УИК №197","vibid":"4014007272317","voters":2007,"total":1634,"voted":1634,"spoiled":10,"yays":1222,"nays":402},{"committee":"УИК №198","vibid":"4014007272318","voters":1598,"total":1392,"voted":1392,"spoiled":10,"yays":1068,"nays":314},{"committee":"УИК №199","vibid":"4014007272319","voters":1113,"total":1013,"voted":1013,"spoiled":8,"yays":814,"nays":191},{"committee":"УИК №200","vibid":"4014007272320","voters":1464,"total":1224,"voted":1224,"spoiled":9,"yays":1057,"nays":158},{"committee":"УИК №201","vibid":"4014007272321","voters":220,"total":174,"voted":174,"spoiled":1,"yays":118,"nays":55},{"committee":"УИК №202","vibid":"4014007272322","voters":395,"total":348,"voted":348,"spoiled":2,"yays":302,"nays":44},{"committee":"УИК №203","vibid":"4014007272323","voters":681,"total":573,"voted":573,"spoiled":3,"yays":514,"nays":56},{"committee":"УИК №204","vibid":"4014007272324","voters":298,"total":261,"voted":261,"spoiled":0,"yays":232,"nays":29},{"committee":"УИК №205","vibid":"4014007272325","voters":1810,"total":1685,"voted":1685,"spoiled":0,"yays":1517,"nays":168},{"committee":"УИК №206","vibid":"4014007272326","voters":2398,"total":1952,"voted":1952,"spoiled":0,"yays":1689,"nays":263},{"committee":"УИК №207","vibid":"4014007272327","voters":3113,"total":2549,"voted":2549,"spoiled":29,"yays":2349,"nays":171},{"committee":"УИК №208","vibid":"4014007272328","voters":1695,"total":1202,"voted":1202,"spoiled":2,"yays":1086,"nays":114},{"committee":"УИК №209","vibid":"4014007272329","voters":3023,"total":2704,"voted":2704,"spoiled":7,"yays":2487,"nays":210},{"committee":"УИК №210","vibid":"4014007272330","voters":2290,"total":1898,"voted":1898,"spoiled":13,"yays":1756,"nays":129},{"committee":"УИК №211","vibid":"4014007272331","voters":3141,"total":2550,"voted":2550,"spoiled":14,"yays":1882,"nays":654},{"committee":"УИК №212","vibid":"4014007272332","voters":1283,"total":1097,"voted":1097,"spoiled":5,"yays":980,"nays":112},{"committee":"УИК №213","vibid":"4014007272333","voters":1535,"total":1401,"voted":1401,"spoiled":11,"yays":1259,"nays":131},{"committee":"УИК №214","vibid":"4014007272334","voters":1828,"total":1501,"voted":1501,"spoiled":7,"yays":1327,"nays":167},{"committee":"УИК №215","vibid":"4014007272335","voters":1315,"total":920,"voted":920,"spoiled":8,"yays":675,"nays":237},{"committee":"УИК №216","vibid":"4014007272336","voters":168,"total":129,"voted":129,"spoiled":0,"yays":112,"nays":17},{"committee":"УИК №217","vibid":"4014007272337","voters":2366,"total":2013,"voted":2013,"spoiled":24,"yays":1599,"nays":390},{"committee":"УИК №218","vibid":"4014007272338","voters":1527,"total":1306,"voted":1306,"spoiled":1,"yays":1116,"nays":189},{"committee":"УИК №219","vibid":"4014007272339","voters":3192,"total":2723,"voted":2723,"spoiled":0,"yays":2233,"nays":490},{"committee":"УИК №220","vibid":"4014007272340","voters":352,"total":306,"voted":306,"spoiled":0,"yays":263,"nays":43},{"committee":"УИК №221","vibid":"4014007272341","voters":1546,"total":1334,"voted":1334,"spoiled":13,"yays":1063,"nays":258},{"committee":"УИК №222","vibid":"4014007272342","voters":1266,"total":1062,"voted":1062,"spoiled":0,"yays":915,"nays":147},{"committee":"УИК №223","vibid":"4014007272343","voters":460,"total":392,"voted":392,"spoiled":1,"yays":264,"nays":127},{"committee":"УИК №224","vibid":"4014007272344","voters":208,"total":192,"voted":192,"spoiled":0,"yays":148,"nays":44},{"committee":"УИК №225","vibid":"4014007272345","voters":293,"total":249,"voted":249,"spoiled":2,"yays":199,"nays":48},{"committee":"УИК №276","vibid":"4014007272346","voters":2118,"total":1604,"voted":1604,"spoiled":10,"yays":1302,"nays":292}]