[{"committee":"УИК №147","vibid":"4094005339828","voters":414,"total":374,"voted":374,"spoiled":0,"yays":301,"nays":73},{"committee":"УИК №148","vibid":"4094005339829","voters":314,"total":264,"voted":264,"spoiled":6,"yays":224,"nays":34},{"committee":"УИК №149","vibid":"4094005339830","voters":2419,"total":2082,"voted":2082,"spoiled":0,"yays":1829,"nays":253},{"committee":"УИК №150","vibid":"4094005339831","voters":1628,"total":1458,"voted":1458,"spoiled":4,"yays":1214,"nays":240},{"committee":"УИК №151","vibid":"4094005339832","voters":1313,"total":1070,"voted":1070,"spoiled":14,"yays":858,"nays":198},{"committee":"УИК №152","vibid":"4094005339833","voters":1958,"total":1642,"voted":1642,"spoiled":0,"yays":1430,"nays":212},{"committee":"УИК №153","vibid":"4094005339834","voters":1344,"total":1153,"voted":1153,"spoiled":3,"yays":948,"nays":202},{"committee":"УИК №154","vibid":"4094005339835","voters":2266,"total":2018,"voted":2018,"spoiled":0,"yays":1710,"nays":308},{"committee":"УИК №155","vibid":"4094005339836","voters":1981,"total":1700,"voted":1700,"spoiled":0,"yays":1382,"nays":318},{"committee":"УИК №156","vibid":"4094005339837","voters":2521,"total":2172,"voted":2172,"spoiled":8,"yays":1906,"nays":258},{"committee":"УИК №157","vibid":"4094005339838","voters":1736,"total":1566,"voted":1566,"spoiled":0,"yays":1228,"nays":338},{"committee":"УИК №158","vibid":"4094005339839","voters":2014,"total":1696,"voted":1696,"spoiled":0,"yays":1446,"nays":250},{"committee":"УИК №159","vibid":"4094005339840","voters":2142,"total":1833,"voted":1833,"spoiled":0,"yays":1539,"nays":294},{"committee":"УИК №160","vibid":"4094005339841","voters":2105,"total":1843,"voted":1843,"spoiled":0,"yays":1563,"nays":280},{"committee":"УИК №161","vibid":"4094005339842","voters":591,"total":478,"voted":478,"spoiled":0,"yays":422,"nays":56},{"committee":"УИК №162","vibid":"4094005339843","voters":1128,"total":926,"voted":926,"spoiled":0,"yays":736,"nays":190},{"committee":"УИК №163","vibid":"4094005339844","voters":991,"total":804,"voted":804,"spoiled":0,"yays":684,"nays":120}]