[{"committee":"УИК №642","vibid":"4024049357677","voters":1948,"total":1750,"voted":1750,"spoiled":0,"yays":1383,"nays":367},{"committee":"УИК №643","vibid":"4024049357679","voters":2351,"total":2115,"voted":2115,"spoiled":8,"yays":1826,"nays":281},{"committee":"УИК №644","vibid":"4024049357680","voters":2024,"total":1876,"voted":1876,"spoiled":5,"yays":1503,"nays":368},{"committee":"УИК №645","vibid":"4024049357681","voters":2388,"total":2127,"voted":2127,"spoiled":12,"yays":1618,"nays":497},{"committee":"УИК №646","vibid":"4024049357682","voters":2075,"total":1868,"voted":1868,"spoiled":5,"yays":1494,"nays":369},{"committee":"УИК №647","vibid":"4024049357683","voters":872,"total":781,"voted":781,"spoiled":4,"yays":594,"nays":183},{"committee":"УИК №648","vibid":"4024049357684","voters":1839,"total":1613,"voted":1613,"spoiled":3,"yays":1226,"nays":384},{"committee":"УИК №649","vibid":"4024049357685","voters":1684,"total":1477,"voted":1477,"spoiled":5,"yays":1104,"nays":368},{"committee":"УИК №650","vibid":"4024049357686","voters":1910,"total":1775,"voted":1775,"spoiled":12,"yays":1275,"nays":488},{"committee":"УИК №651","vibid":"4024049357687","voters":1165,"total":1045,"voted":1045,"spoiled":3,"yays":798,"nays":244},{"committee":"УИК №652","vibid":"4024049357688","voters":1860,"total":1630,"voted":1630,"spoiled":7,"yays":1239,"nays":384},{"committee":"УИК №653","vibid":"4024049357689","voters":1968,"total":1668,"voted":1668,"spoiled":6,"yays":1256,"nays":406},{"committee":"УИК №654","vibid":"4024049357690","voters":1246,"total":1112,"voted":1112,"spoiled":6,"yays":834,"nays":272},{"committee":"УИК №655","vibid":"4024049357691","voters":1736,"total":1547,"voted":1547,"spoiled":13,"yays":1090,"nays":444},{"committee":"УИК №656","vibid":"4024049357692","voters":1164,"total":1035,"voted":1035,"spoiled":4,"yays":917,"nays":114},{"committee":"УИК №657","vibid":"4024049357693","voters":2561,"total":2256,"voted":2256,"spoiled":11,"yays":1728,"nays":517},{"committee":"УИК №658","vibid":"4024049357694","voters":1967,"total":1720,"voted":1719,"spoiled":12,"yays":1306,"nays":401},{"committee":"УИК №659","vibid":"4024049357695","voters":2101,"total":1824,"voted":1824,"spoiled":5,"yays":1386,"nays":433},{"committee":"УИК №660","vibid":"4024049357696","voters":1827,"total":1617,"voted":1617,"spoiled":5,"yays":1202,"nays":410},{"committee":"УИК №661","vibid":"4024049357697","voters":601,"total":528,"voted":527,"spoiled":5,"yays":393,"nays":129},{"committee":"УИК №662","vibid":"4024049357698","voters":1816,"total":1591,"voted":1591,"spoiled":6,"yays":1205,"nays":380},{"committee":"УИК №663","vibid":"4024049357699","voters":2038,"total":1804,"voted":1804,"spoiled":5,"yays":1365,"nays":434},{"committee":"УИК №664","vibid":"4024049357700","voters":1131,"total":992,"voted":992,"spoiled":6,"yays":853,"nays":133},{"committee":"УИК №665","vibid":"4024049357701","voters":2014,"total":1774,"voted":1774,"spoiled":23,"yays":1451,"nays":300},{"committee":"УИК №666","vibid":"4024049357702","voters":2183,"total":1913,"voted":1913,"spoiled":5,"yays":1444,"nays":464},{"committee":"УИК №667","vibid":"4024049357703","voters":2238,"total":2003,"voted":2003,"spoiled":32,"yays":1478,"nays":493},{"committee":"УИК №668","vibid":"4024049357704","voters":1609,"total":1407,"voted":1407,"spoiled":11,"yays":1053,"nays":343},{"committee":"УИК №669","vibid":"4024049357705","voters":1804,"total":1578,"voted":1578,"spoiled":13,"yays":1184,"nays":381},{"committee":"УИК №670","vibid":"4024049357706","voters":1751,"total":1550,"voted":1550,"spoiled":8,"yays":1163,"nays":379},{"committee":"УИК №671","vibid":"4024049357707","voters":1702,"total":1463,"voted":1463,"spoiled":6,"yays":1248,"nays":209},{"committee":"УИК №672","vibid":"4024049357708","voters":2193,"total":1922,"voted":1922,"spoiled":2,"yays":1477,"nays":443},{"committee":"УИК №673","vibid":"4024049357709","voters":2198,"total":1927,"voted":1927,"spoiled":9,"yays":1449,"nays":469},{"committee":"УИК №674","vibid":"4024049357710","voters":1808,"total":1599,"voted":1599,"spoiled":0,"yays":1279,"nays":320},{"committee":"УИК №675","vibid":"4024049357711","voters":1466,"total":1276,"voted":1275,"spoiled":6,"yays":957,"nays":312},{"committee":"УИК №676","vibid":"4024049357712","voters":1119,"total":980,"voted":980,"spoiled":3,"yays":735,"nays":242},{"committee":"УИК №677","vibid":"4024049357713","voters":2060,"total":1803,"voted":1803,"spoiled":5,"yays":1556,"nays":242},{"committee":"УИК №678","vibid":"4024049357714","voters":1535,"total":1336,"voted":1336,"spoiled":4,"yays":1003,"nays":329},{"committee":"УИК №679","vibid":"4024049357715","voters":2537,"total":2298,"voted":2298,"spoiled":59,"yays":1775,"nays":464},{"committee":"УИК №680","vibid":"4024049357716","voters":2004,"total":1728,"voted":1728,"spoiled":14,"yays":1323,"nays":391},{"committee":"УИК №681","vibid":"4024049357717","voters":943,"total":826,"voted":826,"spoiled":2,"yays":631,"nays":193},{"committee":"УИК №682","vibid":"4024049357718","voters":1446,"total":1248,"voted":1248,"spoiled":12,"yays":934,"nays":302},{"committee":"УИК №683","vibid":"4024049357719","voters":1888,"total":1652,"voted":1652,"spoiled":2,"yays":1239,"nays":411},{"committee":"УИК №684","vibid":"4024049357720","voters":1123,"total":977,"voted":977,"spoiled":11,"yays":842,"nays":124},{"committee":"УИК №685","vibid":"4024049357721","voters":1840,"total":1655,"voted":1655,"spoiled":21,"yays":1405,"nays":229},{"committee":"УИК №686","vibid":"4024049357722","voters":1491,"total":1308,"voted":1308,"spoiled":7,"yays":982,"nays":319},{"committee":"УИК №687","vibid":"4024049357723","voters":1429,"total":1252,"voted":1252,"spoiled":0,"yays":964,"nays":288},{"committee":"УИК №688","vibid":"4024049357724","voters":1292,"total":1132,"voted":1132,"spoiled":5,"yays":856,"nays":271},{"committee":"УИК №689","vibid":"4024049357725","voters":1461,"total":1315,"voted":1315,"spoiled":8,"yays":1000,"nays":307},{"committee":"УИК №690","vibid":"4024049357726","voters":1129,"total":1030,"voted":1029,"spoiled":7,"yays":907,"nays":115},{"committee":"УИК №691","vibid":"4024049357727","voters":1957,"total":1664,"voted":1663,"spoiled":25,"yays":1425,"nays":213},{"committee":"УИК №692","vibid":"4024049357728","voters":1311,"total":1172,"voted":1172,"spoiled":12,"yays":893,"nays":267},{"committee":"УИК №693","vibid":"4024049357729","voters":1881,"total":1693,"voted":1693,"spoiled":8,"yays":1287,"nays":398},{"committee":"УИК №694","vibid":"4024049357730","voters":1610,"total":1418,"voted":1418,"spoiled":5,"yays":1093,"nays":320},{"committee":"УИК №695","vibid":"4024049357731","voters":1748,"total":1533,"voted":1533,"spoiled":8,"yays":1144,"nays":381},{"committee":"УИК №696","vibid":"4024049357732","voters":1260,"total":1096,"voted":1096,"spoiled":4,"yays":832,"nays":260},{"committee":"УИК №697","vibid":"4024049357733","voters":1727,"total":1527,"voted":1527,"spoiled":6,"yays":1116,"nays":405},{"committee":"УИК №698","vibid":"4024049357734","voters":1302,"total":1144,"voted":1144,"spoiled":12,"yays":860,"nays":272},{"committee":"УИК №699","vibid":"4024049357735","voters":2142,"total":1905,"voted":1905,"spoiled":5,"yays":1429,"nays":471},{"committee":"УИК №700","vibid":"4024049357736","voters":2044,"total":1860,"voted":1860,"spoiled":13,"yays":1384,"nays":463},{"committee":"УИК №701","vibid":"4024049357737","voters":2104,"total":1845,"voted":1845,"spoiled":2,"yays":1511,"nays":332},{"committee":"УИК №702","vibid":"4024049357738","voters":2231,"total":1981,"voted":1981,"spoiled":3,"yays":1807,"nays":171},{"committee":"УИК №703","vibid":"4024049357739","voters":2344,"total":2054,"voted":2054,"spoiled":7,"yays":1548,"nays":499},{"committee":"УИК №704","vibid":"4024049357740","voters":2351,"total":2071,"voted":2071,"spoiled":5,"yays":1604,"nays":462},{"committee":"УИК №705","vibid":"4024049357741","voters":1579,"total":1391,"voted":1391,"spoiled":5,"yays":1072,"nays":314},{"committee":"УИК №706","vibid":"4024049357742","voters":1613,"total":1414,"voted":1414,"spoiled":23,"yays":1154,"nays":237},{"committee":"УИК №707","vibid":"4024049357743","voters":1717,"total":1506,"voted":1506,"spoiled":17,"yays":1127,"nays":362},{"committee":"УИК №708","vibid":"4024049357744","voters":1525,"total":1345,"voted":1345,"spoiled":3,"yays":998,"nays":344},{"committee":"УИК №709","vibid":"4024049357745","voters":1918,"total":1689,"voted":1689,"spoiled":4,"yays":1293,"nays":392},{"committee":"УИК №710","vibid":"4024049357746","voters":1244,"total":1091,"voted":1091,"spoiled":7,"yays":858,"nays":226},{"committee":"УИК №711","vibid":"4024049357747","voters":1820,"total":1595,"voted":1595,"spoiled":16,"yays":1227,"nays":352},{"committee":"УИК №712","vibid":"4024049357748","voters":1479,"total":1296,"voted":1296,"spoiled":2,"yays":984,"nays":310},{"committee":"УИК №713","vibid":"4024049357749","voters":2296,"total":2058,"voted":2058,"spoiled":10,"yays":1655,"nays":393},{"committee":"УИК №714","vibid":"4024049357750","voters":1488,"total":1294,"voted":1294,"spoiled":7,"yays":970,"nays":317},{"committee":"УИК №715","vibid":"4024049357751","voters":1435,"total":1248,"voted":1248,"spoiled":7,"yays":948,"nays":293},{"committee":"УИК №716","vibid":"4024049357752","voters":1392,"total":1222,"voted":1222,"spoiled":3,"yays":920,"nays":299},{"committee":"УИК №717","vibid":"4024049357753","voters":2034,"total":1794,"voted":1794,"spoiled":9,"yays":1350,"nays":435},{"committee":"УИК №718","vibid":"4024049357754","voters":1602,"total":1407,"voted":1407,"spoiled":4,"yays":1061,"nays":342},{"committee":"УИК №719","vibid":"4024049357755","voters":2422,"total":2117,"voted":2117,"spoiled":16,"yays":1761,"nays":340},{"committee":"УИК №720","vibid":"4024049357756","voters":1576,"total":1379,"voted":1379,"spoiled":5,"yays":1051,"nays":323},{"committee":"УИК №721","vibid":"4024049357757","voters":1890,"total":1685,"voted":1685,"spoiled":4,"yays":1488,"nays":193},{"committee":"УИК №722","vibid":"4024049357758","voters":2183,"total":1868,"voted":1868,"spoiled":20,"yays":1653,"nays":195},{"committee":"УИК №723","vibid":"4024049357759","voters":2451,"total":2158,"voted":2158,"spoiled":4,"yays":1636,"nays":518},{"committee":"УИК №724","vibid":"4024049357760","voters":1966,"total":1728,"voted":1728,"spoiled":8,"yays":1304,"nays":416},{"committee":"УИК №725","vibid":"4024049357761","voters":2453,"total":2150,"voted":2150,"spoiled":0,"yays":1613,"nays":537},{"committee":"УИК №726","vibid":"4024049357762","voters":1427,"total":1284,"voted":1284,"spoiled":11,"yays":988,"nays":285},{"committee":"УИК №727","vibid":"4024049357763","voters":2606,"total":2284,"voted":2284,"spoiled":7,"yays":1713,"nays":564},{"committee":"УИК №728","vibid":"4024049357764","voters":1008,"total":883,"voted":883,"spoiled":2,"yays":681,"nays":200},{"committee":"УИК №729","vibid":"4024049357765","voters":1105,"total":901,"voted":901,"spoiled":5,"yays":675,"nays":221},{"committee":"УИК №730","vibid":"4024049357766","voters":1549,"total":1366,"voted":1366,"spoiled":2,"yays":1051,"nays":313},{"committee":"УИК №731","vibid":"4024049357767","voters":1950,"total":1707,"voted":1707,"spoiled":6,"yays":1293,"nays":408},{"committee":"УИК №732","vibid":"4024049357768","voters":2140,"total":1876,"voted":1876,"spoiled":13,"yays":1403,"nays":460},{"committee":"УИК №733","vibid":"4024049357769","voters":2017,"total":1820,"voted":1820,"spoiled":1,"yays":1452,"nays":367},{"committee":"УИК №734","vibid":"4024049357770","voters":1619,"total":1417,"voted":1417,"spoiled":5,"yays":1063,"nays":349},{"committee":"УИК №735","vibid":"4024049357771","voters":1181,"total":1028,"voted":1028,"spoiled":1,"yays":776,"nays":251},{"committee":"УИК №736","vibid":"4024049357772","voters":1482,"total":1299,"voted":1299,"spoiled":6,"yays":981,"nays":312},{"committee":"УИК №737","vibid":"4024049357773","voters":1187,"total":1033,"voted":1032,"spoiled":48,"yays":798,"nays":186},{"committee":"УИК №738","vibid":"4024049357774","voters":1665,"total":1470,"voted":1470,"spoiled":3,"yays":1102,"nays":365},{"committee":"УИК №739","vibid":"4024049357775","voters":1795,"total":1575,"voted":1575,"spoiled":14,"yays":1187,"nays":374},{"committee":"УИК №740","vibid":"4024049357776","voters":2435,"total":2098,"voted":2098,"spoiled":6,"yays":1562,"nays":530},{"committee":"УИК №741","vibid":"4024049357777","voters":1346,"total":1187,"voted":1187,"spoiled":1,"yays":879,"nays":307},{"committee":"УИК №742","vibid":"4024049357778","voters":2716,"total":2396,"voted":2396,"spoiled":2,"yays":1792,"nays":602},{"committee":"УИК №743","vibid":"4024049357779","voters":1089,"total":897,"voted":897,"spoiled":5,"yays":704,"nays":188},{"committee":"УИК №744","vibid":"4024049357780","voters":1690,"total":1408,"voted":1408,"spoiled":4,"yays":1054,"nays":350},{"committee":"УИК №745","vibid":"4024049357781","voters":1531,"total":1342,"voted":1342,"spoiled":4,"yays":1006,"nays":332},{"committee":"УИК №746","vibid":"4024049357782","voters":2020,"total":1834,"voted":1834,"spoiled":0,"yays":1362,"nays":472},{"committee":"УИК №747","vibid":"4024049357783","voters":1740,"total":1532,"voted":1532,"spoiled":21,"yays":1134,"nays":377},{"committee":"УИК №748","vibid":"4024049357784","voters":1328,"total":1188,"voted":1187,"spoiled":2,"yays":903,"nays":282},{"committee":"УИК №749","vibid":"4024049357785","voters":2252,"total":2023,"voted":2023,"spoiled":4,"yays":1514,"nays":505},{"committee":"УИК №750","vibid":"4024049359063","voters":38,"total":38,"voted":38,"spoiled":0,"yays":35,"nays":3},{"committee":"УИК №751","vibid":"4024049359077","voters":330,"total":330,"voted":330,"spoiled":17,"yays":264,"nays":49},{"committee":"УИК №752","vibid":"4024049359078","voters":196,"total":196,"voted":196,"spoiled":0,"yays":154,"nays":42},{"committee":"УИК №753","vibid":"4024049359079","voters":182,"total":179,"voted":179,"spoiled":0,"yays":149,"nays":30},{"committee":"УИК №3460","vibid":"4024049357787","voters":1357,"total":1198,"voted":1198,"spoiled":4,"yays":898,"nays":296},{"committee":"УИК №3461","vibid":"4024049357788","voters":1852,"total":1624,"voted":1624,"spoiled":7,"yays":1236,"nays":381},{"committee":"УИК №3495","vibid":"4024049359080","voters":197,"total":197,"voted":197,"spoiled":6,"yays":149,"nays":42},{"committee":"УИК №3496","vibid":"4024049359081","voters":108,"total":108,"voted":108,"spoiled":0,"yays":58,"nays":50},{"committee":"УИК №3500","vibid":"4024049357789","voters":2247,"total":1992,"voted":1992,"spoiled":10,"yays":1459,"nays":523},{"committee":"УИК №3501","vibid":"4024049357790","voters":1975,"total":1707,"voted":1707,"spoiled":3,"yays":1280,"nays":424},{"committee":"УИК №3502","vibid":"4024049357791","voters":2419,"total":2133,"voted":2133,"spoiled":3,"yays":1602,"nays":528},{"committee":"УИК №3503","vibid":"4024049357792","voters":1859,"total":1678,"voted":1678,"spoiled":3,"yays":1258,"nays":417},{"committee":"УИК №3525","vibid":"4024049357793","voters":2035,"total":1833,"voted":1833,"spoiled":4,"yays":1404,"nays":425},{"committee":"УИК №3526","vibid":"4024049357794","voters":1805,"total":1599,"voted":1599,"spoiled":3,"yays":1194,"nays":402}]