[{"committee":"УИК №1049","vibid":"4054052151503","voters":3052,"total":2745,"voted":2745,"spoiled":18,"yays":2445,"nays":282},{"committee":"УИК №1050","vibid":"4054052151504","voters":1959,"total":1856,"voted":1783,"spoiled":3,"yays":1499,"nays":281},{"committee":"УИК №1051","vibid":"4054052151505","voters":1390,"total":1358,"voted":1265,"spoiled":29,"yays":1116,"nays":120},{"committee":"УИК №1052","vibid":"4054052151506","voters":1588,"total":1429,"voted":1429,"spoiled":1,"yays":1188,"nays":240},{"committee":"УИК №1053","vibid":"4054052151507","voters":1406,"total":1282,"voted":1282,"spoiled":0,"yays":1128,"nays":154},{"committee":"УИК №1054","vibid":"4054052151508","voters":1974,"total":1791,"voted":1791,"spoiled":0,"yays":1517,"nays":274},{"committee":"УИК №1055","vibid":"4054052151509","voters":1601,"total":1460,"voted":1460,"spoiled":0,"yays":1285,"nays":175},{"committee":"УИК №1056","vibid":"4054052151510","voters":1855,"total":1693,"voted":1693,"spoiled":0,"yays":1489,"nays":204},{"committee":"УИК №1057","vibid":"4054052151511","voters":1957,"total":1776,"voted":1776,"spoiled":0,"yays":1593,"nays":183},{"committee":"УИК №1058","vibid":"4054052151512","voters":3232,"total":2908,"voted":2908,"spoiled":0,"yays":2530,"nays":378},{"committee":"УИК №1059","vibid":"4054052151513","voters":1633,"total":1523,"voted":1523,"spoiled":0,"yays":1271,"nays":252},{"committee":"УИК №1060","vibid":"4054052151514","voters":2105,"total":1931,"voted":1931,"spoiled":0,"yays":1659,"nays":272},{"committee":"УИК №1061","vibid":"4054052151515","voters":1481,"total":1347,"voted":1347,"spoiled":0,"yays":1115,"nays":232},{"committee":"УИК №1062","vibid":"4054052151516","voters":1690,"total":1538,"voted":1538,"spoiled":0,"yays":1299,"nays":239},{"committee":"УИК №1063","vibid":"4054052151517","voters":1064,"total":976,"voted":976,"spoiled":20,"yays":772,"nays":184},{"committee":"УИК №1064","vibid":"4054052151518","voters":1749,"total":1591,"voted":1591,"spoiled":0,"yays":1400,"nays":191},{"committee":"УИК №1065","vibid":"4054052151519","voters":2384,"total":2170,"voted":2170,"spoiled":8,"yays":1852,"nays":310},{"committee":"УИК №1066","vibid":"4054052151520","voters":1226,"total":1118,"voted":1118,"spoiled":2,"yays":912,"nays":204},{"committee":"УИК №1067","vibid":"4054052151521","voters":786,"total":718,"voted":718,"spoiled":4,"yays":673,"nays":41},{"committee":"УИК №1068","vibid":"4054052151522","voters":2048,"total":1863,"voted":1863,"spoiled":0,"yays":1610,"nays":253},{"committee":"УИК №1069","vibid":"4054052151523","voters":1735,"total":1661,"voted":1661,"spoiled":10,"yays":1485,"nays":166},{"committee":"УИК №1070","vibid":"4054052151524","voters":2101,"total":1964,"voted":1888,"spoiled":0,"yays":1719,"nays":169},{"committee":"УИК №1071","vibid":"4054052151525","voters":1536,"total":1398,"voted":1398,"spoiled":0,"yays":1258,"nays":140},{"committee":"УИК №1072","vibid":"4054052151526","voters":1420,"total":1292,"voted":1292,"spoiled":104,"yays":1093,"nays":95},{"committee":"УИК №1073","vibid":"4054052151527","voters":1532,"total":1494,"voted":1394,"spoiled":0,"yays":1236,"nays":158},{"committee":"УИК №1074","vibid":"4054052151528","voters":1577,"total":1420,"voted":1420,"spoiled":0,"yays":1182,"nays":238},{"committee":"УИК №1075","vibid":"4054052151529","voters":2059,"total":1845,"voted":1845,"spoiled":0,"yays":1554,"nays":291},{"committee":"УИК №1076","vibid":"4054052151530","voters":2080,"total":1872,"voted":1872,"spoiled":4,"yays":1575,"nays":293},{"committee":"УИК №1077","vibid":"4054052151531","voters":1738,"total":1657,"voted":1586,"spoiled":0,"yays":1395,"nays":191},{"committee":"УИК №1078","vibid":"4054052151532","voters":1624,"total":1484,"voted":1484,"spoiled":0,"yays":1238,"nays":246},{"committee":"УИК №1079","vibid":"4054052151533","voters":1300,"total":1191,"voted":1191,"spoiled":0,"yays":1061,"nays":130},{"committee":"УИК №1080","vibid":"4054052151534","voters":1557,"total":1458,"voted":1458,"spoiled":0,"yays":1388,"nays":70},{"committee":"УИК №1081","vibid":"4054052151535","voters":1394,"total":1268,"voted":1268,"spoiled":0,"yays":1125,"nays":143},{"committee":"УИК №1082","vibid":"4054052151536","voters":2019,"total":1815,"voted":1815,"spoiled":0,"yays":1540,"nays":275},{"committee":"УИК №1083","vibid":"4054052151537","voters":2609,"total":2363,"voted":2363,"spoiled":0,"yays":2025,"nays":338},{"committee":"УИК №1084","vibid":"4054052151538","voters":1681,"total":1535,"voted":1535,"spoiled":0,"yays":1331,"nays":204},{"committee":"УИК №1085","vibid":"4054052151539","voters":3599,"total":3359,"voted":3359,"spoiled":0,"yays":2689,"nays":670},{"committee":"УИК №1086","vibid":"4054052151540","voters":2249,"total":2047,"voted":2047,"spoiled":0,"yays":1731,"nays":316},{"committee":"УИК №1087","vibid":"4054052151541","voters":2125,"total":1961,"voted":1961,"spoiled":0,"yays":1656,"nays":305},{"committee":"УИК №1088","vibid":"4054052151542","voters":1766,"total":1626,"voted":1626,"spoiled":0,"yays":1360,"nays":266},{"committee":"УИК №1089","vibid":"4054052151543","voters":1895,"total":1726,"voted":1726,"spoiled":0,"yays":1449,"nays":277},{"committee":"УИК №1090","vibid":"4054052151544","voters":1502,"total":1382,"voted":1382,"spoiled":0,"yays":1155,"nays":227},{"committee":"УИК №1091","vibid":"4054052151545","voters":1146,"total":1022,"voted":1022,"spoiled":6,"yays":997,"nays":19},{"committee":"УИК №1092","vibid":"4054052151546","voters":3642,"total":3576,"voted":3576,"spoiled":8,"yays":3113,"nays":455},{"committee":"УИК №1093","vibid":"4054052151547","voters":3228,"total":2870,"voted":2870,"spoiled":0,"yays":2526,"nays":344},{"committee":"УИК №1094","vibid":"4054052151548","voters":2371,"total":2141,"voted":2141,"spoiled":4,"yays":1979,"nays":158},{"committee":"УИК №1095","vibid":"4054052151549","voters":2690,"total":2464,"voted":2464,"spoiled":1,"yays":2271,"nays":192}]