[{"committee":"УИК №301","vibid":"4064007113413","voters":1385,"total":1385,"voted":1385,"spoiled":10,"yays":1185,"nays":190},{"committee":"УИК №302","vibid":"4064007113414","voters":1850,"total":1542,"voted":1542,"spoiled":5,"yays":1195,"nays":342},{"committee":"УИК №303","vibid":"4064007113415","voters":379,"total":379,"voted":379,"spoiled":14,"yays":357,"nays":8},{"committee":"УИК №304","vibid":"4064007113416","voters":793,"total":603,"voted":603,"spoiled":11,"yays":471,"nays":121}]