[{"committee":"УИК №39","vibid":"4034002165441","voters":1485,"total":1115,"voted":1115,"spoiled":181,"yays":652,"nays":282},{"committee":"УИК №40","vibid":"4034002165443","voters":304,"total":163,"voted":163,"spoiled":21,"yays":115,"nays":27},{"committee":"УИК №41","vibid":"4034002165444","voters":219,"total":170,"voted":170,"spoiled":1,"yays":148,"nays":21},{"committee":"УИК №42","vibid":"4034002165445","voters":193,"total":150,"voted":150,"spoiled":2,"yays":119,"nays":29},{"committee":"УИК №43","vibid":"4034002165446","voters":508,"total":368,"voted":368,"spoiled":0,"yays":300,"nays":68},{"committee":"УИК №44","vibid":"4034002165447","voters":706,"total":555,"voted":555,"spoiled":24,"yays":369,"nays":162},{"committee":"УИК №45","vibid":"4034002165448","voters":219,"total":124,"voted":124,"spoiled":0,"yays":115,"nays":9},{"committee":"УИК №46","vibid":"4034002165449","voters":188,"total":140,"voted":140,"spoiled":2,"yays":90,"nays":48},{"committee":"УИК №47","vibid":"4034002165450","voters":605,"total":421,"voted":421,"spoiled":1,"yays":273,"nays":147},{"committee":"УИК №48","vibid":"4034002165451","voters":281,"total":216,"voted":216,"spoiled":2,"yays":163,"nays":51},{"committee":"УИК №49","vibid":"4034002165452","voters":1691,"total":1031,"voted":1031,"spoiled":105,"yays":685,"nays":241},{"committee":"УИК №50","vibid":"4034002165453","voters":1607,"total":829,"voted":829,"spoiled":5,"yays":539,"nays":285}]