[{"committee":"УИК №1096","vibid":"4054053157502","voters":1916,"total":1723,"voted":1723,"spoiled":2,"yays":1516,"nays":205},{"committee":"УИК №1097","vibid":"4054053157503","voters":1137,"total":950,"voted":950,"spoiled":0,"yays":836,"nays":114},{"committee":"УИК №1098","vibid":"4054053157504","voters":1352,"total":1201,"voted":1201,"spoiled":10,"yays":1093,"nays":98},{"committee":"УИК №1099","vibid":"4054053157505","voters":1535,"total":1507,"voted":1507,"spoiled":1,"yays":1190,"nays":316},{"committee":"УИК №1100","vibid":"4054053157506","voters":1800,"total":1598,"voted":1598,"spoiled":1,"yays":1406,"nays":191},{"committee":"УИК №1101","vibid":"4054053157507","voters":1448,"total":1399,"voted":1399,"spoiled":0,"yays":1231,"nays":168},{"committee":"УИК №1102","vibid":"4054053157508","voters":1853,"total":1736,"voted":1736,"spoiled":0,"yays":1528,"nays":208},{"committee":"УИК №1103","vibid":"4054053157509","voters":1127,"total":1002,"voted":1002,"spoiled":1,"yays":882,"nays":119},{"committee":"УИК №1104","vibid":"4054053157510","voters":1219,"total":1072,"voted":1072,"spoiled":0,"yays":943,"nays":129},{"committee":"УИК №1105","vibid":"4054053157511","voters":1621,"total":1511,"voted":1511,"spoiled":1,"yays":1330,"nays":180},{"committee":"УИК №1106","vibid":"4054053157512","voters":1874,"total":1654,"voted":1654,"spoiled":1,"yays":1455,"nays":198},{"committee":"УИК №1107","vibid":"4054053157513","voters":1298,"total":1227,"voted":1227,"spoiled":2,"yays":1079,"nays":146},{"committee":"УИК №1108","vibid":"4054053157514","voters":522,"total":455,"voted":455,"spoiled":1,"yays":400,"nays":54},{"committee":"УИК №1109","vibid":"4054053157515","voters":1762,"total":1603,"voted":1603,"spoiled":0,"yays":1411,"nays":192},{"committee":"УИК №1110","vibid":"4054053157516","voters":1516,"total":1415,"voted":1415,"spoiled":0,"yays":1246,"nays":169},{"committee":"УИК №1111","vibid":"4054053157517","voters":1723,"total":1575,"voted":1575,"spoiled":1,"yays":1386,"nays":188},{"committee":"УИК №1112","vibid":"4054053157518","voters":1537,"total":1304,"voted":1304,"spoiled":1,"yays":1147,"nays":156},{"committee":"УИК №1113","vibid":"4054053157519","voters":1982,"total":1823,"voted":1823,"spoiled":1,"yays":1385,"nays":437},{"committee":"УИК №1114","vibid":"4054053157520","voters":918,"total":822,"voted":822,"spoiled":0,"yays":723,"nays":99},{"committee":"УИК №1115","vibid":"4054053157521","voters":1670,"total":1578,"voted":1578,"spoiled":1,"yays":1293,"nays":284},{"committee":"УИК №1116","vibid":"4054053157522","voters":1640,"total":1310,"voted":1310,"spoiled":1,"yays":1152,"nays":157},{"committee":"УИК №1117","vibid":"4054053157523","voters":2043,"total":1991,"voted":1991,"spoiled":1,"yays":1652,"nays":338},{"committee":"УИК №1118","vibid":"4054053157524","voters":1370,"total":1102,"voted":1102,"spoiled":0,"yays":970,"nays":132},{"committee":"УИК №1119","vibid":"4054053157525","voters":1629,"total":1425,"voted":1425,"spoiled":2,"yays":1325,"nays":98},{"committee":"УИК №1120","vibid":"4054053157526","voters":1078,"total":985,"voted":985,"spoiled":0,"yays":867,"nays":118},{"committee":"УИК №1121","vibid":"4054053157527","voters":1179,"total":1072,"voted":1072,"spoiled":0,"yays":943,"nays":129},{"committee":"УИК №1122","vibid":"4054053157528","voters":1338,"total":1133,"voted":1133,"spoiled":2,"yays":997,"nays":134},{"committee":"УИК №1123","vibid":"4054053157529","voters":1704,"total":1427,"voted":1427,"spoiled":2,"yays":1255,"nays":170},{"committee":"УИК №1124","vibid":"4054053157530","voters":1095,"total":997,"voted":997,"spoiled":1,"yays":877,"nays":119},{"committee":"УИК №1125","vibid":"4054053157531","voters":1327,"total":1201,"voted":1201,"spoiled":1,"yays":1056,"nays":144},{"committee":"УИК №1126","vibid":"4054053157532","voters":1002,"total":911,"voted":911,"spoiled":0,"yays":802,"nays":109},{"committee":"УИК №1127","vibid":"4054053157533","voters":2595,"total":2344,"voted":2344,"spoiled":0,"yays":2016,"nays":328},{"committee":"УИК №1128","vibid":"4054053157534","voters":1843,"total":1597,"voted":1597,"spoiled":0,"yays":1405,"nays":192},{"committee":"УИК №1129","vibid":"4054053157535","voters":2052,"total":1903,"voted":1903,"spoiled":0,"yays":1770,"nays":133},{"committee":"УИК №1130","vibid":"4054053157536","voters":2730,"total":2400,"voted":2400,"spoiled":3,"yays":2112,"nays":285},{"committee":"УИК №1131","vibid":"4054053157537","voters":1018,"total":925,"voted":925,"spoiled":6,"yays":881,"nays":38},{"committee":"УИК №1132","vibid":"4054053157538","voters":1183,"total":1069,"voted":1069,"spoiled":1,"yays":791,"nays":277},{"committee":"УИК №1133","vibid":"4054053157539","voters":780,"total":734,"voted":734,"spoiled":0,"yays":587,"nays":147},{"committee":"УИК №1134","vibid":"4054053157540","voters":942,"total":889,"voted":889,"spoiled":0,"yays":782,"nays":107},{"committee":"УИК №1135","vibid":"4054053157541","voters":1377,"total":1273,"voted":1273,"spoiled":2,"yays":1158,"nays":113},{"committee":"УИК №1136","vibid":"4054053157542","voters":1154,"total":1064,"voted":1064,"spoiled":15,"yays":1013,"nays":36},{"committee":"УИК №1137","vibid":"4054053157543","voters":1026,"total":936,"voted":936,"spoiled":0,"yays":786,"nays":150},{"committee":"УИК №1138","vibid":"4054053157544","voters":1339,"total":1144,"voted":1144,"spoiled":1,"yays":1075,"nays":68},{"committee":"УИК №1139","vibid":"4054053157545","voters":1225,"total":901,"voted":901,"spoiled":4,"yays":710,"nays":187},{"committee":"УИК №1140","vibid":"4054053157546","voters":1198,"total":1075,"voted":1075,"spoiled":3,"yays":946,"nays":126},{"committee":"УИК №1141","vibid":"4054053157547","voters":1242,"total":1165,"voted":1165,"spoiled":2,"yays":1025,"nays":138},{"committee":"УИК №1142","vibid":"4054053157548","voters":1927,"total":1704,"voted":1704,"spoiled":2,"yays":1499,"nays":203},{"committee":"УИК №1143","vibid":"4054053157549","voters":867,"total":795,"voted":795,"spoiled":0,"yays":700,"nays":95},{"committee":"УИК №1144","vibid":"4054053157550","voters":1086,"total":1020,"voted":1020,"spoiled":0,"yays":898,"nays":122},{"committee":"УИК №1145","vibid":"4054053157551","voters":1808,"total":1731,"voted":1731,"spoiled":0,"yays":1506,"nays":225},{"committee":"УИК №1146","vibid":"4054053157552","voters":2132,"total":1907,"voted":1907,"spoiled":2,"yays":1754,"nays":151},{"committee":"УИК №1147","vibid":"4054053157553","voters":3323,"total":3073,"voted":3073,"spoiled":1,"yays":2427,"nays":645},{"committee":"УИК №1148","vibid":"4054053157554","voters":1543,"total":1402,"voted":1402,"spoiled":1,"yays":1233,"nays":168},{"committee":"УИК №1149","vibid":"4054053157555","voters":1909,"total":1877,"voted":1877,"spoiled":1,"yays":1520,"nays":356},{"committee":"УИК №1150","vibid":"4054053157556","voters":1701,"total":1575,"voted":1575,"spoiled":0,"yays":1386,"nays":189},{"committee":"УИК №1151","vibid":"4054053157557","voters":1226,"total":1012,"voted":1012,"spoiled":1,"yays":890,"nays":121},{"committee":"УИК №1152","vibid":"4054053157558","voters":2819,"total":2612,"voted":2612,"spoiled":1,"yays":2115,"nays":496},{"committee":"УИК №1153","vibid":"4054053157559","voters":1015,"total":952,"voted":952,"spoiled":1,"yays":837,"nays":114},{"committee":"УИК №1154","vibid":"4054053157560","voters":950,"total":901,"voted":901,"spoiled":0,"yays":793,"nays":108},{"committee":"УИК №1155","vibid":"4054053157561","voters":1996,"total":1872,"voted":1872,"spoiled":45,"yays":1647,"nays":180}]