[{"committee":"УИК №754","vibid":"4024001386494","voters":357,"total":339,"voted":339,"spoiled":18,"yays":312,"nays":9},{"committee":"УИК №755","vibid":"4024001386495","voters":574,"total":545,"voted":545,"spoiled":9,"yays":526,"nays":10},{"committee":"УИК №757","vibid":"4024001386496","voters":257,"total":228,"voted":228,"spoiled":14,"yays":194,"nays":20},{"committee":"УИК №758","vibid":"4024001386497","voters":169,"total":158,"voted":158,"spoiled":6,"yays":134,"nays":18},{"committee":"УИК №759","vibid":"4024001386498","voters":1040,"total":961,"voted":961,"spoiled":2,"yays":845,"nays":114},{"committee":"УИК №760","vibid":"4024001386499","voters":216,"total":207,"voted":207,"spoiled":1,"yays":195,"nays":11},{"committee":"УИК №761","vibid":"4024001386500","voters":485,"total":450,"voted":450,"spoiled":22,"yays":258,"nays":170},{"committee":"УИК №762","vibid":"4024001386501","voters":419,"total":388,"voted":388,"spoiled":7,"yays":307,"nays":74},{"committee":"УИК №763","vibid":"4024001386502","voters":341,"total":322,"voted":322,"spoiled":0,"yays":201,"nays":121},{"committee":"УИК №764","vibid":"4024001386503","voters":327,"total":308,"voted":308,"spoiled":0,"yays":204,"nays":104},{"committee":"УИК №765","vibid":"4024001386504","voters":1866,"total":1680,"voted":1680,"spoiled":21,"yays":1135,"nays":524},{"committee":"УИК №766","vibid":"4024001386505","voters":1484,"total":1388,"voted":1388,"spoiled":53,"yays":741,"nays":594},{"committee":"УИК №767","vibid":"4024001386506","voters":2677,"total":2202,"voted":2202,"spoiled":56,"yays":1056,"nays":1090},{"committee":"УИК №768","vibid":"4024001386507","voters":1145,"total":959,"voted":959,"spoiled":16,"yays":511,"nays":432},{"committee":"УИК №769","vibid":"4024001386508","voters":303,"total":270,"voted":270,"spoiled":0,"yays":245,"nays":25},{"committee":"УИК №770","vibid":"4024001386509","voters":1218,"total":1095,"voted":1095,"spoiled":15,"yays":986,"nays":94},{"committee":"УИК №771","vibid":"4024001386510","voters":213,"total":202,"voted":202,"spoiled":2,"yays":180,"nays":20},{"committee":"УИК №772","vibid":"4024001386511","voters":227,"total":217,"voted":217,"spoiled":0,"yays":195,"nays":22},{"committee":"УИК №773","vibid":"4024001386512","voters":294,"total":276,"voted":276,"spoiled":0,"yays":249,"nays":27},{"committee":"УИК №774","vibid":"4024001386513","voters":351,"total":302,"voted":302,"spoiled":0,"yays":270,"nays":32},{"committee":"УИК №775","vibid":"4024001386514","voters":191,"total":174,"voted":174,"spoiled":0,"yays":158,"nays":16},{"committee":"УИК №776","vibid":"4024001386515","voters":632,"total":594,"voted":594,"spoiled":9,"yays":548,"nays":37},{"committee":"УИК №777","vibid":"4024001386516","voters":267,"total":250,"voted":250,"spoiled":0,"yays":236,"nays":14},{"committee":"УИК №778","vibid":"4024001386517","voters":131,"total":126,"voted":126,"spoiled":2,"yays":121,"nays":3},{"committee":"УИК №779","vibid":"4024001386518","voters":755,"total":711,"voted":711,"spoiled":8,"yays":675,"nays":28},{"committee":"УИК №780","vibid":"4024001386519","voters":392,"total":362,"voted":362,"spoiled":8,"yays":337,"nays":17},{"committee":"УИК №781","vibid":"4024001386520","voters":228,"total":210,"voted":210,"spoiled":5,"yays":134,"nays":71},{"committee":"УИК №782","vibid":"4024001386521","voters":198,"total":187,"voted":187,"spoiled":1,"yays":179,"nays":7},{"committee":"УИК №783","vibid":"4024001386522","voters":892,"total":830,"voted":830,"spoiled":85,"yays":665,"nays":80},{"committee":"УИК №784","vibid":"4024001386523","voters":329,"total":306,"voted":306,"spoiled":6,"yays":273,"nays":27},{"committee":"УИК №786","vibid":"4024001386524","voters":223,"total":208,"voted":208,"spoiled":3,"yays":186,"nays":19},{"committee":"УИК №788","vibid":"4024001386525","voters":578,"total":551,"voted":551,"spoiled":3,"yays":496,"nays":52},{"committee":"УИК №789","vibid":"4024001386526","voters":1667,"total":1435,"voted":1435,"spoiled":10,"yays":1219,"nays":206},{"committee":"УИК №790","vibid":"4024001386527","voters":443,"total":429,"voted":429,"spoiled":12,"yays":345,"nays":72},{"committee":"УИК №791","vibid":"4024001386528","voters":489,"total":487,"voted":487,"spoiled":3,"yays":361,"nays":123},{"committee":"УИК №792","vibid":"4024001386529","voters":110,"total":105,"voted":105,"spoiled":2,"yays":85,"nays":18},{"committee":"УИК №794","vibid":"4024001386530","voters":903,"total":866,"voted":866,"spoiled":16,"yays":805,"nays":45},{"committee":"УИК №795","vibid":"4024001386531","voters":355,"total":345,"voted":345,"spoiled":6,"yays":310,"nays":29},{"committee":"УИК №796","vibid":"4024001386532","voters":213,"total":206,"voted":206,"spoiled":0,"yays":192,"nays":14},{"committee":"УИК №797","vibid":"4024001386533","voters":157,"total":146,"voted":146,"spoiled":3,"yays":113,"nays":30},{"committee":"УИК №798","vibid":"4024001386534","voters":286,"total":264,"voted":264,"spoiled":1,"yays":201,"nays":62},{"committee":"УИК №799","vibid":"4024001386535","voters":652,"total":611,"voted":611,"spoiled":0,"yays":581,"nays":30},{"committee":"УИК №800","vibid":"4024001386536","voters":314,"total":289,"voted":289,"spoiled":4,"yays":191,"nays":94},{"committee":"УИК №801","vibid":"4024001386537","voters":125,"total":115,"voted":115,"spoiled":0,"yays":104,"nays":11},{"committee":"УИК №802","vibid":"4024001386538","voters":1098,"total":1011,"voted":1011,"spoiled":4,"yays":906,"nays":101},{"committee":"УИК №803","vibid":"4024001386539","voters":315,"total":290,"voted":290,"spoiled":3,"yays":275,"nays":12},{"committee":"УИК №804","vibid":"4024001386540","voters":333,"total":312,"voted":312,"spoiled":2,"yays":300,"nays":10},{"committee":"УИК №805","vibid":"4024001386541","voters":855,"total":770,"voted":770,"spoiled":8,"yays":687,"nays":75},{"committee":"УИК №806","vibid":"4024001386542","voters":236,"total":223,"voted":223,"spoiled":5,"yays":205,"nays":13},{"committee":"УИК №807","vibid":"4024001386543","voters":514,"total":440,"voted":440,"spoiled":22,"yays":276,"nays":142},{"committee":"УИК №808","vibid":"4024001386544","voters":703,"total":638,"voted":638,"spoiled":0,"yays":574,"nays":64},{"committee":"УИК №809","vibid":"4024001386545","voters":524,"total":494,"voted":494,"spoiled":7,"yays":444,"nays":43},{"committee":"УИК №810","vibid":"4024001386546","voters":918,"total":872,"voted":872,"spoiled":7,"yays":802,"nays":63},{"committee":"УИК №811","vibid":"4024001386547","voters":392,"total":375,"voted":375,"spoiled":18,"yays":340,"nays":17},{"committee":"УИК №812","vibid":"4024001386548","voters":851,"total":806,"voted":806,"spoiled":0,"yays":734,"nays":72},{"committee":"УИК №813","vibid":"4024001386549","voters":450,"total":428,"voted":428,"spoiled":7,"yays":390,"nays":31},{"committee":"УИК №814","vibid":"4024001386550","voters":206,"total":197,"voted":197,"spoiled":5,"yays":181,"nays":11},{"committee":"УИК №815","vibid":"4024001386551","voters":230,"total":215,"voted":215,"spoiled":0,"yays":136,"nays":79},{"committee":"УИК №816","vibid":"4024001386552","voters":414,"total":397,"voted":397,"spoiled":7,"yays":361,"nays":29},{"committee":"УИК №817","vibid":"4024001386553","voters":212,"total":203,"voted":203,"spoiled":0,"yays":190,"nays":13},{"committee":"УИК №818","vibid":"4024001386554","voters":392,"total":360,"voted":360,"spoiled":9,"yays":331,"nays":20},{"committee":"УИК №819","vibid":"4024001386555","voters":983,"total":935,"voted":935,"spoiled":0,"yays":871,"nays":64}]