[{"committee":"УИК №1","vibid":"4084010355915","voters":1482,"total":776,"voted":776,"spoiled":11,"yays":597,"nays":168},{"committee":"УИК №2","vibid":"4084010355917","voters":1502,"total":926,"voted":926,"spoiled":4,"yays":744,"nays":178},{"committee":"УИК №3","vibid":"4084010355918","voters":2323,"total":817,"voted":817,"spoiled":6,"yays":668,"nays":143},{"committee":"УИК №4","vibid":"4084010355919","voters":168,"total":165,"voted":165,"spoiled":2,"yays":160,"nays":3},{"committee":"УИК №5","vibid":"4084010355920","voters":490,"total":270,"voted":270,"spoiled":3,"yays":203,"nays":64},{"committee":"УИК №6","vibid":"4084010355921","voters":183,"total":132,"voted":132,"spoiled":0,"yays":125,"nays":7},{"committee":"УИК №7","vibid":"4084010355922","voters":2348,"total":1211,"voted":1211,"spoiled":16,"yays":751,"nays":444},{"committee":"УИК №8","vibid":"4084010355923","voters":1633,"total":806,"voted":806,"spoiled":4,"yays":657,"nays":145},{"committee":"УИК №9","vibid":"4084010355924","voters":1904,"total":1280,"voted":1280,"spoiled":0,"yays":1212,"nays":68},{"committee":"УИК №10","vibid":"4084010355925","voters":1156,"total":806,"voted":806,"spoiled":4,"yays":741,"nays":61},{"committee":"УИК №11","vibid":"4084010355926","voters":1641,"total":1122,"voted":1122,"spoiled":4,"yays":873,"nays":245},{"committee":"УИК №12","vibid":"4084010355927","voters":2489,"total":1777,"voted":1777,"spoiled":79,"yays":1248,"nays":450},{"committee":"УИК №13","vibid":"4084010355928","voters":1329,"total":944,"voted":944,"spoiled":6,"yays":750,"nays":188},{"committee":"УИК №14","vibid":"4084010355929","voters":1466,"total":904,"voted":904,"spoiled":0,"yays":725,"nays":179},{"committee":"УИК №15","vibid":"4084010355930","voters":1548,"total":1098,"voted":1098,"spoiled":0,"yays":964,"nays":134},{"committee":"УИК №16","vibid":"4084010355931","voters":1607,"total":1133,"voted":1133,"spoiled":2,"yays":964,"nays":167},{"committee":"УИК №17","vibid":"4084010355932","voters":1531,"total":967,"voted":967,"spoiled":37,"yays":824,"nays":106},{"committee":"УИК №18","vibid":"4084010355933","voters":2035,"total":1428,"voted":1428,"spoiled":4,"yays":1303,"nays":121},{"committee":"УИК №19","vibid":"4084010355934","voters":2018,"total":915,"voted":915,"spoiled":8,"yays":786,"nays":121},{"committee":"УИК №20","vibid":"4084010355935","voters":1886,"total":1177,"voted":1177,"spoiled":8,"yays":890,"nays":279},{"committee":"УИК №21","vibid":"4084010355936","voters":1959,"total":1342,"voted":1342,"spoiled":3,"yays":1081,"nays":258},{"committee":"УИК №22","vibid":"4084010355937","voters":1735,"total":1132,"voted":1132,"spoiled":13,"yays":871,"nays":248},{"committee":"УИК №23","vibid":"4084010355938","voters":1176,"total":541,"voted":541,"spoiled":0,"yays":428,"nays":113},{"committee":"УИК №24","vibid":"4084010355939","voters":1891,"total":787,"voted":787,"spoiled":8,"yays":461,"nays":318},{"committee":"УИК №25","vibid":"4084010355940","voters":896,"total":496,"voted":496,"spoiled":8,"yays":394,"nays":94},{"committee":"УИК №26","vibid":"4084010355941","voters":2430,"total":1510,"voted":1510,"spoiled":62,"yays":1070,"nays":378},{"committee":"УИК №27","vibid":"4084010355942","voters":1942,"total":1564,"voted":1564,"spoiled":6,"yays":1402,"nays":156},{"committee":"УИК №28","vibid":"4084010355943","voters":1702,"total":970,"voted":970,"spoiled":37,"yays":757,"nays":176},{"committee":"УИК №29","vibid":"4084010355944","voters":2348,"total":1411,"voted":1410,"spoiled":25,"yays":912,"nays":473},{"committee":"УИК №30","vibid":"4084010355945","voters":1554,"total":927,"voted":927,"spoiled":29,"yays":699,"nays":199},{"committee":"УИК №31","vibid":"4084010355946","voters":1604,"total":776,"voted":776,"spoiled":25,"yays":598,"nays":153},{"committee":"УИК №32","vibid":"4084010355947","voters":2550,"total":1870,"voted":1870,"spoiled":19,"yays":1477,"nays":374},{"committee":"УИК №33","vibid":"4084010355948","voters":2158,"total":1320,"voted":1320,"spoiled":9,"yays":1029,"nays":282},{"committee":"УИК №34","vibid":"4084010355949","voters":1997,"total":1170,"voted":1170,"spoiled":11,"yays":835,"nays":324},{"committee":"УИК №35","vibid":"4084010355950","voters":2314,"total":1556,"voted":1556,"spoiled":11,"yays":1175,"nays":370},{"committee":"УИК №36","vibid":"4084010355951","voters":1983,"total":1231,"voted":1231,"spoiled":33,"yays":1019,"nays":179},{"committee":"УИК №37","vibid":"4084010355952","voters":1289,"total":473,"voted":473,"spoiled":5,"yays":438,"nays":30},{"committee":"УИК №38","vibid":"4084010355953","voters":2080,"total":1403,"voted":1403,"spoiled":17,"yays":1002,"nays":384},{"committee":"УИК №39","vibid":"4084010355954","voters":2191,"total":1606,"voted":1606,"spoiled":103,"yays":1124,"nays":379},{"committee":"УИК №40","vibid":"4084010355955","voters":1241,"total":655,"voted":655,"spoiled":6,"yays":535,"nays":114},{"committee":"УИК №41","vibid":"4084010355956","voters":1713,"total":907,"voted":906,"spoiled":13,"yays":591,"nays":302},{"committee":"УИК №42","vibid":"4084010355957","voters":1582,"total":1262,"voted":1262,"spoiled":11,"yays":978,"nays":273},{"committee":"УИК №43","vibid":"4084010355958","voters":1651,"total":1259,"voted":1259,"spoiled":6,"yays":1131,"nays":122},{"committee":"УИК №44","vibid":"4084010355959","voters":1734,"total":898,"voted":898,"spoiled":38,"yays":653,"nays":207},{"committee":"УИК №45","vibid":"4084010355960","voters":1582,"total":1178,"voted":1178,"spoiled":41,"yays":854,"nays":283},{"committee":"УИК №46","vibid":"4084010355961","voters":1926,"total":1779,"voted":1779,"spoiled":7,"yays":1613,"nays":159},{"committee":"УИК №47","vibid":"4084010355962","voters":2366,"total":1441,"voted":1441,"spoiled":112,"yays":900,"nays":429},{"committee":"УИК №48","vibid":"4084010355963","voters":2305,"total":1258,"voted":1258,"spoiled":23,"yays":718,"nays":517},{"committee":"УИК №239","vibid":"4084010356213","voters":575,"total":574,"voted":573,"spoiled":4,"yays":380,"nays":189}]