[{"committee":"УИК №215","vibid":"4054047190857","voters":341,"total":267,"voted":267,"spoiled":0,"yays":222,"nays":45},{"committee":"УИК №216","vibid":"4054047190858","voters":1287,"total":1222,"voted":1222,"spoiled":0,"yays":1149,"nays":73},{"committee":"УИК №217","vibid":"4054047190859","voters":340,"total":319,"voted":319,"spoiled":0,"yays":300,"nays":19},{"committee":"УИК №218","vibid":"4054047190860","voters":2239,"total":1841,"voted":1839,"spoiled":9,"yays":1768,"nays":62},{"committee":"УИК №219","vibid":"4054047190861","voters":511,"total":503,"voted":503,"spoiled":0,"yays":495,"nays":8},{"committee":"УИК №220","vibid":"4054047190862","voters":1182,"total":1148,"voted":1148,"spoiled":1,"yays":1139,"nays":8},{"committee":"УИК №221","vibid":"4054047190863","voters":2057,"total":1963,"voted":1963,"spoiled":3,"yays":1776,"nays":184},{"committee":"УИК №222","vibid":"4054047190864","voters":1838,"total":1746,"voted":1746,"spoiled":0,"yays":1676,"nays":70},{"committee":"УИК №223","vibid":"4054047190865","voters":288,"total":282,"voted":282,"spoiled":0,"yays":262,"nays":20},{"committee":"УИК №224","vibid":"4054047190866","voters":1692,"total":1582,"voted":1582,"spoiled":0,"yays":1503,"nays":79},{"committee":"УИК №225","vibid":"4054047190867","voters":737,"total":726,"voted":726,"spoiled":0,"yays":719,"nays":7},{"committee":"УИК №226","vibid":"4054047190868","voters":153,"total":147,"voted":147,"spoiled":0,"yays":142,"nays":5},{"committee":"УИК №227","vibid":"4054047190869","voters":382,"total":374,"voted":374,"spoiled":0,"yays":371,"nays":3},{"committee":"УИК №228","vibid":"4054047190870","voters":714,"total":672,"voted":672,"spoiled":0,"yays":665,"nays":7},{"committee":"УИК №229","vibid":"4054047190871","voters":1575,"total":1563,"voted":1563,"spoiled":0,"yays":1556,"nays":7},{"committee":"УИК №230","vibid":"4054047190872","voters":836,"total":811,"voted":811,"spoiled":0,"yays":786,"nays":25},{"committee":"УИК №231","vibid":"4054047190873","voters":2105,"total":1569,"voted":1569,"spoiled":0,"yays":1506,"nays":63},{"committee":"УИК №232","vibid":"4054047190874","voters":109,"total":105,"voted":105,"spoiled":0,"yays":101,"nays":4},{"committee":"УИК №233","vibid":"4054047190875","voters":2822,"total":2373,"voted":2373,"spoiled":1,"yays":2301,"nays":71},{"committee":"УИК №234","vibid":"4054047190876","voters":1016,"total":1014,"voted":908,"spoiled":5,"yays":787,"nays":116},{"committee":"УИК №235","vibid":"4054047190877","voters":664,"total":608,"voted":608,"spoiled":2,"yays":563,"nays":43},{"committee":"УИК №236","vibid":"4054047190878","voters":1972,"total":1713,"voted":1713,"spoiled":4,"yays":1691,"nays":18},{"committee":"УИК №237","vibid":"4054047190879","voters":1909,"total":1707,"voted":1707,"spoiled":3,"yays":1664,"nays":40},{"committee":"УИК №238","vibid":"4054047190880","voters":2627,"total":2530,"voted":2530,"spoiled":10,"yays":2350,"nays":170},{"committee":"УИК №239","vibid":"4054047190881","voters":2071,"total":2007,"voted":2007,"spoiled":0,"yays":1915,"nays":92},{"committee":"УИК №240","vibid":"4054047190882","voters":1143,"total":1097,"voted":1097,"spoiled":12,"yays":1008,"nays":77},{"committee":"УИК №241","vibid":"4054047190883","voters":2234,"total":2122,"voted":2122,"spoiled":0,"yays":1973,"nays":149},{"committee":"УИК №242","vibid":"4054047190884","voters":2777,"total":2634,"voted":2634,"spoiled":12,"yays":2508,"nays":114},{"committee":"УИК №243","vibid":"4054047190885","voters":1082,"total":1020,"voted":1020,"spoiled":0,"yays":969,"nays":51},{"committee":"УИК №244","vibid":"4054047190886","voters":1855,"total":1762,"voted":1762,"spoiled":0,"yays":1673,"nays":89},{"committee":"УИК №245","vibid":"4054047190887","voters":1853,"total":1778,"voted":1778,"spoiled":0,"yays":1706,"nays":72},{"committee":"УИК №246","vibid":"4054047190888","voters":1715,"total":1640,"voted":1640,"spoiled":0,"yays":1574,"nays":66},{"committee":"УИК №247","vibid":"4054047190889","voters":2619,"total":2363,"voted":2363,"spoiled":0,"yays":2268,"nays":95},{"committee":"УИК №248","vibid":"4054047190890","voters":107,"total":102,"voted":102,"spoiled":0,"yays":99,"nays":3}]