[{"committee":"УИК №170","vibid":"4024056188474","voters":1094,"total":931,"voted":930,"spoiled":2,"yays":715,"nays":213},{"committee":"УИК №171","vibid":"4024056188475","voters":1215,"total":1030,"voted":1030,"spoiled":23,"yays":800,"nays":207},{"committee":"УИК №172","vibid":"4024056188476","voters":1449,"total":1230,"voted":1230,"spoiled":8,"yays":1004,"nays":218},{"committee":"УИК №173","vibid":"4024056188477","voters":936,"total":801,"voted":801,"spoiled":20,"yays":582,"nays":199},{"committee":"УИК №174","vibid":"4024056188478","voters":990,"total":844,"voted":844,"spoiled":3,"yays":629,"nays":212},{"committee":"УИК №175","vibid":"4024056188479","voters":1441,"total":1350,"voted":1226,"spoiled":2,"yays":989,"nays":235},{"committee":"УИК №176","vibid":"4024056188480","voters":1185,"total":1011,"voted":1011,"spoiled":1,"yays":787,"nays":223},{"committee":"УИК №177","vibid":"4024056188481","voters":1201,"total":1027,"voted":1025,"spoiled":2,"yays":800,"nays":223},{"committee":"УИК №178","vibid":"4024056188482","voters":1696,"total":1430,"voted":1430,"spoiled":1,"yays":1193,"nays":236},{"committee":"УИК №179","vibid":"4024056188483","voters":2577,"total":2140,"voted":2140,"spoiled":2,"yays":1850,"nays":288},{"committee":"УИК №180","vibid":"4024056188484","voters":1523,"total":1302,"voted":1302,"spoiled":4,"yays":1038,"nays":260},{"committee":"УИК №181","vibid":"4024056188485","voters":1224,"total":1041,"voted":1041,"spoiled":2,"yays":812,"nays":227},{"committee":"УИК №182","vibid":"4024056188486","voters":918,"total":783,"voted":783,"spoiled":2,"yays":597,"nays":184},{"committee":"УИК №183","vibid":"4024056188487","voters":1870,"total":1586,"voted":1586,"spoiled":11,"yays":1300,"nays":275},{"committee":"УИК №185","vibid":"4024056188488","voters":819,"total":702,"voted":702,"spoiled":0,"yays":593,"nays":109},{"committee":"УИК №186","vibid":"4024056188489","voters":2444,"total":2071,"voted":2071,"spoiled":2,"yays":1744,"nays":325},{"committee":"УИК №187","vibid":"4024056188490","voters":1959,"total":1672,"voted":1672,"spoiled":7,"yays":1372,"nays":293},{"committee":"УИК №188","vibid":"4024056188491","voters":718,"total":613,"voted":613,"spoiled":4,"yays":480,"nays":129},{"committee":"УИК №189","vibid":"4024056188492","voters":1598,"total":1364,"voted":1364,"spoiled":2,"yays":1094,"nays":268},{"committee":"УИК №190","vibid":"4024056188493","voters":1541,"total":1315,"voted":1315,"spoiled":2,"yays":1041,"nays":272},{"committee":"УИК №191","vibid":"4024056188494","voters":2640,"total":2247,"voted":2247,"spoiled":6,"yays":1902,"nays":339},{"committee":"УИК №193","vibid":"4024056188495","voters":1679,"total":1434,"voted":1434,"spoiled":2,"yays":1167,"nays":265},{"committee":"УИК №194","vibid":"4024056188496","voters":2033,"total":1879,"voted":1731,"spoiled":8,"yays":1450,"nays":273},{"committee":"УИК №195","vibid":"4024056188497","voters":1199,"total":1021,"voted":1021,"spoiled":6,"yays":792,"nays":223},{"committee":"УИК №196","vibid":"4024056188498","voters":2733,"total":2328,"voted":2328,"spoiled":3,"yays":1980,"nays":345},{"committee":"УИК №197","vibid":"4024056188499","voters":2722,"total":2509,"voted":2331,"spoiled":2,"yays":1994,"nays":335},{"committee":"УИК №198","vibid":"4024056188500","voters":2441,"total":2224,"voted":2224,"spoiled":3,"yays":1881,"nays":340},{"committee":"УИК №199","vibid":"4024056188501","voters":1813,"total":1546,"voted":1546,"spoiled":2,"yays":1273,"nays":271},{"committee":"УИК №200","vibid":"4024056188502","voters":2463,"total":2110,"voted":2110,"spoiled":2,"yays":1769,"nays":339},{"committee":"УИК №201","vibid":"4024056188503","voters":1820,"total":1564,"voted":1564,"spoiled":7,"yays":1277,"nays":280},{"committee":"УИК №202","vibid":"4024056188504","voters":2600,"total":2216,"voted":2216,"spoiled":5,"yays":1877,"nays":334},{"committee":"УИК №203","vibid":"4024056188505","voters":1496,"total":1263,"voted":1263,"spoiled":2,"yays":988,"nays":273},{"committee":"УИК №204","vibid":"4024056188506","voters":2912,"total":2476,"voted":2476,"spoiled":15,"yays":2121,"nays":340},{"committee":"УИК №205","vibid":"4024056188507","voters":2455,"total":2270,"voted":2080,"spoiled":2,"yays":1763,"nays":315},{"committee":"УИК №206","vibid":"4024056188760","voters":887,"total":865,"voted":865,"spoiled":11,"yays":701,"nays":153},{"committee":"УИК №3509","vibid":"4024056188509","voters":1356,"total":1154,"voted":1154,"spoiled":2,"yays":915,"nays":237}]