[{"committee":"УИК №126","vibid":"4044007186970","voters":1252,"total":694,"voted":694,"spoiled":6,"yays":382,"nays":306},{"committee":"УИК №127","vibid":"4044007186972","voters":309,"total":190,"voted":190,"spoiled":3,"yays":111,"nays":76},{"committee":"УИК №128","vibid":"4044007186973","voters":271,"total":221,"voted":221,"spoiled":2,"yays":181,"nays":38},{"committee":"УИК №129","vibid":"4044007186974","voters":139,"total":120,"voted":120,"spoiled":1,"yays":114,"nays":5},{"committee":"УИК №130","vibid":"4044007186975","voters":355,"total":276,"voted":276,"spoiled":0,"yays":242,"nays":34},{"committee":"УИК №131","vibid":"4044007186976","voters":83,"total":71,"voted":71,"spoiled":0,"yays":59,"nays":12},{"committee":"УИК №132","vibid":"4044007186977","voters":91,"total":72,"voted":72,"spoiled":0,"yays":62,"nays":10},{"committee":"УИК №133","vibid":"4044007186978","voters":224,"total":187,"voted":187,"spoiled":0,"yays":161,"nays":26},{"committee":"УИК №134","vibid":"4044007186979","voters":165,"total":143,"voted":143,"spoiled":0,"yays":73,"nays":70},{"committee":"УИК №135","vibid":"4044007186980","voters":379,"total":310,"voted":310,"spoiled":1,"yays":177,"nays":132},{"committee":"УИК №136","vibid":"4044007186981","voters":101,"total":99,"voted":99,"spoiled":0,"yays":74,"nays":25},{"committee":"УИК №137","vibid":"4044007186982","voters":2260,"total":1053,"voted":1052,"spoiled":14,"yays":610,"nays":428},{"committee":"УИК №138","vibid":"4044007186983","voters":516,"total":314,"voted":314,"spoiled":5,"yays":202,"nays":107},{"committee":"УИК №139","vibid":"4044007186984","voters":768,"total":501,"voted":501,"spoiled":4,"yays":337,"nays":160},{"committee":"УИК №140","vibid":"4044007186985","voters":1041,"total":741,"voted":741,"spoiled":13,"yays":461,"nays":267},{"committee":"УИК №141","vibid":"4044007186986","voters":87,"total":74,"voted":74,"spoiled":1,"yays":49,"nays":24},{"committee":"УИК №142","vibid":"4044007186987","voters":140,"total":117,"voted":117,"spoiled":0,"yays":100,"nays":17},{"committee":"УИК №143","vibid":"4044007186988","voters":1204,"total":794,"voted":794,"spoiled":11,"yays":560,"nays":223},{"committee":"УИК №144","vibid":"4044007186989","voters":137,"total":126,"voted":126,"spoiled":1,"yays":94,"nays":31},{"committee":"УИК №145","vibid":"4044007186990","voters":362,"total":295,"voted":295,"spoiled":3,"yays":209,"nays":83},{"committee":"УИК №146","vibid":"4044007186991","voters":88,"total":80,"voted":80,"spoiled":0,"yays":58,"nays":22},{"committee":"УИК №147","vibid":"4044007186992","voters":453,"total":367,"voted":367,"spoiled":9,"yays":303,"nays":55},{"committee":"УИК №148","vibid":"4044007186993","voters":101,"total":90,"voted":90,"spoiled":0,"yays":46,"nays":44},{"committee":"УИК №149","vibid":"4044007186994","voters":143,"total":120,"voted":120,"spoiled":1,"yays":81,"nays":38},{"committee":"УИК №150","vibid":"4044007186995","voters":567,"total":420,"voted":420,"spoiled":6,"yays":257,"nays":157}]