[{"committee":"УИК №43","vibid":"4074002203429","voters":519,"total":458,"voted":450,"spoiled":1,"yays":417,"nays":32},{"committee":"УИК №44","vibid":"4074002203430","voters":1507,"total":1363,"voted":1361,"spoiled":22,"yays":1231,"nays":108},{"committee":"УИК №45","vibid":"4074002203431","voters":1045,"total":966,"voted":954,"spoiled":24,"yays":830,"nays":100},{"committee":"УИК №46","vibid":"4074002203432","voters":401,"total":345,"voted":336,"spoiled":3,"yays":312,"nays":21},{"committee":"УИК №47","vibid":"4074002203433","voters":167,"total":141,"voted":138,"spoiled":2,"yays":127,"nays":9},{"committee":"УИК №48","vibid":"4074002203434","voters":1051,"total":914,"voted":904,"spoiled":17,"yays":828,"nays":59},{"committee":"УИК №49","vibid":"4074002203435","voters":856,"total":771,"voted":761,"spoiled":15,"yays":695,"nays":51},{"committee":"УИК №50","vibid":"4074002203436","voters":1679,"total":1472,"voted":1464,"spoiled":21,"yays":1321,"nays":122},{"committee":"УИК №51","vibid":"4074002203437","voters":1340,"total":1159,"voted":1148,"spoiled":15,"yays":1061,"nays":72},{"committee":"УИК №52","vibid":"4074002203438","voters":750,"total":642,"voted":633,"spoiled":17,"yays":574,"nays":42},{"committee":"УИК №53","vibid":"4074002203439","voters":1557,"total":1301,"voted":1299,"spoiled":22,"yays":1138,"nays":139},{"committee":"УИК №54","vibid":"4074002203440","voters":1174,"total":981,"voted":974,"spoiled":9,"yays":891,"nays":74},{"committee":"УИК №55","vibid":"4074002203441","voters":1407,"total":1240,"voted":1236,"spoiled":12,"yays":1103,"nays":121},{"committee":"УИК №56","vibid":"4074002203442","voters":1782,"total":1475,"voted":1472,"spoiled":20,"yays":1354,"nays":98},{"committee":"УИК №57","vibid":"4074002203443","voters":1553,"total":1406,"voted":1403,"spoiled":29,"yays":1285,"nays":89},{"committee":"УИК №58","vibid":"4074002203444","voters":1840,"total":1592,"voted":1581,"spoiled":22,"yays":1393,"nays":166},{"committee":"УИК №59","vibid":"4074002203445","voters":410,"total":347,"voted":346,"spoiled":2,"yays":313,"nays":31},{"committee":"УИК №60","vibid":"4074002203446","voters":1007,"total":865,"voted":863,"spoiled":19,"yays":796,"nays":48},{"committee":"УИК №61","vibid":"4074002203447","voters":1121,"total":925,"voted":924,"spoiled":1,"yays":876,"nays":47},{"committee":"УИК №62","vibid":"4074002203448","voters":1145,"total":1017,"voted":1009,"spoiled":11,"yays":913,"nays":85},{"committee":"УИК №63","vibid":"4074002203449","voters":1095,"total":955,"voted":940,"spoiled":27,"yays":835,"nays":78},{"committee":"УИК №64","vibid":"4074002203450","voters":979,"total":869,"voted":862,"spoiled":4,"yays":799,"nays":59},{"committee":"УИК №65","vibid":"4074002203451","voters":2023,"total":1778,"voted":1707,"spoiled":34,"yays":1531,"nays":142},{"committee":"УИК №66","vibid":"4074002203452","voters":1759,"total":1549,"voted":1529,"spoiled":22,"yays":1422,"nays":85},{"committee":"УИК №67","vibid":"4074002203453","voters":1209,"total":1079,"voted":1060,"spoiled":15,"yays":978,"nays":67}]