[{"committee":"УИК №152","vibid":"4084007187009","voters":471,"total":275,"voted":275,"spoiled":1,"yays":203,"nays":71},{"committee":"УИК №153","vibid":"4084007187010","voters":528,"total":436,"voted":436,"spoiled":0,"yays":360,"nays":76},{"committee":"УИК №154","vibid":"4084007187011","voters":317,"total":270,"voted":270,"spoiled":0,"yays":231,"nays":39},{"committee":"УИК №155","vibid":"4084007187012","voters":125,"total":95,"voted":95,"spoiled":0,"yays":91,"nays":4},{"committee":"УИК №156","vibid":"4084007187013","voters":225,"total":169,"voted":169,"spoiled":2,"yays":145,"nays":22},{"committee":"УИК №157","vibid":"4084007187014","voters":640,"total":410,"voted":410,"spoiled":1,"yays":346,"nays":63},{"committee":"УИК №158","vibid":"4084007187015","voters":369,"total":277,"voted":277,"spoiled":0,"yays":259,"nays":18},{"committee":"УИК №159","vibid":"4084007187016","voters":566,"total":387,"voted":387,"spoiled":0,"yays":351,"nays":36},{"committee":"УИК №160","vibid":"4084007187017","voters":1415,"total":1229,"voted":1229,"spoiled":10,"yays":1109,"nays":110},{"committee":"УИК №161","vibid":"4084007187018","voters":1776,"total":1272,"voted":1272,"spoiled":11,"yays":1086,"nays":175},{"committee":"УИК №162","vibid":"4084007187019","voters":1330,"total":1162,"voted":1162,"spoiled":0,"yays":1058,"nays":104},{"committee":"УИК №163","vibid":"4084007187020","voters":782,"total":605,"voted":605,"spoiled":3,"yays":530,"nays":72}]