[{"committee":"УИК №1576","vibid":"4054039160723","voters":1484,"total":1288,"voted":1288,"spoiled":12,"yays":1158,"nays":118},{"committee":"УИК №1577","vibid":"4054039160724","voters":1379,"total":1265,"voted":1265,"spoiled":15,"yays":1101,"nays":149},{"committee":"УИК №1578","vibid":"4054039160725","voters":1170,"total":1062,"voted":1062,"spoiled":13,"yays":937,"nays":112},{"committee":"УИК №1579","vibid":"4054039160726","voters":1588,"total":1452,"voted":1452,"spoiled":21,"yays":1247,"nays":184},{"committee":"УИК №1580","vibid":"4054039160727","voters":1294,"total":1171,"voted":1171,"spoiled":10,"yays":1032,"nays":129},{"committee":"УИК №1581","vibid":"4054039160728","voters":1826,"total":1753,"voted":1753,"spoiled":21,"yays":1538,"nays":194},{"committee":"УИК №1582","vibid":"4054039160729","voters":1916,"total":1817,"voted":1817,"spoiled":15,"yays":1601,"nays":201},{"committee":"УИК №1583","vibid":"4054039160730","voters":1655,"total":1520,"voted":1520,"spoiled":15,"yays":1317,"nays":188},{"committee":"УИК №1584","vibid":"4054039160731","voters":1121,"total":998,"voted":998,"spoiled":12,"yays":874,"nays":112},{"committee":"УИК №1585","vibid":"4054039160732","voters":1157,"total":1013,"voted":1013,"spoiled":24,"yays":893,"nays":96},{"committee":"УИК №1586","vibid":"4054039160733","voters":1786,"total":1652,"voted":1652,"spoiled":19,"yays":1424,"nays":209},{"committee":"УИК №1587","vibid":"4054039160734","voters":2352,"total":2199,"voted":2199,"spoiled":13,"yays":1954,"nays":232},{"committee":"УИК №1588","vibid":"4054039160735","voters":1950,"total":1839,"voted":1839,"spoiled":17,"yays":1603,"nays":219},{"committee":"УИК №1589","vibid":"4054039160736","voters":1998,"total":1817,"voted":1817,"spoiled":18,"yays":1599,"nays":200},{"committee":"УИК №1590","vibid":"4054039160737","voters":1766,"total":1669,"voted":1669,"spoiled":20,"yays":1479,"nays":170},{"committee":"УИК №1591","vibid":"4054039160738","voters":1753,"total":1582,"voted":1582,"spoiled":12,"yays":1392,"nays":178},{"committee":"УИК №1592","vibid":"4054039160739","voters":1714,"total":1590,"voted":1590,"spoiled":23,"yays":1385,"nays":182},{"committee":"УИК №1593","vibid":"4054039160740","voters":2164,"total":1986,"voted":1986,"spoiled":17,"yays":1747,"nays":222},{"committee":"УИК №1594","vibid":"4054039160741","voters":1886,"total":1737,"voted":1737,"spoiled":14,"yays":1538,"nays":185},{"committee":"УИК №1595","vibid":"4054039160742","voters":1717,"total":1584,"voted":1584,"spoiled":22,"yays":1377,"nays":185},{"committee":"УИК №1596","vibid":"4054039160743","voters":1514,"total":1359,"voted":1359,"spoiled":17,"yays":1199,"nays":143},{"committee":"УИК №1597","vibid":"4054039160744","voters":1861,"total":1714,"voted":1714,"spoiled":12,"yays":1489,"nays":213},{"committee":"УИК №1598","vibid":"4054039160745","voters":1930,"total":1820,"voted":1820,"spoiled":24,"yays":1593,"nays":203},{"committee":"УИК №1599","vibid":"4054039160746","voters":2338,"total":2156,"voted":2156,"spoiled":22,"yays":1886,"nays":248},{"committee":"УИК №1600","vibid":"4054039160747","voters":2148,"total":2046,"voted":2046,"spoiled":16,"yays":1825,"nays":205},{"committee":"УИК №1601","vibid":"4054039160748","voters":1355,"total":1255,"voted":1255,"spoiled":24,"yays":1104,"nays":127},{"committee":"УИК №1602","vibid":"4054039160749","voters":1505,"total":1341,"voted":1341,"spoiled":24,"yays":1197,"nays":120},{"committee":"УИК №1603","vibid":"4054039160750","voters":2085,"total":1925,"voted":1925,"spoiled":22,"yays":1698,"nays":205},{"committee":"УИК №1604","vibid":"4054039160751","voters":1665,"total":1573,"voted":1573,"spoiled":25,"yays":1394,"nays":154},{"committee":"УИК №1605","vibid":"4054039160752","voters":1884,"total":1662,"voted":1662,"spoiled":22,"yays":1482,"nays":158},{"committee":"УИК №1606","vibid":"4054039160753","voters":1215,"total":970,"voted":970,"spoiled":22,"yays":856,"nays":92},{"committee":"УИК №1607","vibid":"4054039160754","voters":1359,"total":1182,"voted":1182,"spoiled":19,"yays":989,"nays":174},{"committee":"УИК №1608","vibid":"4054039160755","voters":1283,"total":1193,"voted":1193,"spoiled":17,"yays":1059,"nays":117},{"committee":"УИК №1609","vibid":"4054039160756","voters":1758,"total":1644,"voted":1644,"spoiled":25,"yays":1466,"nays":153},{"committee":"УИК №1610","vibid":"4054039160757","voters":1775,"total":1673,"voted":1673,"spoiled":12,"yays":1482,"nays":179},{"committee":"УИК №1611","vibid":"4054039160758","voters":1399,"total":1287,"voted":1287,"spoiled":25,"yays":1145,"nays":117},{"committee":"УИК №1612","vibid":"4054039160759","voters":2014,"total":1872,"voted":1872,"spoiled":18,"yays":1657,"nays":197},{"committee":"УИК №1613","vibid":"4054039160760","voters":1457,"total":1349,"voted":1349,"spoiled":18,"yays":1187,"nays":144},{"committee":"УИК №1614","vibid":"4054039160761","voters":1234,"total":1080,"voted":1080,"spoiled":24,"yays":961,"nays":95},{"committee":"УИК №1615","vibid":"4054039160762","voters":1034,"total":922,"voted":922,"spoiled":18,"yays":801,"nays":103}]