[{"committee":"УИК №79","vibid":"4074003177418","voters":1440,"total":1236,"voted":1234,"spoiled":22,"yays":1121,"nays":91},{"committee":"УИК №80","vibid":"4074003177419","voters":1151,"total":893,"voted":892,"spoiled":5,"yays":811,"nays":76},{"committee":"УИК №81","vibid":"4074003177420","voters":909,"total":768,"voted":747,"spoiled":5,"yays":676,"nays":66},{"committee":"УИК №82","vibid":"4074003177421","voters":1887,"total":1444,"voted":1435,"spoiled":21,"yays":1289,"nays":125},{"committee":"УИК №83","vibid":"4074003177422","voters":690,"total":617,"voted":616,"spoiled":3,"yays":573,"nays":40},{"committee":"УИК №84","vibid":"4074003177423","voters":1373,"total":1091,"voted":1081,"spoiled":8,"yays":958,"nays":115},{"committee":"УИК №85","vibid":"4074003177424","voters":874,"total":736,"voted":714,"spoiled":7,"yays":650,"nays":57},{"committee":"УИК №86","vibid":"4074003177425","voters":997,"total":785,"voted":778,"spoiled":8,"yays":709,"nays":61},{"committee":"УИК №87","vibid":"4074003177426","voters":838,"total":614,"voted":613,"spoiled":8,"yays":551,"nays":54},{"committee":"УИК №88","vibid":"4074003177427","voters":1944,"total":1488,"voted":1475,"spoiled":12,"yays":1336,"nays":127},{"committee":"УИК №89","vibid":"4074003177428","voters":1868,"total":1494,"voted":1485,"spoiled":9,"yays":1364,"nays":112},{"committee":"УИК №90","vibid":"4074003177429","voters":2390,"total":1783,"voted":1765,"spoiled":5,"yays":1619,"nays":141},{"committee":"УИК №91","vibid":"4074003177430","voters":1523,"total":1252,"voted":1245,"spoiled":4,"yays":1120,"nays":121},{"committee":"УИК №92","vibid":"4074003177431","voters":365,"total":258,"voted":255,"spoiled":3,"yays":235,"nays":17},{"committee":"УИК №93","vibid":"4074003177432","voters":2315,"total":1856,"voted":1843,"spoiled":73,"yays":1622,"nays":148},{"committee":"УИК №94","vibid":"4074003177433","voters":2249,"total":1815,"voted":1802,"spoiled":18,"yays":1589,"nays":195},{"committee":"УИК №95","vibid":"4074003177434","voters":710,"total":548,"voted":532,"spoiled":9,"yays":485,"nays":38},{"committee":"УИК №96","vibid":"4074003177435","voters":2070,"total":1650,"voted":1632,"spoiled":15,"yays":1452,"nays":165}]