[{"committee":"УИК №998","vibid":"4054051160610","voters":1623,"total":1444,"voted":1444,"spoiled":1,"yays":1375,"nays":68},{"committee":"УИК №999","vibid":"4054051160626","voters":2146,"total":1910,"voted":1910,"spoiled":0,"yays":1816,"nays":94},{"committee":"УИК №1000","vibid":"4054051160612","voters":2081,"total":1898,"voted":1898,"spoiled":0,"yays":1805,"nays":93},{"committee":"УИК №1001","vibid":"4054051160628","voters":2139,"total":1927,"voted":1927,"spoiled":0,"yays":1833,"nays":94},{"committee":"УИК №1002","vibid":"4054051160614","voters":1908,"total":1717,"voted":1717,"spoiled":3,"yays":1631,"nays":83},{"committee":"УИК №1003","vibid":"4054051160624","voters":1460,"total":1329,"voted":1329,"spoiled":0,"yays":1262,"nays":67},{"committee":"УИК №1004","vibid":"4054051160616","voters":824,"total":758,"voted":758,"spoiled":200,"yays":520,"nays":38},{"committee":"УИК №1005","vibid":"4054051160618","voters":988,"total":815,"voted":815,"spoiled":1,"yays":774,"nays":40},{"committee":"УИК №1006","vibid":"4054051160620","voters":2282,"total":2081,"voted":2081,"spoiled":3,"yays":1892,"nays":186},{"committee":"УИК №1007","vibid":"4054051160622","voters":1741,"total":1630,"voted":1567,"spoiled":0,"yays":1489,"nays":78},{"committee":"УИК №1008","vibid":"4054051160630","voters":2292,"total":2040,"voted":2040,"spoiled":0,"yays":1942,"nays":98},{"committee":"УИК №1009","vibid":"4054051160632","voters":1964,"total":1768,"voted":1768,"spoiled":0,"yays":1683,"nays":85},{"committee":"УИК №1010","vibid":"4054051160634","voters":1954,"total":1830,"voted":1782,"spoiled":48,"yays":1697,"nays":37},{"committee":"УИК №1011","vibid":"4054051160636","voters":3147,"total":2801,"voted":2801,"spoiled":0,"yays":2072,"nays":729},{"committee":"УИК №1012","vibid":"4054051160638","voters":1969,"total":1850,"voted":1772,"spoiled":0,"yays":1687,"nays":85},{"committee":"УИК №1013","vibid":"4054051160640","voters":2076,"total":1950,"voted":1868,"spoiled":0,"yays":1777,"nays":91},{"committee":"УИК №1014","vibid":"4054051160642","voters":1423,"total":1162,"voted":1162,"spoiled":5,"yays":1071,"nays":86},{"committee":"УИК №1015","vibid":"4054051160644","voters":2315,"total":2089,"voted":2089,"spoiled":2,"yays":1992,"nays":95},{"committee":"УИК №1016","vibid":"4054051160646","voters":1552,"total":1415,"voted":1415,"spoiled":0,"yays":1349,"nays":66},{"committee":"УИК №1017","vibid":"4054051160648","voters":1812,"total":1680,"voted":1649,"spoiled":25,"yays":1570,"nays":54},{"committee":"УИК №1018","vibid":"4054051160650","voters":2122,"total":1969,"voted":1969,"spoiled":0,"yays":1879,"nays":90},{"committee":"УИК №1019","vibid":"4054051160652","voters":1664,"total":1548,"voted":1548,"spoiled":0,"yays":1475,"nays":73},{"committee":"УИК №1020","vibid":"4054051160654","voters":1824,"total":1663,"voted":1663,"spoiled":4,"yays":1160,"nays":499},{"committee":"УИК №1021","vibid":"4054051160656","voters":2143,"total":1864,"voted":1864,"spoiled":0,"yays":1639,"nays":225},{"committee":"УИК №1022","vibid":"4054051160658","voters":2256,"total":1498,"voted":1498,"spoiled":0,"yays":1278,"nays":220},{"committee":"УИК №1023","vibid":"4054051160660","voters":1969,"total":1772,"voted":1772,"spoiled":624,"yays":1063,"nays":85},{"committee":"УИК №1024","vibid":"4054051160662","voters":1830,"total":1629,"voted":1629,"spoiled":0,"yays":1551,"nays":78},{"committee":"УИК №1025","vibid":"4054051160664","voters":2208,"total":2009,"voted":2009,"spoiled":5,"yays":1915,"nays":89},{"committee":"УИК №1026","vibid":"4054051160666","voters":2186,"total":1967,"voted":1967,"spoiled":11,"yays":1875,"nays":81},{"committee":"УИК №1027","vibid":"4054051160668","voters":2187,"total":1968,"voted":1968,"spoiled":0,"yays":1279,"nays":689},{"committee":"УИК №1028","vibid":"4054051160670","voters":1618,"total":1440,"voted":1440,"spoiled":64,"yays":576,"nays":800},{"committee":"УИК №1029","vibid":"4054051160672","voters":1613,"total":1452,"voted":1452,"spoiled":72,"yays":580,"nays":800},{"committee":"УИК №1030","vibid":"4054051160674","voters":1961,"total":1792,"voted":1792,"spoiled":0,"yays":1708,"nays":84},{"committee":"УИК №1031","vibid":"4054051160676","voters":2626,"total":2342,"voted":2342,"spoiled":0,"yays":1639,"nays":703},{"committee":"УИК №1032","vibid":"4054051160678","voters":1291,"total":1291,"voted":1116,"spoiled":0,"yays":1051,"nays":65},{"committee":"УИК №1033","vibid":"4054051160680","voters":2484,"total":2265,"voted":2265,"spoiled":362,"yays":1834,"nays":69},{"committee":"УИК №1034","vibid":"4054051160682","voters":2238,"total":2014,"voted":2014,"spoiled":0,"yays":1924,"nays":90},{"committee":"УИК №1035","vibid":"4054051160684","voters":1400,"total":1296,"voted":1296,"spoiled":185,"yays":1011,"nays":100},{"committee":"УИК №1036","vibid":"4054051160686","voters":1628,"total":1488,"voted":1488,"spoiled":0,"yays":1417,"nays":71},{"committee":"УИК №1037","vibid":"4054051160688","voters":1476,"total":1314,"voted":1314,"spoiled":0,"yays":1251,"nays":63},{"committee":"УИК №1038","vibid":"4054051160690","voters":1484,"total":1390,"voted":1342,"spoiled":2,"yays":1235,"nays":105},{"committee":"УИК №1039","vibid":"4054051160692","voters":835,"total":743,"voted":743,"spoiled":0,"yays":708,"nays":35},{"committee":"УИК №1040","vibid":"4054051160694","voters":1366,"total":1216,"voted":1216,"spoiled":0,"yays":1160,"nays":56},{"committee":"УИК №1041","vibid":"4054051160696","voters":1737,"total":1581,"voted":1581,"spoiled":0,"yays":1296,"nays":285},{"committee":"УИК №1042","vibid":"4054051160698","voters":1414,"total":1271,"voted":1271,"spoiled":5,"yays":1222,"nays":44},{"committee":"УИК №1043","vibid":"4054051160700","voters":2365,"total":2210,"voted":2129,"spoiled":0,"yays":2036,"nays":93},{"committee":"УИК №1044","vibid":"4054051160702","voters":1896,"total":1848,"voted":1848,"spoiled":0,"yays":1700,"nays":148},{"committee":"УИК №1045","vibid":"4054051160704","voters":1388,"total":1259,"voted":1259,"spoiled":0,"yays":1209,"nays":50},{"committee":"УИК №1046","vibid":"4054051160706","voters":82,"total":80,"voted":80,"spoiled":4,"yays":73,"nays":3},{"committee":"УИК №1047","vibid":"4054051160708","voters":3831,"total":3586,"voted":3586,"spoiled":0,"yays":3431,"nays":155},{"committee":"УИК №1914","vibid":"4054051160710","voters":511,"total":480,"voted":480,"spoiled":0,"yays":356,"nays":124}]