[{"committee":"УИК №842","vibid":"4054025170160","voters":682,"total":676,"voted":676,"spoiled":2,"yays":670,"nays":4},{"committee":"УИК №843","vibid":"4054025170161","voters":422,"total":401,"voted":401,"spoiled":0,"yays":397,"nays":4},{"committee":"УИК №844","vibid":"4054025170162","voters":22,"total":22,"voted":22,"spoiled":0,"yays":21,"nays":1},{"committee":"УИК №845","vibid":"4054025170163","voters":75,"total":75,"voted":75,"spoiled":0,"yays":74,"nays":1},{"committee":"УИК №846","vibid":"4054025170164","voters":412,"total":412,"voted":412,"spoiled":0,"yays":409,"nays":3},{"committee":"УИК №847","vibid":"4054025170165","voters":96,"total":96,"voted":96,"spoiled":0,"yays":93,"nays":3},{"committee":"УИК №848","vibid":"4054025170166","voters":512,"total":511,"voted":511,"spoiled":0,"yays":510,"nays":1},{"committee":"УИК №849","vibid":"4054025170167","voters":416,"total":411,"voted":411,"spoiled":0,"yays":410,"nays":1},{"committee":"УИК №850","vibid":"4054025170168","voters":1254,"total":1242,"voted":1242,"spoiled":0,"yays":1235,"nays":7},{"committee":"УИК №851","vibid":"4054025170169","voters":1032,"total":1020,"voted":1020,"spoiled":0,"yays":1016,"nays":4},{"committee":"УИК №852","vibid":"4054025170170","voters":84,"total":84,"voted":84,"spoiled":0,"yays":83,"nays":1},{"committee":"УИК №853","vibid":"4054025170171","voters":130,"total":127,"voted":127,"spoiled":0,"yays":127,"nays":0},{"committee":"УИК №854","vibid":"4054025170172","voters":505,"total":504,"voted":504,"spoiled":0,"yays":502,"nays":2},{"committee":"УИК №855","vibid":"4054025170173","voters":1082,"total":925,"voted":925,"spoiled":3,"yays":890,"nays":32},{"committee":"УИК №856","vibid":"4054025170174","voters":723,"total":718,"voted":718,"spoiled":1,"yays":711,"nays":6},{"committee":"УИК №857","vibid":"4054025170175","voters":567,"total":567,"voted":567,"spoiled":1,"yays":563,"nays":3},{"committee":"УИК №858","vibid":"4054025170176","voters":150,"total":150,"voted":150,"spoiled":5,"yays":143,"nays":2},{"committee":"УИК №859","vibid":"4054025170177","voters":654,"total":632,"voted":632,"spoiled":0,"yays":629,"nays":3},{"committee":"УИК №860","vibid":"4054025170178","voters":94,"total":93,"voted":93,"spoiled":0,"yays":92,"nays":1},{"committee":"УИК №861","vibid":"4054025170179","voters":13,"total":13,"voted":13,"spoiled":0,"yays":13,"nays":0},{"committee":"УИК №862","vibid":"4054025170180","voters":32,"total":32,"voted":32,"spoiled":0,"yays":31,"nays":1},{"committee":"УИК №863","vibid":"4054025170181","voters":56,"total":54,"voted":54,"spoiled":0,"yays":53,"nays":1},{"committee":"УИК №864","vibid":"4054025170182","voters":191,"total":187,"voted":187,"spoiled":1,"yays":185,"nays":1},{"committee":"УИК №865","vibid":"4054025170183","voters":155,"total":155,"voted":155,"spoiled":0,"yays":154,"nays":1},{"committee":"УИК №866","vibid":"4054025170184","voters":161,"total":154,"voted":154,"spoiled":0,"yays":153,"nays":1},{"committee":"УИК №867","vibid":"4054025170185","voters":221,"total":221,"voted":221,"spoiled":0,"yays":219,"nays":2},{"committee":"УИК №868","vibid":"4054025170186","voters":162,"total":141,"voted":141,"spoiled":0,"yays":141,"nays":0},{"committee":"УИК №869","vibid":"4054025170187","voters":303,"total":298,"voted":298,"spoiled":0,"yays":295,"nays":3},{"committee":"УИК №870","vibid":"4054025170188","voters":217,"total":217,"voted":217,"spoiled":0,"yays":214,"nays":3},{"committee":"УИК №871","vibid":"4054025170189","voters":25,"total":25,"voted":25,"spoiled":0,"yays":24,"nays":1}]