[{"committee":"УИК №437","vibid":"4054048266564","voters":1917,"total":1840,"voted":1840,"spoiled":10,"yays":1576,"nays":254},{"committee":"УИК №438","vibid":"4054048266565","voters":2769,"total":2713,"voted":2713,"spoiled":28,"yays":2275,"nays":410},{"committee":"УИК №439","vibid":"4054048266566","voters":1592,"total":1496,"voted":1496,"spoiled":19,"yays":1210,"nays":267},{"committee":"УИК №440","vibid":"4054048266567","voters":850,"total":771,"voted":771,"spoiled":3,"yays":656,"nays":112},{"committee":"УИК №441","vibid":"4054048266568","voters":535,"total":482,"voted":482,"spoiled":2,"yays":424,"nays":56},{"committee":"УИК №442","vibid":"4054048266569","voters":1052,"total":931,"voted":931,"spoiled":6,"yays":837,"nays":88},{"committee":"УИК №443","vibid":"4054048266570","voters":1145,"total":1034,"voted":1034,"spoiled":1,"yays":861,"nays":172},{"committee":"УИК №444","vibid":"4054048266571","voters":104,"total":90,"voted":90,"spoiled":1,"yays":83,"nays":6},{"committee":"УИК №445","vibid":"4054048266572","voters":1265,"total":1163,"voted":1163,"spoiled":12,"yays":1028,"nays":123},{"committee":"УИК №446","vibid":"4054048266573","voters":1210,"total":1137,"voted":1137,"spoiled":14,"yays":995,"nays":128},{"committee":"УИК №447","vibid":"4054048266574","voters":1392,"total":1336,"voted":1336,"spoiled":13,"yays":1095,"nays":228},{"committee":"УИК №448","vibid":"4054048266575","voters":2190,"total":2102,"voted":2102,"spoiled":18,"yays":1817,"nays":267},{"committee":"УИК №449","vibid":"4054048266576","voters":1886,"total":1772,"voted":1772,"spoiled":27,"yays":1570,"nays":175},{"committee":"УИК №450","vibid":"4054048266577","voters":2348,"total":2117,"voted":2117,"spoiled":12,"yays":1851,"nays":254},{"committee":"УИК №451","vibid":"4054048266578","voters":1947,"total":1802,"voted":1802,"spoiled":25,"yays":1705,"nays":72},{"committee":"УИК №452","vibid":"4054048266579","voters":1845,"total":1789,"voted":1789,"spoiled":23,"yays":1512,"nays":254},{"committee":"УИК №453","vibid":"4054048266580","voters":1959,"total":1802,"voted":1802,"spoiled":24,"yays":1632,"nays":146},{"committee":"УИК №454","vibid":"4054048266581","voters":400,"total":352,"voted":352,"spoiled":7,"yays":312,"nays":33},{"committee":"УИК №455","vibid":"4054048266582","voters":1771,"total":1700,"voted":1700,"spoiled":25,"yays":1407,"nays":268},{"committee":"УИК №456","vibid":"4054048266583","voters":919,"total":850,"voted":850,"spoiled":13,"yays":742,"nays":95},{"committee":"УИК №457","vibid":"4054048266584","voters":425,"total":382,"voted":382,"spoiled":2,"yays":338,"nays":42},{"committee":"УИК №458","vibid":"4054048266585","voters":672,"total":607,"voted":607,"spoiled":3,"yays":533,"nays":71},{"committee":"УИК №459","vibid":"4054048266586","voters":2905,"total":2846,"voted":2846,"spoiled":29,"yays":2354,"nays":463},{"committee":"УИК №460","vibid":"4054048266587","voters":871,"total":823,"voted":823,"spoiled":5,"yays":730,"nays":88},{"committee":"УИК №461","vibid":"4054048266588","voters":1950,"total":1794,"voted":1794,"spoiled":27,"yays":1679,"nays":88},{"committee":"УИК №462","vibid":"4054048266589","voters":1094,"total":993,"voted":993,"spoiled":8,"yays":878,"nays":107},{"committee":"УИК №463","vibid":"4054048266590","voters":2059,"total":1976,"voted":1976,"spoiled":11,"yays":1712,"nays":253},{"committee":"УИК №464","vibid":"4054048266591","voters":1654,"total":1554,"voted":1554,"spoiled":16,"yays":1436,"nays":102},{"committee":"УИК №465","vibid":"4054048266592","voters":461,"total":405,"voted":405,"spoiled":3,"yays":358,"nays":44},{"committee":"УИК №466","vibid":"4054048266593","voters":1381,"total":1325,"voted":1325,"spoiled":18,"yays":1285,"nays":22},{"committee":"УИК №467","vibid":"4054048266594","voters":1947,"total":1869,"voted":1869,"spoiled":5,"yays":1612,"nays":252},{"committee":"УИК №468","vibid":"4054048266595","voters":710,"total":668,"voted":668,"spoiled":12,"yays":656,"nays":0},{"committee":"УИК №469","vibid":"4054048266596","voters":1678,"total":1510,"voted":1510,"spoiled":14,"yays":1344,"nays":152},{"committee":"УИК №470","vibid":"4054048266597","voters":1673,"total":1500,"voted":1500,"spoiled":17,"yays":1317,"nays":166},{"committee":"УИК №471","vibid":"4054048266598","voters":1574,"total":1416,"voted":1416,"spoiled":11,"yays":1240,"nays":165},{"committee":"УИК №472","vibid":"4054048266599","voters":2184,"total":1889,"voted":1889,"spoiled":19,"yays":1653,"nays":217},{"committee":"УИК №473","vibid":"4054048266600","voters":2153,"total":1980,"voted":1980,"spoiled":11,"yays":1357,"nays":612},{"committee":"УИК №474","vibid":"4054048266601","voters":1743,"total":1673,"voted":1673,"spoiled":18,"yays":1383,"nays":272},{"committee":"УИК №475","vibid":"4054048266602","voters":1225,"total":1104,"voted":1104,"spoiled":19,"yays":962,"nays":123},{"committee":"УИК №476","vibid":"4054048266603","voters":2906,"total":2690,"voted":2690,"spoiled":23,"yays":2331,"nays":336},{"committee":"УИК №477","vibid":"4054048266604","voters":1406,"total":1293,"voted":1293,"spoiled":15,"yays":1151,"nays":127},{"committee":"УИК №478","vibid":"4054048266605","voters":1558,"total":1409,"voted":1409,"spoiled":31,"yays":1229,"nays":149},{"committee":"УИК №1915","vibid":"4054048266606","voters":1656,"total":1526,"voted":1526,"spoiled":27,"yays":1436,"nays":63},{"committee":"УИК №1916","vibid":"4054048266607","voters":1867,"total":1682,"voted":1682,"spoiled":20,"yays":1505,"nays":157}]