[{"committee":"УИК №459","vibid":"4024073166475","voters":2487,"total":2140,"voted":2140,"spoiled":88,"yays":1151,"nays":901},{"committee":"УИК №460","vibid":"4024073166476","voters":1722,"total":1451,"voted":1451,"spoiled":20,"yays":1060,"nays":371},{"committee":"УИК №461","vibid":"4024073166477","voters":1686,"total":1508,"voted":1508,"spoiled":27,"yays":1129,"nays":352},{"committee":"УИК №462","vibid":"4024073166478","voters":1933,"total":1709,"voted":1709,"spoiled":29,"yays":1227,"nays":453},{"committee":"УИК №463","vibid":"4024073166479","voters":2024,"total":1645,"voted":1645,"spoiled":14,"yays":1327,"nays":304},{"committee":"УИК №464","vibid":"4024073166480","voters":2184,"total":1801,"voted":1800,"spoiled":125,"yays":1143,"nays":532}]