[{"committee":"УИК №553","vibid":"4034017204612","voters":892,"total":442,"voted":442,"spoiled":16,"yays":254,"nays":172},{"committee":"УИК №554","vibid":"4034017204613","voters":442,"total":239,"voted":239,"spoiled":3,"yays":160,"nays":76},{"committee":"УИК №555","vibid":"4034017204614","voters":1170,"total":719,"voted":719,"spoiled":9,"yays":462,"nays":248},{"committee":"УИК №556","vibid":"4034017204615","voters":643,"total":275,"voted":275,"spoiled":0,"yays":186,"nays":89},{"committee":"УИК №557","vibid":"4034017204616","voters":333,"total":230,"voted":230,"spoiled":1,"yays":153,"nays":76},{"committee":"УИК №558","vibid":"4034017204617","voters":355,"total":339,"voted":339,"spoiled":6,"yays":245,"nays":88},{"committee":"УИК №559","vibid":"4034017204618","voters":339,"total":219,"voted":219,"spoiled":6,"yays":187,"nays":26},{"committee":"УИК №560","vibid":"4034017204619","voters":178,"total":156,"voted":156,"spoiled":3,"yays":93,"nays":60},{"committee":"УИК №561","vibid":"4034017204620","voters":398,"total":315,"voted":315,"spoiled":4,"yays":192,"nays":119},{"committee":"УИК №562","vibid":"4034017204621","voters":467,"total":309,"voted":309,"spoiled":0,"yays":248,"nays":61},{"committee":"УИК №563","vibid":"4034017204622","voters":459,"total":283,"voted":283,"spoiled":4,"yays":201,"nays":78},{"committee":"УИК №564","vibid":"4034017204623","voters":243,"total":180,"voted":180,"spoiled":0,"yays":132,"nays":48},{"committee":"УИК №565","vibid":"4034017204624","voters":725,"total":272,"voted":272,"spoiled":2,"yays":162,"nays":108},{"committee":"УИК №566","vibid":"4034017204625","voters":917,"total":471,"voted":471,"spoiled":10,"yays":276,"nays":185},{"committee":"УИК №567","vibid":"4034017204626","voters":444,"total":168,"voted":168,"spoiled":3,"yays":94,"nays":71},{"committee":"УИК №568","vibid":"4034017204627","voters":702,"total":266,"voted":266,"spoiled":2,"yays":177,"nays":87},{"committee":"УИК №569","vibid":"4034017204628","voters":284,"total":232,"voted":232,"spoiled":1,"yays":191,"nays":40},{"committee":"УИК №570","vibid":"4034017204629","voters":139,"total":129,"voted":129,"spoiled":3,"yays":79,"nays":47}]