[{"committee":"УИК №164","vibid":"4094012262044","voters":1943,"total":1661,"voted":1661,"spoiled":0,"yays":1527,"nays":134},{"committee":"УИК №165","vibid":"4094012262045","voters":1465,"total":1228,"voted":1228,"spoiled":0,"yays":1059,"nays":169},{"committee":"УИК №166","vibid":"4094012262046","voters":1012,"total":855,"voted":855,"spoiled":2,"yays":693,"nays":160},{"committee":"УИК №167","vibid":"4094012262047","voters":2773,"total":2275,"voted":2275,"spoiled":1,"yays":1986,"nays":288},{"committee":"УИК №168","vibid":"4094012262048","voters":159,"total":133,"voted":133,"spoiled":0,"yays":125,"nays":8},{"committee":"УИК №169","vibid":"4094012262049","voters":1215,"total":1000,"voted":1000,"spoiled":0,"yays":858,"nays":142},{"committee":"УИК №170","vibid":"4094012262050","voters":114,"total":92,"voted":92,"spoiled":0,"yays":83,"nays":9},{"committee":"УИК №171","vibid":"4094012262051","voters":922,"total":768,"voted":768,"spoiled":3,"yays":688,"nays":77}]