[{"committee":"УИК №833","vibid":"4054024137436","voters":2819,"total":2471,"voted":2471,"spoiled":6,"yays":1946,"nays":519},{"committee":"УИК №834","vibid":"4054024137437","voters":1946,"total":1873,"voted":1860,"spoiled":3,"yays":1684,"nays":173},{"committee":"УИК №835","vibid":"4054024137438","voters":1217,"total":1190,"voted":1190,"spoiled":1,"yays":901,"nays":288},{"committee":"УИК №836","vibid":"4054024137439","voters":1924,"total":1740,"voted":1740,"spoiled":2,"yays":1546,"nays":192},{"committee":"УИК №837","vibid":"4054024137440","voters":2722,"total":2595,"voted":2595,"spoiled":4,"yays":2341,"nays":250},{"committee":"УИК №838","vibid":"4054024137441","voters":1086,"total":914,"voted":914,"spoiled":3,"yays":893,"nays":18},{"committee":"УИК №839","vibid":"4054024137442","voters":1368,"total":1063,"voted":1063,"spoiled":2,"yays":997,"nays":64},{"committee":"УИК №840","vibid":"4054024137443","voters":1020,"total":915,"voted":915,"spoiled":8,"yays":888,"nays":19},{"committee":"УИК №841","vibid":"4054024137444","voters":632,"total":595,"voted":595,"spoiled":5,"yays":493,"nays":97},{"committee":"УИК №1913","vibid":"4054024137445","voters":1675,"total":1478,"voted":1478,"spoiled":1,"yays":1330,"nays":147}]