[{"committee":"УИК №1575","vibid":"4024018288448","voters":1650,"total":1568,"voted":1568,"spoiled":10,"yays":1521,"nays":37},{"committee":"УИК №1576","vibid":"4024018288449","voters":1390,"total":1328,"voted":1328,"spoiled":2,"yays":1295,"nays":31},{"committee":"УИК №1577","vibid":"4024018288450","voters":604,"total":590,"voted":590,"spoiled":2,"yays":579,"nays":9},{"committee":"УИК №1578","vibid":"4024018288451","voters":558,"total":544,"voted":544,"spoiled":0,"yays":528,"nays":16},{"committee":"УИК №1579","vibid":"4024018288452","voters":1146,"total":1058,"voted":1058,"spoiled":22,"yays":933,"nays":103},{"committee":"УИК №1580","vibid":"4024018288453","voters":1151,"total":1081,"voted":1081,"spoiled":5,"yays":869,"nays":207},{"committee":"УИК №1581","vibid":"4024018288454","voters":1875,"total":1782,"voted":1782,"spoiled":0,"yays":1747,"nays":35},{"committee":"УИК №1582","vibid":"4024018288455","voters":266,"total":259,"voted":259,"spoiled":0,"yays":254,"nays":5},{"committee":"УИК №1583","vibid":"4024018288456","voters":202,"total":196,"voted":196,"spoiled":0,"yays":192,"nays":4},{"committee":"УИК №1584","vibid":"4024018288457","voters":103,"total":100,"voted":100,"spoiled":0,"yays":98,"nays":2},{"committee":"УИК №1585","vibid":"4024018288458","voters":271,"total":271,"voted":271,"spoiled":10,"yays":256,"nays":5},{"committee":"УИК №1586","vibid":"4024018288459","voters":472,"total":458,"voted":458,"spoiled":0,"yays":445,"nays":13},{"committee":"УИК №1587","vibid":"4024018288460","voters":312,"total":302,"voted":302,"spoiled":0,"yays":293,"nays":9},{"committee":"УИК №1588","vibid":"4024018288461","voters":239,"total":235,"voted":235,"spoiled":0,"yays":228,"nays":7},{"committee":"УИК №1589","vibid":"4024018288462","voters":358,"total":351,"voted":351,"spoiled":0,"yays":345,"nays":6},{"committee":"УИК №1590","vibid":"4024018288463","voters":376,"total":361,"voted":361,"spoiled":3,"yays":332,"nays":26},{"committee":"УИК №1591","vibid":"4024018288464","voters":147,"total":144,"voted":144,"spoiled":0,"yays":131,"nays":13},{"committee":"УИК №1592","vibid":"4024018288465","voters":273,"total":262,"voted":262,"spoiled":2,"yays":247,"nays":13},{"committee":"УИК №1593","vibid":"4024018288466","voters":143,"total":135,"voted":135,"spoiled":0,"yays":130,"nays":5},{"committee":"УИК №1594","vibid":"4024018288467","voters":244,"total":225,"voted":225,"spoiled":4,"yays":173,"nays":48},{"committee":"УИК №1595","vibid":"4024018288468","voters":250,"total":239,"voted":239,"spoiled":4,"yays":232,"nays":3},{"committee":"УИК №1596","vibid":"4024018288469","voters":323,"total":300,"voted":300,"spoiled":0,"yays":285,"nays":15},{"committee":"УИК №1597","vibid":"4024018288470","voters":362,"total":354,"voted":354,"spoiled":3,"yays":347,"nays":4},{"committee":"УИК №1598","vibid":"4024018288471","voters":296,"total":289,"voted":289,"spoiled":0,"yays":283,"nays":6},{"committee":"УИК №1599","vibid":"4024018288472","voters":254,"total":247,"voted":247,"spoiled":0,"yays":238,"nays":9},{"committee":"УИК №1600","vibid":"4024018288473","voters":271,"total":263,"voted":263,"spoiled":0,"yays":258,"nays":5},{"committee":"УИК №1601","vibid":"4024018288474","voters":127,"total":126,"voted":126,"spoiled":0,"yays":123,"nays":3},{"committee":"УИК №1602","vibid":"4024018288475","voters":158,"total":152,"voted":152,"spoiled":0,"yays":148,"nays":4},{"committee":"УИК №1603","vibid":"4024018288476","voters":215,"total":211,"voted":211,"spoiled":2,"yays":204,"nays":5},{"committee":"УИК №1604","vibid":"4024018288477","voters":371,"total":357,"voted":357,"spoiled":2,"yays":347,"nays":8},{"committee":"УИК №1605","vibid":"4024018288478","voters":202,"total":195,"voted":195,"spoiled":0,"yays":189,"nays":6},{"committee":"УИК №1607","vibid":"4024018288479","voters":266,"total":258,"voted":258,"spoiled":0,"yays":253,"nays":5},{"committee":"УИК №1608","vibid":"4024018288480","voters":286,"total":278,"voted":278,"spoiled":0,"yays":273,"nays":5},{"committee":"УИК №1609","vibid":"4024018288481","voters":185,"total":179,"voted":179,"spoiled":0,"yays":175,"nays":4},{"committee":"УИК №1610","vibid":"4024018288482","voters":106,"total":103,"voted":103,"spoiled":0,"yays":101,"nays":2},{"committee":"УИК №1611","vibid":"4024018288483","voters":99,"total":97,"voted":97,"spoiled":4,"yays":86,"nays":7},{"committee":"УИК №1612","vibid":"4024018288484","voters":383,"total":369,"voted":369,"spoiled":0,"yays":360,"nays":9},{"committee":"УИК №1614","vibid":"4024018288485","voters":436,"total":424,"voted":424,"spoiled":0,"yays":414,"nays":10},{"committee":"УИК №1615","vibid":"4024018288486","voters":120,"total":119,"voted":119,"spoiled":0,"yays":116,"nays":3},{"committee":"УИК №1616","vibid":"4024018288487","voters":110,"total":106,"voted":106,"spoiled":0,"yays":103,"nays":3},{"committee":"УИК №1617","vibid":"4024018288488","voters":207,"total":201,"voted":201,"spoiled":1,"yays":196,"nays":4},{"committee":"УИК №1618","vibid":"4024018288489","voters":287,"total":277,"voted":277,"spoiled":0,"yays":270,"nays":7},{"committee":"УИК №1620","vibid":"4024018288490","voters":312,"total":306,"voted":306,"spoiled":5,"yays":293,"nays":8},{"committee":"УИК №1621","vibid":"4024018288491","voters":274,"total":269,"voted":269,"spoiled":3,"yays":260,"nays":6},{"committee":"УИК №1622","vibid":"4024018288492","voters":124,"total":120,"voted":120,"spoiled":0,"yays":115,"nays":5},{"committee":"УИК №1623","vibid":"4024018288493","voters":88,"total":86,"voted":86,"spoiled":0,"yays":84,"nays":2},{"committee":"УИК №1624","vibid":"4024018288494","voters":564,"total":535,"voted":535,"spoiled":3,"yays":516,"nays":16},{"committee":"УИК №1625","vibid":"4024018288495","voters":166,"total":158,"voted":158,"spoiled":0,"yays":154,"nays":4}]