[{"committee":"УИК №53","vibid":"4094004185211","voters":204,"total":170,"voted":170,"spoiled":0,"yays":153,"nays":17},{"committee":"УИК №54","vibid":"4094004185213","voters":1405,"total":1202,"voted":1202,"spoiled":0,"yays":1054,"nays":148},{"committee":"УИК №55","vibid":"4094004185215","voters":1494,"total":1299,"voted":1299,"spoiled":0,"yays":1106,"nays":193},{"committee":"УИК №56","vibid":"4094004185217","voters":1569,"total":1378,"voted":1378,"spoiled":0,"yays":1151,"nays":227},{"committee":"УИК №58","vibid":"4094004185221","voters":745,"total":620,"voted":620,"spoiled":3,"yays":601,"nays":16},{"committee":"УИК №60","vibid":"4094004185225","voters":802,"total":704,"voted":704,"spoiled":1,"yays":589,"nays":114},{"committee":"УИК №61","vibid":"4094004185227","voters":585,"total":503,"voted":503,"spoiled":0,"yays":452,"nays":51},{"committee":"УИК №62","vibid":"4094004185229","voters":2618,"total":2192,"voted":2192,"spoiled":0,"yays":1893,"nays":299},{"committee":"УИК №63","vibid":"4094004185231","voters":686,"total":586,"voted":586,"spoiled":0,"yays":518,"nays":68},{"committee":"УИК №65","vibid":"4094004185235","voters":1018,"total":877,"voted":877,"spoiled":22,"yays":821,"nays":34},{"committee":"УИК №66","vibid":"4094004185237","voters":961,"total":799,"voted":799,"spoiled":0,"yays":783,"nays":16},{"committee":"УИК №67","vibid":"4094004185239","voters":827,"total":714,"voted":714,"spoiled":0,"yays":635,"nays":79},{"committee":"УИК №68","vibid":"4094004185241","voters":726,"total":640,"voted":640,"spoiled":0,"yays":568,"nays":72},{"committee":"УИК №69","vibid":"4094004185243","voters":185,"total":160,"voted":160,"spoiled":0,"yays":142,"nays":18}]