[{"committee":"УИК №2348","vibid":"4024034337704","voters":917,"total":854,"voted":854,"spoiled":3,"yays":825,"nays":26},{"committee":"УИК №2349","vibid":"4024034337705","voters":210,"total":200,"voted":200,"spoiled":0,"yays":194,"nays":6},{"committee":"УИК №2350","vibid":"4024034337706","voters":457,"total":435,"voted":435,"spoiled":0,"yays":426,"nays":9},{"committee":"УИК №2351","vibid":"4024034337707","voters":346,"total":319,"voted":319,"spoiled":0,"yays":314,"nays":5},{"committee":"УИК №2352","vibid":"4024034337708","voters":82,"total":80,"voted":80,"spoiled":0,"yays":77,"nays":3},{"committee":"УИК №2353","vibid":"4024034337709","voters":745,"total":568,"voted":568,"spoiled":2,"yays":429,"nays":137},{"committee":"УИК №2354","vibid":"4024034337710","voters":366,"total":329,"voted":329,"spoiled":0,"yays":319,"nays":10},{"committee":"УИК №2355","vibid":"4024034337711","voters":874,"total":832,"voted":832,"spoiled":0,"yays":807,"nays":25},{"committee":"УИК №2356","vibid":"4024034337712","voters":637,"total":617,"voted":617,"spoiled":0,"yays":604,"nays":13},{"committee":"УИК №2357","vibid":"4024034337713","voters":885,"total":856,"voted":856,"spoiled":0,"yays":830,"nays":26},{"committee":"УИК №2358","vibid":"4024034337714","voters":249,"total":230,"voted":230,"spoiled":0,"yays":223,"nays":7},{"committee":"УИК №2359","vibid":"4024034337715","voters":392,"total":354,"voted":354,"spoiled":0,"yays":343,"nays":11},{"committee":"УИК №2360","vibid":"4024034337716","voters":201,"total":190,"voted":190,"spoiled":0,"yays":185,"nays":5},{"committee":"УИК №2361","vibid":"4024034337717","voters":594,"total":571,"voted":571,"spoiled":0,"yays":552,"nays":19},{"committee":"УИК №2362","vibid":"4024034337718","voters":200,"total":189,"voted":189,"spoiled":0,"yays":180,"nays":9},{"committee":"УИК №2363","vibid":"4024034337719","voters":287,"total":272,"voted":272,"spoiled":0,"yays":263,"nays":9},{"committee":"УИК №2364","vibid":"4024034337720","voters":877,"total":789,"voted":789,"spoiled":9,"yays":760,"nays":20},{"committee":"УИК №2365","vibid":"4024034337721","voters":378,"total":337,"voted":337,"spoiled":3,"yays":324,"nays":10},{"committee":"УИК №2366","vibid":"4024034337722","voters":1319,"total":1083,"voted":1083,"spoiled":9,"yays":924,"nays":150},{"committee":"УИК №2367","vibid":"4024034337723","voters":1102,"total":1000,"voted":1000,"spoiled":7,"yays":970,"nays":23},{"committee":"УИК №2368","vibid":"4024034337724","voters":510,"total":485,"voted":485,"spoiled":0,"yays":471,"nays":14},{"committee":"УИК №2369","vibid":"4024034337725","voters":321,"total":312,"voted":312,"spoiled":2,"yays":300,"nays":10},{"committee":"УИК №2370","vibid":"4024034337726","voters":193,"total":185,"voted":185,"spoiled":2,"yays":178,"nays":5},{"committee":"УИК №2371","vibid":"4024034337727","voters":189,"total":174,"voted":174,"spoiled":0,"yays":169,"nays":5},{"committee":"УИК №2372","vibid":"4024034337728","voters":876,"total":837,"voted":837,"spoiled":9,"yays":812,"nays":16},{"committee":"УИК №2373","vibid":"4024034337729","voters":448,"total":425,"voted":425,"spoiled":3,"yays":412,"nays":10},{"committee":"УИК №2374","vibid":"4024034337730","voters":403,"total":385,"voted":385,"spoiled":0,"yays":373,"nays":12},{"committee":"УИК №2375","vibid":"4024034337731","voters":203,"total":193,"voted":193,"spoiled":2,"yays":188,"nays":3},{"committee":"УИК №2376","vibid":"4024034337732","voters":253,"total":240,"voted":240,"spoiled":0,"yays":233,"nays":7},{"committee":"УИК №2377","vibid":"4024034337733","voters":766,"total":747,"voted":747,"spoiled":21,"yays":706,"nays":20},{"committee":"УИК №2378","vibid":"4024034337734","voters":164,"total":158,"voted":158,"spoiled":3,"yays":151,"nays":4},{"committee":"УИК №2379","vibid":"4024034337735","voters":408,"total":397,"voted":397,"spoiled":0,"yays":389,"nays":8},{"committee":"УИК №2380","vibid":"4024034337736","voters":320,"total":314,"voted":314,"spoiled":0,"yays":309,"nays":5},{"committee":"УИК №2381","vibid":"4024034337737","voters":1500,"total":1329,"voted":1329,"spoiled":4,"yays":1268,"nays":57},{"committee":"УИК №2382","vibid":"4024034337738","voters":1466,"total":1334,"voted":1334,"spoiled":6,"yays":1138,"nays":190},{"committee":"УИК №2383","vibid":"4024034337739","voters":1854,"total":1648,"voted":1648,"spoiled":1,"yays":1566,"nays":81},{"committee":"УИК №2384","vibid":"4024034337740","voters":632,"total":568,"voted":568,"spoiled":0,"yays":539,"nays":29}]