[{"committee":"УИК №235","vibid":"4094009485135","voters":1312,"total":1130,"voted":1130,"spoiled":8,"yays":794,"nays":328},{"committee":"УИК №236","vibid":"4094009485136","voters":1427,"total":1242,"voted":1242,"spoiled":0,"yays":1057,"nays":185},{"committee":"УИК №237","vibid":"4094009485137","voters":1506,"total":1274,"voted":1274,"spoiled":0,"yays":1073,"nays":201},{"committee":"УИК №238","vibid":"4094009485138","voters":1990,"total":1710,"voted":1710,"spoiled":0,"yays":1509,"nays":201},{"committee":"УИК №239","vibid":"4094009485139","voters":2100,"total":1824,"voted":1824,"spoiled":0,"yays":1650,"nays":174},{"committee":"УИК №240","vibid":"4094009485140","voters":1908,"total":1657,"voted":1657,"spoiled":0,"yays":1448,"nays":209},{"committee":"УИК №241","vibid":"4094009485141","voters":1701,"total":1441,"voted":1441,"spoiled":0,"yays":1299,"nays":142},{"committee":"УИК №242","vibid":"4094009485142","voters":978,"total":828,"voted":828,"spoiled":7,"yays":605,"nays":216},{"committee":"УИК №243","vibid":"4094009485143","voters":478,"total":396,"voted":396,"spoiled":0,"yays":361,"nays":35},{"committee":"УИК №244","vibid":"4094009485144","voters":264,"total":219,"voted":219,"spoiled":0,"yays":185,"nays":34},{"committee":"УИК №245","vibid":"4094009485145","voters":214,"total":180,"voted":180,"spoiled":0,"yays":157,"nays":23},{"committee":"УИК №246","vibid":"4094009485146","voters":1304,"total":1093,"voted":1093,"spoiled":0,"yays":972,"nays":121},{"committee":"УИК №247","vibid":"4094009485147","voters":426,"total":354,"voted":354,"spoiled":0,"yays":312,"nays":42},{"committee":"УИК №248","vibid":"4094009485148","voters":1975,"total":1705,"voted":1705,"spoiled":0,"yays":1496,"nays":209},{"committee":"УИК №249","vibid":"4094009485149","voters":793,"total":685,"voted":685,"spoiled":4,"yays":633,"nays":48}]