[{"committee":"УИК №556","vibid":"4024045253402","voters":1741,"total":1471,"voted":1471,"spoiled":11,"yays":1157,"nays":303},{"committee":"УИК №557","vibid":"4024045253404","voters":1681,"total":1429,"voted":1429,"spoiled":9,"yays":1307,"nays":113},{"committee":"УИК №558","vibid":"4024045253405","voters":800,"total":707,"voted":707,"spoiled":2,"yays":657,"nays":48},{"committee":"УИК №559","vibid":"4024045253406","voters":1282,"total":1102,"voted":1102,"spoiled":4,"yays":1024,"nays":74},{"committee":"УИК №560","vibid":"4024045253407","voters":2035,"total":1806,"voted":1806,"spoiled":6,"yays":1663,"nays":137},{"committee":"УИК №561","vibid":"4024045253408","voters":1383,"total":1222,"voted":1222,"spoiled":1,"yays":977,"nays":244},{"committee":"УИК №562","vibid":"4024045253409","voters":1213,"total":1027,"voted":1027,"spoiled":7,"yays":796,"nays":224},{"committee":"УИК №563","vibid":"4024045253410","voters":1030,"total":907,"voted":907,"spoiled":9,"yays":747,"nays":151},{"committee":"УИК №564","vibid":"4024045253411","voters":954,"total":898,"voted":898,"spoiled":10,"yays":823,"nays":65},{"committee":"УИК №565","vibid":"4024045253412","voters":1743,"total":1554,"voted":1554,"spoiled":6,"yays":1424,"nays":124},{"committee":"УИК №566","vibid":"4024045253413","voters":1007,"total":872,"voted":872,"spoiled":9,"yays":703,"nays":160},{"committee":"УИК №567","vibid":"4024045253414","voters":927,"total":833,"voted":833,"spoiled":3,"yays":772,"nays":58},{"committee":"УИК №568","vibid":"4024045253415","voters":962,"total":845,"voted":845,"spoiled":1,"yays":786,"nays":58},{"committee":"УИК №569","vibid":"4024045253416","voters":976,"total":846,"voted":846,"spoiled":8,"yays":686,"nays":152},{"committee":"УИК №570","vibid":"4024045253417","voters":1417,"total":1276,"voted":1276,"spoiled":2,"yays":1195,"nays":79},{"committee":"УИК №571","vibid":"4024045253418","voters":1424,"total":1221,"voted":1221,"spoiled":5,"yays":969,"nays":247},{"committee":"УИК №572","vibid":"4024045253419","voters":1258,"total":1059,"voted":1059,"spoiled":6,"yays":863,"nays":190},{"committee":"УИК №573","vibid":"4024045253420","voters":1510,"total":1404,"voted":1404,"spoiled":10,"yays":1301,"nays":93},{"committee":"УИК №574","vibid":"4024045253421","voters":1304,"total":1125,"voted":1125,"spoiled":17,"yays":1031,"nays":77},{"committee":"УИК №575","vibid":"4024045253422","voters":535,"total":466,"voted":466,"spoiled":3,"yays":429,"nays":34},{"committee":"УИК №576","vibid":"4024045253423","voters":2169,"total":1850,"voted":1850,"spoiled":11,"yays":1721,"nays":118},{"committee":"УИК №577","vibid":"4024045253424","voters":1484,"total":1257,"voted":1257,"spoiled":7,"yays":1162,"nays":88},{"committee":"УИК №578","vibid":"4024045253425","voters":2041,"total":1778,"voted":1778,"spoiled":18,"yays":1654,"nays":106},{"committee":"УИК №579","vibid":"4024045253426","voters":2083,"total":1776,"voted":1776,"spoiled":23,"yays":1634,"nays":119},{"committee":"УИК №580","vibid":"4024045253427","voters":2170,"total":1840,"voted":1839,"spoiled":4,"yays":1725,"nays":110},{"committee":"УИК №581","vibid":"4024045253428","voters":1454,"total":1274,"voted":1274,"spoiled":4,"yays":1185,"nays":85},{"committee":"УИК №582","vibid":"4024045253429","voters":1633,"total":1421,"voted":1421,"spoiled":1,"yays":1320,"nays":100},{"committee":"УИК №583","vibid":"4024045253430","voters":2477,"total":2142,"voted":2142,"spoiled":5,"yays":1924,"nays":213},{"committee":"УИК №584","vibid":"4024045253431","voters":1978,"total":1682,"voted":1682,"spoiled":4,"yays":1567,"nays":111},{"committee":"УИК №585","vibid":"4024045253432","voters":1638,"total":1427,"voted":1427,"spoiled":1,"yays":1336,"nays":90},{"committee":"УИК №586","vibid":"4024045253433","voters":2219,"total":1884,"voted":1884,"spoiled":9,"yays":1753,"nays":122},{"committee":"УИК №587","vibid":"4024045253434","voters":2139,"total":1869,"voted":1869,"spoiled":7,"yays":1729,"nays":133},{"committee":"УИК №588","vibid":"4024045253435","voters":2376,"total":2138,"voted":2138,"spoiled":12,"yays":1989,"nays":137},{"committee":"УИК №589","vibid":"4024045253436","voters":2051,"total":1839,"voted":1839,"spoiled":0,"yays":1710,"nays":129},{"committee":"УИК №590","vibid":"4024045253437","voters":2220,"total":1962,"voted":1962,"spoiled":8,"yays":1813,"nays":141},{"committee":"УИК №591","vibid":"4024045253438","voters":2069,"total":1819,"voted":1819,"spoiled":13,"yays":1692,"nays":114},{"committee":"УИК №592","vibid":"4024045253439","voters":1858,"total":1604,"voted":1604,"spoiled":5,"yays":1471,"nays":128},{"committee":"УИК №593","vibid":"4024045253440","voters":2107,"total":1835,"voted":1835,"spoiled":6,"yays":1689,"nays":140},{"committee":"УИК №594","vibid":"4024045253441","voters":1639,"total":1465,"voted":1465,"spoiled":4,"yays":1358,"nays":103},{"committee":"УИК №595","vibid":"4024045253442","voters":1626,"total":1400,"voted":1400,"spoiled":3,"yays":1288,"nays":109},{"committee":"УИК №596","vibid":"4024045253443","voters":1820,"total":1609,"voted":1609,"spoiled":7,"yays":1490,"nays":112},{"committee":"УИК №597","vibid":"4024045253444","voters":1486,"total":1297,"voted":1297,"spoiled":3,"yays":1203,"nays":91},{"committee":"УИК №598","vibid":"4024045253445","voters":1579,"total":1365,"voted":1365,"spoiled":0,"yays":1270,"nays":95},{"committee":"УИК №599","vibid":"4024045253446","voters":1643,"total":1468,"voted":1468,"spoiled":2,"yays":1365,"nays":101},{"committee":"УИК №600","vibid":"4024045253447","voters":1100,"total":934,"voted":934,"spoiled":12,"yays":857,"nays":65},{"committee":"УИК №601","vibid":"4024045253448","voters":1588,"total":1362,"voted":1362,"spoiled":8,"yays":1267,"nays":87},{"committee":"УИК №602","vibid":"4024045253449","voters":1603,"total":1398,"voted":1398,"spoiled":3,"yays":1300,"nays":95},{"committee":"УИК №603","vibid":"4024045253450","voters":2737,"total":2345,"voted":2345,"spoiled":17,"yays":2146,"nays":182},{"committee":"УИК №604","vibid":"4024045253451","voters":2785,"total":2442,"voted":2440,"spoiled":2,"yays":2274,"nays":164},{"committee":"УИК №605","vibid":"4024045253452","voters":2765,"total":2389,"voted":2389,"spoiled":0,"yays":2222,"nays":167},{"committee":"УИК №606","vibid":"4024045253453","voters":2687,"total":2288,"voted":2288,"spoiled":2,"yays":2115,"nays":171},{"committee":"УИК №607","vibid":"4024045253454","voters":2704,"total":2368,"voted":2368,"spoiled":15,"yays":2209,"nays":144},{"committee":"УИК №608","vibid":"4024045253455","voters":2795,"total":2452,"voted":2452,"spoiled":29,"yays":2254,"nays":169},{"committee":"УИК №609","vibid":"4024045253456","voters":1474,"total":1309,"voted":1309,"spoiled":7,"yays":1211,"nays":91},{"committee":"УИК №610","vibid":"4024045253457","voters":2209,"total":1904,"voted":1904,"spoiled":7,"yays":1764,"nays":133},{"committee":"УИК №611","vibid":"4024045253458","voters":2009,"total":1738,"voted":1738,"spoiled":4,"yays":1608,"nays":126},{"committee":"УИК №612","vibid":"4024045253459","voters":2121,"total":1892,"voted":1892,"spoiled":4,"yays":1760,"nays":128},{"committee":"УИК №613","vibid":"4024045253460","voters":1214,"total":1073,"voted":1073,"spoiled":7,"yays":1003,"nays":63},{"committee":"УИК №614","vibid":"4024045253461","voters":1345,"total":1173,"voted":1173,"spoiled":12,"yays":1091,"nays":70},{"committee":"УИК №615","vibid":"4024045253462","voters":1303,"total":1159,"voted":1159,"spoiled":13,"yays":1075,"nays":71},{"committee":"УИК №616","vibid":"4024045253463","voters":2246,"total":1999,"voted":1999,"spoiled":4,"yays":1855,"nays":140},{"committee":"УИК №617","vibid":"4024045254696","voters":315,"total":301,"voted":301,"spoiled":3,"yays":237,"nays":61}]