[{"committee":"УИК №1","vibid":"4074001180799","voters":1765,"total":1316,"voted":1301,"spoiled":18,"yays":1165,"nays":118},{"committee":"УИК №2","vibid":"4074001180801","voters":2242,"total":1661,"voted":1654,"spoiled":31,"yays":1482,"nays":141},{"committee":"УИК №3","vibid":"4074001180802","voters":1951,"total":1449,"voted":1438,"spoiled":19,"yays":1284,"nays":135},{"committee":"УИК №4","vibid":"4074001180803","voters":1462,"total":1093,"voted":1084,"spoiled":11,"yays":955,"nays":118},{"committee":"УИК №5","vibid":"4074001180804","voters":1483,"total":1164,"voted":1147,"spoiled":21,"yays":1064,"nays":62},{"committee":"УИК №6","vibid":"4074001180805","voters":1311,"total":1001,"voted":983,"spoiled":13,"yays":859,"nays":111},{"committee":"УИК №7","vibid":"4074001180806","voters":1313,"total":1035,"voted":1016,"spoiled":12,"yays":906,"nays":98},{"committee":"УИК №8","vibid":"4074001180807","voters":1334,"total":1085,"voted":1073,"spoiled":19,"yays":917,"nays":137},{"committee":"УИК №9","vibid":"4074001180808","voters":1549,"total":1227,"voted":1221,"spoiled":27,"yays":1052,"nays":142},{"committee":"УИК №10","vibid":"4074001180809","voters":1788,"total":1369,"voted":1358,"spoiled":21,"yays":1231,"nays":106},{"committee":"УИК №11","vibid":"4074001180810","voters":1797,"total":1391,"voted":1374,"spoiled":26,"yays":1275,"nays":73},{"committee":"УИК №12","vibid":"4074001180811","voters":1878,"total":1453,"voted":1445,"spoiled":11,"yays":1296,"nays":138},{"committee":"УИК №13","vibid":"4074001180812","voters":2137,"total":1619,"voted":1596,"spoiled":10,"yays":1489,"nays":97},{"committee":"УИК №14","vibid":"4074001180813","voters":2024,"total":1511,"voted":1492,"spoiled":16,"yays":1325,"nays":151},{"committee":"УИК №15","vibid":"4074001180814","voters":1343,"total":1051,"voted":1031,"spoiled":17,"yays":931,"nays":83},{"committee":"УИК №16","vibid":"4074001180815","voters":1268,"total":940,"voted":923,"spoiled":12,"yays":814,"nays":97},{"committee":"УИК №17","vibid":"4074001180816","voters":1018,"total":766,"voted":752,"spoiled":9,"yays":695,"nays":48},{"committee":"УИК №18","vibid":"4074001180817","voters":1015,"total":808,"voted":792,"spoiled":7,"yays":759,"nays":26},{"committee":"УИК №19","vibid":"4074001180818","voters":1818,"total":1467,"voted":1456,"spoiled":29,"yays":1351,"nays":76},{"committee":"УИК №20","vibid":"4074001180819","voters":803,"total":601,"voted":589,"spoiled":6,"yays":549,"nays":34},{"committee":"УИК №21","vibid":"4074001180820","voters":962,"total":704,"voted":695,"spoiled":11,"yays":604,"nays":80},{"committee":"УИК №22","vibid":"4074001180821","voters":1259,"total":936,"voted":920,"spoiled":19,"yays":847,"nays":54},{"committee":"УИК №23","vibid":"4074001180822","voters":2111,"total":1790,"voted":1769,"spoiled":32,"yays":1568,"nays":169},{"committee":"УИК №24","vibid":"4074001180823","voters":2132,"total":1649,"voted":1636,"spoiled":16,"yays":1432,"nays":188},{"committee":"УИК №25","vibid":"4074001180824","voters":1166,"total":859,"voted":853,"spoiled":11,"yays":798,"nays":44},{"committee":"УИК №26","vibid":"4074001180825","voters":3065,"total":2298,"voted":2274,"spoiled":34,"yays":2019,"nays":221}]