[{"committee":"УИК №639","vibid":"4054019139903","voters":2664,"total":2390,"voted":2390,"spoiled":2,"yays":2046,"nays":342},{"committee":"УИК №640","vibid":"4054019139904","voters":2957,"total":2573,"voted":2573,"spoiled":5,"yays":2238,"nays":330},{"committee":"УИК №641","vibid":"4054019139905","voters":2532,"total":2276,"voted":2276,"spoiled":10,"yays":1934,"nays":332},{"committee":"УИК №642","vibid":"4054019139906","voters":2387,"total":2123,"voted":2123,"spoiled":4,"yays":1909,"nays":210},{"committee":"УИК №643","vibid":"4054019139907","voters":1678,"total":1502,"voted":1502,"spoiled":0,"yays":1378,"nays":124},{"committee":"УИК №644","vibid":"4054019139908","voters":2312,"total":2101,"voted":2101,"spoiled":13,"yays":1943,"nays":145},{"committee":"УИК №645","vibid":"4054019139909","voters":1599,"total":1420,"voted":1420,"spoiled":2,"yays":1207,"nays":211},{"committee":"УИК №646","vibid":"4054019139910","voters":1829,"total":1611,"voted":1611,"spoiled":5,"yays":1424,"nays":182},{"committee":"УИК №647","vibid":"4054019139911","voters":2259,"total":2027,"voted":2027,"spoiled":16,"yays":1744,"nays":267},{"committee":"УИК №648","vibid":"4054019139912","voters":1994,"total":1748,"voted":1748,"spoiled":7,"yays":1354,"nays":387},{"committee":"УИК №649","vibid":"4054019139913","voters":2269,"total":1854,"voted":1854,"spoiled":15,"yays":1564,"nays":275},{"committee":"УИК №650","vibid":"4054019139914","voters":2531,"total":2252,"voted":2252,"spoiled":12,"yays":1936,"nays":304},{"committee":"УИК №651","vibid":"4054019139915","voters":1939,"total":1746,"voted":1746,"spoiled":2,"yays":1681,"nays":63},{"committee":"УИК №652","vibid":"4054019139916","voters":3556,"total":3263,"voted":3263,"spoiled":0,"yays":3231,"nays":32},{"committee":"УИК №653","vibid":"4054019139917","voters":2836,"total":2435,"voted":2435,"spoiled":22,"yays":2316,"nays":97},{"committee":"УИК №654","vibid":"4054019139918","voters":2776,"total":2506,"voted":2506,"spoiled":15,"yays":2205,"nays":286},{"committee":"УИК №655","vibid":"4054019139919","voters":1941,"total":1548,"voted":1548,"spoiled":5,"yays":1326,"nays":217},{"committee":"УИК №656","vibid":"4054019139920","voters":2877,"total":2601,"voted":2601,"spoiled":14,"yays":2220,"nays":367},{"committee":"УИК №657","vibid":"4054019139921","voters":2944,"total":2556,"voted":2556,"spoiled":5,"yays":2174,"nays":377},{"committee":"УИК №658","vibid":"4054019139922","voters":3124,"total":2582,"voted":2582,"spoiled":11,"yays":2246,"nays":325},{"committee":"УИК №659","vibid":"4054019139923","voters":3291,"total":2961,"voted":2961,"spoiled":0,"yays":2636,"nays":325},{"committee":"УИК №660","vibid":"4054019139924","voters":3575,"total":2848,"voted":2848,"spoiled":0,"yays":2467,"nays":381}]