[{"committee":"УИК №32","vibid":"4024054357389","voters":2116,"total":1814,"voted":1813,"spoiled":20,"yays":1527,"nays":266},{"committee":"УИК №33","vibid":"4024054357390","voters":2224,"total":1909,"voted":1908,"spoiled":22,"yays":1586,"nays":300},{"committee":"УИК №34","vibid":"4024054357391","voters":3415,"total":2921,"voted":2920,"spoiled":33,"yays":2441,"nays":446},{"committee":"УИК №35","vibid":"4024054357392","voters":2478,"total":2381,"voted":2380,"spoiled":30,"yays":2292,"nays":58},{"committee":"УИК №36","vibid":"4024054357393","voters":2610,"total":2227,"voted":2226,"spoiled":27,"yays":1841,"nays":358},{"committee":"УИК №37","vibid":"4024054357394","voters":2501,"total":2180,"voted":2179,"spoiled":26,"yays":1798,"nays":355},{"committee":"УИК №38","vibid":"4024054357395","voters":2525,"total":2283,"voted":2282,"spoiled":24,"yays":1585,"nays":673},{"committee":"УИК №39","vibid":"4024054357396","voters":2566,"total":2219,"voted":2218,"spoiled":28,"yays":1794,"nays":396},{"committee":"УИК №40","vibid":"4024054357397","voters":2779,"total":2424,"voted":2423,"spoiled":31,"yays":1948,"nays":444},{"committee":"УИК №41","vibid":"4024054357398","voters":2478,"total":2143,"voted":2142,"spoiled":25,"yays":1746,"nays":371},{"committee":"УИК №42","vibid":"4024054357399","voters":2158,"total":1967,"voted":1966,"spoiled":22,"yays":1385,"nays":559},{"committee":"УИК №43","vibid":"4024054357400","voters":2316,"total":2103,"voted":2102,"spoiled":23,"yays":1516,"nays":563},{"committee":"УИК №44","vibid":"4024054357401","voters":2725,"total":2354,"voted":2352,"spoiled":26,"yays":1897,"nays":429},{"committee":"УИК №45","vibid":"4024054357402","voters":2948,"total":2645,"voted":2644,"spoiled":32,"yays":2557,"nays":55},{"committee":"УИК №46","vibid":"4024054357403","voters":2796,"total":2432,"voted":2431,"spoiled":32,"yays":1962,"nays":437},{"committee":"УИК №47","vibid":"4024054357404","voters":2340,"total":2173,"voted":2172,"spoiled":27,"yays":1996,"nays":149},{"committee":"УИК №48","vibid":"4024054357405","voters":2734,"total":2398,"voted":2397,"spoiled":28,"yays":1932,"nays":437},{"committee":"УИК №49","vibid":"4024054357406","voters":2454,"total":2097,"voted":2096,"spoiled":29,"yays":1662,"nays":405},{"committee":"УИК №50","vibid":"4024054357407","voters":2923,"total":2499,"voted":2498,"spoiled":34,"yays":2073,"nays":391},{"committee":"УИК №51","vibid":"4024054357408","voters":3170,"total":2641,"voted":2640,"spoiled":37,"yays":2141,"nays":462},{"committee":"УИК №52","vibid":"4024054357409","voters":1276,"total":1051,"voted":1050,"spoiled":18,"yays":900,"nays":132},{"committee":"УИК №53","vibid":"4024054357410","voters":1862,"total":1608,"voted":1607,"spoiled":19,"yays":1310,"nays":278},{"committee":"УИК №54","vibid":"4024054357411","voters":2999,"total":2738,"voted":2737,"spoiled":34,"yays":2258,"nays":445},{"committee":"УИК №55","vibid":"4024054357412","voters":2988,"total":2696,"voted":2695,"spoiled":35,"yays":2205,"nays":455},{"committee":"УИК №56","vibid":"4024054357413","voters":2710,"total":2348,"voted":2347,"spoiled":33,"yays":2009,"nays":305},{"committee":"УИК №57","vibid":"4024054357414","voters":2778,"total":2400,"voted":2399,"spoiled":33,"yays":1977,"nays":389},{"committee":"УИК №58","vibid":"4024054357415","voters":2674,"total":2413,"voted":2412,"spoiled":32,"yays":2053,"nays":327},{"committee":"УИК №59","vibid":"4024054357416","voters":2390,"total":2096,"voted":2095,"spoiled":25,"yays":1745,"nays":325},{"committee":"УИК №60","vibid":"4024054357417","voters":2059,"total":1825,"voted":1824,"spoiled":24,"yays":1487,"nays":313},{"committee":"УИК №61","vibid":"4024054357418","voters":2708,"total":2385,"voted":2384,"spoiled":29,"yays":2057,"nays":298},{"committee":"УИК №62","vibid":"4024054357419","voters":2948,"total":2592,"voted":2591,"spoiled":31,"yays":2145,"nays":415},{"committee":"УИК №63","vibid":"4024054357420","voters":2583,"total":2277,"voted":2276,"spoiled":30,"yays":1973,"nays":273},{"committee":"УИК №64","vibid":"4024054357421","voters":2599,"total":2318,"voted":2317,"spoiled":29,"yays":1979,"nays":309},{"committee":"УИК №65","vibid":"4024054357422","voters":2288,"total":2040,"voted":2039,"spoiled":26,"yays":1800,"nays":213},{"committee":"УИК №66","vibid":"4024054357423","voters":2217,"total":1964,"voted":1963,"spoiled":22,"yays":1616,"nays":325},{"committee":"УИК №67","vibid":"4024054357424","voters":2259,"total":2000,"voted":1999,"spoiled":22,"yays":1551,"nays":426},{"committee":"УИК №68","vibid":"4024054357425","voters":2215,"total":1965,"voted":1964,"spoiled":22,"yays":1605,"nays":337},{"committee":"УИК №69","vibid":"4024054357426","voters":2236,"total":2000,"voted":1999,"spoiled":22,"yays":1625,"nays":352},{"committee":"УИК №70","vibid":"4024054357427","voters":2226,"total":1999,"voted":1998,"spoiled":22,"yays":1656,"nays":320},{"committee":"УИК №71","vibid":"4024054357428","voters":2288,"total":1940,"voted":1939,"spoiled":22,"yays":1607,"nays":310},{"committee":"УИК №72","vibid":"4024054357429","voters":2480,"total":2037,"voted":2036,"spoiled":37,"yays":1663,"nays":336},{"committee":"УИК №73","vibid":"4024054357430","voters":2746,"total":2386,"voted":2385,"spoiled":27,"yays":1944,"nays":414},{"committee":"УИК №74","vibid":"4024054357431","voters":2818,"total":2394,"voted":2393,"spoiled":29,"yays":2008,"nays":356},{"committee":"УИК №75","vibid":"4024054357432","voters":2099,"total":1863,"voted":1862,"spoiled":22,"yays":1557,"nays":283},{"committee":"УИК №76","vibid":"4024054357433","voters":2014,"total":1789,"voted":1788,"spoiled":19,"yays":1457,"nays":312},{"committee":"УИК №77","vibid":"4024054357434","voters":2065,"total":1795,"voted":1794,"spoiled":21,"yays":1502,"nays":271},{"committee":"УИК №78","vibid":"4024054357435","voters":2505,"total":2200,"voted":2199,"spoiled":26,"yays":1898,"nays":275},{"committee":"УИК №79","vibid":"4024054357436","voters":1972,"total":1754,"voted":1753,"spoiled":22,"yays":1457,"nays":274},{"committee":"УИК №80","vibid":"4024054357437","voters":2396,"total":2276,"voted":2275,"spoiled":26,"yays":2011,"nays":238},{"committee":"УИК №81","vibid":"4024054357438","voters":2557,"total":2459,"voted":2458,"spoiled":31,"yays":2370,"nays":57},{"committee":"УИК №82","vibid":"4024054357439","voters":2068,"total":1886,"voted":1885,"spoiled":19,"yays":1770,"nays":96},{"committee":"УИК №83","vibid":"4024054357440","voters":1973,"total":1837,"voted":1836,"spoiled":23,"yays":1540,"nays":273},{"committee":"УИК №84","vibid":"4024054357441","voters":2517,"total":2171,"voted":2170,"spoiled":25,"yays":1821,"nays":324},{"committee":"УИК №85","vibid":"4024054357442","voters":2511,"total":2268,"voted":2267,"spoiled":26,"yays":1993,"nays":248},{"committee":"УИК №86","vibid":"4024054357443","voters":2141,"total":1851,"voted":1850,"spoiled":24,"yays":1556,"nays":270},{"committee":"УИК №87","vibid":"4024054357444","voters":2201,"total":2001,"voted":2000,"spoiled":26,"yays":1792,"nays":182},{"committee":"УИК №88","vibid":"4024054357445","voters":2204,"total":1901,"voted":1900,"spoiled":22,"yays":1632,"nays":246},{"committee":"УИК №89","vibid":"4024054357446","voters":2212,"total":1839,"voted":1838,"spoiled":21,"yays":1579,"nays":238},{"committee":"УИК №90","vibid":"4024054357447","voters":1992,"total":1781,"voted":1780,"spoiled":19,"yays":1485,"nays":276},{"committee":"УИК №91","vibid":"4024054357448","voters":2002,"total":1787,"voted":1786,"spoiled":20,"yays":1471,"nays":295},{"committee":"УИК №92","vibid":"4024054357449","voters":1966,"total":1727,"voted":1726,"spoiled":24,"yays":1426,"nays":276},{"committee":"УИК №93","vibid":"4024054357450","voters":153,"total":150,"voted":149,"spoiled":6,"yays":138,"nays":5},{"committee":"УИК №94","vibid":"4024054357451","voters":133,"total":130,"voted":129,"spoiled":3,"yays":119,"nays":7},{"committee":"УИК №95","vibid":"4024054357452","voters":2749,"total":2496,"voted":2495,"spoiled":28,"yays":2353,"nays":114},{"committee":"УИК №96","vibid":"4024054357995","voters":151,"total":151,"voted":151,"spoiled":5,"yays":142,"nays":4},{"committee":"УИК №97","vibid":"4024054357996","voters":50,"total":50,"voted":50,"spoiled":4,"yays":37,"nays":9},{"committee":"УИК №98","vibid":"4024054357997","voters":175,"total":175,"voted":175,"spoiled":1,"yays":169,"nays":5},{"committee":"УИК №99","vibid":"4024054357998","voters":50,"total":50,"voted":50,"spoiled":1,"yays":45,"nays":4},{"committee":"УИК №3510","vibid":"4024054357453","voters":2785,"total":2399,"voted":2398,"spoiled":31,"yays":1945,"nays":422}]