[{"committee":"УИК №93","vibid":"4094002475640","voters":938,"total":751,"voted":751,"spoiled":2,"yays":660,"nays":89},{"committee":"УИК №99","vibid":"4094002475652","voters":898,"total":748,"voted":748,"spoiled":1,"yays":709,"nays":38},{"committee":"УИК №105","vibid":"4094002475664","voters":739,"total":565,"voted":565,"spoiled":1,"yays":436,"nays":128},{"committee":"УИК №106","vibid":"4094002475666","voters":919,"total":715,"voted":715,"spoiled":12,"yays":532,"nays":171},{"committee":"УИК №116","vibid":"4094002475686","voters":1086,"total":952,"voted":952,"spoiled":6,"yays":839,"nays":107}]