[{"committee":"УИК №1626","vibid":"4024019271052","voters":350,"total":309,"voted":309,"spoiled":3,"yays":290,"nays":16},{"committee":"УИК №1627","vibid":"4024019271053","voters":290,"total":278,"voted":278,"spoiled":0,"yays":264,"nays":14},{"committee":"УИК №1628","vibid":"4024019271054","voters":262,"total":244,"voted":244,"spoiled":7,"yays":159,"nays":78},{"committee":"УИК №1629","vibid":"4024019271055","voters":322,"total":296,"voted":296,"spoiled":0,"yays":276,"nays":20},{"committee":"УИК №1630","vibid":"4024019271056","voters":248,"total":238,"voted":238,"spoiled":4,"yays":228,"nays":6},{"committee":"УИК №1631","vibid":"4024019271057","voters":312,"total":303,"voted":303,"spoiled":2,"yays":284,"nays":17},{"committee":"УИК №1632","vibid":"4024019271058","voters":457,"total":431,"voted":431,"spoiled":2,"yays":412,"nays":17},{"committee":"УИК №1633","vibid":"4024019271059","voters":196,"total":188,"voted":188,"spoiled":0,"yays":178,"nays":10},{"committee":"УИК №1634","vibid":"4024019271060","voters":216,"total":208,"voted":208,"spoiled":0,"yays":193,"nays":15},{"committee":"УИК №1635","vibid":"4024019271061","voters":272,"total":263,"voted":263,"spoiled":0,"yays":252,"nays":11},{"committee":"УИК №1636","vibid":"4024019271062","voters":284,"total":243,"voted":243,"spoiled":10,"yays":103,"nays":130},{"committee":"УИК №1637","vibid":"4024019271063","voters":40,"total":37,"voted":37,"spoiled":0,"yays":33,"nays":4},{"committee":"УИК №1638","vibid":"4024019271064","voters":359,"total":335,"voted":335,"spoiled":0,"yays":319,"nays":16},{"committee":"УИК №1639","vibid":"4024019271065","voters":279,"total":267,"voted":267,"spoiled":1,"yays":251,"nays":15},{"committee":"УИК №1640","vibid":"4024019271066","voters":208,"total":199,"voted":199,"spoiled":1,"yays":191,"nays":7},{"committee":"УИК №1641","vibid":"4024019271067","voters":73,"total":71,"voted":71,"spoiled":2,"yays":64,"nays":5},{"committee":"УИК №1642","vibid":"4024019271068","voters":353,"total":333,"voted":333,"spoiled":0,"yays":317,"nays":16},{"committee":"УИК №1643","vibid":"4024019271069","voters":181,"total":165,"voted":165,"spoiled":4,"yays":141,"nays":20},{"committee":"УИК №1644","vibid":"4024019271070","voters":95,"total":92,"voted":92,"spoiled":0,"yays":88,"nays":4},{"committee":"УИК №1645","vibid":"4024019271071","voters":512,"total":467,"voted":467,"spoiled":3,"yays":389,"nays":75},{"committee":"УИК №1646","vibid":"4024019271072","voters":287,"total":263,"voted":263,"spoiled":2,"yays":242,"nays":19},{"committee":"УИК №1647","vibid":"4024019271073","voters":46,"total":42,"voted":42,"spoiled":1,"yays":19,"nays":22},{"committee":"УИК №1648","vibid":"4024019271074","voters":212,"total":197,"voted":197,"spoiled":2,"yays":182,"nays":13},{"committee":"УИК №1649","vibid":"4024019271075","voters":100,"total":99,"voted":96,"spoiled":0,"yays":91,"nays":5},{"committee":"УИК №1650","vibid":"4024019271076","voters":396,"total":354,"voted":354,"spoiled":0,"yays":332,"nays":22},{"committee":"УИК №1651","vibid":"4024019271077","voters":247,"total":227,"voted":227,"spoiled":2,"yays":208,"nays":17},{"committee":"УИК №1652","vibid":"4024019271078","voters":492,"total":460,"voted":460,"spoiled":1,"yays":424,"nays":35},{"committee":"УИК №1653","vibid":"4024019271079","voters":671,"total":602,"voted":602,"spoiled":27,"yays":513,"nays":62},{"committee":"УИК №1654","vibid":"4024019271080","voters":780,"total":719,"voted":719,"spoiled":2,"yays":685,"nays":32},{"committee":"УИК №1655","vibid":"4024019271081","voters":426,"total":410,"voted":410,"spoiled":0,"yays":394,"nays":16},{"committee":"УИК №1656","vibid":"4024019271082","voters":303,"total":296,"voted":296,"spoiled":3,"yays":277,"nays":16},{"committee":"УИК №1657","vibid":"4024019271083","voters":386,"total":367,"voted":367,"spoiled":0,"yays":349,"nays":18},{"committee":"УИК №1658","vibid":"4024019271084","voters":862,"total":797,"voted":797,"spoiled":39,"yays":646,"nays":112},{"committee":"УИК №1659","vibid":"4024019271085","voters":277,"total":264,"voted":264,"spoiled":0,"yays":251,"nays":13},{"committee":"УИК №1660","vibid":"4024019271086","voters":766,"total":695,"voted":695,"spoiled":23,"yays":604,"nays":68},{"committee":"УИК №1661","vibid":"4024019271087","voters":339,"total":299,"voted":299,"spoiled":1,"yays":273,"nays":25},{"committee":"УИК №3462","vibid":"4024019271088","voters":539,"total":504,"voted":504,"spoiled":5,"yays":474,"nays":25}]