[{"committee":"УИК №115","vibid":"4014005325109","voters":569,"total":498,"voted":498,"spoiled":2,"yays":431,"nays":65},{"committee":"УИК №116","vibid":"4014005325111","voters":1729,"total":1615,"voted":1615,"spoiled":11,"yays":1470,"nays":134},{"committee":"УИК №117","vibid":"4014005325113","voters":2166,"total":1839,"voted":1839,"spoiled":8,"yays":1507,"nays":324},{"committee":"УИК №118","vibid":"4014005325114","voters":2007,"total":1728,"voted":1728,"spoiled":4,"yays":1555,"nays":169},{"committee":"УИК №119","vibid":"4014005325115","voters":2102,"total":1690,"voted":1690,"spoiled":8,"yays":1478,"nays":204},{"committee":"УИК №120","vibid":"4014005325116","voters":1992,"total":1931,"voted":1930,"spoiled":19,"yays":1729,"nays":182},{"committee":"УИК №121","vibid":"4014005325118","voters":2275,"total":2103,"voted":2102,"spoiled":12,"yays":1880,"nays":210},{"committee":"УИК №122","vibid":"4014005325119","voters":2179,"total":1551,"voted":1551,"spoiled":11,"yays":1388,"nays":152},{"committee":"УИК №123","vibid":"4014005325120","voters":2808,"total":920,"voted":920,"spoiled":11,"yays":650,"nays":259},{"committee":"УИК №124","vibid":"4014005325121","voters":2482,"total":2233,"voted":2233,"spoiled":5,"yays":1999,"nays":229},{"committee":"УИК №125","vibid":"4014005325122","voters":2424,"total":2040,"voted":2040,"spoiled":11,"yays":1812,"nays":217},{"committee":"УИК №126","vibid":"4014005325123","voters":2457,"total":2214,"voted":2214,"spoiled":9,"yays":1828,"nays":377},{"committee":"УИК №127","vibid":"4014005325124","voters":1827,"total":1554,"voted":1554,"spoiled":6,"yays":1403,"nays":145},{"committee":"УИК №128","vibid":"4014005325125","voters":1281,"total":1099,"voted":1099,"spoiled":4,"yays":991,"nays":104},{"committee":"УИК №129","vibid":"4014005325126","voters":2240,"total":2029,"voted":2029,"spoiled":14,"yays":1668,"nays":347},{"committee":"УИК №130","vibid":"4014005325127","voters":1609,"total":1421,"voted":1420,"spoiled":38,"yays":1126,"nays":256},{"committee":"УИК №131","vibid":"4014005325128","voters":1733,"total":1543,"voted":1543,"spoiled":10,"yays":1373,"nays":160},{"committee":"УИК №132","vibid":"4014005325129","voters":2068,"total":1879,"voted":1879,"spoiled":9,"yays":1639,"nays":231},{"committee":"УИК №133","vibid":"4014005325130","voters":2432,"total":2224,"voted":2224,"spoiled":24,"yays":1832,"nays":368},{"committee":"УИК №134","vibid":"4014005325131","voters":1531,"total":1247,"voted":1247,"spoiled":7,"yays":1134,"nays":106},{"committee":"УИК №135","vibid":"4014005325132","voters":1707,"total":1462,"voted":1462,"spoiled":8,"yays":1283,"nays":171},{"committee":"УИК №136","vibid":"4014005325133","voters":1681,"total":1412,"voted":1412,"spoiled":6,"yays":1209,"nays":197},{"committee":"УИК №137","vibid":"4014005325134","voters":1743,"total":596,"voted":596,"spoiled":3,"yays":438,"nays":155},{"committee":"УИК №138","vibid":"4014005325135","voters":3069,"total":2809,"voted":2809,"spoiled":25,"yays":2526,"nays":258},{"committee":"УИК №139","vibid":"4014005325136","voters":2511,"total":2187,"voted":2187,"spoiled":26,"yays":1892,"nays":269},{"committee":"УИК №140","vibid":"4014005325137","voters":1754,"total":1480,"voted":1480,"spoiled":5,"yays":865,"nays":610},{"committee":"УИК №141","vibid":"4014005325139","voters":2717,"total":1115,"voted":1115,"spoiled":6,"yays":847,"nays":262},{"committee":"УИК №142","vibid":"4014005325140","voters":2326,"total":1868,"voted":1868,"spoiled":11,"yays":1625,"nays":232},{"committee":"УИК №143","vibid":"4014005325141","voters":1438,"total":1166,"voted":1166,"spoiled":9,"yays":1042,"nays":115},{"committee":"УИК №144","vibid":"4014005325142","voters":1405,"total":1122,"voted":1122,"spoiled":8,"yays":1004,"nays":110},{"committee":"УИК №145","vibid":"4014005325143","voters":1466,"total":1215,"voted":1215,"spoiled":22,"yays":1092,"nays":101},{"committee":"УИК №146","vibid":"4014005325144","voters":1439,"total":1263,"voted":1263,"spoiled":22,"yays":1100,"nays":141},{"committee":"УИК №147","vibid":"4014005325145","voters":1300,"total":535,"voted":535,"spoiled":4,"yays":411,"nays":120},{"committee":"УИК №148","vibid":"4014005325146","voters":1542,"total":1226,"voted":1226,"spoiled":6,"yays":1080,"nays":140},{"committee":"УИК №149","vibid":"4014005325147","voters":1875,"total":1548,"voted":1548,"spoiled":8,"yays":1317,"nays":223},{"committee":"УИК №150","vibid":"4014005325148","voters":1849,"total":1694,"voted":1694,"spoiled":5,"yays":1488,"nays":201},{"committee":"УИК №151","vibid":"4014005325150","voters":2783,"total":2314,"voted":2311,"spoiled":2,"yays":1793,"nays":516},{"committee":"УИК №152","vibid":"4014005325151","voters":2180,"total":2007,"voted":2007,"spoiled":6,"yays":1889,"nays":112},{"committee":"УИК №153","vibid":"4014005325152","voters":2921,"total":2394,"voted":2394,"spoiled":4,"yays":2194,"nays":196},{"committee":"УИК №154","vibid":"4014005325153","voters":3009,"total":2488,"voted":2488,"spoiled":0,"yays":2035,"nays":453},{"committee":"УИК №155","vibid":"4014005325154","voters":1392,"total":1177,"voted":1177,"spoiled":14,"yays":963,"nays":200},{"committee":"УИК №156","vibid":"4014005325155","voters":1597,"total":1117,"voted":1117,"spoiled":2,"yays":982,"nays":133},{"committee":"УИК №157","vibid":"4014005325156","voters":1203,"total":1045,"voted":1045,"spoiled":3,"yays":935,"nays":107},{"committee":"УИК №158","vibid":"4014005325157","voters":1633,"total":1355,"voted":1355,"spoiled":4,"yays":1221,"nays":130},{"committee":"УИК №159","vibid":"4014005325158","voters":2025,"total":925,"voted":925,"spoiled":11,"yays":695,"nays":219},{"committee":"УИК №160","vibid":"4014005325159","voters":1280,"total":1096,"voted":1096,"spoiled":8,"yays":977,"nays":111},{"committee":"УИК №161","vibid":"4014005325160","voters":2586,"total":1630,"voted":1630,"spoiled":9,"yays":1349,"nays":272},{"committee":"УИК №162","vibid":"4014005325161","voters":2396,"total":2110,"voted":2110,"spoiled":225,"yays":1725,"nays":160},{"committee":"УИК №163","vibid":"4014005325162","voters":2191,"total":833,"voted":833,"spoiled":12,"yays":613,"nays":208},{"committee":"УИК №164","vibid":"4014005325163","voters":1011,"total":656,"voted":656,"spoiled":0,"yays":547,"nays":109},{"committee":"УИК №165","vibid":"4014005325164","voters":510,"total":429,"voted":429,"spoiled":2,"yays":361,"nays":66},{"committee":"УИК №166","vibid":"4014005325165","voters":2166,"total":1733,"voted":1733,"spoiled":44,"yays":1111,"nays":578},{"committee":"УИК №167","vibid":"4014005325166","voters":2396,"total":1057,"voted":1057,"spoiled":13,"yays":881,"nays":163},{"committee":"УИК №168","vibid":"4014005325167","voters":2247,"total":874,"voted":874,"spoiled":12,"yays":661,"nays":201},{"committee":"УИК №169","vibid":"4014005325168","voters":2586,"total":1604,"voted":1604,"spoiled":6,"yays":1337,"nays":261},{"committee":"УИК №170","vibid":"4014005325169","voters":1351,"total":637,"voted":637,"spoiled":2,"yays":406,"nays":229},{"committee":"УИК №171","vibid":"4014005325171","voters":1712,"total":881,"voted":880,"spoiled":5,"yays":397,"nays":478},{"committee":"УИК №172","vibid":"4014005325172","voters":2992,"total":2695,"voted":2695,"spoiled":9,"yays":2427,"nays":259},{"committee":"УИК №173","vibid":"4014005325173","voters":1974,"total":1800,"voted":1800,"spoiled":8,"yays":1592,"nays":200},{"committee":"УИК №174","vibid":"4014005325174","voters":515,"total":400,"voted":400,"spoiled":5,"yays":328,"nays":67},{"committee":"УИК №175","vibid":"4014005325175","voters":2704,"total":2153,"voted":2153,"spoiled":7,"yays":1971,"nays":175},{"committee":"УИК №176","vibid":"4014005325176","voters":2676,"total":1906,"voted":1906,"spoiled":16,"yays":1688,"nays":202},{"committee":"УИК №177","vibid":"4014005325177","voters":1547,"total":1315,"voted":1315,"spoiled":7,"yays":1134,"nays":174},{"committee":"УИК №178","vibid":"4014005325178","voters":1022,"total":823,"voted":823,"spoiled":0,"yays":741,"nays":82},{"committee":"УИК №179","vibid":"4014005325179","voters":532,"total":446,"voted":446,"spoiled":1,"yays":378,"nays":67},{"committee":"УИК №180","vibid":"4014005325180","voters":1200,"total":1014,"voted":1014,"spoiled":4,"yays":836,"nays":174},{"committee":"УИК №181","vibid":"4014005325181","voters":268,"total":230,"voted":230,"spoiled":4,"yays":202,"nays":24},{"committee":"УИК №182","vibid":"4014005325182","voters":2402,"total":2160,"voted":2160,"spoiled":5,"yays":1880,"nays":275},{"committee":"УИК №183","vibid":"4014005325183","voters":2128,"total":1654,"voted":1654,"spoiled":2,"yays":1506,"nays":146},{"committee":"УИК №184","vibid":"4014005325184","voters":70,"total":70,"voted":70,"spoiled":0,"yays":55,"nays":15},{"committee":"УИК №185","vibid":"4014005325185","voters":245,"total":245,"voted":245,"spoiled":1,"yays":135,"nays":109},{"committee":"УИК №186","vibid":"4014005325186","voters":240,"total":229,"voted":229,"spoiled":1,"yays":138,"nays":90}]