[{"committee":"УИК №607","vibid":"4054018205314","voters":2175,"total":1987,"voted":1987,"spoiled":4,"yays":1640,"nays":343},{"committee":"УИК №608","vibid":"4054018205315","voters":864,"total":801,"voted":801,"spoiled":7,"yays":718,"nays":76},{"committee":"УИК №609","vibid":"4054018205316","voters":1558,"total":1409,"voted":1409,"spoiled":2,"yays":1229,"nays":178},{"committee":"УИК №610","vibid":"4054018205317","voters":2833,"total":2532,"voted":2532,"spoiled":7,"yays":2212,"nays":313},{"committee":"УИК №611","vibid":"4054018205318","voters":2145,"total":1946,"voted":1946,"spoiled":12,"yays":1685,"nays":249},{"committee":"УИК №612","vibid":"4054018205319","voters":1311,"total":1173,"voted":1173,"spoiled":9,"yays":984,"nays":180},{"committee":"УИК №613","vibid":"4054018205320","voters":968,"total":884,"voted":884,"spoiled":6,"yays":802,"nays":76},{"committee":"УИК №614","vibid":"4054018205321","voters":2032,"total":1862,"voted":1862,"spoiled":8,"yays":1644,"nays":210},{"committee":"УИК №615","vibid":"4054018205322","voters":1509,"total":1376,"voted":1376,"spoiled":3,"yays":1196,"nays":177},{"committee":"УИК №616","vibid":"4054018205323","voters":1730,"total":1605,"voted":1605,"spoiled":7,"yays":1483,"nays":115},{"committee":"УИК №617","vibid":"4054018205324","voters":284,"total":261,"voted":261,"spoiled":1,"yays":254,"nays":6},{"committee":"УИК №618","vibid":"4054018205325","voters":1950,"total":1743,"voted":1743,"spoiled":7,"yays":1522,"nays":214},{"committee":"УИК №619","vibid":"4054018205326","voters":2170,"total":1981,"voted":1981,"spoiled":4,"yays":1664,"nays":313},{"committee":"УИК №620","vibid":"4054018205327","voters":1986,"total":1792,"voted":1792,"spoiled":6,"yays":1537,"nays":249},{"committee":"УИК №621","vibid":"4054018205328","voters":2270,"total":2026,"voted":2026,"spoiled":11,"yays":1771,"nays":244},{"committee":"УИК №622","vibid":"4054018205329","voters":879,"total":805,"voted":805,"spoiled":0,"yays":712,"nays":93},{"committee":"УИК №623","vibid":"4054018205330","voters":2065,"total":1903,"voted":1903,"spoiled":5,"yays":1743,"nays":155},{"committee":"УИК №624","vibid":"4054018205331","voters":2029,"total":1814,"voted":1814,"spoiled":3,"yays":1549,"nays":262},{"committee":"УИК №625","vibid":"4054018205332","voters":2525,"total":2237,"voted":2237,"spoiled":9,"yays":1907,"nays":321},{"committee":"УИК №626","vibid":"4054018205333","voters":1665,"total":1537,"voted":1537,"spoiled":7,"yays":1346,"nays":184},{"committee":"УИК №627","vibid":"4054018205334","voters":1274,"total":1162,"voted":1162,"spoiled":4,"yays":1065,"nays":93},{"committee":"УИК №628","vibid":"4054018205335","voters":639,"total":570,"voted":570,"spoiled":1,"yays":506,"nays":63},{"committee":"УИК №629","vibid":"4054018205336","voters":260,"total":237,"voted":237,"spoiled":0,"yays":231,"nays":6},{"committee":"УИК №630","vibid":"4054018205337","voters":754,"total":681,"voted":681,"spoiled":8,"yays":619,"nays":54},{"committee":"УИК №631","vibid":"4054018205338","voters":2464,"total":2179,"voted":2179,"spoiled":12,"yays":1924,"nays":243},{"committee":"УИК №632","vibid":"4054018205339","voters":2262,"total":2063,"voted":2063,"spoiled":6,"yays":1828,"nays":229},{"committee":"УИК №633","vibid":"4054018205340","voters":1608,"total":1492,"voted":1492,"spoiled":3,"yays":1356,"nays":133},{"committee":"УИК №634","vibid":"4054018205341","voters":2018,"total":1794,"voted":1794,"spoiled":9,"yays":1624,"nays":161},{"committee":"УИК №635","vibid":"4054018205342","voters":1652,"total":1467,"voted":1467,"spoiled":4,"yays":1301,"nays":162},{"committee":"УИК №636","vibid":"4054018205343","voters":775,"total":706,"voted":706,"spoiled":3,"yays":598,"nays":105},{"committee":"УИК №637","vibid":"4054018205344","voters":1208,"total":1052,"voted":1052,"spoiled":7,"yays":927,"nays":118},{"committee":"УИК №638","vibid":"4054018205345","voters":1205,"total":1108,"voted":1108,"spoiled":9,"yays":967,"nays":132}]