[{"committee":"УИК №906","vibid":"4054027217952","voters":790,"total":780,"voted":780,"spoiled":0,"yays":769,"nays":11},{"committee":"УИК №907","vibid":"4054027217953","voters":901,"total":804,"voted":804,"spoiled":0,"yays":717,"nays":87},{"committee":"УИК №908","vibid":"4054027217954","voters":347,"total":258,"voted":258,"spoiled":0,"yays":192,"nays":66},{"committee":"УИК №909","vibid":"4054027217955","voters":218,"total":171,"voted":171,"spoiled":0,"yays":135,"nays":36},{"committee":"УИК №910","vibid":"4054027217956","voters":1001,"total":700,"voted":700,"spoiled":0,"yays":590,"nays":110},{"committee":"УИК №911","vibid":"4054027217957","voters":490,"total":389,"voted":389,"spoiled":0,"yays":309,"nays":80},{"committee":"УИК №912","vibid":"4054027217958","voters":241,"total":118,"voted":118,"spoiled":0,"yays":110,"nays":8},{"committee":"УИК №913","vibid":"4054027217959","voters":113,"total":93,"voted":93,"spoiled":0,"yays":77,"nays":16},{"committee":"УИК №914","vibid":"4054027217960","voters":562,"total":507,"voted":507,"spoiled":0,"yays":457,"nays":50},{"committee":"УИК №915","vibid":"4054027217961","voters":209,"total":174,"voted":174,"spoiled":0,"yays":145,"nays":29},{"committee":"УИК №916","vibid":"4054027217962","voters":565,"total":361,"voted":361,"spoiled":0,"yays":231,"nays":130},{"committee":"УИК №917","vibid":"4054027217963","voters":119,"total":109,"voted":109,"spoiled":0,"yays":99,"nays":10},{"committee":"УИК №918","vibid":"4054027217964","voters":555,"total":421,"voted":421,"spoiled":0,"yays":319,"nays":102},{"committee":"УИК №919","vibid":"4054027217965","voters":2054,"total":1887,"voted":1887,"spoiled":0,"yays":1733,"nays":154},{"committee":"УИК №920","vibid":"4054027217966","voters":323,"total":199,"voted":199,"spoiled":0,"yays":122,"nays":77},{"committee":"УИК №921","vibid":"4054027217967","voters":1701,"total":1619,"voted":1619,"spoiled":0,"yays":1541,"nays":78},{"committee":"УИК №922","vibid":"4054027217968","voters":1014,"total":912,"voted":912,"spoiled":0,"yays":821,"nays":91},{"committee":"УИК №923","vibid":"4054027217969","voters":1850,"total":1321,"voted":1321,"spoiled":0,"yays":1143,"nays":178},{"committee":"УИК №924","vibid":"4054027217970","voters":1317,"total":925,"voted":925,"spoiled":0,"yays":750,"nays":175},{"committee":"УИК №925","vibid":"4054027217971","voters":147,"total":140,"voted":140,"spoiled":0,"yays":133,"nays":7},{"committee":"УИК №926","vibid":"4054027217972","voters":747,"total":742,"voted":742,"spoiled":0,"yays":730,"nays":12},{"committee":"УИК №927","vibid":"4054027217973","voters":1548,"total":1321,"voted":1321,"spoiled":0,"yays":1228,"nays":93},{"committee":"УИК №928","vibid":"4054027217974","voters":2103,"total":2054,"voted":2054,"spoiled":0,"yays":1950,"nays":104},{"committee":"УИК №929","vibid":"4054027217975","voters":2472,"total":2219,"voted":2219,"spoiled":22,"yays":2166,"nays":31},{"committee":"УИК №930","vibid":"4054027217976","voters":2154,"total":2055,"voted":2055,"spoiled":0,"yays":1960,"nays":95},{"committee":"УИК №931","vibid":"4054027217977","voters":1121,"total":1048,"voted":1048,"spoiled":0,"yays":750,"nays":298},{"committee":"УИК №932","vibid":"4054027217978","voters":750,"total":534,"voted":534,"spoiled":0,"yays":381,"nays":153},{"committee":"УИК №933","vibid":"4054027217979","voters":674,"total":500,"voted":500,"spoiled":0,"yays":371,"nays":129},{"committee":"УИК №934","vibid":"4054027217980","voters":544,"total":361,"voted":361,"spoiled":0,"yays":240,"nays":121},{"committee":"УИК №935","vibid":"4054027217981","voters":405,"total":157,"voted":157,"spoiled":0,"yays":61,"nays":96},{"committee":"УИК №936","vibid":"4054027217982","voters":1333,"total":1245,"voted":1245,"spoiled":0,"yays":1163,"nays":82},{"committee":"УИК №937","vibid":"4054027217983","voters":794,"total":476,"voted":476,"spoiled":0,"yays":285,"nays":191},{"committee":"УИК №938","vibid":"4054027217984","voters":1174,"total":825,"voted":825,"spoiled":0,"yays":680,"nays":145},{"committee":"УИК №939","vibid":"4054027217985","voters":1550,"total":1297,"voted":1297,"spoiled":0,"yays":1185,"nays":112},{"committee":"УИК №940","vibid":"4054027217986","voters":1832,"total":1656,"voted":1656,"spoiled":0,"yays":1496,"nays":160},{"committee":"УИК №941","vibid":"4054027217987","voters":2161,"total":2146,"voted":2146,"spoiled":0,"yays":2001,"nays":145},{"committee":"УИК №942","vibid":"4054027217988","voters":1924,"total":1517,"voted":1517,"spoiled":0,"yays":1196,"nays":321},{"committee":"УИК №943","vibid":"4054027217989","voters":1117,"total":1044,"voted":1044,"spoiled":0,"yays":977,"nays":67},{"committee":"УИК №944","vibid":"4054027217990","voters":1546,"total":1474,"voted":1474,"spoiled":0,"yays":1406,"nays":68},{"committee":"УИК №945","vibid":"4054027217991","voters":1589,"total":1074,"voted":1074,"spoiled":0,"yays":925,"nays":149},{"committee":"УИК №946","vibid":"4054027217992","voters":1222,"total":927,"voted":927,"spoiled":0,"yays":803,"nays":124},{"committee":"УИК №947","vibid":"4054027217993","voters":677,"total":514,"voted":514,"spoiled":0,"yays":391,"nays":123},{"committee":"УИК №948","vibid":"4054027217994","voters":996,"total":585,"voted":585,"spoiled":0,"yays":543,"nays":42},{"committee":"УИК №949","vibid":"4054027217995","voters":1045,"total":971,"voted":971,"spoiled":0,"yays":903,"nays":68},{"committee":"УИК №950","vibid":"4054027217996","voters":1060,"total":790,"voted":790,"spoiled":0,"yays":688,"nays":102},{"committee":"УИК №951","vibid":"4054027217997","voters":515,"total":382,"voted":382,"spoiled":0,"yays":284,"nays":98},{"committee":"УИК №952","vibid":"4054027217998","voters":324,"total":315,"voted":315,"spoiled":0,"yays":287,"nays":28},{"committee":"УИК №953","vibid":"4054027217999","voters":171,"total":122,"voted":122,"spoiled":0,"yays":87,"nays":35},{"committee":"УИК №954","vibid":"4054027218000","voters":276,"total":219,"voted":219,"spoiled":0,"yays":174,"nays":45},{"committee":"УИК №955","vibid":"4054027218001","voters":1197,"total":1108,"voted":1108,"spoiled":0,"yays":1026,"nays":82},{"committee":"УИК №956","vibid":"4054027218002","voters":743,"total":61,"voted":61,"spoiled":0,"yays":38,"nays":23},{"committee":"УИК №957","vibid":"4054027218003","voters":1162,"total":830,"voted":830,"spoiled":0,"yays":693,"nays":137},{"committee":"УИК №958","vibid":"4054027218004","voters":579,"total":462,"voted":462,"spoiled":0,"yays":369,"nays":93}]