[{"committee":"УИК №97","vibid":"4074006248378","voters":1528,"total":1262,"voted":1261,"spoiled":22,"yays":1152,"nays":87},{"committee":"УИК №232","vibid":"4074006248379","voters":1965,"total":1628,"voted":1626,"spoiled":24,"yays":1470,"nays":132},{"committee":"УИК №254","vibid":"4074006248380","voters":1906,"total":1550,"voted":1548,"spoiled":22,"yays":1413,"nays":113},{"committee":"УИК №255","vibid":"4074006248381","voters":2301,"total":1921,"voted":1918,"spoiled":40,"yays":1737,"nays":141},{"committee":"УИК №256","vibid":"4074006248382","voters":1695,"total":1356,"voted":1355,"spoiled":2,"yays":1241,"nays":112},{"committee":"УИК №257","vibid":"4074006248383","voters":1925,"total":1547,"voted":1545,"spoiled":42,"yays":1379,"nays":124},{"committee":"УИК №258","vibid":"4074006248384","voters":1701,"total":1394,"voted":1391,"spoiled":29,"yays":1264,"nays":98},{"committee":"УИК №259","vibid":"4074006248385","voters":332,"total":273,"voted":270,"spoiled":8,"yays":242,"nays":20},{"committee":"УИК №260","vibid":"4074006248386","voters":1705,"total":1382,"voted":1379,"spoiled":23,"yays":1237,"nays":119},{"committee":"УИК №261","vibid":"4074006248387","voters":2548,"total":2126,"voted":2125,"spoiled":45,"yays":1901,"nays":179},{"committee":"УИК №262","vibid":"4074006248388","voters":372,"total":300,"voted":299,"spoiled":1,"yays":276,"nays":22},{"committee":"УИК №263","vibid":"4074006248389","voters":1987,"total":1576,"voted":1573,"spoiled":29,"yays":1419,"nays":125},{"committee":"УИК №264","vibid":"4074006248390","voters":368,"total":295,"voted":293,"spoiled":3,"yays":265,"nays":25},{"committee":"УИК №265","vibid":"4074006248391","voters":1405,"total":1117,"voted":1114,"spoiled":12,"yays":541,"nays":561},{"committee":"УИК №266","vibid":"4074006248392","voters":1062,"total":886,"voted":884,"spoiled":25,"yays":790,"nays":69},{"committee":"УИК №267","vibid":"4074006248393","voters":996,"total":795,"voted":793,"spoiled":6,"yays":728,"nays":59},{"committee":"УИК №268","vibid":"4074006248394","voters":943,"total":736,"voted":735,"spoiled":19,"yays":661,"nays":55},{"committee":"УИК №269","vibid":"4074006248395","voters":2049,"total":1689,"voted":1685,"spoiled":41,"yays":1519,"nays":125},{"committee":"УИК №270","vibid":"4074006248396","voters":1915,"total":1571,"voted":1570,"spoiled":24,"yays":1408,"nays":138},{"committee":"УИК №271","vibid":"4074006248397","voters":205,"total":164,"voted":163,"spoiled":4,"yays":148,"nays":11},{"committee":"УИК №272","vibid":"4074006248398","voters":772,"total":637,"voted":636,"spoiled":2,"yays":573,"nays":61},{"committee":"УИК №273","vibid":"4074006248399","voters":1455,"total":1162,"voted":1157,"spoiled":19,"yays":1041,"nays":97},{"committee":"УИК №274","vibid":"4074006248400","voters":1511,"total":1224,"voted":1221,"spoiled":24,"yays":1105,"nays":92},{"committee":"УИК №275","vibid":"4074006248401","voters":1173,"total":950,"voted":949,"spoiled":27,"yays":849,"nays":73},{"committee":"УИК №276","vibid":"4074006248402","voters":485,"total":377,"voted":375,"spoiled":13,"yays":335,"nays":27},{"committee":"УИК №334","vibid":"4074006248403","voters":1780,"total":1440,"voted":1434,"spoiled":43,"yays":1284,"nays":107}]