[{"committee":"УИК №224","vibid":"4084013184146","voters":749,"total":545,"voted":545,"spoiled":0,"yays":443,"nays":102},{"committee":"УИК №225","vibid":"4084013184147","voters":1334,"total":1010,"voted":1010,"spoiled":0,"yays":870,"nays":140},{"committee":"УИК №226","vibid":"4084013184148","voters":1419,"total":1113,"voted":1113,"spoiled":0,"yays":935,"nays":178},{"committee":"УИК №227","vibid":"4084013184149","voters":1539,"total":1154,"voted":1154,"spoiled":10,"yays":967,"nays":177},{"committee":"УИК №228","vibid":"4084013184150","voters":746,"total":588,"voted":588,"spoiled":0,"yays":556,"nays":32},{"committee":"УИК №229","vibid":"4084013184151","voters":242,"total":195,"voted":195,"spoiled":0,"yays":156,"nays":39},{"committee":"УИК №230","vibid":"4084013184152","voters":526,"total":436,"voted":436,"spoiled":0,"yays":349,"nays":87},{"committee":"УИК №231","vibid":"4084013184153","voters":252,"total":206,"voted":206,"spoiled":0,"yays":187,"nays":19},{"committee":"УИК №232","vibid":"4084013184154","voters":632,"total":473,"voted":473,"spoiled":3,"yays":375,"nays":95},{"committee":"УИК №233","vibid":"4084013184155","voters":500,"total":400,"voted":400,"spoiled":0,"yays":341,"nays":59},{"committee":"УИК №234","vibid":"4084013184156","voters":311,"total":276,"voted":276,"spoiled":0,"yays":253,"nays":23},{"committee":"УИК №235","vibid":"4084013184157","voters":316,"total":260,"voted":260,"spoiled":0,"yays":223,"nays":37},{"committee":"УИК №236","vibid":"4084013184158","voters":333,"total":328,"voted":328,"spoiled":0,"yays":322,"nays":6},{"committee":"УИК №237","vibid":"4084013184159","voters":791,"total":615,"voted":615,"spoiled":3,"yays":533,"nays":79},{"committee":"УИК №238","vibid":"4084013184160","voters":190,"total":152,"voted":152,"spoiled":0,"yays":125,"nays":27}]