[{"committee":"УИК №172","vibid":"4094006413911","voters":2102,"total":1943,"voted":1943,"spoiled":0,"yays":1615,"nays":328},{"committee":"УИК №173","vibid":"4094006413912","voters":593,"total":527,"voted":527,"spoiled":3,"yays":499,"nays":25},{"committee":"УИК №174","vibid":"4094006413913","voters":322,"total":307,"voted":307,"spoiled":0,"yays":251,"nays":56},{"committee":"УИК №175","vibid":"4094006413914","voters":578,"total":548,"voted":548,"spoiled":0,"yays":451,"nays":97},{"committee":"УИК №176","vibid":"4094006413915","voters":280,"total":262,"voted":262,"spoiled":0,"yays":228,"nays":34},{"committee":"УИК №178","vibid":"4094006413917","voters":1000,"total":810,"voted":810,"spoiled":0,"yays":672,"nays":138},{"committee":"УИК №180","vibid":"4094006413919","voters":138,"total":137,"voted":137,"spoiled":0,"yays":109,"nays":28},{"committee":"УИК №181","vibid":"4094006413920","voters":537,"total":498,"voted":498,"spoiled":0,"yays":422,"nays":76},{"committee":"УИК №182","vibid":"4094006413921","voters":804,"total":722,"voted":722,"spoiled":0,"yays":603,"nays":119},{"committee":"УИК №183","vibid":"4094006413922","voters":1120,"total":743,"voted":743,"spoiled":0,"yays":634,"nays":109},{"committee":"УИК №185","vibid":"4094006413924","voters":455,"total":449,"voted":449,"spoiled":0,"yays":369,"nays":80},{"committee":"УИК №187","vibid":"4094006413926","voters":1081,"total":851,"voted":851,"spoiled":0,"yays":720,"nays":131},{"committee":"УИК №189","vibid":"4094006413928","voters":875,"total":761,"voted":761,"spoiled":0,"yays":635,"nays":126},{"committee":"УИК №190","vibid":"4094006413929","voters":1321,"total":1185,"voted":1185,"spoiled":0,"yays":1078,"nays":107},{"committee":"УИК №191","vibid":"4094006413930","voters":1415,"total":1282,"voted":1282,"spoiled":0,"yays":1072,"nays":210}]