[{"committee":"УИК №1401","vibid":"4024070288575","voters":1596,"total":1130,"voted":1130,"spoiled":4,"yays":876,"nays":250},{"committee":"УИК №1402","vibid":"4024070288576","voters":1646,"total":1515,"voted":1515,"spoiled":14,"yays":1316,"nays":185},{"committee":"УИК №1403","vibid":"4024070288577","voters":1547,"total":1430,"voted":1430,"spoiled":9,"yays":1059,"nays":362},{"committee":"УИК №1404","vibid":"4024070288578","voters":1623,"total":1468,"voted":1468,"spoiled":8,"yays":1016,"nays":444},{"committee":"УИК №1405","vibid":"4024070288579","voters":276,"total":249,"voted":249,"spoiled":1,"yays":208,"nays":40},{"committee":"УИК №1406","vibid":"4024070288580","voters":1481,"total":1325,"voted":1325,"spoiled":16,"yays":1057,"nays":252},{"committee":"УИК №1407","vibid":"4024070288581","voters":1503,"total":1228,"voted":1227,"spoiled":24,"yays":893,"nays":310},{"committee":"УИК №1408","vibid":"4024070288582","voters":2601,"total":2335,"voted":2335,"spoiled":41,"yays":2163,"nays":131},{"committee":"УИК №1409","vibid":"4024070288583","voters":1499,"total":1422,"voted":1422,"spoiled":0,"yays":1336,"nays":86},{"committee":"УИК №1410","vibid":"4024070288584","voters":1645,"total":1501,"voted":1501,"spoiled":4,"yays":1351,"nays":146},{"committee":"УИК №1411","vibid":"4024070288585","voters":1563,"total":1437,"voted":1437,"spoiled":9,"yays":859,"nays":569},{"committee":"УИК №1412","vibid":"4024070288586","voters":1985,"total":1708,"voted":1708,"spoiled":17,"yays":1371,"nays":320},{"committee":"УИК №1413","vibid":"4024070288587","voters":1389,"total":1338,"voted":1338,"spoiled":2,"yays":1235,"nays":101},{"committee":"УИК №1414","vibid":"4024070288588","voters":1478,"total":1374,"voted":1374,"spoiled":11,"yays":1241,"nays":122},{"committee":"УИК №1415","vibid":"4024070288589","voters":1456,"total":1135,"voted":1135,"spoiled":43,"yays":654,"nays":438},{"committee":"УИК №1416","vibid":"4024070288590","voters":1922,"total":1368,"voted":1368,"spoiled":10,"yays":745,"nays":613},{"committee":"УИК №1417","vibid":"4024070288591","voters":1527,"total":1370,"voted":1370,"spoiled":18,"yays":996,"nays":356},{"committee":"УИК №1418","vibid":"4024070288592","voters":2333,"total":2097,"voted":2097,"spoiled":23,"yays":1926,"nays":148},{"committee":"УИК №1419","vibid":"4024070288593","voters":638,"total":597,"voted":597,"spoiled":6,"yays":399,"nays":192},{"committee":"УИК №1420","vibid":"4024070288594","voters":670,"total":641,"voted":641,"spoiled":26,"yays":451,"nays":164},{"committee":"УИК №1421","vibid":"4024070288595","voters":339,"total":312,"voted":312,"spoiled":1,"yays":271,"nays":40},{"committee":"УИК №1422","vibid":"4024070288596","voters":311,"total":290,"voted":290,"spoiled":4,"yays":233,"nays":53},{"committee":"УИК №1423","vibid":"4024070288597","voters":233,"total":217,"voted":217,"spoiled":2,"yays":188,"nays":27},{"committee":"УИК №1424","vibid":"4024070288598","voters":360,"total":324,"voted":324,"spoiled":0,"yays":255,"nays":69},{"committee":"УИК №1425","vibid":"4024070288599","voters":348,"total":321,"voted":321,"spoiled":3,"yays":270,"nays":48},{"committee":"УИК №1426","vibid":"4024070288600","voters":887,"total":645,"voted":645,"spoiled":5,"yays":365,"nays":275},{"committee":"УИК №1427","vibid":"4024070288601","voters":404,"total":293,"voted":293,"spoiled":9,"yays":182,"nays":102},{"committee":"УИК №1428","vibid":"4024070288602","voters":892,"total":835,"voted":835,"spoiled":5,"yays":770,"nays":60},{"committee":"УИК №1429","vibid":"4024070288603","voters":279,"total":260,"voted":260,"spoiled":2,"yays":187,"nays":71},{"committee":"УИК №1430","vibid":"4024070288604","voters":294,"total":278,"voted":278,"spoiled":12,"yays":221,"nays":45},{"committee":"УИК №1431","vibid":"4024070288605","voters":370,"total":352,"voted":352,"spoiled":3,"yays":314,"nays":35},{"committee":"УИК №1432","vibid":"4024070288606","voters":162,"total":150,"voted":150,"spoiled":1,"yays":136,"nays":13},{"committee":"УИК №1433","vibid":"4024070288607","voters":429,"total":343,"voted":343,"spoiled":0,"yays":259,"nays":84},{"committee":"УИК №1434","vibid":"4024070288608","voters":696,"total":649,"voted":649,"spoiled":3,"yays":566,"nays":80},{"committee":"УИК №1435","vibid":"4024070288609","voters":118,"total":109,"voted":109,"spoiled":0,"yays":91,"nays":18},{"committee":"УИК №1436","vibid":"4024070288610","voters":656,"total":591,"voted":591,"spoiled":5,"yays":552,"nays":34},{"committee":"УИК №1437","vibid":"4024070288611","voters":917,"total":845,"voted":845,"spoiled":0,"yays":828,"nays":17},{"committee":"УИК №1438","vibid":"4024070288612","voters":668,"total":588,"voted":588,"spoiled":12,"yays":399,"nays":177},{"committee":"УИК №1439","vibid":"4024070288613","voters":323,"total":299,"voted":299,"spoiled":11,"yays":250,"nays":38},{"committee":"УИК №1440","vibid":"4024070288614","voters":563,"total":479,"voted":479,"spoiled":1,"yays":412,"nays":66},{"committee":"УИК №1441","vibid":"4024070288615","voters":406,"total":393,"voted":393,"spoiled":4,"yays":284,"nays":105},{"committee":"УИК №1442","vibid":"4024070288616","voters":382,"total":327,"voted":327,"spoiled":3,"yays":307,"nays":17},{"committee":"УИК №1443","vibid":"4024070288617","voters":407,"total":383,"voted":383,"spoiled":2,"yays":364,"nays":17},{"committee":"УИК №1444","vibid":"4024070288618","voters":381,"total":354,"voted":354,"spoiled":5,"yays":319,"nays":30},{"committee":"УИК №3518","vibid":"4024070288619","voters":1311,"total":1208,"voted":1208,"spoiled":16,"yays":953,"nays":239},{"committee":"УИК №3527","vibid":"4024070288620","voters":1676,"total":1585,"voted":1585,"spoiled":19,"yays":1454,"nays":112}]