[{"committee":"УИК №101","vibid":"4064001121741","voters":614,"total":535,"voted":535,"spoiled":9,"yays":463,"nays":63},{"committee":"УИК №102","vibid":"4064001121742","voters":650,"total":588,"voted":588,"spoiled":11,"yays":494,"nays":83},{"committee":"УИК №103","vibid":"4064001121743","voters":278,"total":233,"voted":233,"spoiled":3,"yays":189,"nays":41},{"committee":"УИК №104","vibid":"4064001121744","voters":117,"total":116,"voted":116,"spoiled":2,"yays":105,"nays":9},{"committee":"УИК №105","vibid":"4064001121745","voters":329,"total":274,"voted":274,"spoiled":2,"yays":220,"nays":52},{"committee":"УИК №106","vibid":"4064001121746","voters":786,"total":711,"voted":711,"spoiled":26,"yays":352,"nays":333}]