[{"committee":"УИК №1","vibid":"4054001153523","voters":99,"total":76,"voted":76,"spoiled":0,"yays":59,"nays":17},{"committee":"УИК №2","vibid":"4054001153524","voters":130,"total":125,"voted":125,"spoiled":0,"yays":122,"nays":3},{"committee":"УИК №3","vibid":"4054001153525","voters":152,"total":121,"voted":121,"spoiled":0,"yays":113,"nays":8},{"committee":"УИК №4","vibid":"4054001153526","voters":457,"total":367,"voted":367,"spoiled":2,"yays":354,"nays":11},{"committee":"УИК №5","vibid":"4054001153527","voters":241,"total":231,"voted":231,"spoiled":1,"yays":216,"nays":14},{"committee":"УИК №6","vibid":"4054001153528","voters":236,"total":218,"voted":218,"spoiled":0,"yays":206,"nays":12},{"committee":"УИК №7","vibid":"4054001153529","voters":291,"total":272,"voted":272,"spoiled":0,"yays":263,"nays":9},{"committee":"УИК №8","vibid":"4054001153530","voters":191,"total":181,"voted":181,"spoiled":0,"yays":180,"nays":1},{"committee":"УИК №9","vibid":"4054001153531","voters":190,"total":182,"voted":182,"spoiled":2,"yays":177,"nays":3},{"committee":"УИК №10","vibid":"4054001153532","voters":777,"total":710,"voted":710,"spoiled":0,"yays":697,"nays":13},{"committee":"УИК №11","vibid":"4054001153533","voters":1375,"total":1287,"voted":1243,"spoiled":44,"yays":1162,"nays":37},{"committee":"УИК №12","vibid":"4054001153534","voters":341,"total":315,"voted":315,"spoiled":2,"yays":297,"nays":16},{"committee":"УИК №13","vibid":"4054001153535","voters":417,"total":391,"voted":391,"spoiled":0,"yays":357,"nays":34},{"committee":"УИК №14","vibid":"4054001153536","voters":317,"total":297,"voted":297,"spoiled":1,"yays":278,"nays":18},{"committee":"УИК №15","vibid":"4054001153537","voters":290,"total":264,"voted":264,"spoiled":0,"yays":258,"nays":6},{"committee":"УИК №16","vibid":"4054001153538","voters":11,"total":9,"voted":9,"spoiled":0,"yays":8,"nays":1},{"committee":"УИК №17","vibid":"4054001153539","voters":150,"total":144,"voted":144,"spoiled":0,"yays":139,"nays":5},{"committee":"УИК №18","vibid":"4054001153540","voters":27,"total":25,"voted":25,"spoiled":0,"yays":24,"nays":1},{"committee":"УИК №19","vibid":"4054001153541","voters":27,"total":24,"voted":24,"spoiled":0,"yays":23,"nays":1}]