[{"committee":"УИК №202","vibid":"4044010145982","voters":639,"total":418,"voted":418,"spoiled":11,"yays":269,"nays":138},{"committee":"УИК №203","vibid":"4044010145983","voters":597,"total":390,"voted":390,"spoiled":11,"yays":237,"nays":142},{"committee":"УИК №204","vibid":"4044010145984","voters":641,"total":405,"voted":404,"spoiled":4,"yays":267,"nays":133},{"committee":"УИК №205","vibid":"4044010145985","voters":114,"total":94,"voted":94,"spoiled":0,"yays":83,"nays":11},{"committee":"УИК №206","vibid":"4044010145986","voters":90,"total":61,"voted":61,"spoiled":3,"yays":46,"nays":12},{"committee":"УИК №207","vibid":"4044010145987","voters":370,"total":213,"voted":213,"spoiled":1,"yays":131,"nays":81},{"committee":"УИК №208","vibid":"4044010145988","voters":164,"total":112,"voted":112,"spoiled":3,"yays":56,"nays":53},{"committee":"УИК №209","vibid":"4044010145989","voters":254,"total":194,"voted":194,"spoiled":2,"yays":165,"nays":27},{"committee":"УИК №210","vibid":"4044010145990","voters":248,"total":183,"voted":183,"spoiled":1,"yays":110,"nays":72},{"committee":"УИК №211","vibid":"4044010145991","voters":983,"total":655,"voted":655,"spoiled":17,"yays":394,"nays":244},{"committee":"УИК №212","vibid":"4044010145992","voters":240,"total":157,"voted":157,"spoiled":1,"yays":104,"nays":52},{"committee":"УИК №213","vibid":"4044010145993","voters":1137,"total":386,"voted":386,"spoiled":1,"yays":254,"nays":131},{"committee":"УИК №214","vibid":"4044010145994","voters":1028,"total":448,"voted":448,"spoiled":2,"yays":291,"nays":155}]