[{"committee":"УИК №541","vibid":"4054016194816","voters":1391,"total":1250,"voted":1250,"spoiled":0,"yays":1188,"nays":62},{"committee":"УИК №542","vibid":"4054016194817","voters":89,"total":82,"voted":82,"spoiled":0,"yays":78,"nays":4},{"committee":"УИК №543","vibid":"4054016194818","voters":48,"total":46,"voted":46,"spoiled":0,"yays":44,"nays":2},{"committee":"УИК №544","vibid":"4054016194819","voters":2890,"total":2658,"voted":2658,"spoiled":0,"yays":2552,"nays":106},{"committee":"УИК №545","vibid":"4054016194820","voters":1065,"total":1011,"voted":1011,"spoiled":0,"yays":960,"nays":51},{"committee":"УИК №546","vibid":"4054016194821","voters":388,"total":356,"voted":356,"spoiled":0,"yays":338,"nays":18},{"committee":"УИК №547","vibid":"4054016194822","voters":2208,"total":2015,"voted":2015,"spoiled":0,"yays":1914,"nays":101},{"committee":"УИК №548","vibid":"4054016194823","voters":1178,"total":1065,"voted":1065,"spoiled":0,"yays":1012,"nays":53},{"committee":"УИК №549","vibid":"4054016194824","voters":1145,"total":1045,"voted":1045,"spoiled":0,"yays":993,"nays":52},{"committee":"УИК №550","vibid":"4054016194825","voters":1737,"total":1587,"voted":1587,"spoiled":0,"yays":998,"nays":589},{"committee":"УИК №551","vibid":"4054016194826","voters":2321,"total":1920,"voted":1920,"spoiled":0,"yays":1350,"nays":570},{"committee":"УИК №552","vibid":"4054016194827","voters":2545,"total":2368,"voted":2368,"spoiled":8,"yays":2270,"nays":90},{"committee":"УИК №553","vibid":"4054016194828","voters":76,"total":71,"voted":71,"spoiled":0,"yays":67,"nays":4},{"committee":"УИК №554","vibid":"4054016194829","voters":1531,"total":1391,"voted":1391,"spoiled":0,"yays":1321,"nays":70},{"committee":"УИК №555","vibid":"4054016194830","voters":1953,"total":1475,"voted":1475,"spoiled":0,"yays":1050,"nays":425},{"committee":"УИК №556","vibid":"4054016194831","voters":1852,"total":1705,"voted":1705,"spoiled":0,"yays":1620,"nays":85},{"committee":"УИК №557","vibid":"4054016194832","voters":3270,"total":2954,"voted":2954,"spoiled":0,"yays":2050,"nays":904},{"committee":"УИК №558","vibid":"4054016194833","voters":1906,"total":1809,"voted":1809,"spoiled":0,"yays":1719,"nays":90},{"committee":"УИК №559","vibid":"4054016194834","voters":1481,"total":1396,"voted":1396,"spoiled":0,"yays":1326,"nays":70},{"committee":"УИК №560","vibid":"4054016194835","voters":107,"total":102,"voted":102,"spoiled":0,"yays":97,"nays":5},{"committee":"УИК №561","vibid":"4054016194836","voters":396,"total":362,"voted":362,"spoiled":0,"yays":344,"nays":18},{"committee":"УИК №562","vibid":"4054016194837","voters":60,"total":56,"voted":56,"spoiled":0,"yays":53,"nays":3},{"committee":"УИК №563","vibid":"4054016194838","voters":158,"total":145,"voted":145,"spoiled":0,"yays":138,"nays":7},{"committee":"УИК №564","vibid":"4054016194839","voters":196,"total":179,"voted":179,"spoiled":0,"yays":170,"nays":9},{"committee":"УИК №565","vibid":"4054016194840","voters":1242,"total":1187,"voted":1187,"spoiled":0,"yays":1128,"nays":59},{"committee":"УИК №566","vibid":"4054016194841","voters":70,"total":65,"voted":65,"spoiled":0,"yays":62,"nays":3}]