[{"committee":"УИК №2643","vibid":"4024040331719","voters":294,"total":291,"voted":291,"spoiled":4,"yays":277,"nays":10},{"committee":"УИК №2644","vibid":"4024040331720","voters":111,"total":109,"voted":109,"spoiled":0,"yays":104,"nays":5},{"committee":"УИК №2645","vibid":"4024040331721","voters":339,"total":331,"voted":331,"spoiled":1,"yays":311,"nays":19},{"committee":"УИК №2646","vibid":"4024040331722","voters":189,"total":187,"voted":187,"spoiled":0,"yays":178,"nays":9},{"committee":"УИК №2647","vibid":"4024040331723","voters":159,"total":157,"voted":157,"spoiled":3,"yays":149,"nays":5},{"committee":"УИК №2648","vibid":"4024040331724","voters":616,"total":529,"voted":529,"spoiled":6,"yays":503,"nays":20},{"committee":"УИК №2649","vibid":"4024040331725","voters":277,"total":267,"voted":267,"spoiled":0,"yays":258,"nays":9},{"committee":"УИК №2650","vibid":"4024040331726","voters":469,"total":405,"voted":404,"spoiled":1,"yays":386,"nays":17},{"committee":"УИК №2651","vibid":"4024040331727","voters":483,"total":473,"voted":473,"spoiled":5,"yays":464,"nays":4},{"committee":"УИК №2652","vibid":"4024040331728","voters":860,"total":842,"voted":842,"spoiled":3,"yays":800,"nays":39},{"committee":"УИК №2653","vibid":"4024040331729","voters":636,"total":605,"voted":605,"spoiled":0,"yays":575,"nays":30},{"committee":"УИК №2654","vibid":"4024040331730","voters":751,"total":719,"voted":719,"spoiled":4,"yays":683,"nays":32},{"committee":"УИК №2656","vibid":"4024040331731","voters":1518,"total":1471,"voted":1471,"spoiled":14,"yays":1151,"nays":306},{"committee":"УИК №2657","vibid":"4024040331732","voters":1223,"total":1016,"voted":1016,"spoiled":9,"yays":725,"nays":282},{"committee":"УИК №2658","vibid":"4024040331733","voters":545,"total":538,"voted":538,"spoiled":0,"yays":511,"nays":27},{"committee":"УИК №2659","vibid":"4024040331734","voters":415,"total":411,"voted":411,"spoiled":3,"yays":388,"nays":20},{"committee":"УИК №2660","vibid":"4024040331735","voters":302,"total":279,"voted":279,"spoiled":1,"yays":235,"nays":43},{"committee":"УИК №2661","vibid":"4024040331736","voters":280,"total":277,"voted":277,"spoiled":0,"yays":264,"nays":13},{"committee":"УИК №2662","vibid":"4024040331737","voters":555,"total":540,"voted":540,"spoiled":4,"yays":509,"nays":27},{"committee":"УИК №2663","vibid":"4024040331738","voters":353,"total":346,"voted":346,"spoiled":0,"yays":329,"nays":17},{"committee":"УИК №2664","vibid":"4024040331739","voters":405,"total":370,"voted":370,"spoiled":7,"yays":352,"nays":11},{"committee":"УИК №2665","vibid":"4024040331740","voters":168,"total":165,"voted":165,"spoiled":0,"yays":157,"nays":8},{"committee":"УИК №2666","vibid":"4024040331741","voters":443,"total":439,"voted":439,"spoiled":5,"yays":413,"nays":21},{"committee":"УИК №2667","vibid":"4024040331742","voters":155,"total":154,"voted":154,"spoiled":0,"yays":148,"nays":6},{"committee":"УИК №2668","vibid":"4024040331743","voters":253,"total":250,"voted":250,"spoiled":1,"yays":239,"nays":10},{"committee":"УИК №2669","vibid":"4024040331744","voters":499,"total":492,"voted":492,"spoiled":2,"yays":444,"nays":46},{"committee":"УИК №2670","vibid":"4024040331745","voters":248,"total":244,"voted":244,"spoiled":1,"yays":231,"nays":12},{"committee":"УИК №2671","vibid":"4024040331746","voters":140,"total":138,"voted":138,"spoiled":0,"yays":131,"nays":7},{"committee":"УИК №2672","vibid":"4024040331747","voters":519,"total":499,"voted":499,"spoiled":2,"yays":479,"nays":18},{"committee":"УИК №2673","vibid":"4024040331748","voters":395,"total":388,"voted":388,"spoiled":0,"yays":369,"nays":19},{"committee":"УИК №2674","vibid":"4024040331749","voters":350,"total":345,"voted":345,"spoiled":0,"yays":328,"nays":17},{"committee":"УИК №2675","vibid":"4024040331750","voters":449,"total":444,"voted":444,"spoiled":0,"yays":422,"nays":22},{"committee":"УИК №2676","vibid":"4024040331751","voters":727,"total":702,"voted":702,"spoiled":0,"yays":680,"nays":22},{"committee":"УИК №2677","vibid":"4024040331752","voters":257,"total":254,"voted":254,"spoiled":0,"yays":242,"nays":12},{"committee":"УИК №2678","vibid":"4024040331753","voters":376,"total":366,"voted":366,"spoiled":2,"yays":348,"nays":16},{"committee":"УИК №2679","vibid":"4024040331754","voters":324,"total":320,"voted":320,"spoiled":0,"yays":305,"nays":15},{"committee":"УИК №2680","vibid":"4024040331755","voters":154,"total":152,"voted":152,"spoiled":10,"yays":135,"nays":7},{"committee":"УИК №2681","vibid":"4024040331756","voters":820,"total":808,"voted":808,"spoiled":31,"yays":701,"nays":76},{"committee":"УИК №2682","vibid":"4024040331757","voters":228,"total":221,"voted":221,"spoiled":3,"yays":190,"nays":28},{"committee":"УИК №2683","vibid":"4024040331758","voters":208,"total":206,"voted":206,"spoiled":0,"yays":196,"nays":10},{"committee":"УИК №2684","vibid":"4024040331759","voters":214,"total":210,"voted":210,"spoiled":0,"yays":200,"nays":10},{"committee":"УИК №2685","vibid":"4024040331760","voters":130,"total":125,"voted":125,"spoiled":0,"yays":119,"nays":6},{"committee":"УИК №2686","vibid":"4024040331761","voters":120,"total":110,"voted":110,"spoiled":0,"yays":105,"nays":5},{"committee":"УИК №2687","vibid":"4024040331762","voters":458,"total":435,"voted":435,"spoiled":3,"yays":419,"nays":13},{"committee":"УИК №2688","vibid":"4024040331763","voters":117,"total":111,"voted":111,"spoiled":0,"yays":107,"nays":4}]