[{"committee":"УИК №648","vibid":"4034021307314","voters":245,"total":158,"voted":158,"spoiled":0,"yays":117,"nays":41},{"committee":"УИК №649","vibid":"4034021307315","voters":498,"total":309,"voted":309,"spoiled":0,"yays":225,"nays":84},{"committee":"УИК №650","vibid":"4034021307316","voters":551,"total":477,"voted":477,"spoiled":3,"yays":214,"nays":260},{"committee":"УИК №651","vibid":"4034021307317","voters":165,"total":165,"voted":165,"spoiled":2,"yays":116,"nays":47},{"committee":"УИК №652","vibid":"4034021307318","voters":386,"total":313,"voted":313,"spoiled":2,"yays":242,"nays":69},{"committee":"УИК №653","vibid":"4034021307319","voters":92,"total":92,"voted":92,"spoiled":0,"yays":78,"nays":14},{"committee":"УИК №654","vibid":"4034021307320","voters":133,"total":120,"voted":120,"spoiled":0,"yays":115,"nays":5},{"committee":"УИК №655","vibid":"4034021307321","voters":170,"total":146,"voted":146,"spoiled":0,"yays":126,"nays":20},{"committee":"УИК №656","vibid":"4034021307322","voters":364,"total":285,"voted":285,"spoiled":0,"yays":215,"nays":70},{"committee":"УИК №657","vibid":"4034021307323","voters":648,"total":585,"voted":585,"spoiled":6,"yays":454,"nays":125},{"committee":"УИК №658","vibid":"4034021307324","voters":208,"total":200,"voted":200,"spoiled":0,"yays":181,"nays":19},{"committee":"УИК №659","vibid":"4034021307325","voters":300,"total":270,"voted":270,"spoiled":2,"yays":171,"nays":97},{"committee":"УИК №660","vibid":"4034021307326","voters":34,"total":33,"voted":33,"spoiled":0,"yays":25,"nays":8},{"committee":"УИК №661","vibid":"4034021307327","voters":124,"total":124,"voted":124,"spoiled":1,"yays":103,"nays":20},{"committee":"УИК №662","vibid":"4034021307328","voters":48,"total":48,"voted":48,"spoiled":0,"yays":24,"nays":24},{"committee":"УИК №663","vibid":"4034021307329","voters":395,"total":365,"voted":365,"spoiled":0,"yays":356,"nays":9},{"committee":"УИК №664","vibid":"4034021307330","voters":261,"total":240,"voted":240,"spoiled":2,"yays":233,"nays":5},{"committee":"УИК №665","vibid":"4034021307331","voters":1050,"total":852,"voted":852,"spoiled":5,"yays":584,"nays":263},{"committee":"УИК №666","vibid":"4034021307332","voters":721,"total":621,"voted":621,"spoiled":5,"yays":365,"nays":251},{"committee":"УИК №667","vibid":"4034021307333","voters":145,"total":123,"voted":123,"spoiled":0,"yays":88,"nays":35},{"committee":"УИК №668","vibid":"4034021307334","voters":803,"total":569,"voted":569,"spoiled":3,"yays":432,"nays":134},{"committee":"УИК №669","vibid":"4034021307335","voters":322,"total":302,"voted":302,"spoiled":1,"yays":223,"nays":78},{"committee":"УИК №670","vibid":"4034021307336","voters":410,"total":347,"voted":347,"spoiled":5,"yays":239,"nays":103},{"committee":"УИК №671","vibid":"4034021307337","voters":136,"total":128,"voted":128,"spoiled":1,"yays":95,"nays":32},{"committee":"УИК №672","vibid":"4034021307338","voters":943,"total":780,"voted":780,"spoiled":1,"yays":546,"nays":233},{"committee":"УИК №673","vibid":"4034021307339","voters":816,"total":771,"voted":771,"spoiled":6,"yays":507,"nays":258},{"committee":"УИК №674","vibid":"4034021307340","voters":1012,"total":914,"voted":914,"spoiled":10,"yays":665,"nays":239},{"committee":"УИК №675","vibid":"4034021307341","voters":900,"total":766,"voted":766,"spoiled":7,"yays":464,"nays":295},{"committee":"УИК №676","vibid":"4034021307342","voters":723,"total":550,"voted":550,"spoiled":5,"yays":316,"nays":229},{"committee":"УИК №677","vibid":"4034021307343","voters":333,"total":294,"voted":294,"spoiled":4,"yays":215,"nays":75},{"committee":"УИК №678","vibid":"4034021307344","voters":445,"total":356,"voted":356,"spoiled":2,"yays":264,"nays":90},{"committee":"УИК №679","vibid":"4034021307345","voters":104,"total":90,"voted":90,"spoiled":1,"yays":65,"nays":24},{"committee":"УИК №680","vibid":"4034021307346","voters":343,"total":287,"voted":287,"spoiled":6,"yays":211,"nays":70},{"committee":"УИК №681","vibid":"4034021307347","voters":669,"total":530,"voted":530,"spoiled":3,"yays":356,"nays":171}]