[{"committee":"УИК №53","vibid":"4034003313136","voters":944,"total":608,"voted":608,"spoiled":5,"yays":415,"nays":188},{"committee":"УИК №54","vibid":"4034003313137","voters":773,"total":562,"voted":561,"spoiled":29,"yays":433,"nays":99},{"committee":"УИК №55","vibid":"4034003313138","voters":883,"total":659,"voted":659,"spoiled":6,"yays":454,"nays":199},{"committee":"УИК №56","vibid":"4034003313139","voters":543,"total":432,"voted":432,"spoiled":0,"yays":350,"nays":82},{"committee":"УИК №57","vibid":"4034003313140","voters":590,"total":456,"voted":456,"spoiled":1,"yays":376,"nays":79},{"committee":"УИК №58","vibid":"4034003313141","voters":469,"total":369,"voted":369,"spoiled":0,"yays":281,"nays":88},{"committee":"УИК №59","vibid":"4034003313142","voters":979,"total":786,"voted":786,"spoiled":11,"yays":546,"nays":229},{"committee":"УИК №60","vibid":"4034003313143","voters":1269,"total":786,"voted":786,"spoiled":7,"yays":585,"nays":194},{"committee":"УИК №61","vibid":"4034003313144","voters":561,"total":372,"voted":372,"spoiled":50,"yays":275,"nays":47},{"committee":"УИК №62","vibid":"4034003313145","voters":209,"total":169,"voted":169,"spoiled":3,"yays":149,"nays":17},{"committee":"УИК №63","vibid":"4034003313146","voters":218,"total":178,"voted":178,"spoiled":1,"yays":159,"nays":18},{"committee":"УИК №64","vibid":"4034003313147","voters":210,"total":172,"voted":172,"spoiled":3,"yays":148,"nays":21},{"committee":"УИК №65","vibid":"4034003313148","voters":586,"total":439,"voted":439,"spoiled":8,"yays":364,"nays":67},{"committee":"УИК №66","vibid":"4034003313149","voters":100,"total":80,"voted":80,"spoiled":2,"yays":57,"nays":21},{"committee":"УИК №67","vibid":"4034003313150","voters":932,"total":739,"voted":739,"spoiled":11,"yays":516,"nays":212},{"committee":"УИК №68","vibid":"4034003313151","voters":129,"total":114,"voted":114,"spoiled":0,"yays":102,"nays":12},{"committee":"УИК №69","vibid":"4034003313152","voters":254,"total":232,"voted":232,"spoiled":25,"yays":185,"nays":22},{"committee":"УИК №70","vibid":"4034003313153","voters":272,"total":191,"voted":191,"spoiled":3,"yays":150,"nays":38},{"committee":"УИК №71","vibid":"4034003313154","voters":61,"total":45,"voted":45,"spoiled":0,"yays":41,"nays":4},{"committee":"УИК №72","vibid":"4034003313155","voters":312,"total":200,"voted":200,"spoiled":0,"yays":175,"nays":25},{"committee":"УИК №73","vibid":"4034003313156","voters":257,"total":173,"voted":173,"spoiled":2,"yays":147,"nays":24},{"committee":"УИК №74","vibid":"4034003313157","voters":94,"total":71,"voted":71,"spoiled":2,"yays":54,"nays":15},{"committee":"УИК №75","vibid":"4034003313158","voters":413,"total":316,"voted":316,"spoiled":0,"yays":279,"nays":37},{"committee":"УИК №76","vibid":"4034003313159","voters":189,"total":170,"voted":170,"spoiled":7,"yays":153,"nays":10},{"committee":"УИК №77","vibid":"4034003313160","voters":385,"total":276,"voted":276,"spoiled":4,"yays":239,"nays":33},{"committee":"УИК №78","vibid":"4034003313161","voters":153,"total":108,"voted":108,"spoiled":1,"yays":81,"nays":26},{"committee":"УИК №79","vibid":"4034003313162","voters":132,"total":111,"voted":111,"spoiled":0,"yays":77,"nays":34},{"committee":"УИК №80","vibid":"4034003313163","voters":360,"total":256,"voted":256,"spoiled":1,"yays":221,"nays":34},{"committee":"УИК №81","vibid":"4034003313164","voters":943,"total":691,"voted":691,"spoiled":4,"yays":530,"nays":157},{"committee":"УИК №82","vibid":"4034003313165","voters":308,"total":238,"voted":238,"spoiled":16,"yays":211,"nays":11},{"committee":"УИК №83","vibid":"4034003313166","voters":299,"total":199,"voted":199,"spoiled":1,"yays":169,"nays":29},{"committee":"УИК №84","vibid":"4034003313167","voters":432,"total":355,"voted":355,"spoiled":51,"yays":286,"nays":18},{"committee":"УИК №85","vibid":"4034003313168","voters":320,"total":258,"voted":258,"spoiled":0,"yays":234,"nays":24},{"committee":"УИК №86","vibid":"4034003313169","voters":610,"total":439,"voted":439,"spoiled":7,"yays":290,"nays":142},{"committee":"УИК №87","vibid":"4034003313170","voters":197,"total":180,"voted":180,"spoiled":2,"yays":120,"nays":58},{"committee":"УИК №88","vibid":"4034003313171","voters":305,"total":253,"voted":253,"spoiled":1,"yays":216,"nays":36},{"committee":"УИК №89","vibid":"4034003313172","voters":570,"total":408,"voted":408,"spoiled":2,"yays":323,"nays":83},{"committee":"УИК №90","vibid":"4034003313173","voters":285,"total":239,"voted":239,"spoiled":1,"yays":199,"nays":39}]