[{"committee":"УИК №1255","vibid":"4054033169296","voters":439,"total":406,"voted":406,"spoiled":0,"yays":383,"nays":23},{"committee":"УИК №1256","vibid":"4054033169300","voters":497,"total":444,"voted":444,"spoiled":0,"yays":408,"nays":36},{"committee":"УИК №1257","vibid":"4054033169302","voters":457,"total":403,"voted":403,"spoiled":0,"yays":355,"nays":48},{"committee":"УИК №1258","vibid":"4054033169304","voters":399,"total":363,"voted":363,"spoiled":0,"yays":340,"nays":23},{"committee":"УИК №1259","vibid":"4054033169306","voters":598,"total":537,"voted":537,"spoiled":0,"yays":483,"nays":54},{"committee":"УИК №1260","vibid":"4054033169308","voters":625,"total":562,"voted":562,"spoiled":0,"yays":512,"nays":50},{"committee":"УИК №1261","vibid":"4054033169310","voters":504,"total":473,"voted":473,"spoiled":0,"yays":421,"nays":52},{"committee":"УИК №1262","vibid":"4054033169312","voters":1241,"total":1118,"voted":1118,"spoiled":0,"yays":1023,"nays":95},{"committee":"УИК №1263","vibid":"4054033169314","voters":290,"total":261,"voted":261,"spoiled":0,"yays":237,"nays":24},{"committee":"УИК №1264","vibid":"4054033169316","voters":449,"total":404,"voted":404,"spoiled":0,"yays":372,"nays":32},{"committee":"УИК №1265","vibid":"4054033169317","voters":773,"total":712,"voted":712,"spoiled":0,"yays":651,"nays":61},{"committee":"УИК №1266","vibid":"4054033169318","voters":1078,"total":982,"voted":982,"spoiled":0,"yays":894,"nays":88},{"committee":"УИК №1267","vibid":"4054033169319","voters":775,"total":695,"voted":695,"spoiled":0,"yays":629,"nays":66},{"committee":"УИК №1268","vibid":"4054033169320","voters":891,"total":814,"voted":814,"spoiled":0,"yays":753,"nays":61},{"committee":"УИК №1269","vibid":"4054033169321","voters":991,"total":910,"voted":910,"spoiled":0,"yays":833,"nays":77},{"committee":"УИК №1270","vibid":"4054033169323","voters":757,"total":678,"voted":678,"spoiled":0,"yays":617,"nays":61},{"committee":"УИК №1271","vibid":"4054033169324","voters":563,"total":502,"voted":502,"spoiled":0,"yays":449,"nays":53},{"committee":"УИК №1272","vibid":"4054033169325","voters":425,"total":381,"voted":381,"spoiled":0,"yays":341,"nays":40},{"committee":"УИК №1273","vibid":"4054033169326","voters":1041,"total":949,"voted":949,"spoiled":3,"yays":851,"nays":95},{"committee":"УИК №1274","vibid":"4054033169327","voters":1128,"total":937,"voted":937,"spoiled":2,"yays":902,"nays":33},{"committee":"УИК №1275","vibid":"4054033169328","voters":778,"total":698,"voted":698,"spoiled":0,"yays":542,"nays":156},{"committee":"УИК №1276","vibid":"4054033169330","voters":949,"total":866,"voted":866,"spoiled":0,"yays":710,"nays":156},{"committee":"УИК №1277","vibid":"4054033169331","voters":795,"total":719,"voted":719,"spoiled":0,"yays":505,"nays":214},{"committee":"УИК №1278","vibid":"4054033169332","voters":808,"total":734,"voted":734,"spoiled":0,"yays":565,"nays":169},{"committee":"УИК №1279","vibid":"4054033169333","voters":1006,"total":902,"voted":902,"spoiled":0,"yays":722,"nays":180},{"committee":"УИК №1280","vibid":"4054033169334","voters":796,"total":689,"voted":689,"spoiled":0,"yays":513,"nays":176},{"committee":"УИК №1281","vibid":"4054033169335","voters":548,"total":494,"voted":494,"spoiled":0,"yays":457,"nays":37},{"committee":"УИК №1282","vibid":"4054033169336","voters":542,"total":494,"voted":494,"spoiled":0,"yays":455,"nays":39},{"committee":"УИК №1283","vibid":"4054033169338","voters":557,"total":507,"voted":507,"spoiled":0,"yays":455,"nays":52}]