[{"committee":"УИК №1392","vibid":"4054036166572","voters":941,"total":846,"voted":846,"spoiled":0,"yays":761,"nays":85},{"committee":"УИК №1393","vibid":"4054036166573","voters":166,"total":149,"voted":149,"spoiled":0,"yays":24,"nays":125},{"committee":"УИК №1394","vibid":"4054036166574","voters":267,"total":247,"voted":247,"spoiled":0,"yays":211,"nays":36},{"committee":"УИК №1395","vibid":"4054036166575","voters":1391,"total":1245,"voted":1245,"spoiled":0,"yays":1062,"nays":183},{"committee":"УИК №1396","vibid":"4054036166576","voters":503,"total":445,"voted":445,"spoiled":0,"yays":314,"nays":131},{"committee":"УИК №1397","vibid":"4054036166577","voters":428,"total":353,"voted":353,"spoiled":0,"yays":291,"nays":62},{"committee":"УИК №1398","vibid":"4054036166578","voters":2090,"total":1901,"voted":1901,"spoiled":0,"yays":1796,"nays":105},{"committee":"УИК №1399","vibid":"4054036166579","voters":1670,"total":1513,"voted":1513,"spoiled":0,"yays":1485,"nays":28},{"committee":"УИК №1400","vibid":"4054036166580","voters":754,"total":736,"voted":736,"spoiled":0,"yays":670,"nays":66},{"committee":"УИК №1401","vibid":"4054036166581","voters":2117,"total":1884,"voted":1884,"spoiled":2,"yays":1361,"nays":521},{"committee":"УИК №1402","vibid":"4054036166582","voters":1306,"total":1114,"voted":1114,"spoiled":1,"yays":1101,"nays":12},{"committee":"УИК №1403","vibid":"4054036166583","voters":493,"total":406,"voted":406,"spoiled":0,"yays":336,"nays":70},{"committee":"УИК №1404","vibid":"4054036166584","voters":890,"total":888,"voted":802,"spoiled":0,"yays":638,"nays":164},{"committee":"УИК №1405","vibid":"4054036166585","voters":329,"total":306,"voted":306,"spoiled":2,"yays":292,"nays":12},{"committee":"УИК №1406","vibid":"4054036166586","voters":883,"total":810,"voted":810,"spoiled":0,"yays":800,"nays":10},{"committee":"УИК №1407","vibid":"4054036166587","voters":980,"total":885,"voted":885,"spoiled":0,"yays":744,"nays":141},{"committee":"УИК №1408","vibid":"4054036166588","voters":1081,"total":987,"voted":987,"spoiled":2,"yays":861,"nays":124},{"committee":"УИК №1409","vibid":"4054036166589","voters":2362,"total":2204,"voted":2204,"spoiled":11,"yays":1992,"nays":201},{"committee":"УИК №1410","vibid":"4054036166590","voters":2145,"total":2104,"voted":2104,"spoiled":11,"yays":1802,"nays":291},{"committee":"УИК №1411","vibid":"4054036166591","voters":1028,"total":956,"voted":956,"spoiled":5,"yays":925,"nays":26}]