[{"committee":"УИК №1277","vibid":"4024012438135","voters":2255,"total":2173,"voted":2173,"spoiled":7,"yays":2101,"nays":65},{"committee":"УИК №1278","vibid":"4024012438136","voters":2290,"total":2221,"voted":2221,"spoiled":10,"yays":2156,"nays":55},{"committee":"УИК №1279","vibid":"4024012438137","voters":2195,"total":2100,"voted":2100,"spoiled":12,"yays":2048,"nays":40},{"committee":"УИК №1280","vibid":"4024012438138","voters":1416,"total":1350,"voted":1350,"spoiled":5,"yays":1312,"nays":33},{"committee":"УИК №1281","vibid":"4024012438139","voters":1628,"total":1560,"voted":1560,"spoiled":11,"yays":1502,"nays":47},{"committee":"УИК №1282","vibid":"4024012438140","voters":2194,"total":2100,"voted":2100,"spoiled":10,"yays":2038,"nays":52},{"committee":"УИК №1283","vibid":"4024012438141","voters":2523,"total":2434,"voted":2434,"spoiled":6,"yays":2362,"nays":66},{"committee":"УИК №1284","vibid":"4024012438142","voters":2614,"total":2086,"voted":2086,"spoiled":12,"yays":1435,"nays":639},{"committee":"УИК №1285","vibid":"4024012438143","voters":2627,"total":2557,"voted":2557,"spoiled":10,"yays":2481,"nays":66},{"committee":"УИК №1286","vibid":"4024012438144","voters":1330,"total":1270,"voted":1270,"spoiled":3,"yays":1238,"nays":29},{"committee":"УИК №1287","vibid":"4024012438145","voters":2164,"total":2101,"voted":2101,"spoiled":0,"yays":2040,"nays":61},{"committee":"УИК №1288","vibid":"4024012438146","voters":2296,"total":2233,"voted":2233,"spoiled":25,"yays":2178,"nays":30},{"committee":"УИК №1289","vibid":"4024012438147","voters":787,"total":748,"voted":748,"spoiled":0,"yays":726,"nays":22},{"committee":"УИК №1290","vibid":"4024012438148","voters":1036,"total":908,"voted":908,"spoiled":14,"yays":699,"nays":195},{"committee":"УИК №1291","vibid":"4024012438149","voters":1352,"total":1296,"voted":1296,"spoiled":9,"yays":1266,"nays":21},{"committee":"УИК №1292","vibid":"4024012438150","voters":2593,"total":2469,"voted":2469,"spoiled":0,"yays":2394,"nays":75},{"committee":"УИК №1293","vibid":"4024012438151","voters":993,"total":946,"voted":946,"spoiled":0,"yays":922,"nays":24},{"committee":"УИК №1294","vibid":"4024012438152","voters":1272,"total":1004,"voted":1004,"spoiled":60,"yays":674,"nays":270},{"committee":"УИК №1295","vibid":"4024012438153","voters":868,"total":830,"voted":830,"spoiled":0,"yays":804,"nays":26},{"committee":"УИК №1296","vibid":"4024012438154","voters":1747,"total":1620,"voted":1620,"spoiled":6,"yays":1573,"nays":41},{"committee":"УИК №1297","vibid":"4024012438155","voters":438,"total":419,"voted":419,"spoiled":0,"yays":407,"nays":12},{"committee":"УИК №1298","vibid":"4024012438156","voters":2690,"total":2613,"voted":2613,"spoiled":13,"yays":2522,"nays":78},{"committee":"УИК №1299","vibid":"4024012438157","voters":2425,"total":2371,"voted":2371,"spoiled":12,"yays":2310,"nays":49},{"committee":"УИК №1300","vibid":"4024012438158","voters":1163,"total":1105,"voted":1105,"spoiled":0,"yays":1072,"nays":33},{"committee":"УИК №1301","vibid":"4024012438159","voters":1428,"total":1363,"voted":1363,"spoiled":6,"yays":1328,"nays":29},{"committee":"УИК №1302","vibid":"4024012438160","voters":2598,"total":2500,"voted":2500,"spoiled":27,"yays":2400,"nays":73},{"committee":"УИК №1303","vibid":"4024012438161","voters":927,"total":853,"voted":853,"spoiled":0,"yays":828,"nays":25},{"committee":"УИК №1304","vibid":"4024012438162","voters":1746,"total":1522,"voted":1522,"spoiled":9,"yays":1387,"nays":126},{"committee":"УИК №1305","vibid":"4024012438163","voters":1116,"total":1084,"voted":1084,"spoiled":5,"yays":1056,"nays":23},{"committee":"УИК №1306","vibid":"4024012438164","voters":158,"total":149,"voted":149,"spoiled":1,"yays":146,"nays":2},{"committee":"УИК №1307","vibid":"4024012438165","voters":273,"total":249,"voted":249,"spoiled":2,"yays":244,"nays":3},{"committee":"УИК №1308","vibid":"4024012438166","voters":285,"total":278,"voted":278,"spoiled":6,"yays":269,"nays":3},{"committee":"УИК №1309","vibid":"4024012438167","voters":383,"total":350,"voted":350,"spoiled":0,"yays":342,"nays":8},{"committee":"УИК №1310","vibid":"4024012438168","voters":271,"total":265,"voted":265,"spoiled":0,"yays":262,"nays":3},{"committee":"УИК №1311","vibid":"4024012438169","voters":562,"total":555,"voted":555,"spoiled":0,"yays":542,"nays":13},{"committee":"УИК №1312","vibid":"4024012438170","voters":839,"total":800,"voted":800,"spoiled":5,"yays":780,"nays":15},{"committee":"УИК №1313","vibid":"4024012438171","voters":376,"total":362,"voted":362,"spoiled":0,"yays":353,"nays":9},{"committee":"УИК №1314","vibid":"4024012438172","voters":261,"total":257,"voted":257,"spoiled":0,"yays":254,"nays":3},{"committee":"УИК №1315","vibid":"4024012438173","voters":670,"total":653,"voted":653,"spoiled":13,"yays":588,"nays":52},{"committee":"УИК №1316","vibid":"4024012438174","voters":810,"total":769,"voted":769,"spoiled":4,"yays":745,"nays":20},{"committee":"УИК №1317","vibid":"4024012438175","voters":210,"total":198,"voted":198,"spoiled":2,"yays":189,"nays":7},{"committee":"УИК №1318","vibid":"4024012438176","voters":1801,"total":1662,"voted":1662,"spoiled":14,"yays":1612,"nays":36},{"committee":"УИК №1319","vibid":"4024012438177","voters":343,"total":336,"voted":336,"spoiled":0,"yays":324,"nays":12},{"committee":"УИК №1320","vibid":"4024012438178","voters":411,"total":391,"voted":391,"spoiled":5,"yays":379,"nays":7},{"committee":"УИК №1321","vibid":"4024012438179","voters":585,"total":573,"voted":573,"spoiled":7,"yays":557,"nays":9},{"committee":"УИК №1322","vibid":"4024012438180","voters":312,"total":306,"voted":306,"spoiled":0,"yays":294,"nays":12},{"committee":"УИК №1323","vibid":"4024012438181","voters":1162,"total":1143,"voted":1143,"spoiled":4,"yays":1114,"nays":25},{"committee":"УИК №1324","vibid":"4024012438182","voters":506,"total":472,"voted":472,"spoiled":0,"yays":460,"nays":12},{"committee":"УИК №1325","vibid":"4024012438183","voters":1021,"total":975,"voted":975,"spoiled":0,"yays":956,"nays":19},{"committee":"УИК №1326","vibid":"4024012438184","voters":667,"total":634,"voted":634,"spoiled":5,"yays":614,"nays":15},{"committee":"УИК №1327","vibid":"4024012438185","voters":158,"total":153,"voted":153,"spoiled":0,"yays":150,"nays":3},{"committee":"УИК №1328","vibid":"4024012438186","voters":500,"total":495,"voted":495,"spoiled":0,"yays":482,"nays":13},{"committee":"УИК №1329","vibid":"4024012438187","voters":247,"total":244,"voted":244,"spoiled":1,"yays":238,"nays":5},{"committee":"УИК №1330","vibid":"4024012438188","voters":168,"total":167,"voted":167,"spoiled":3,"yays":163,"nays":1},{"committee":"УИК №1331","vibid":"4024012438189","voters":383,"total":348,"voted":348,"spoiled":1,"yays":297,"nays":50},{"committee":"УИК №1332","vibid":"4024012438190","voters":358,"total":340,"voted":340,"spoiled":3,"yays":329,"nays":8},{"committee":"УИК №1333","vibid":"4024012438191","voters":718,"total":683,"voted":683,"spoiled":0,"yays":648,"nays":35},{"committee":"УИК №1334","vibid":"4024012438192","voters":1992,"total":1510,"voted":1510,"spoiled":16,"yays":1003,"nays":491},{"committee":"УИК №1335","vibid":"4024012438193","voters":374,"total":370,"voted":361,"spoiled":0,"yays":350,"nays":11},{"committee":"УИК №1336","vibid":"4024012438194","voters":231,"total":227,"voted":227,"spoiled":0,"yays":225,"nays":2},{"committee":"УИК №1337","vibid":"4024012438195","voters":262,"total":250,"voted":250,"spoiled":2,"yays":244,"nays":4},{"committee":"УИК №1338","vibid":"4024012438196","voters":217,"total":206,"voted":206,"spoiled":0,"yays":200,"nays":6},{"committee":"УИК №1339","vibid":"4024012438197","voters":1442,"total":910,"voted":910,"spoiled":36,"yays":592,"nays":282},{"committee":"УИК №1340","vibid":"4024012438198","voters":685,"total":555,"voted":555,"spoiled":6,"yays":531,"nays":18},{"committee":"УИК №1341","vibid":"4024012438199","voters":287,"total":269,"voted":269,"spoiled":0,"yays":253,"nays":16},{"committee":"УИК №1342","vibid":"4024012438200","voters":712,"total":688,"voted":688,"spoiled":0,"yays":671,"nays":17},{"committee":"УИК №1343","vibid":"4024012438201","voters":705,"total":688,"voted":688,"spoiled":2,"yays":670,"nays":16},{"committee":"УИК №1344","vibid":"4024012438202","voters":681,"total":661,"voted":661,"spoiled":6,"yays":645,"nays":10},{"committee":"УИК №1345","vibid":"4024012438203","voters":604,"total":590,"voted":590,"spoiled":0,"yays":572,"nays":18},{"committee":"УИК №1346","vibid":"4024012438204","voters":747,"total":726,"voted":726,"spoiled":2,"yays":712,"nays":12},{"committee":"УИК №1347","vibid":"4024012438205","voters":538,"total":524,"voted":524,"spoiled":2,"yays":509,"nays":13},{"committee":"УИК №1348","vibid":"4024012438206","voters":548,"total":523,"voted":523,"spoiled":1,"yays":509,"nays":13},{"committee":"УИК №1349","vibid":"4024012438207","voters":313,"total":308,"voted":308,"spoiled":0,"yays":303,"nays":5},{"committee":"УИК №1350","vibid":"4024012438208","voters":493,"total":490,"voted":490,"spoiled":0,"yays":478,"nays":12},{"committee":"УИК №1351","vibid":"4024012438209","voters":374,"total":361,"voted":361,"spoiled":1,"yays":352,"nays":8},{"committee":"УИК №1352","vibid":"4024012438210","voters":571,"total":549,"voted":549,"spoiled":0,"yays":533,"nays":16},{"committee":"УИК №1353","vibid":"4024012438211","voters":524,"total":453,"voted":453,"spoiled":9,"yays":439,"nays":5},{"committee":"УИК №1354","vibid":"4024012438212","voters":501,"total":487,"voted":487,"spoiled":7,"yays":472,"nays":8}]