[{"committee":"УИК №2774","vibid":"4024046314008","voters":345,"total":339,"voted":339,"spoiled":4,"yays":240,"nays":95},{"committee":"УИК №2775","vibid":"4024046314009","voters":126,"total":124,"voted":124,"spoiled":0,"yays":118,"nays":6},{"committee":"УИК №2776","vibid":"4024046314010","voters":296,"total":292,"voted":292,"spoiled":1,"yays":285,"nays":6},{"committee":"УИК №2777","vibid":"4024046314011","voters":83,"total":80,"voted":80,"spoiled":0,"yays":78,"nays":2},{"committee":"УИК №2778","vibid":"4024046314012","voters":195,"total":192,"voted":192,"spoiled":3,"yays":150,"nays":39},{"committee":"УИК №2779","vibid":"4024046314013","voters":1196,"total":1178,"voted":1178,"spoiled":222,"yays":873,"nays":83},{"committee":"УИК №2780","vibid":"4024046314014","voters":150,"total":148,"voted":148,"spoiled":0,"yays":144,"nays":4},{"committee":"УИК №2781","vibid":"4024046314015","voters":133,"total":130,"voted":130,"spoiled":0,"yays":127,"nays":3},{"committee":"УИК №2782","vibid":"4024046314016","voters":290,"total":283,"voted":283,"spoiled":0,"yays":279,"nays":4},{"committee":"УИК №2783","vibid":"4024046314017","voters":207,"total":202,"voted":202,"spoiled":0,"yays":200,"nays":2},{"committee":"УИК №2784","vibid":"4024046314018","voters":296,"total":290,"voted":290,"spoiled":0,"yays":281,"nays":9},{"committee":"УИК №2785","vibid":"4024046314019","voters":630,"total":622,"voted":622,"spoiled":0,"yays":603,"nays":19},{"committee":"УИК №2786","vibid":"4024046314020","voters":280,"total":277,"voted":277,"spoiled":0,"yays":268,"nays":9},{"committee":"УИК №2787","vibid":"4024046314021","voters":155,"total":141,"voted":141,"spoiled":2,"yays":107,"nays":32},{"committee":"УИК №2788","vibid":"4024046314022","voters":756,"total":746,"voted":746,"spoiled":0,"yays":726,"nays":20},{"committee":"УИК №2789","vibid":"4024046314023","voters":332,"total":327,"voted":327,"spoiled":3,"yays":304,"nays":20},{"committee":"УИК №2790","vibid":"4024046314024","voters":289,"total":284,"voted":284,"spoiled":0,"yays":236,"nays":48},{"committee":"УИК №2791","vibid":"4024046314025","voters":503,"total":495,"voted":495,"spoiled":6,"yays":480,"nays":9},{"committee":"УИК №2792","vibid":"4024046314026","voters":502,"total":496,"voted":496,"spoiled":0,"yays":400,"nays":96},{"committee":"УИК №2793","vibid":"4024046314027","voters":163,"total":160,"voted":160,"spoiled":0,"yays":148,"nays":12},{"committee":"УИК №2794","vibid":"4024046314028","voters":553,"total":543,"voted":543,"spoiled":0,"yays":536,"nays":7},{"committee":"УИК №2795","vibid":"4024046314029","voters":207,"total":203,"voted":203,"spoiled":0,"yays":197,"nays":6},{"committee":"УИК №2796","vibid":"4024046314030","voters":372,"total":368,"voted":368,"spoiled":0,"yays":365,"nays":3},{"committee":"УИК №2797","vibid":"4024046314031","voters":162,"total":159,"voted":159,"spoiled":2,"yays":152,"nays":5},{"committee":"УИК №2798","vibid":"4024046314032","voters":306,"total":301,"voted":301,"spoiled":0,"yays":297,"nays":4},{"committee":"УИК №2799","vibid":"4024046314033","voters":308,"total":303,"voted":303,"spoiled":0,"yays":293,"nays":10},{"committee":"УИК №2800","vibid":"4024046314034","voters":188,"total":174,"voted":174,"spoiled":0,"yays":170,"nays":4},{"committee":"УИК №2801","vibid":"4024046314035","voters":1135,"total":1123,"voted":1123,"spoiled":7,"yays":966,"nays":150},{"committee":"УИК №2802","vibid":"4024046314036","voters":652,"total":641,"voted":641,"spoiled":0,"yays":623,"nays":18},{"committee":"УИК №2803","vibid":"4024046314037","voters":221,"total":213,"voted":213,"spoiled":0,"yays":207,"nays":6},{"committee":"УИК №2804","vibid":"4024046314038","voters":211,"total":208,"voted":208,"spoiled":0,"yays":183,"nays":25},{"committee":"УИК №2805","vibid":"4024046314039","voters":1439,"total":1418,"voted":1418,"spoiled":14,"yays":1380,"nays":24},{"committee":"УИК №2806","vibid":"4024046314040","voters":932,"total":917,"voted":917,"spoiled":10,"yays":890,"nays":17},{"committee":"УИК №2807","vibid":"4024046314041","voters":1731,"total":1705,"voted":1705,"spoiled":31,"yays":1655,"nays":19},{"committee":"УИК №2808","vibid":"4024046314042","voters":317,"total":313,"voted":313,"spoiled":0,"yays":308,"nays":5},{"committee":"УИК №2809","vibid":"4024046314043","voters":455,"total":450,"voted":450,"spoiled":3,"yays":436,"nays":11},{"committee":"УИК №2810","vibid":"4024046314044","voters":437,"total":434,"voted":434,"spoiled":0,"yays":414,"nays":20},{"committee":"УИК №2811","vibid":"4024046314045","voters":672,"total":664,"voted":664,"spoiled":0,"yays":644,"nays":20},{"committee":"УИК №2812","vibid":"4024046314046","voters":127,"total":125,"voted":125,"spoiled":0,"yays":123,"nays":2},{"committee":"УИК №2813","vibid":"4024046314047","voters":695,"total":683,"voted":683,"spoiled":0,"yays":662,"nays":21},{"committee":"УИК №2814","vibid":"4024046314048","voters":373,"total":369,"voted":369,"spoiled":4,"yays":358,"nays":7},{"committee":"УИК №2815","vibid":"4024046314049","voters":387,"total":381,"voted":381,"spoiled":0,"yays":369,"nays":12},{"committee":"УИК №2816","vibid":"4024046314050","voters":707,"total":684,"voted":684,"spoiled":9,"yays":494,"nays":181},{"committee":"УИК №3497","vibid":"4024046314051","voters":577,"total":572,"voted":572,"spoiled":0,"yays":565,"nays":7}]