[{"committee":"УИК №901","vibid":"406400978829","voters":2356,"total":1572,"voted":1572,"spoiled":14,"yays":1435,"nays":123},{"committee":"УИК №902","vibid":"406400978830","voters":1834,"total":1434,"voted":1434,"spoiled":9,"yays":1268,"nays":157},{"committee":"УИК №903","vibid":"406400978831","voters":2829,"total":1842,"voted":1842,"spoiled":11,"yays":1685,"nays":146},{"committee":"УИК №904","vibid":"406400978832","voters":1687,"total":1397,"voted":1397,"spoiled":8,"yays":1308,"nays":81},{"committee":"УИК №905","vibid":"406400978833","voters":1646,"total":1341,"voted":1341,"spoiled":15,"yays":1231,"nays":95},{"committee":"УИК №906","vibid":"406400978834","voters":2835,"total":1756,"voted":1756,"spoiled":21,"yays":1617,"nays":118},{"committee":"УИК №907","vibid":"406400978835","voters":2407,"total":1703,"voted":1703,"spoiled":19,"yays":1581,"nays":103},{"committee":"УИК №908","vibid":"406400978836","voters":1594,"total":1362,"voted":1362,"spoiled":7,"yays":1231,"nays":124},{"committee":"УИК №909","vibid":"406400978837","voters":2252,"total":1405,"voted":1405,"spoiled":12,"yays":1301,"nays":92}]