[{"committee":"УИК №164","vibid":"4084008226397","voters":453,"total":422,"voted":422,"spoiled":3,"yays":353,"nays":66},{"committee":"УИК №165","vibid":"4084008226398","voters":350,"total":334,"voted":334,"spoiled":1,"yays":310,"nays":23},{"committee":"УИК №166","vibid":"4084008226399","voters":1479,"total":1205,"voted":1205,"spoiled":16,"yays":1125,"nays":64},{"committee":"УИК №167","vibid":"4084008226400","voters":590,"total":547,"voted":547,"spoiled":0,"yays":520,"nays":27},{"committee":"УИК №168","vibid":"4084008226401","voters":240,"total":232,"voted":232,"spoiled":0,"yays":211,"nays":21},{"committee":"УИК №169","vibid":"4084008226402","voters":417,"total":365,"voted":365,"spoiled":3,"yays":325,"nays":37},{"committee":"УИК №170","vibid":"4084008226403","voters":787,"total":766,"voted":766,"spoiled":0,"yays":703,"nays":63},{"committee":"УИК №171","vibid":"4084008226404","voters":332,"total":307,"voted":307,"spoiled":40,"yays":190,"nays":77},{"committee":"УИК №172","vibid":"4084008226405","voters":222,"total":200,"voted":200,"spoiled":2,"yays":174,"nays":24},{"committee":"УИК №173","vibid":"4084008226406","voters":165,"total":161,"voted":161,"spoiled":4,"yays":151,"nays":6},{"committee":"УИК №174","vibid":"4084008226407","voters":1323,"total":1137,"voted":1137,"spoiled":10,"yays":1063,"nays":64},{"committee":"УИК №175","vibid":"4084008226408","voters":1343,"total":1171,"voted":1171,"spoiled":7,"yays":1052,"nays":112},{"committee":"УИК №176","vibid":"4084008226409","voters":640,"total":507,"voted":507,"spoiled":9,"yays":480,"nays":18},{"committee":"УИК №177","vibid":"4084008226410","voters":1486,"total":1070,"voted":1070,"spoiled":15,"yays":749,"nays":306},{"committee":"УИК №178","vibid":"4084008226411","voters":1356,"total":1131,"voted":1131,"spoiled":6,"yays":1069,"nays":56},{"committee":"УИК №179","vibid":"4084008226412","voters":1136,"total":908,"voted":908,"spoiled":7,"yays":739,"nays":162},{"committee":"УИК №180","vibid":"4084008226413","voters":855,"total":600,"voted":600,"spoiled":24,"yays":497,"nays":79},{"committee":"УИК №181","vibid":"4084008226414","voters":646,"total":559,"voted":559,"spoiled":1,"yays":440,"nays":118}]