[{"committee":"УИК №479","vibid":"4054013170115","voters":1531,"total":1447,"voted":1447,"spoiled":12,"yays":1376,"nays":59},{"committee":"УИК №480","vibid":"4054013170116","voters":1119,"total":1071,"voted":1071,"spoiled":1,"yays":1046,"nays":24},{"committee":"УИК №481","vibid":"4054013170117","voters":1510,"total":1428,"voted":1428,"spoiled":2,"yays":1410,"nays":16},{"committee":"УИК №482","vibid":"4054013170118","voters":1495,"total":1416,"voted":1416,"spoiled":0,"yays":1367,"nays":49},{"committee":"УИК №483","vibid":"4054013170119","voters":1595,"total":1509,"voted":1509,"spoiled":0,"yays":1487,"nays":22},{"committee":"УИК №484","vibid":"4054013170120","voters":3447,"total":3229,"voted":3229,"spoiled":12,"yays":3158,"nays":59},{"committee":"УИК №485","vibid":"4054013170121","voters":1260,"total":1184,"voted":1184,"spoiled":4,"yays":1146,"nays":34},{"committee":"УИК №486","vibid":"4054013170122","voters":1011,"total":961,"voted":961,"spoiled":1,"yays":927,"nays":33},{"committee":"УИК №487","vibid":"4054013170123","voters":1546,"total":1461,"voted":1461,"spoiled":4,"yays":1434,"nays":23},{"committee":"УИК №488","vibid":"4054013170124","voters":1600,"total":1515,"voted":1515,"spoiled":8,"yays":1479,"nays":28},{"committee":"УИК №489","vibid":"4054013170125","voters":2927,"total":2757,"voted":2757,"spoiled":1,"yays":2707,"nays":49},{"committee":"УИК №490","vibid":"4054013170126","voters":1887,"total":1783,"voted":1783,"spoiled":0,"yays":1738,"nays":45},{"committee":"УИК №491","vibid":"4054013170127","voters":1205,"total":1120,"voted":1120,"spoiled":1,"yays":1090,"nays":29},{"committee":"УИК №492","vibid":"4054013170128","voters":1450,"total":1375,"voted":1375,"spoiled":1,"yays":1351,"nays":23},{"committee":"УИК №493","vibid":"4054013170129","voters":2520,"total":2468,"voted":2468,"spoiled":0,"yays":2462,"nays":6},{"committee":"УИК №494","vibid":"4054013170130","voters":2028,"total":1936,"voted":1936,"spoiled":0,"yays":1923,"nays":13},{"committee":"УИК №495","vibid":"4054013170131","voters":2507,"total":2383,"voted":2383,"spoiled":7,"yays":2344,"nays":32},{"committee":"УИК №496","vibid":"4054013170132","voters":1632,"total":1541,"voted":1541,"spoiled":4,"yays":1516,"nays":21},{"committee":"УИК №497","vibid":"4054013170133","voters":1840,"total":1759,"voted":1759,"spoiled":4,"yays":1709,"nays":46},{"committee":"УИК №498","vibid":"4054013170134","voters":2475,"total":2400,"voted":2400,"spoiled":15,"yays":2367,"nays":18},{"committee":"УИК №499","vibid":"4054013170135","voters":2213,"total":2064,"voted":2064,"spoiled":0,"yays":2025,"nays":39},{"committee":"УИК №500","vibid":"4054013170136","voters":2122,"total":2079,"voted":2079,"spoiled":1,"yays":2073,"nays":5},{"committee":"УИК №501","vibid":"4054013170137","voters":2935,"total":2786,"voted":2786,"spoiled":5,"yays":2721,"nays":60},{"committee":"УИК №502","vibid":"4054013170138","voters":2537,"total":2381,"voted":2381,"spoiled":0,"yays":2358,"nays":23},{"committee":"УИК №503","vibid":"4054013170139","voters":1259,"total":1184,"voted":1184,"spoiled":3,"yays":1162,"nays":19},{"committee":"УИК №504","vibid":"4054013170140","voters":1370,"total":1307,"voted":1307,"spoiled":3,"yays":1293,"nays":11},{"committee":"УИК №505","vibid":"4054013170141","voters":1565,"total":1496,"voted":1496,"spoiled":4,"yays":1454,"nays":38},{"committee":"УИК №506","vibid":"4054013170142","voters":2317,"total":2193,"voted":2193,"spoiled":13,"yays":2142,"nays":38},{"committee":"УИК №507","vibid":"4054013170143","voters":1038,"total":968,"voted":968,"spoiled":1,"yays":955,"nays":12},{"committee":"УИК №508","vibid":"4054013170144","voters":1164,"total":1078,"voted":1078,"spoiled":70,"yays":994,"nays":14},{"committee":"УИК №509","vibid":"4054013170145","voters":1658,"total":1569,"voted":1569,"spoiled":0,"yays":1542,"nays":27},{"committee":"УИК №510","vibid":"4054013170146","voters":2008,"total":1903,"voted":1903,"spoiled":0,"yays":1882,"nays":21},{"committee":"УИК №511","vibid":"4054013170147","voters":1306,"total":1242,"voted":1236,"spoiled":2,"yays":1194,"nays":40},{"committee":"УИК №512","vibid":"4054013170148","voters":1666,"total":1571,"voted":1571,"spoiled":4,"yays":1548,"nays":19},{"committee":"УИК №513","vibid":"4054013170149","voters":2846,"total":2675,"voted":2675,"spoiled":0,"yays":2619,"nays":56},{"committee":"УИК №514","vibid":"4054013170150","voters":2541,"total":2364,"voted":2364,"spoiled":7,"yays":2334,"nays":23},{"committee":"УИК №1917","vibid":"4054013170151","voters":2507,"total":2371,"voted":2371,"spoiled":0,"yays":2342,"nays":29}]