[{"committee":"УИК №151","vibid":"4044008203403","voters":389,"total":239,"voted":239,"spoiled":0,"yays":139,"nays":100},{"committee":"УИК №152","vibid":"4044008203404","voters":516,"total":343,"voted":343,"spoiled":3,"yays":225,"nays":115},{"committee":"УИК №153","vibid":"4044008203405","voters":326,"total":201,"voted":201,"spoiled":2,"yays":155,"nays":44},{"committee":"УИК №154","vibid":"4044008203406","voters":223,"total":112,"voted":112,"spoiled":3,"yays":68,"nays":41},{"committee":"УИК №155","vibid":"4044008203407","voters":239,"total":149,"voted":149,"spoiled":1,"yays":113,"nays":35},{"committee":"УИК №156","vibid":"4044008203408","voters":611,"total":316,"voted":316,"spoiled":11,"yays":210,"nays":95},{"committee":"УИК №157","vibid":"4044008203409","voters":248,"total":200,"voted":200,"spoiled":1,"yays":161,"nays":38},{"committee":"УИК №158","vibid":"4044008203410","voters":213,"total":170,"voted":170,"spoiled":0,"yays":117,"nays":53},{"committee":"УИК №159","vibid":"4044008203411","voters":1032,"total":497,"voted":497,"spoiled":2,"yays":372,"nays":123},{"committee":"УИК №160","vibid":"4044008203412","voters":2455,"total":1228,"voted":1228,"spoiled":15,"yays":832,"nays":381},{"committee":"УИК №161","vibid":"4044008203413","voters":298,"total":156,"voted":156,"spoiled":2,"yays":116,"nays":38},{"committee":"УИК №162","vibid":"4044008203414","voters":96,"total":83,"voted":83,"spoiled":3,"yays":69,"nays":11},{"committee":"УИК №163","vibid":"4044008203415","voters":146,"total":102,"voted":102,"spoiled":0,"yays":83,"nays":19},{"committee":"УИК №164","vibid":"4044008203416","voters":424,"total":265,"voted":265,"spoiled":2,"yays":183,"nays":80},{"committee":"УИК №165","vibid":"4044008203417","voters":185,"total":114,"voted":114,"spoiled":1,"yays":95,"nays":18},{"committee":"УИК №166","vibid":"4044008203418","voters":261,"total":128,"voted":128,"spoiled":2,"yays":81,"nays":45},{"committee":"УИК №167","vibid":"4044008203419","voters":165,"total":105,"voted":105,"spoiled":2,"yays":87,"nays":16},{"committee":"УИК №168","vibid":"4044008203420","voters":455,"total":263,"voted":263,"spoiled":2,"yays":200,"nays":61},{"committee":"УИК №169","vibid":"4044008203421","voters":161,"total":123,"voted":123,"spoiled":0,"yays":95,"nays":28},{"committee":"УИК №170","vibid":"4044008203422","voters":287,"total":146,"voted":146,"spoiled":1,"yays":117,"nays":28},{"committee":"УИК №171","vibid":"4044008203423","voters":704,"total":354,"voted":354,"spoiled":4,"yays":294,"nays":56},{"committee":"УИК №172","vibid":"4044008203424","voters":170,"total":116,"voted":116,"spoiled":0,"yays":102,"nays":14},{"committee":"УИК №173","vibid":"4044008203425","voters":183,"total":118,"voted":118,"spoiled":4,"yays":94,"nays":20},{"committee":"УИК №174","vibid":"4044008203426","voters":275,"total":191,"voted":191,"spoiled":2,"yays":136,"nays":53},{"committee":"УИК №175","vibid":"4044008203427","voters":153,"total":74,"voted":74,"spoiled":3,"yays":53,"nays":18},{"committee":"УИК №176","vibid":"4044008203428","voters":151,"total":93,"voted":93,"spoiled":0,"yays":77,"nays":16},{"committee":"УИК №177","vibid":"4044008203429","voters":694,"total":368,"voted":368,"spoiled":6,"yays":291,"nays":71},{"committee":"УИК №178","vibid":"4044008203430","voters":679,"total":373,"voted":373,"spoiled":1,"yays":268,"nays":104},{"committee":"УИК №179","vibid":"4044008203431","voters":297,"total":193,"voted":193,"spoiled":5,"yays":144,"nays":44},{"committee":"УИК №180","vibid":"4044008203432","voters":181,"total":120,"voted":120,"spoiled":0,"yays":76,"nays":44}]