[{"committee":"УИК №326","vibid":"4054010169802","voters":552,"total":432,"voted":432,"spoiled":0,"yays":331,"nays":101},{"committee":"УИК №327","vibid":"4054010169803","voters":46,"total":45,"voted":45,"spoiled":0,"yays":37,"nays":8},{"committee":"УИК №328","vibid":"4054010169804","voters":11,"total":10,"voted":10,"spoiled":0,"yays":9,"nays":1},{"committee":"УИК №329","vibid":"4054010169805","voters":223,"total":215,"voted":212,"spoiled":2,"yays":190,"nays":20},{"committee":"УИК №330","vibid":"4054010169806","voters":284,"total":250,"voted":250,"spoiled":0,"yays":184,"nays":66},{"committee":"УИК №331","vibid":"4054010169807","voters":886,"total":817,"voted":817,"spoiled":1,"yays":811,"nays":5},{"committee":"УИК №332","vibid":"4054010169808","voters":1737,"total":1427,"voted":1427,"spoiled":8,"yays":1234,"nays":185},{"committee":"УИК №333","vibid":"4054010169809","voters":272,"total":253,"voted":253,"spoiled":0,"yays":244,"nays":9},{"committee":"УИК №334","vibid":"4054010169810","voters":260,"total":234,"voted":234,"spoiled":0,"yays":220,"nays":14},{"committee":"УИК №335","vibid":"4054010169811","voters":139,"total":127,"voted":127,"spoiled":0,"yays":103,"nays":24},{"committee":"УИК №336","vibid":"4054010169812","voters":137,"total":109,"voted":109,"spoiled":2,"yays":106,"nays":1},{"committee":"УИК №337","vibid":"4054010169813","voters":450,"total":336,"voted":336,"spoiled":1,"yays":264,"nays":71},{"committee":"УИК №338","vibid":"4054010169814","voters":259,"total":220,"voted":220,"spoiled":1,"yays":191,"nays":28},{"committee":"УИК №339","vibid":"4054010169815","voters":242,"total":186,"voted":186,"spoiled":0,"yays":182,"nays":4},{"committee":"УИК №340","vibid":"4054010169816","voters":715,"total":581,"voted":581,"spoiled":9,"yays":442,"nays":130},{"committee":"УИК №341","vibid":"4054010169817","voters":111,"total":100,"voted":100,"spoiled":0,"yays":99,"nays":1},{"committee":"УИК №342","vibid":"4054010169818","voters":35,"total":33,"voted":33,"spoiled":0,"yays":33,"nays":0},{"committee":"УИК №343","vibid":"4054010169819","voters":589,"total":498,"voted":498,"spoiled":1,"yays":457,"nays":40},{"committee":"УИК №344","vibid":"4054010169820","voters":516,"total":484,"voted":484,"spoiled":0,"yays":484,"nays":0},{"committee":"УИК №345","vibid":"4054010169821","voters":363,"total":312,"voted":312,"spoiled":0,"yays":303,"nays":9},{"committee":"УИК №346","vibid":"4054010169822","voters":427,"total":383,"voted":383,"spoiled":0,"yays":376,"nays":7},{"committee":"УИК №347","vibid":"4054010169823","voters":51,"total":49,"voted":49,"spoiled":0,"yays":47,"nays":2},{"committee":"УИК №348","vibid":"4054010169824","voters":153,"total":141,"voted":141,"spoiled":0,"yays":128,"nays":13},{"committee":"УИК №349","vibid":"4054010169825","voters":26,"total":24,"voted":24,"spoiled":0,"yays":23,"nays":1},{"committee":"УИК №350","vibid":"4054010169826","voters":663,"total":642,"voted":642,"spoiled":0,"yays":635,"nays":7},{"committee":"УИК №351","vibid":"4054010169827","voters":515,"total":483,"voted":483,"spoiled":2,"yays":476,"nays":5},{"committee":"УИК №352","vibid":"4054010169828","voters":240,"total":225,"voted":225,"spoiled":0,"yays":196,"nays":29},{"committee":"УИК №353","vibid":"4054010169829","voters":426,"total":359,"voted":359,"spoiled":0,"yays":340,"nays":19},{"committee":"УИК №354","vibid":"4054010169830","voters":11,"total":11,"voted":11,"spoiled":0,"yays":11,"nays":0},{"committee":"УИК №355","vibid":"4054010169831","voters":626,"total":530,"voted":530,"spoiled":1,"yays":383,"nays":146},{"committee":"УИК №356","vibid":"4054010169832","voters":67,"total":45,"voted":45,"spoiled":0,"yays":25,"nays":20},{"committee":"УИК №357","vibid":"4054010169833","voters":654,"total":498,"voted":498,"spoiled":2,"yays":408,"nays":88},{"committee":"УИК №358","vibid":"4054010169834","voters":749,"total":641,"voted":641,"spoiled":1,"yays":600,"nays":40},{"committee":"УИК №359","vibid":"4054010169835","voters":714,"total":605,"voted":605,"spoiled":0,"yays":546,"nays":59},{"committee":"УИК №360","vibid":"4054010169836","voters":506,"total":493,"voted":493,"spoiled":2,"yays":488,"nays":3},{"committee":"УИК №361","vibid":"4054010169837","voters":452,"total":407,"voted":407,"spoiled":11,"yays":310,"nays":86},{"committee":"УИК №362","vibid":"4054010169838","voters":273,"total":233,"voted":233,"spoiled":0,"yays":215,"nays":18},{"committee":"УИК №363","vibid":"4054010169839","voters":373,"total":353,"voted":353,"spoiled":0,"yays":323,"nays":30},{"committee":"УИК №364","vibid":"4054010169840","voters":192,"total":190,"voted":190,"spoiled":1,"yays":185,"nays":4},{"committee":"УИК №365","vibid":"4054010169841","voters":89,"total":84,"voted":84,"spoiled":0,"yays":71,"nays":13},{"committee":"УИК №366","vibid":"4054010169842","voters":248,"total":150,"voted":150,"spoiled":0,"yays":73,"nays":77},{"committee":"УИК №367","vibid":"4054010169843","voters":514,"total":266,"voted":266,"spoiled":2,"yays":202,"nays":62},{"committee":"УИК №368","vibid":"4054010169844","voters":239,"total":173,"voted":173,"spoiled":0,"yays":167,"nays":6},{"committee":"УИК №369","vibid":"4054010169845","voters":110,"total":104,"voted":104,"spoiled":0,"yays":103,"nays":1}]