[{"committee":"УИК №1","vibid":"4024053188045","voters":3353,"total":2845,"voted":2845,"spoiled":31,"yays":2308,"nays":506},{"committee":"УИК №2","vibid":"4024053188046","voters":1693,"total":1442,"voted":1442,"spoiled":15,"yays":1175,"nays":252},{"committee":"УИК №3","vibid":"4024053188047","voters":1241,"total":1084,"voted":1084,"spoiled":86,"yays":895,"nays":103},{"committee":"УИК №4","vibid":"4024053188048","voters":1606,"total":1385,"voted":1385,"spoiled":4,"yays":1133,"nays":248},{"committee":"УИК №5","vibid":"4024053188049","voters":1647,"total":1402,"voted":1402,"spoiled":2,"yays":1149,"nays":251},{"committee":"УИК №6","vibid":"4024053188050","voters":1826,"total":1586,"voted":1586,"spoiled":37,"yays":1331,"nays":218},{"committee":"УИК №7","vibid":"4024053188051","voters":1625,"total":1410,"voted":1410,"spoiled":5,"yays":1157,"nays":248},{"committee":"УИК №8","vibid":"4024053188052","voters":1521,"total":1299,"voted":1299,"spoiled":17,"yays":1065,"nays":217},{"committee":"УИК №9","vibid":"4024053188053","voters":1596,"total":1418,"voted":1418,"spoiled":21,"yays":1146,"nays":251},{"committee":"УИК №10","vibid":"4024053188054","voters":1222,"total":1051,"voted":1050,"spoiled":10,"yays":873,"nays":167},{"committee":"УИК №11","vibid":"4024053188055","voters":1083,"total":934,"voted":934,"spoiled":10,"yays":759,"nays":165},{"committee":"УИК №12","vibid":"4024053188056","voters":1189,"total":1022,"voted":1022,"spoiled":14,"yays":827,"nays":181},{"committee":"УИК №13","vibid":"4024053188057","voters":1222,"total":1071,"voted":1071,"spoiled":4,"yays":878,"nays":189},{"committee":"УИК №14","vibid":"4024053188058","voters":1341,"total":1189,"voted":1189,"spoiled":32,"yays":975,"nays":182},{"committee":"УИК №15","vibid":"4024053188059","voters":1356,"total":1202,"voted":1202,"spoiled":7,"yays":985,"nays":210},{"committee":"УИК №16","vibid":"4024053188060","voters":1557,"total":1363,"voted":1363,"spoiled":15,"yays":1109,"nays":239},{"committee":"УИК №17","vibid":"4024053188061","voters":1426,"total":1173,"voted":1173,"spoiled":15,"yays":958,"nays":200},{"committee":"УИК №18","vibid":"4024053188062","voters":1977,"total":1672,"voted":1672,"spoiled":7,"yays":1371,"nays":294},{"committee":"УИК №19","vibid":"4024053188063","voters":1278,"total":1084,"voted":1084,"spoiled":4,"yays":881,"nays":199},{"committee":"УИК №20","vibid":"4024053188064","voters":1361,"total":1172,"voted":1172,"spoiled":15,"yays":961,"nays":196},{"committee":"УИК №21","vibid":"4024053188065","voters":1474,"total":1300,"voted":1300,"spoiled":30,"yays":1066,"nays":204},{"committee":"УИК №22","vibid":"4024053188066","voters":1435,"total":1221,"voted":1221,"spoiled":19,"yays":1001,"nays":201},{"committee":"УИК №23","vibid":"4024053188067","voters":1496,"total":1345,"voted":1345,"spoiled":20,"yays":1103,"nays":222},{"committee":"УИК №24","vibid":"4024053188068","voters":1785,"total":1497,"voted":1495,"spoiled":7,"yays":1236,"nays":252},{"committee":"УИК №25","vibid":"4024053188069","voters":2395,"total":2077,"voted":2077,"spoiled":6,"yays":1698,"nays":373},{"committee":"УИК №26","vibid":"4024053188070","voters":1576,"total":1351,"voted":1351,"spoiled":20,"yays":1101,"nays":230},{"committee":"УИК №27","vibid":"4024053188071","voters":2267,"total":2025,"voted":2025,"spoiled":7,"yays":1665,"nays":353},{"committee":"УИК №28","vibid":"4024053188072","voters":1828,"total":1519,"voted":1519,"spoiled":5,"yays":1236,"nays":278},{"committee":"УИК №29","vibid":"4024053188073","voters":1665,"total":1398,"voted":1398,"spoiled":17,"yays":1151,"nays":230},{"committee":"УИК №30","vibid":"4024053188074","voters":1629,"total":1448,"voted":1448,"spoiled":49,"yays":1188,"nays":211},{"committee":"УИК №31","vibid":"4024053189732","voters":96,"total":96,"voted":96,"spoiled":0,"yays":72,"nays":24},{"committee":"УИК №3454","vibid":"4024053188076","voters":1874,"total":1605,"voted":1605,"spoiled":4,"yays":1316,"nays":285},{"committee":"УИК №3455","vibid":"4024053188077","voters":1645,"total":1367,"voted":1367,"spoiled":9,"yays":1120,"nays":238}]