[{"committee":"УИК №358","vibid":"4024059339964","voters":2063,"total":1796,"voted":1796,"spoiled":0,"yays":1473,"nays":323},{"committee":"УИК №359","vibid":"4024059339965","voters":1690,"total":1433,"voted":1433,"spoiled":10,"yays":1175,"nays":248},{"committee":"УИК №360","vibid":"4024059339966","voters":1717,"total":1498,"voted":1498,"spoiled":5,"yays":1223,"nays":270},{"committee":"УИК №361","vibid":"4024059339967","voters":1788,"total":1104,"voted":1104,"spoiled":6,"yays":775,"nays":323},{"committee":"УИК №362","vibid":"4024059339968","voters":1813,"total":1611,"voted":1611,"spoiled":95,"yays":1292,"nays":224},{"committee":"УИК №363","vibid":"4024059339969","voters":2451,"total":1840,"voted":1840,"spoiled":0,"yays":1472,"nays":368},{"committee":"УИК №364","vibid":"4024059339970","voters":1278,"total":890,"voted":890,"spoiled":7,"yays":649,"nays":234},{"committee":"УИК №365","vibid":"4024059339971","voters":1577,"total":1390,"voted":1390,"spoiled":9,"yays":1181,"nays":200},{"committee":"УИК №366","vibid":"4024059339972","voters":1524,"total":732,"voted":732,"spoiled":0,"yays":601,"nays":131},{"committee":"УИК №367","vibid":"4024059339973","voters":2350,"total":2007,"voted":2007,"spoiled":4,"yays":1680,"nays":323},{"committee":"УИК №368","vibid":"4024059339974","voters":2265,"total":2074,"voted":2074,"spoiled":2,"yays":1700,"nays":372},{"committee":"УИК №370","vibid":"4024059339975","voters":1358,"total":665,"voted":665,"spoiled":0,"yays":545,"nays":120},{"committee":"УИК №371","vibid":"4024059339976","voters":2228,"total":925,"voted":923,"spoiled":8,"yays":585,"nays":330},{"committee":"УИК №372","vibid":"4024059339977","voters":1635,"total":1516,"voted":1516,"spoiled":8,"yays":1259,"nays":249},{"committee":"УИК №373","vibid":"4024059339978","voters":1754,"total":1526,"voted":1526,"spoiled":12,"yays":1241,"nays":273},{"committee":"УИК №374","vibid":"4024059339979","voters":2020,"total":1892,"voted":1892,"spoiled":12,"yays":1560,"nays":320},{"committee":"УИК №375","vibid":"4024059339980","voters":1931,"total":1733,"voted":1733,"spoiled":0,"yays":1404,"nays":329},{"committee":"УИК №376","vibid":"4024059339981","voters":1950,"total":1752,"voted":1752,"spoiled":2,"yays":1422,"nays":328},{"committee":"УИК №377","vibid":"4024059339982","voters":2379,"total":2212,"voted":2212,"spoiled":3,"yays":1789,"nays":420},{"committee":"УИК №378","vibid":"4024059339983","voters":1376,"total":1338,"voted":1338,"spoiled":0,"yays":1155,"nays":183},{"committee":"УИК №379","vibid":"4024059339984","voters":2473,"total":2233,"voted":2233,"spoiled":0,"yays":1831,"nays":402},{"committee":"УИК №380","vibid":"4024059339985","voters":2142,"total":1850,"voted":1850,"spoiled":0,"yays":1508,"nays":342},{"committee":"УИК №381","vibid":"4024059339986","voters":1585,"total":1424,"voted":1424,"spoiled":2,"yays":1166,"nays":256},{"committee":"УИК №382","vibid":"4024059339987","voters":1423,"total":1210,"voted":1210,"spoiled":8,"yays":1088,"nays":114},{"committee":"УИК №383","vibid":"4024059339988","voters":1601,"total":1412,"voted":1412,"spoiled":4,"yays":1157,"nays":251},{"committee":"УИК №384","vibid":"4024059339989","voters":1589,"total":1236,"voted":1236,"spoiled":7,"yays":1121,"nays":108},{"committee":"УИК №385","vibid":"4024059339990","voters":1668,"total":1438,"voted":1430,"spoiled":10,"yays":1358,"nays":62},{"committee":"УИК №386","vibid":"4024059339991","voters":1676,"total":1326,"voted":1326,"spoiled":1,"yays":1070,"nays":255},{"committee":"УИК №387","vibid":"4024059339992","voters":1203,"total":1133,"voted":1133,"spoiled":4,"yays":934,"nays":195},{"committee":"УИК №388","vibid":"4024059339993","voters":2302,"total":2054,"voted":2054,"spoiled":20,"yays":1684,"nays":350},{"committee":"УИК №389","vibid":"4024059339994","voters":1365,"total":1240,"voted":1240,"spoiled":2,"yays":992,"nays":246},{"committee":"УИК №390","vibid":"4024059339995","voters":2431,"total":2032,"voted":2032,"spoiled":7,"yays":1706,"nays":319},{"committee":"УИК №391","vibid":"4024059339996","voters":2438,"total":2199,"voted":2199,"spoiled":3,"yays":1636,"nays":560},{"committee":"УИК №392","vibid":"4024059339997","voters":2166,"total":1908,"voted":1908,"spoiled":0,"yays":1603,"nays":305},{"committee":"УИК №393","vibid":"4024059339998","voters":1532,"total":1322,"voted":1322,"spoiled":2,"yays":1061,"nays":259},{"committee":"УИК №394","vibid":"4024059339999","voters":1498,"total":1355,"voted":1355,"spoiled":2,"yays":1111,"nays":242},{"committee":"УИК №395","vibid":"4024059340000","voters":2040,"total":1827,"voted":1827,"spoiled":0,"yays":1535,"nays":292},{"committee":"УИК №396","vibid":"4024059340001","voters":1749,"total":1639,"voted":1639,"spoiled":0,"yays":1360,"nays":279},{"committee":"УИК №397","vibid":"4024059340002","voters":1147,"total":1059,"voted":1059,"spoiled":1,"yays":889,"nays":169},{"committee":"УИК №398","vibid":"4024059340003","voters":544,"total":477,"voted":477,"spoiled":3,"yays":413,"nays":61},{"committee":"УИК №399","vibid":"4024059340004","voters":2536,"total":2161,"voted":2161,"spoiled":10,"yays":1763,"nays":388},{"committee":"УИК №400","vibid":"4024059340005","voters":2568,"total":2376,"voted":2376,"spoiled":7,"yays":1925,"nays":444},{"committee":"УИК №401","vibid":"4024059340006","voters":2427,"total":2036,"voted":2036,"spoiled":7,"yays":1649,"nays":380},{"committee":"УИК №402","vibid":"4024059340007","voters":2333,"total":2014,"voted":2014,"spoiled":9,"yays":1591,"nays":414},{"committee":"УИК №403","vibid":"4024059340008","voters":2279,"total":2150,"voted":2146,"spoiled":4,"yays":1633,"nays":509},{"committee":"УИК №404","vibid":"4024059340009","voters":1757,"total":1674,"voted":1674,"spoiled":0,"yays":1373,"nays":301},{"committee":"УИК №405","vibid":"4024059340010","voters":2160,"total":1738,"voted":1738,"spoiled":9,"yays":1390,"nays":339},{"committee":"УИК №406","vibid":"4024059340011","voters":2446,"total":1999,"voted":1999,"spoiled":15,"yays":1586,"nays":398},{"committee":"УИК №407","vibid":"4024059340012","voters":1280,"total":1087,"voted":1087,"spoiled":0,"yays":870,"nays":217},{"committee":"УИК №408","vibid":"4024059340013","voters":2344,"total":1987,"voted":1987,"spoiled":3,"yays":1589,"nays":395},{"committee":"УИК №409","vibid":"4024059340014","voters":2445,"total":2155,"voted":2155,"spoiled":1,"yays":1509,"nays":645},{"committee":"УИК №410","vibid":"4024059340015","voters":2198,"total":2025,"voted":2025,"spoiled":9,"yays":1660,"nays":356},{"committee":"УИК №411","vibid":"4024059340016","voters":1707,"total":1384,"voted":1384,"spoiled":5,"yays":1121,"nays":258},{"committee":"УИК №412","vibid":"4024059340017","voters":2289,"total":2066,"voted":2066,"spoiled":11,"yays":1654,"nays":401},{"committee":"УИК №413","vibid":"4024059340018","voters":2541,"total":2186,"voted":2186,"spoiled":0,"yays":1749,"nays":437},{"committee":"УИК №414","vibid":"4024059340019","voters":2618,"total":2310,"voted":2310,"spoiled":8,"yays":2029,"nays":273},{"committee":"УИК №415","vibid":"4024059340020","voters":281,"total":261,"voted":261,"spoiled":7,"yays":215,"nays":39},{"committee":"УИК №416","vibid":"4024059340021","voters":1114,"total":906,"voted":906,"spoiled":3,"yays":757,"nays":146},{"committee":"УИК №417","vibid":"4024059340022","voters":1713,"total":890,"voted":890,"spoiled":0,"yays":730,"nays":160},{"committee":"УИК №418","vibid":"4024059340023","voters":2380,"total":2071,"voted":2071,"spoiled":11,"yays":1698,"nays":362},{"committee":"УИК №419","vibid":"4024059340024","voters":596,"total":530,"voted":530,"spoiled":30,"yays":434,"nays":66},{"committee":"УИК №420","vibid":"4024059340025","voters":1672,"total":1441,"voted":1441,"spoiled":7,"yays":1182,"nays":252},{"committee":"УИК №421","vibid":"4024059340026","voters":2121,"total":1767,"voted":1767,"spoiled":8,"yays":1477,"nays":282},{"committee":"УИК №422","vibid":"4024059340472","voters":50,"total":50,"voted":50,"spoiled":2,"yays":48,"nays":0},{"committee":"УИК №423","vibid":"4024059340473","voters":19,"total":19,"voted":19,"spoiled":0,"yays":19,"nays":0},{"committee":"УИК №424","vibid":"4024059340474","voters":86,"total":86,"voted":86,"spoiled":0,"yays":80,"nays":6},{"committee":"УИК №425","vibid":"4024059340475","voters":124,"total":124,"voted":124,"spoiled":0,"yays":71,"nays":53}]