[{"committee":"УИК №233","vibid":"4074005150332","voters":1742,"total":1386,"voted":1361,"spoiled":39,"yays":1196,"nays":126},{"committee":"УИК №234","vibid":"4074005150333","voters":1749,"total":1391,"voted":1375,"spoiled":28,"yays":1239,"nays":108},{"committee":"УИК №235","vibid":"4074005150334","voters":2127,"total":1625,"voted":1625,"spoiled":14,"yays":1486,"nays":125},{"committee":"УИК №236","vibid":"4074005150335","voters":2397,"total":1865,"voted":1783,"spoiled":54,"yays":1596,"nays":133},{"committee":"УИК №237","vibid":"4074005150336","voters":1970,"total":1548,"voted":1499,"spoiled":0,"yays":1377,"nays":122},{"committee":"УИК №238","vibid":"4074005150337","voters":2172,"total":1690,"voted":1662,"spoiled":0,"yays":1530,"nays":132},{"committee":"УИК №239","vibid":"4074005150338","voters":1509,"total":1149,"voted":1149,"spoiled":2,"yays":1058,"nays":89},{"committee":"УИК №240","vibid":"4074005150339","voters":1578,"total":1255,"voted":1255,"spoiled":60,"yays":1098,"nays":97},{"committee":"УИК №241","vibid":"4074005150340","voters":1301,"total":1007,"voted":991,"spoiled":15,"yays":894,"nays":82},{"committee":"УИК №242","vibid":"4074005150341","voters":2024,"total":1585,"voted":1580,"spoiled":60,"yays":1395,"nays":125},{"committee":"УИК №243","vibid":"4074005150342","voters":1319,"total":1042,"voted":1009,"spoiled":27,"yays":901,"nays":81},{"committee":"УИК №244","vibid":"4074005150343","voters":1724,"total":1346,"voted":1321,"spoiled":45,"yays":1179,"nays":97},{"committee":"УИК №245","vibid":"4074005150344","voters":2040,"total":1595,"voted":1475,"spoiled":33,"yays":1317,"nays":125},{"committee":"УИК №246","vibid":"4074005150345","voters":2045,"total":1629,"voted":1545,"spoiled":37,"yays":1380,"nays":128},{"committee":"УИК №247","vibid":"4074005150346","voters":2171,"total":1709,"voted":1634,"spoiled":35,"yays":1464,"nays":135},{"committee":"УИК №248","vibid":"4074005150347","voters":2122,"total":1648,"voted":1626,"spoiled":31,"yays":1467,"nays":128},{"committee":"УИК №249","vibid":"4074005150348","voters":1892,"total":1490,"voted":1490,"spoiled":60,"yays":1258,"nays":172},{"committee":"УИК №250","vibid":"4074005150349","voters":2049,"total":1632,"voted":1569,"spoiled":37,"yays":1403,"nays":129},{"committee":"УИК №251","vibid":"4074005150350","voters":1971,"total":1560,"voted":1560,"spoiled":0,"yays":1492,"nays":68},{"committee":"УИК №252","vibid":"4074005150351","voters":1280,"total":992,"voted":975,"spoiled":28,"yays":867,"nays":80}]