[{"committee":"УИК №2385","vibid":"4024035366664","voters":802,"total":766,"voted":766,"spoiled":8,"yays":736,"nays":22},{"committee":"УИК №2386","vibid":"4024035366665","voters":2254,"total":2159,"voted":2159,"spoiled":14,"yays":2095,"nays":50},{"committee":"УИК №2387","vibid":"4024035366666","voters":1471,"total":1394,"voted":1394,"spoiled":17,"yays":1117,"nays":260},{"committee":"УИК №2388","vibid":"4024035366667","voters":927,"total":837,"voted":837,"spoiled":5,"yays":619,"nays":213},{"committee":"УИК №2389","vibid":"4024035366668","voters":732,"total":713,"voted":713,"spoiled":3,"yays":693,"nays":17},{"committee":"УИК №2390","vibid":"4024035366669","voters":86,"total":83,"voted":83,"spoiled":0,"yays":80,"nays":3},{"committee":"УИК №2391","vibid":"4024035366670","voters":319,"total":313,"voted":313,"spoiled":0,"yays":297,"nays":16},{"committee":"УИК №2392","vibid":"4024035366671","voters":239,"total":230,"voted":230,"spoiled":2,"yays":223,"nays":5},{"committee":"УИК №2393","vibid":"4024035366672","voters":104,"total":97,"voted":97,"spoiled":0,"yays":92,"nays":5},{"committee":"УИК №2394","vibid":"4024035366673","voters":175,"total":173,"voted":173,"spoiled":1,"yays":171,"nays":1},{"committee":"УИК №2395","vibid":"4024035366674","voters":429,"total":411,"voted":411,"spoiled":0,"yays":391,"nays":20},{"committee":"УИК №2396","vibid":"4024035366675","voters":270,"total":256,"voted":256,"spoiled":2,"yays":239,"nays":15},{"committee":"УИК №2397","vibid":"4024035366676","voters":329,"total":314,"voted":314,"spoiled":6,"yays":304,"nays":4},{"committee":"УИК №2398","vibid":"4024035366677","voters":515,"total":489,"voted":489,"spoiled":1,"yays":475,"nays":13},{"committee":"УИК №2399","vibid":"4024035366678","voters":347,"total":335,"voted":335,"spoiled":0,"yays":311,"nays":24},{"committee":"УИК №2400","vibid":"4024035366679","voters":126,"total":124,"voted":124,"spoiled":3,"yays":79,"nays":42},{"committee":"УИК №2401","vibid":"4024035366680","voters":119,"total":116,"voted":116,"spoiled":1,"yays":112,"nays":3},{"committee":"УИК №2402","vibid":"4024035366681","voters":429,"total":414,"voted":414,"spoiled":3,"yays":402,"nays":9},{"committee":"УИК №2403","vibid":"4024035366682","voters":207,"total":192,"voted":192,"spoiled":0,"yays":183,"nays":9},{"committee":"УИК №2404","vibid":"4024035366683","voters":386,"total":369,"voted":369,"spoiled":4,"yays":338,"nays":27},{"committee":"УИК №2405","vibid":"4024035366684","voters":492,"total":486,"voted":486,"spoiled":0,"yays":471,"nays":15},{"committee":"УИК №2406","vibid":"4024035366685","voters":156,"total":148,"voted":148,"spoiled":0,"yays":92,"nays":56},{"committee":"УИК №2407","vibid":"4024035366686","voters":256,"total":248,"voted":248,"spoiled":1,"yays":240,"nays":7},{"committee":"УИК №2408","vibid":"4024035366687","voters":173,"total":169,"voted":169,"spoiled":0,"yays":164,"nays":5},{"committee":"УИК №2409","vibid":"4024035366688","voters":111,"total":107,"voted":107,"spoiled":0,"yays":104,"nays":3},{"committee":"УИК №2410","vibid":"4024035366689","voters":300,"total":278,"voted":278,"spoiled":0,"yays":240,"nays":38},{"committee":"УИК №2411","vibid":"4024035366690","voters":374,"total":366,"voted":366,"spoiled":0,"yays":342,"nays":24},{"committee":"УИК №2412","vibid":"4024035366691","voters":1179,"total":1104,"voted":1104,"spoiled":8,"yays":729,"nays":367},{"committee":"УИК №2413","vibid":"4024035366692","voters":929,"total":892,"voted":892,"spoiled":5,"yays":865,"nays":22},{"committee":"УИК №2414","vibid":"4024035366693","voters":1148,"total":1006,"voted":1006,"spoiled":17,"yays":754,"nays":235},{"committee":"УИК №2415","vibid":"4024035366694","voters":811,"total":793,"voted":793,"spoiled":2,"yays":777,"nays":14},{"committee":"УИК №2416","vibid":"4024035366695","voters":262,"total":246,"voted":246,"spoiled":3,"yays":230,"nays":13},{"committee":"УИК №2417","vibid":"4024035366696","voters":170,"total":160,"voted":160,"spoiled":0,"yays":157,"nays":3},{"committee":"УИК №2418","vibid":"4024035366697","voters":262,"total":256,"voted":256,"spoiled":0,"yays":248,"nays":8},{"committee":"УИК №2419","vibid":"4024035366698","voters":325,"total":312,"voted":312,"spoiled":2,"yays":303,"nays":7},{"committee":"УИК №2420","vibid":"4024035366699","voters":106,"total":103,"voted":103,"spoiled":0,"yays":100,"nays":3},{"committee":"УИК №2421","vibid":"4024035366700","voters":230,"total":227,"voted":227,"spoiled":0,"yays":220,"nays":7},{"committee":"УИК №2422","vibid":"4024035366701","voters":273,"total":265,"voted":265,"spoiled":0,"yays":257,"nays":8},{"committee":"УИК №2423","vibid":"4024035366702","voters":93,"total":90,"voted":90,"spoiled":0,"yays":88,"nays":2},{"committee":"УИК №2424","vibid":"4024035366703","voters":269,"total":264,"voted":264,"spoiled":0,"yays":256,"nays":8},{"committee":"УИК №2425","vibid":"4024035366704","voters":588,"total":580,"voted":580,"spoiled":0,"yays":563,"nays":17},{"committee":"УИК №2426","vibid":"4024035366705","voters":116,"total":114,"voted":114,"spoiled":0,"yays":110,"nays":4},{"committee":"УИК №2427","vibid":"4024035366706","voters":263,"total":256,"voted":256,"spoiled":0,"yays":249,"nays":7},{"committee":"УИК №2428","vibid":"4024035366707","voters":805,"total":790,"voted":790,"spoiled":0,"yays":766,"nays":24},{"committee":"УИК №2429","vibid":"4024035366708","voters":129,"total":119,"voted":119,"spoiled":1,"yays":109,"nays":9},{"committee":"УИК №2430","vibid":"4024035366709","voters":114,"total":111,"voted":111,"spoiled":0,"yays":106,"nays":5},{"committee":"УИК №2431","vibid":"4024035366710","voters":115,"total":111,"voted":111,"spoiled":0,"yays":105,"nays":6},{"committee":"УИК №2432","vibid":"4024035366711","voters":152,"total":134,"voted":134,"spoiled":0,"yays":125,"nays":9},{"committee":"УИК №2433","vibid":"4024035366712","voters":138,"total":132,"voted":132,"spoiled":0,"yays":127,"nays":5},{"committee":"УИК №2434","vibid":"4024035366713","voters":602,"total":587,"voted":587,"spoiled":2,"yays":569,"nays":16},{"committee":"УИК №2435","vibid":"4024035366714","voters":188,"total":178,"voted":178,"spoiled":2,"yays":170,"nays":6},{"committee":"УИК №2436","vibid":"4024035366715","voters":134,"total":127,"voted":127,"spoiled":1,"yays":124,"nays":2},{"committee":"УИК №2437","vibid":"4024035366716","voters":94,"total":91,"voted":91,"spoiled":0,"yays":89,"nays":2},{"committee":"УИК №2438","vibid":"4024035366717","voters":214,"total":210,"voted":210,"spoiled":0,"yays":204,"nays":6},{"committee":"УИК №2439","vibid":"4024035366718","voters":108,"total":103,"voted":103,"spoiled":0,"yays":95,"nays":8},{"committee":"УИК №2440","vibid":"4024035366719","voters":435,"total":380,"voted":380,"spoiled":4,"yays":286,"nays":90},{"committee":"УИК №2441","vibid":"4024035366720","voters":252,"total":247,"voted":247,"spoiled":0,"yays":240,"nays":7},{"committee":"УИК №2442","vibid":"4024035366721","voters":186,"total":181,"voted":181,"spoiled":4,"yays":172,"nays":5},{"committee":"УИК №2443","vibid":"4024035366722","voters":94,"total":91,"voted":91,"spoiled":0,"yays":88,"nays":3},{"committee":"УИК №2444","vibid":"4024035366723","voters":130,"total":128,"voted":128,"spoiled":0,"yays":123,"nays":5},{"committee":"УИК №2445","vibid":"4024035366724","voters":161,"total":156,"voted":156,"spoiled":0,"yays":152,"nays":4},{"committee":"УИК №2446","vibid":"4024035366725","voters":108,"total":105,"voted":105,"spoiled":0,"yays":101,"nays":4},{"committee":"УИК №2447","vibid":"4024035366726","voters":122,"total":117,"voted":117,"spoiled":0,"yays":111,"nays":6},{"committee":"УИК №2448","vibid":"4024035366727","voters":198,"total":192,"voted":192,"spoiled":0,"yays":182,"nays":10},{"committee":"УИК №2449","vibid":"4024035366728","voters":178,"total":173,"voted":173,"spoiled":0,"yays":168,"nays":5}]