[{"committee":"УИК №1412","vibid":"4054037201915","voters":317,"total":269,"voted":269,"spoiled":1,"yays":87,"nays":181},{"committee":"УИК №1413","vibid":"4054037201916","voters":241,"total":205,"voted":205,"spoiled":0,"yays":133,"nays":72},{"committee":"УИК №1414","vibid":"4054037201917","voters":99,"total":96,"voted":96,"spoiled":0,"yays":64,"nays":32},{"committee":"УИК №1415","vibid":"4054037201918","voters":100,"total":98,"voted":97,"spoiled":1,"yays":40,"nays":56},{"committee":"УИК №1416","vibid":"4054037201919","voters":69,"total":65,"voted":65,"spoiled":0,"yays":60,"nays":5},{"committee":"УИК №1417","vibid":"4054037201920","voters":86,"total":79,"voted":79,"spoiled":0,"yays":60,"nays":19},{"committee":"УИК №1418","vibid":"4054037201921","voters":114,"total":105,"voted":105,"spoiled":0,"yays":87,"nays":18},{"committee":"УИК №1419","vibid":"4054037201922","voters":115,"total":102,"voted":102,"spoiled":0,"yays":100,"nays":2},{"committee":"УИК №1420","vibid":"4054037201923","voters":124,"total":115,"voted":115,"spoiled":0,"yays":107,"nays":8},{"committee":"УИК №1421","vibid":"4054037201924","voters":295,"total":269,"voted":269,"spoiled":3,"yays":244,"nays":22},{"committee":"УИК №1422","vibid":"4054037201925","voters":100,"total":98,"voted":98,"spoiled":0,"yays":98,"nays":0},{"committee":"УИК №1423","vibid":"4054037201926","voters":216,"total":205,"voted":205,"spoiled":0,"yays":196,"nays":9},{"committee":"УИК №1424","vibid":"4054037201927","voters":511,"total":449,"voted":449,"spoiled":0,"yays":440,"nays":9},{"committee":"УИК №1425","vibid":"4054037201928","voters":128,"total":127,"voted":127,"spoiled":0,"yays":119,"nays":8},{"committee":"УИК №1426","vibid":"4054037201929","voters":172,"total":153,"voted":153,"spoiled":0,"yays":148,"nays":5},{"committee":"УИК №1427","vibid":"4054037201930","voters":265,"total":238,"voted":238,"spoiled":0,"yays":226,"nays":12},{"committee":"УИК №1428","vibid":"4054037201931","voters":188,"total":176,"voted":176,"spoiled":0,"yays":176,"nays":0},{"committee":"УИК №1429","vibid":"4054037201932","voters":367,"total":350,"voted":350,"spoiled":2,"yays":347,"nays":1},{"committee":"УИК №1430","vibid":"4054037201933","voters":202,"total":194,"voted":194,"spoiled":0,"yays":190,"nays":4},{"committee":"УИК №1431","vibid":"4054037201934","voters":210,"total":190,"voted":190,"spoiled":1,"yays":186,"nays":3},{"committee":"УИК №1432","vibid":"4054037201935","voters":178,"total":165,"voted":165,"spoiled":0,"yays":165,"nays":0},{"committee":"УИК №1433","vibid":"4054037201936","voters":147,"total":134,"voted":134,"spoiled":0,"yays":134,"nays":0},{"committee":"УИК №1434","vibid":"4054037201937","voters":1497,"total":1272,"voted":1245,"spoiled":8,"yays":958,"nays":279},{"committee":"УИК №1435","vibid":"4054037201938","voters":124,"total":118,"voted":118,"spoiled":0,"yays":113,"nays":5},{"committee":"УИК №1436","vibid":"4054037201939","voters":352,"total":330,"voted":330,"spoiled":0,"yays":306,"nays":24},{"committee":"УИК №1437","vibid":"4054037201940","voters":142,"total":135,"voted":133,"spoiled":0,"yays":131,"nays":2},{"committee":"УИК №1438","vibid":"4054037201941","voters":241,"total":215,"voted":215,"spoiled":0,"yays":208,"nays":7},{"committee":"УИК №1439","vibid":"4054037201942","voters":506,"total":435,"voted":435,"spoiled":9,"yays":376,"nays":50},{"committee":"УИК №1440","vibid":"4054037201943","voters":289,"total":238,"voted":238,"spoiled":1,"yays":230,"nays":7},{"committee":"УИК №1441","vibid":"4054037201944","voters":149,"total":139,"voted":139,"spoiled":0,"yays":137,"nays":2},{"committee":"УИК №1442","vibid":"4054037201945","voters":206,"total":195,"voted":195,"spoiled":0,"yays":172,"nays":23},{"committee":"УИК №1443","vibid":"4054037201946","voters":139,"total":131,"voted":131,"spoiled":0,"yays":113,"nays":18},{"committee":"УИК №1444","vibid":"4054037201947","voters":421,"total":390,"voted":390,"spoiled":0,"yays":378,"nays":12},{"committee":"УИК №1445","vibid":"4054037201948","voters":205,"total":192,"voted":192,"spoiled":0,"yays":186,"nays":6},{"committee":"УИК №1446","vibid":"4054037201949","voters":214,"total":200,"voted":200,"spoiled":1,"yays":197,"nays":2},{"committee":"УИК №1447","vibid":"4054037201950","voters":339,"total":306,"voted":306,"spoiled":0,"yays":300,"nays":6},{"committee":"УИК №1448","vibid":"4054037201951","voters":125,"total":108,"voted":108,"spoiled":0,"yays":108,"nays":0},{"committee":"УИК №1449","vibid":"4054037201952","voters":139,"total":138,"voted":138,"spoiled":1,"yays":135,"nays":2},{"committee":"УИК №1450","vibid":"4054037201953","voters":47,"total":46,"voted":46,"spoiled":0,"yays":46,"nays":0},{"committee":"УИК №1451","vibid":"4054037201954","voters":166,"total":155,"voted":155,"spoiled":0,"yays":98,"nays":57},{"committee":"УИК №1452","vibid":"4054037201955","voters":208,"total":192,"voted":192,"spoiled":2,"yays":189,"nays":1},{"committee":"УИК №1453","vibid":"4054037201956","voters":79,"total":70,"voted":70,"spoiled":0,"yays":65,"nays":5},{"committee":"УИК №1454","vibid":"4054037201957","voters":100,"total":89,"voted":89,"spoiled":1,"yays":88,"nays":0},{"committee":"УИК №1455","vibid":"4054037201958","voters":177,"total":170,"voted":170,"spoiled":0,"yays":166,"nays":4},{"committee":"УИК №1456","vibid":"4054037201959","voters":54,"total":53,"voted":53,"spoiled":0,"yays":53,"nays":0},{"committee":"УИК №1457","vibid":"4054037201960","voters":168,"total":159,"voted":159,"spoiled":1,"yays":157,"nays":1},{"committee":"УИК №1458","vibid":"4054037201961","voters":843,"total":786,"voted":786,"spoiled":3,"yays":525,"nays":258},{"committee":"УИК №1459","vibid":"4054037201962","voters":410,"total":380,"voted":380,"spoiled":0,"yays":337,"nays":43},{"committee":"УИК №1460","vibid":"4054037201963","voters":226,"total":222,"voted":215,"spoiled":0,"yays":195,"nays":20},{"committee":"УИК №1461","vibid":"4054037201964","voters":100,"total":99,"voted":99,"spoiled":0,"yays":85,"nays":14},{"committee":"УИК №1462","vibid":"4054037201965","voters":284,"total":205,"voted":205,"spoiled":0,"yays":179,"nays":26},{"committee":"УИК №1463","vibid":"4054037201966","voters":160,"total":155,"voted":155,"spoiled":5,"yays":140,"nays":10},{"committee":"УИК №1464","vibid":"4054037201967","voters":453,"total":362,"voted":362,"spoiled":0,"yays":309,"nays":53},{"committee":"УИК №1465","vibid":"4054037201968","voters":279,"total":231,"voted":231,"spoiled":0,"yays":164,"nays":67},{"committee":"УИК №1466","vibid":"4054037201969","voters":70,"total":61,"voted":61,"spoiled":0,"yays":49,"nays":12},{"committee":"УИК №1467","vibid":"4054037201970","voters":351,"total":310,"voted":310,"spoiled":2,"yays":268,"nays":40},{"committee":"УИК №1468","vibid":"4054037201971","voters":655,"total":640,"voted":640,"spoiled":2,"yays":461,"nays":177},{"committee":"УИК №1469","vibid":"4054037201972","voters":386,"total":305,"voted":305,"spoiled":2,"yays":212,"nays":91},{"committee":"УИК №1470","vibid":"4054037201973","voters":328,"total":310,"voted":310,"spoiled":9,"yays":200,"nays":101},{"committee":"УИК №1471","vibid":"4054037201974","voters":71,"total":54,"voted":54,"spoiled":0,"yays":35,"nays":19},{"committee":"УИК №1472","vibid":"4054037201975","voters":169,"total":165,"voted":165,"spoiled":1,"yays":156,"nays":8},{"committee":"УИК №1473","vibid":"4054037201976","voters":393,"total":319,"voted":319,"spoiled":1,"yays":286,"nays":32},{"committee":"УИК №1474","vibid":"4054037201977","voters":252,"total":240,"voted":240,"spoiled":10,"yays":200,"nays":30},{"committee":"УИК №1475","vibid":"4054037201978","voters":144,"total":140,"voted":140,"spoiled":0,"yays":130,"nays":10},{"committee":"УИК №1476","vibid":"4054037201979","voters":246,"total":240,"voted":240,"spoiled":5,"yays":196,"nays":39}]