[{"committee":"УИК №995","vibid":"4024007488957","voters":2507,"total":2429,"voted":2429,"spoiled":32,"yays":1716,"nays":681},{"committee":"УИК №996","vibid":"4024007488958","voters":998,"total":849,"voted":849,"spoiled":15,"yays":518,"nays":316},{"committee":"УИК №997","vibid":"4024007488959","voters":1630,"total":1558,"voted":1558,"spoiled":14,"yays":1304,"nays":240},{"committee":"УИК №998","vibid":"4024007488960","voters":1980,"total":1764,"voted":1764,"spoiled":28,"yays":1386,"nays":350},{"committee":"УИК №999","vibid":"4024007488961","voters":1856,"total":1665,"voted":1665,"spoiled":160,"yays":1126,"nays":379},{"committee":"УИК №1000","vibid":"4024007488962","voters":1280,"total":1177,"voted":1177,"spoiled":0,"yays":1059,"nays":118},{"committee":"УИК №1001","vibid":"4024007488963","voters":2500,"total":2223,"voted":2223,"spoiled":0,"yays":2112,"nays":111},{"committee":"УИК №1002","vibid":"4024007488964","voters":837,"total":762,"voted":762,"spoiled":0,"yays":730,"nays":32},{"committee":"УИК №1003","vibid":"4024007488965","voters":449,"total":426,"voted":426,"spoiled":8,"yays":385,"nays":33},{"committee":"УИК №1004","vibid":"4024007488966","voters":129,"total":123,"voted":123,"spoiled":0,"yays":120,"nays":3},{"committee":"УИК №1005","vibid":"4024007488967","voters":955,"total":864,"voted":864,"spoiled":0,"yays":838,"nays":26},{"committee":"УИК №1006","vibid":"4024007488968","voters":160,"total":153,"voted":153,"spoiled":0,"yays":139,"nays":14},{"committee":"УИК №1007","vibid":"4024007488969","voters":382,"total":371,"voted":371,"spoiled":6,"yays":334,"nays":31},{"committee":"УИК №1008","vibid":"4024007488970","voters":122,"total":104,"voted":104,"spoiled":0,"yays":89,"nays":15},{"committee":"УИК №1009","vibid":"4024007488971","voters":447,"total":359,"voted":359,"spoiled":7,"yays":318,"nays":34},{"committee":"УИК №1010","vibid":"4024007488972","voters":704,"total":571,"voted":571,"spoiled":4,"yays":544,"nays":23},{"committee":"УИК №1011","vibid":"4024007488973","voters":331,"total":298,"voted":298,"spoiled":0,"yays":275,"nays":23},{"committee":"УИК №1012","vibid":"4024007488974","voters":410,"total":366,"voted":366,"spoiled":1,"yays":337,"nays":28},{"committee":"УИК №1013","vibid":"4024007488975","voters":77,"total":72,"voted":72,"spoiled":0,"yays":54,"nays":18},{"committee":"УИК №1014","vibid":"4024007488976","voters":85,"total":78,"voted":78,"spoiled":0,"yays":68,"nays":10},{"committee":"УИК №1015","vibid":"4024007488977","voters":182,"total":168,"voted":168,"spoiled":0,"yays":154,"nays":14},{"committee":"УИК №1016","vibid":"4024007488978","voters":394,"total":364,"voted":364,"spoiled":0,"yays":328,"nays":36},{"committee":"УИК №1017","vibid":"4024007488979","voters":240,"total":220,"voted":220,"spoiled":0,"yays":198,"nays":22},{"committee":"УИК №1018","vibid":"4024007488980","voters":125,"total":113,"voted":113,"spoiled":0,"yays":103,"nays":10},{"committee":"УИК №1019","vibid":"4024007488981","voters":630,"total":603,"voted":603,"spoiled":2,"yays":560,"nays":41},{"committee":"УИК №1020","vibid":"4024007488982","voters":221,"total":210,"voted":210,"spoiled":0,"yays":189,"nays":21},{"committee":"УИК №1021","vibid":"4024007488983","voters":122,"total":116,"voted":116,"spoiled":4,"yays":105,"nays":7},{"committee":"УИК №1022","vibid":"4024007488984","voters":638,"total":607,"voted":607,"spoiled":0,"yays":553,"nays":54},{"committee":"УИК №1023","vibid":"4024007488985","voters":420,"total":399,"voted":399,"spoiled":12,"yays":360,"nays":27},{"committee":"УИК №1024","vibid":"4024007488986","voters":308,"total":296,"voted":296,"spoiled":3,"yays":277,"nays":16},{"committee":"УИК №1025","vibid":"4024007488987","voters":485,"total":454,"voted":454,"spoiled":0,"yays":429,"nays":25},{"committee":"УИК №1026","vibid":"4024007488988","voters":655,"total":611,"voted":611,"spoiled":0,"yays":568,"nays":43},{"committee":"УИК №1027","vibid":"4024007488989","voters":599,"total":517,"voted":517,"spoiled":0,"yays":472,"nays":45},{"committee":"УИК №1028","vibid":"4024007488990","voters":355,"total":318,"voted":318,"spoiled":0,"yays":293,"nays":25},{"committee":"УИК №1029","vibid":"4024007488991","voters":633,"total":551,"voted":551,"spoiled":0,"yays":498,"nays":53},{"committee":"УИК №1030","vibid":"4024007488992","voters":256,"total":250,"voted":227,"spoiled":0,"yays":208,"nays":19},{"committee":"УИК №1031","vibid":"4024007488993","voters":153,"total":120,"voted":120,"spoiled":0,"yays":112,"nays":8},{"committee":"УИК №1032","vibid":"4024007488994","voters":310,"total":287,"voted":287,"spoiled":0,"yays":261,"nays":26},{"committee":"УИК №1033","vibid":"4024007488995","voters":324,"total":302,"voted":302,"spoiled":0,"yays":272,"nays":30},{"committee":"УИК №1034","vibid":"4024007488996","voters":299,"total":275,"voted":275,"spoiled":3,"yays":252,"nays":20},{"committee":"УИК №1035","vibid":"4024007488997","voters":346,"total":318,"voted":318,"spoiled":0,"yays":290,"nays":28},{"committee":"УИК №1036","vibid":"4024007488998","voters":1144,"total":1047,"voted":1047,"spoiled":0,"yays":979,"nays":68},{"committee":"УИК №1037","vibid":"4024007488999","voters":1130,"total":1058,"voted":1058,"spoiled":0,"yays":1010,"nays":48},{"committee":"УИК №1038","vibid":"4024007489000","voters":281,"total":262,"voted":262,"spoiled":0,"yays":244,"nays":18},{"committee":"УИК №1039","vibid":"4024007489001","voters":319,"total":297,"voted":297,"spoiled":3,"yays":273,"nays":21},{"committee":"УИК №1040","vibid":"4024007489002","voters":465,"total":447,"voted":447,"spoiled":0,"yays":422,"nays":25},{"committee":"УИК №1041","vibid":"4024007489003","voters":209,"total":200,"voted":200,"spoiled":8,"yays":179,"nays":13},{"committee":"УИК №1042","vibid":"4024007489004","voters":224,"total":214,"voted":214,"spoiled":10,"yays":196,"nays":8},{"committee":"УИК №1043","vibid":"4024007489005","voters":645,"total":590,"voted":590,"spoiled":0,"yays":550,"nays":40},{"committee":"УИК №1044","vibid":"4024007489006","voters":316,"total":301,"voted":301,"spoiled":0,"yays":276,"nays":25},{"committee":"УИК №1045","vibid":"4024007489007","voters":396,"total":376,"voted":376,"spoiled":0,"yays":350,"nays":26},{"committee":"УИК №1046","vibid":"4024007489008","voters":844,"total":743,"voted":743,"spoiled":4,"yays":669,"nays":70},{"committee":"УИК №1047","vibid":"4024007489009","voters":572,"total":517,"voted":517,"spoiled":18,"yays":478,"nays":21},{"committee":"УИК №1048","vibid":"4024007489010","voters":344,"total":314,"voted":314,"spoiled":4,"yays":282,"nays":28},{"committee":"УИК №1049","vibid":"4024007489011","voters":206,"total":188,"voted":188,"spoiled":0,"yays":170,"nays":18},{"committee":"УИК №1050","vibid":"4024007489012","voters":148,"total":136,"voted":136,"spoiled":0,"yays":125,"nays":11},{"committee":"УИК №1051","vibid":"4024007489013","voters":672,"total":627,"voted":627,"spoiled":0,"yays":616,"nays":11},{"committee":"УИК №1052","vibid":"4024007489014","voters":107,"total":100,"voted":100,"spoiled":0,"yays":90,"nays":10},{"committee":"УИК №1053","vibid":"4024007489015","voters":463,"total":436,"voted":436,"spoiled":0,"yays":393,"nays":43},{"committee":"УИК №1054","vibid":"4024007489016","voters":215,"total":190,"voted":190,"spoiled":0,"yays":172,"nays":18},{"committee":"УИК №1055","vibid":"4024007489017","voters":111,"total":105,"voted":105,"spoiled":0,"yays":100,"nays":5},{"committee":"УИК №1056","vibid":"4024007489018","voters":2115,"total":1913,"voted":1913,"spoiled":2,"yays":1888,"nays":23},{"committee":"УИК №1057","vibid":"4024007489019","voters":217,"total":196,"voted":196,"spoiled":0,"yays":174,"nays":22},{"committee":"УИК №1058","vibid":"4024007489020","voters":218,"total":194,"voted":194,"spoiled":0,"yays":175,"nays":19},{"committee":"УИК №1059","vibid":"4024007489021","voters":278,"total":254,"voted":254,"spoiled":0,"yays":238,"nays":16},{"committee":"УИК №1060","vibid":"4024007489022","voters":156,"total":145,"voted":145,"spoiled":0,"yays":133,"nays":12},{"committee":"УИК №1061","vibid":"4024007489024","voters":296,"total":261,"voted":261,"spoiled":0,"yays":244,"nays":17},{"committee":"УИК №1062","vibid":"4024007489025","voters":651,"total":587,"voted":587,"spoiled":12,"yays":529,"nays":46},{"committee":"УИК №1063","vibid":"4024007489026","voters":175,"total":157,"voted":157,"spoiled":0,"yays":141,"nays":16},{"committee":"УИК №1064","vibid":"4024007489027","voters":248,"total":226,"voted":226,"spoiled":0,"yays":215,"nays":11},{"committee":"УИК №1065","vibid":"4024007489028","voters":1441,"total":1245,"voted":1245,"spoiled":237,"yays":970,"nays":38},{"committee":"УИК №1066","vibid":"4024007489029","voters":94,"total":88,"voted":88,"spoiled":1,"yays":80,"nays":7},{"committee":"УИК №1067","vibid":"4024007489030","voters":158,"total":139,"voted":139,"spoiled":3,"yays":123,"nays":13},{"committee":"УИК №1068","vibid":"4024007489031","voters":254,"total":230,"voted":230,"spoiled":0,"yays":214,"nays":16},{"committee":"УИК №1069","vibid":"4024007489032","voters":142,"total":135,"voted":135,"spoiled":0,"yays":126,"nays":9},{"committee":"УИК №1070","vibid":"4024007489033","voters":140,"total":130,"voted":130,"spoiled":0,"yays":121,"nays":9},{"committee":"УИК №1071","vibid":"4024007489034","voters":314,"total":258,"voted":258,"spoiled":7,"yays":240,"nays":11},{"committee":"УИК №1072","vibid":"4024007489035","voters":406,"total":389,"voted":389,"spoiled":0,"yays":362,"nays":27},{"committee":"УИК №1073","vibid":"4024007489036","voters":95,"total":90,"voted":90,"spoiled":0,"yays":84,"nays":6},{"committee":"УИК №1074","vibid":"4024007489037","voters":370,"total":353,"voted":353,"spoiled":0,"yays":329,"nays":24}]