[{"committee":"УИК №799","vibid":"4054022120260","voters":1854,"total":1703,"voted":1703,"spoiled":0,"yays":1533,"nays":170},{"committee":"УИК №800","vibid":"4054022120261","voters":1682,"total":1534,"voted":1534,"spoiled":0,"yays":1442,"nays":92},{"committee":"УИК №801","vibid":"4054022120262","voters":1315,"total":1257,"voted":1257,"spoiled":8,"yays":1060,"nays":189},{"committee":"УИК №802","vibid":"4054022120263","voters":1540,"total":1407,"voted":1407,"spoiled":0,"yays":1295,"nays":112},{"committee":"УИК №803","vibid":"4054022120264","voters":1276,"total":1215,"voted":1215,"spoiled":2,"yays":1139,"nays":74},{"committee":"УИК №804","vibid":"4054022120265","voters":1565,"total":1418,"voted":1418,"spoiled":9,"yays":1268,"nays":141},{"committee":"УИК №805","vibid":"4054022120266","voters":1595,"total":1447,"voted":1447,"spoiled":60,"yays":1318,"nays":69},{"committee":"УИК №806","vibid":"4054022120267","voters":1858,"total":1665,"voted":1665,"spoiled":37,"yays":1545,"nays":83},{"committee":"УИК №807","vibid":"4054022120268","voters":1374,"total":1253,"voted":1253,"spoiled":1,"yays":1137,"nays":115},{"committee":"УИК №808","vibid":"4054022120269","voters":1405,"total":1286,"voted":1286,"spoiled":0,"yays":1196,"nays":90},{"committee":"УИК №809","vibid":"4054022120270","voters":1197,"total":1090,"voted":1090,"spoiled":0,"yays":1041,"nays":49},{"committee":"УИК №810","vibid":"4054022120271","voters":1581,"total":1427,"voted":1427,"spoiled":47,"yays":1302,"nays":78},{"committee":"УИК №811","vibid":"4054022120272","voters":1408,"total":1304,"voted":1304,"spoiled":2,"yays":1207,"nays":95},{"committee":"УИК №812","vibid":"4054022120273","voters":1250,"total":1137,"voted":1137,"spoiled":6,"yays":1006,"nays":125},{"committee":"УИК №813","vibid":"4054022120274","voters":1590,"total":1417,"voted":1417,"spoiled":7,"yays":1280,"nays":130},{"committee":"УИК №814","vibid":"4054022120275","voters":1436,"total":1286,"voted":1286,"spoiled":13,"yays":1157,"nays":116},{"committee":"УИК №815","vibid":"4054022120276","voters":1633,"total":1502,"voted":1502,"spoiled":8,"yays":1338,"nays":156}]