[{"committee":"УИК №567","vibid":"4054017172077","voters":674,"total":627,"voted":627,"spoiled":0,"yays":598,"nays":29},{"committee":"УИК №568","vibid":"4054017172078","voters":267,"total":248,"voted":248,"spoiled":0,"yays":237,"nays":11},{"committee":"УИК №569","vibid":"4054017172079","voters":149,"total":138,"voted":138,"spoiled":0,"yays":131,"nays":7},{"committee":"УИК №570","vibid":"4054017172080","voters":1486,"total":1382,"voted":1382,"spoiled":0,"yays":1313,"nays":69},{"committee":"УИК №571","vibid":"4054017172081","voters":286,"total":265,"voted":265,"spoiled":6,"yays":253,"nays":6},{"committee":"УИК №572","vibid":"4054017172082","voters":175,"total":163,"voted":163,"spoiled":0,"yays":154,"nays":9},{"committee":"УИК №573","vibid":"4054017172083","voters":64,"total":59,"voted":59,"spoiled":0,"yays":57,"nays":2},{"committee":"УИК №574","vibid":"4054017172084","voters":1123,"total":1045,"voted":1045,"spoiled":0,"yays":993,"nays":52},{"committee":"УИК №575","vibid":"4054017172085","voters":1508,"total":1403,"voted":1403,"spoiled":0,"yays":1332,"nays":71},{"committee":"УИК №576","vibid":"4054017172086","voters":713,"total":663,"voted":663,"spoiled":0,"yays":630,"nays":33},{"committee":"УИК №577","vibid":"4054017172087","voters":996,"total":930,"voted":930,"spoiled":0,"yays":890,"nays":40},{"committee":"УИК №578","vibid":"4054017172088","voters":135,"total":126,"voted":126,"spoiled":0,"yays":120,"nays":6},{"committee":"УИК №579","vibid":"4054017172089","voters":249,"total":232,"voted":232,"spoiled":0,"yays":220,"nays":12},{"committee":"УИК №580","vibid":"4054017172090","voters":505,"total":454,"voted":454,"spoiled":0,"yays":451,"nays":3},{"committee":"УИК №581","vibid":"4054017172091","voters":398,"total":375,"voted":375,"spoiled":0,"yays":355,"nays":20},{"committee":"УИК №582","vibid":"4054017172092","voters":108,"total":101,"voted":101,"spoiled":0,"yays":95,"nays":6},{"committee":"УИК №583","vibid":"4054017172093","voters":341,"total":318,"voted":318,"spoiled":0,"yays":302,"nays":16},{"committee":"УИК №584","vibid":"4054017172094","voters":104,"total":101,"voted":101,"spoiled":0,"yays":94,"nays":7},{"committee":"УИК №585","vibid":"4054017172095","voters":116,"total":96,"voted":96,"spoiled":0,"yays":70,"nays":26},{"committee":"УИК №586","vibid":"4054017172096","voters":619,"total":576,"voted":576,"spoiled":0,"yays":547,"nays":29},{"committee":"УИК №587","vibid":"4054017172097","voters":377,"total":351,"voted":351,"spoiled":0,"yays":334,"nays":17},{"committee":"УИК №588","vibid":"4054017172098","voters":245,"total":228,"voted":228,"spoiled":0,"yays":217,"nays":11},{"committee":"УИК №589","vibid":"4054017172099","voters":114,"total":107,"voted":107,"spoiled":0,"yays":102,"nays":5},{"committee":"УИК №590","vibid":"4054017172100","voters":47,"total":44,"voted":44,"spoiled":0,"yays":42,"nays":2},{"committee":"УИК №591","vibid":"4054017172101","voters":1402,"total":1304,"voted":1304,"spoiled":3,"yays":1240,"nays":61},{"committee":"УИК №592","vibid":"4054017172102","voters":1193,"total":1109,"voted":1109,"spoiled":0,"yays":1055,"nays":54},{"committee":"УИК №593","vibid":"4054017172103","voters":2144,"total":1994,"voted":1994,"spoiled":4,"yays":1890,"nays":100},{"committee":"УИК №594","vibid":"4054017172104","voters":611,"total":568,"voted":568,"spoiled":0,"yays":540,"nays":28},{"committee":"УИК №595","vibid":"4054017172105","voters":267,"total":249,"voted":249,"spoiled":0,"yays":236,"nays":13},{"committee":"УИК №596","vibid":"4054017172106","voters":1315,"total":1223,"voted":1223,"spoiled":0,"yays":1169,"nays":54},{"committee":"УИК №597","vibid":"4054017172107","voters":827,"total":769,"voted":769,"spoiled":0,"yays":731,"nays":38},{"committee":"УИК №598","vibid":"4054017172108","voters":557,"total":528,"voted":528,"spoiled":0,"yays":502,"nays":26},{"committee":"УИК №599","vibid":"4054017172109","voters":137,"total":128,"voted":128,"spoiled":0,"yays":122,"nays":6},{"committee":"УИК №600","vibid":"4054017172110","voters":179,"total":166,"voted":166,"spoiled":0,"yays":159,"nays":7},{"committee":"УИК №601","vibid":"4054017172111","voters":210,"total":194,"voted":194,"spoiled":1,"yays":186,"nays":7},{"committee":"УИК №602","vibid":"4054017172112","voters":326,"total":304,"voted":304,"spoiled":0,"yays":289,"nays":15},{"committee":"УИК №603","vibid":"4054017172113","voters":848,"total":789,"voted":789,"spoiled":0,"yays":751,"nays":38},{"committee":"УИК №604","vibid":"4054017172114","voters":130,"total":121,"voted":121,"spoiled":0,"yays":115,"nays":6},{"committee":"УИК №605","vibid":"4054017172115","voters":226,"total":211,"voted":211,"spoiled":0,"yays":201,"nays":10},{"committee":"УИК №606","vibid":"4054017172116","voters":147,"total":137,"voted":137,"spoiled":0,"yays":131,"nays":6}]