[{"committee":"УИК №872","vibid":"4054026173779","voters":118,"total":112,"voted":112,"spoiled":2,"yays":101,"nays":9},{"committee":"УИК №873","vibid":"4054026173780","voters":71,"total":68,"voted":68,"spoiled":1,"yays":61,"nays":6},{"committee":"УИК №874","vibid":"4054026173781","voters":220,"total":206,"voted":206,"spoiled":4,"yays":187,"nays":15},{"committee":"УИК №875","vibid":"4054026173782","voters":363,"total":350,"voted":350,"spoiled":2,"yays":318,"nays":30},{"committee":"УИК №876","vibid":"4054026173783","voters":317,"total":305,"voted":305,"spoiled":3,"yays":277,"nays":25},{"committee":"УИК №877","vibid":"4054026173784","voters":173,"total":165,"voted":165,"spoiled":0,"yays":150,"nays":15},{"committee":"УИК №878","vibid":"4054026173785","voters":139,"total":128,"voted":128,"spoiled":1,"yays":116,"nays":11},{"committee":"УИК №879","vibid":"4054026173786","voters":197,"total":185,"voted":185,"spoiled":0,"yays":168,"nays":17},{"committee":"УИК №880","vibid":"4054026173787","voters":131,"total":125,"voted":125,"spoiled":2,"yays":113,"nays":10},{"committee":"УИК №881","vibid":"4054026173788","voters":1681,"total":1681,"voted":1571,"spoiled":30,"yays":1507,"nays":34},{"committee":"УИК №882","vibid":"4054026173789","voters":264,"total":255,"voted":255,"spoiled":3,"yays":232,"nays":20},{"committee":"УИК №883","vibid":"4054026173790","voters":76,"total":72,"voted":72,"spoiled":0,"yays":65,"nays":7},{"committee":"УИК №884","vibid":"4054026173791","voters":256,"total":245,"voted":245,"spoiled":3,"yays":222,"nays":20},{"committee":"УИК №885","vibid":"4054026173792","voters":107,"total":102,"voted":102,"spoiled":1,"yays":92,"nays":9},{"committee":"УИК №886","vibid":"4054026173793","voters":588,"total":565,"voted":565,"spoiled":3,"yays":514,"nays":48},{"committee":"УИК №887","vibid":"4054026173794","voters":78,"total":74,"voted":74,"spoiled":0,"yays":67,"nays":7},{"committee":"УИК №888","vibid":"4054026173795","voters":51,"total":46,"voted":46,"spoiled":1,"yays":41,"nays":4},{"committee":"УИК №889","vibid":"4054026173796","voters":309,"total":290,"voted":290,"spoiled":2,"yays":263,"nays":25},{"committee":"УИК №890","vibid":"4054026173797","voters":165,"total":155,"voted":155,"spoiled":1,"yays":141,"nays":13},{"committee":"УИК №891","vibid":"4054026173798","voters":168,"total":158,"voted":158,"spoiled":3,"yays":143,"nays":12},{"committee":"УИК №892","vibid":"4054026173799","voters":66,"total":60,"voted":60,"spoiled":0,"yays":54,"nays":6},{"committee":"УИК №893","vibid":"4054026173800","voters":207,"total":193,"voted":193,"spoiled":0,"yays":175,"nays":18},{"committee":"УИК №894","vibid":"4054026173801","voters":68,"total":57,"voted":57,"spoiled":0,"yays":51,"nays":6},{"committee":"УИК №895","vibid":"4054026173802","voters":99,"total":92,"voted":92,"spoiled":1,"yays":83,"nays":8},{"committee":"УИК №896","vibid":"4054026173803","voters":425,"total":400,"voted":400,"spoiled":2,"yays":364,"nays":34},{"committee":"УИК №897","vibid":"4054026173804","voters":393,"total":370,"voted":370,"spoiled":4,"yays":336,"nays":30},{"committee":"УИК №898","vibid":"4054026173805","voters":264,"total":248,"voted":248,"spoiled":3,"yays":225,"nays":20},{"committee":"УИК №899","vibid":"4054026173806","voters":86,"total":79,"voted":79,"spoiled":0,"yays":71,"nays":8},{"committee":"УИК №900","vibid":"4054026173807","voters":33,"total":30,"voted":30,"spoiled":0,"yays":27,"nays":3},{"committee":"УИК №901","vibid":"4054026173808","voters":49,"total":44,"voted":44,"spoiled":0,"yays":40,"nays":4},{"committee":"УИК №902","vibid":"4054026173809","voters":177,"total":166,"voted":166,"spoiled":3,"yays":151,"nays":12},{"committee":"УИК №903","vibid":"4054026173810","voters":47,"total":43,"voted":43,"spoiled":0,"yays":39,"nays":4},{"committee":"УИК №904","vibid":"4054026173811","voters":107,"total":100,"voted":100,"spoiled":1,"yays":91,"nays":8},{"committee":"УИК №905","vibid":"4054026173812","voters":313,"total":295,"voted":295,"spoiled":4,"yays":268,"nays":23}]