[{"committee":"УИК №2119","vibid":"4024029408287","voters":1929,"total":1777,"voted":1777,"spoiled":0,"yays":1749,"nays":28},{"committee":"УИК №2120","vibid":"4024029408288","voters":2230,"total":2180,"voted":2180,"spoiled":0,"yays":2137,"nays":43},{"committee":"УИК №2121","vibid":"4024029408289","voters":1397,"total":1374,"voted":1374,"spoiled":2,"yays":1346,"nays":26},{"committee":"УИК №2122","vibid":"4024029408290","voters":1359,"total":1332,"voted":1332,"spoiled":0,"yays":1306,"nays":26},{"committee":"УИК №2123","vibid":"4024029408291","voters":177,"total":174,"voted":174,"spoiled":0,"yays":171,"nays":3},{"committee":"УИК №2124","vibid":"4024029408292","voters":1810,"total":1752,"voted":1752,"spoiled":0,"yays":1716,"nays":36},{"committee":"УИК №2125","vibid":"4024029408293","voters":1090,"total":1054,"voted":1054,"spoiled":0,"yays":1043,"nays":11},{"committee":"УИК №2126","vibid":"4024029408294","voters":1274,"total":1249,"voted":1249,"spoiled":0,"yays":1225,"nays":24},{"committee":"УИК №2127","vibid":"4024029408295","voters":1180,"total":1158,"voted":1158,"spoiled":0,"yays":1135,"nays":23},{"committee":"УИК №2128","vibid":"4024029408296","voters":1898,"total":1862,"voted":1862,"spoiled":0,"yays":1825,"nays":37},{"committee":"УИК №2129","vibid":"4024029408297","voters":1803,"total":1779,"voted":1779,"spoiled":2,"yays":1744,"nays":33},{"committee":"УИК №2130","vibid":"4024029408298","voters":651,"total":632,"voted":632,"spoiled":0,"yays":517,"nays":115},{"committee":"УИК №2132","vibid":"4024029408299","voters":1513,"total":1491,"voted":1491,"spoiled":0,"yays":1462,"nays":29},{"committee":"УИК №2133","vibid":"4024029408300","voters":1557,"total":1529,"voted":1529,"spoiled":50,"yays":1449,"nays":30},{"committee":"УИК №2134","vibid":"4024029408301","voters":1438,"total":1411,"voted":1411,"spoiled":3,"yays":1380,"nays":28},{"committee":"УИК №2135","vibid":"4024029408302","voters":2694,"total":2638,"voted":2638,"spoiled":0,"yays":2585,"nays":53},{"committee":"УИК №2136","vibid":"4024029408303","voters":796,"total":781,"voted":781,"spoiled":0,"yays":765,"nays":16},{"committee":"УИК №2137","vibid":"4024029408304","voters":1066,"total":1045,"voted":1045,"spoiled":8,"yays":876,"nays":161},{"committee":"УИК №2138","vibid":"4024029408305","voters":1527,"total":1502,"voted":1502,"spoiled":7,"yays":1472,"nays":23},{"committee":"УИК №2139","vibid":"4024029408306","voters":1842,"total":1806,"voted":1806,"spoiled":0,"yays":1770,"nays":36},{"committee":"УИК №2140","vibid":"4024029408307","voters":1457,"total":1399,"voted":1399,"spoiled":13,"yays":1371,"nays":15},{"committee":"УИК №2141","vibid":"4024029408308","voters":1688,"total":1664,"voted":1664,"spoiled":3,"yays":1634,"nays":27},{"committee":"УИК №2142","vibid":"4024029408309","voters":846,"total":837,"voted":837,"spoiled":0,"yays":795,"nays":42},{"committee":"УИК №2143","vibid":"4024029408310","voters":1512,"total":1502,"voted":1502,"spoiled":0,"yays":1472,"nays":30},{"committee":"УИК №2145","vibid":"4024029408311","voters":1699,"total":1666,"voted":1666,"spoiled":0,"yays":1633,"nays":33},{"committee":"УИК №2146","vibid":"4024029408312","voters":983,"total":959,"voted":959,"spoiled":6,"yays":798,"nays":155},{"committee":"УИК №2147","vibid":"4024029408313","voters":1130,"total":1119,"voted":1119,"spoiled":0,"yays":1109,"nays":10},{"committee":"УИК №2148","vibid":"4024029408314","voters":1099,"total":1078,"voted":1078,"spoiled":3,"yays":987,"nays":88},{"committee":"УИК №2149","vibid":"4024029408315","voters":1609,"total":1573,"voted":1573,"spoiled":15,"yays":1531,"nays":27},{"committee":"УИК №2150","vibid":"4024029408316","voters":515,"total":506,"voted":506,"spoiled":1,"yays":495,"nays":10},{"committee":"УИК №2151","vibid":"4024029408317","voters":288,"total":281,"voted":281,"spoiled":0,"yays":276,"nays":5},{"committee":"УИК №2152","vibid":"4024029408318","voters":522,"total":512,"voted":512,"spoiled":0,"yays":502,"nays":10},{"committee":"УИК №2153","vibid":"4024029408319","voters":682,"total":668,"voted":668,"spoiled":0,"yays":654,"nays":14},{"committee":"УИК №2154","vibid":"4024029408320","voters":230,"total":225,"voted":225,"spoiled":0,"yays":220,"nays":5},{"committee":"УИК №2155","vibid":"4024029408321","voters":430,"total":426,"voted":426,"spoiled":0,"yays":422,"nays":4},{"committee":"УИК №2156","vibid":"4024029408322","voters":681,"total":668,"voted":668,"spoiled":0,"yays":655,"nays":13},{"committee":"УИК №2157","vibid":"4024029408323","voters":571,"total":560,"voted":560,"spoiled":0,"yays":549,"nays":11},{"committee":"УИК №2158","vibid":"4024029408324","voters":774,"total":759,"voted":759,"spoiled":0,"yays":756,"nays":3},{"committee":"УИК №2159","vibid":"4024029408325","voters":179,"total":175,"voted":175,"spoiled":0,"yays":172,"nays":3},{"committee":"УИК №2160","vibid":"4024029408326","voters":319,"total":313,"voted":313,"spoiled":0,"yays":306,"nays":7},{"committee":"УИК №2161","vibid":"4024029408327","voters":532,"total":530,"voted":530,"spoiled":4,"yays":526,"nays":0},{"committee":"УИК №2162","vibid":"4024029408328","voters":695,"total":682,"voted":682,"spoiled":6,"yays":665,"nays":11},{"committee":"УИК №2163","vibid":"4024029408329","voters":423,"total":415,"voted":415,"spoiled":1,"yays":409,"nays":5},{"committee":"УИК №2164","vibid":"4024029408330","voters":276,"total":271,"voted":271,"spoiled":1,"yays":264,"nays":6},{"committee":"УИК №2165","vibid":"4024029408331","voters":931,"total":912,"voted":912,"spoiled":0,"yays":893,"nays":19},{"committee":"УИК №2166","vibid":"4024029408332","voters":1072,"total":1048,"voted":1048,"spoiled":2,"yays":1035,"nays":11},{"committee":"УИК №2167","vibid":"4024029408333","voters":723,"total":709,"voted":709,"spoiled":0,"yays":695,"nays":14},{"committee":"УИК №2168","vibid":"4024029408334","voters":970,"total":952,"voted":952,"spoiled":2,"yays":940,"nays":10},{"committee":"УИК №2169","vibid":"4024029408335","voters":298,"total":292,"voted":292,"spoiled":0,"yays":290,"nays":2},{"committee":"УИК №2170","vibid":"4024029408336","voters":523,"total":512,"voted":512,"spoiled":0,"yays":503,"nays":9},{"committee":"УИК №2171","vibid":"4024029408337","voters":333,"total":327,"voted":327,"spoiled":3,"yays":321,"nays":3},{"committee":"УИК №2172","vibid":"4024029408338","voters":302,"total":296,"voted":296,"spoiled":3,"yays":290,"nays":3},{"committee":"УИК №2173","vibid":"4024029408339","voters":609,"total":603,"voted":603,"spoiled":0,"yays":595,"nays":8},{"committee":"УИК №2174","vibid":"4024029408340","voters":266,"total":264,"voted":264,"spoiled":0,"yays":263,"nays":1},{"committee":"УИК №2175","vibid":"4024029408341","voters":401,"total":393,"voted":393,"spoiled":0,"yays":386,"nays":7},{"committee":"УИК №2176","vibid":"4024029408342","voters":196,"total":195,"voted":195,"spoiled":0,"yays":192,"nays":3},{"committee":"УИК №2177","vibid":"4024029408343","voters":1033,"total":1014,"voted":1014,"spoiled":0,"yays":999,"nays":15},{"committee":"УИК №2178","vibid":"4024029408344","voters":586,"total":583,"voted":583,"spoiled":0,"yays":572,"nays":11},{"committee":"УИК №2179","vibid":"4024029408345","voters":184,"total":180,"voted":180,"spoiled":0,"yays":180,"nays":0},{"committee":"УИК №2180","vibid":"4024029408346","voters":413,"total":405,"voted":405,"spoiled":0,"yays":397,"nays":8},{"committee":"УИК №2181","vibid":"4024029408347","voters":212,"total":210,"voted":210,"spoiled":0,"yays":210,"nays":0},{"committee":"УИК №2182","vibid":"4024029408348","voters":806,"total":790,"voted":790,"spoiled":0,"yays":775,"nays":15},{"committee":"УИК №2183","vibid":"4024029408349","voters":508,"total":498,"voted":498,"spoiled":0,"yays":498,"nays":0},{"committee":"УИК №2184","vibid":"4024029408350","voters":353,"total":346,"voted":346,"spoiled":0,"yays":339,"nays":7},{"committee":"УИК №2185","vibid":"4024029408351","voters":279,"total":276,"voted":276,"spoiled":0,"yays":271,"nays":5},{"committee":"УИК №2186","vibid":"4024029408352","voters":538,"total":533,"voted":533,"spoiled":1,"yays":521,"nays":11},{"committee":"УИК №3464","vibid":"4024029408353","voters":819,"total":806,"voted":806,"spoiled":2,"yays":788,"nays":16},{"committee":"УИК №3465","vibid":"4024029408354","voters":732,"total":712,"voted":712,"spoiled":0,"yays":569,"nays":143},{"committee":"УИК №3466","vibid":"4024029408355","voters":1094,"total":1076,"voted":1076,"spoiled":0,"yays":1055,"nays":21},{"committee":"УИК №3467","vibid":"4024029408356","voters":1008,"total":998,"voted":998,"spoiled":0,"yays":979,"nays":19},{"committee":"УИК №3468","vibid":"4024029408357","voters":973,"total":945,"voted":945,"spoiled":21,"yays":688,"nays":236},{"committee":"УИК №3469","vibid":"4024029408358","voters":587,"total":576,"voted":576,"spoiled":3,"yays":564,"nays":9},{"committee":"УИК №3470","vibid":"4024029408359","voters":2469,"total":2418,"voted":2418,"spoiled":43,"yays":1894,"nays":481}]