[{"committee":"УИК №2269","vibid":"4024032342118","voters":488,"total":482,"voted":482,"spoiled":3,"yays":462,"nays":17},{"committee":"УИК №2270","vibid":"4024032342119","voters":266,"total":261,"voted":261,"spoiled":0,"yays":250,"nays":11},{"committee":"УИК №2271","vibid":"4024032342120","voters":1334,"total":1308,"voted":1308,"spoiled":2,"yays":1294,"nays":12},{"committee":"УИК №2272","vibid":"4024032342121","voters":403,"total":395,"voted":395,"spoiled":0,"yays":379,"nays":16},{"committee":"УИК №2273","vibid":"4024032342122","voters":1028,"total":1008,"voted":1008,"spoiled":0,"yays":997,"nays":11},{"committee":"УИК №2274","vibid":"4024032342123","voters":1555,"total":1526,"voted":1526,"spoiled":3,"yays":1508,"nays":15},{"committee":"УИК №2275","vibid":"4024032342124","voters":1170,"total":1147,"voted":1147,"spoiled":15,"yays":866,"nays":266},{"committee":"УИК №2276","vibid":"4024032342125","voters":1015,"total":996,"voted":996,"spoiled":0,"yays":986,"nays":10},{"committee":"УИК №2277","vibid":"4024032342126","voters":880,"total":863,"voted":863,"spoiled":0,"yays":854,"nays":9},{"committee":"УИК №2278","vibid":"4024032342127","voters":442,"total":434,"voted":434,"spoiled":0,"yays":430,"nays":4},{"committee":"УИК №2279","vibid":"4024032342128","voters":210,"total":203,"voted":203,"spoiled":0,"yays":197,"nays":6},{"committee":"УИК №2280","vibid":"4024032342129","voters":442,"total":434,"voted":434,"spoiled":0,"yays":423,"nays":11},{"committee":"УИК №2281","vibid":"4024032342130","voters":1558,"total":1079,"voted":1079,"spoiled":0,"yays":905,"nays":174},{"committee":"УИК №2282","vibid":"4024032342131","voters":1875,"total":1839,"voted":1839,"spoiled":0,"yays":1774,"nays":65},{"committee":"УИК №2283","vibid":"4024032342132","voters":248,"total":244,"voted":244,"spoiled":0,"yays":241,"nays":3},{"committee":"УИК №2284","vibid":"4024032342133","voters":320,"total":314,"voted":314,"spoiled":0,"yays":311,"nays":3},{"committee":"УИК №2285","vibid":"4024032342134","voters":144,"total":141,"voted":141,"spoiled":0,"yays":125,"nays":16},{"committee":"УИК №2286","vibid":"4024032342135","voters":2318,"total":2283,"voted":2283,"spoiled":3,"yays":2248,"nays":32},{"committee":"УИК №2287","vibid":"4024032342136","voters":2055,"total":2016,"voted":2016,"spoiled":0,"yays":2001,"nays":15},{"committee":"УИК №2288","vibid":"4024032342137","voters":1835,"total":1811,"voted":1811,"spoiled":2,"yays":1802,"nays":7},{"committee":"УИК №2289","vibid":"4024032342138","voters":1075,"total":1039,"voted":1039,"spoiled":20,"yays":793,"nays":226},{"committee":"УИК №2290","vibid":"4024032342139","voters":541,"total":531,"voted":531,"spoiled":0,"yays":524,"nays":7},{"committee":"УИК №2291","vibid":"4024032342140","voters":1299,"total":1274,"voted":1274,"spoiled":8,"yays":1103,"nays":163},{"committee":"УИК №2292","vibid":"4024032342141","voters":679,"total":666,"voted":666,"spoiled":0,"yays":652,"nays":14},{"committee":"УИК №2293","vibid":"4024032342142","voters":199,"total":195,"voted":195,"spoiled":0,"yays":187,"nays":8},{"committee":"УИК №2294","vibid":"4024032342143","voters":172,"total":168,"voted":168,"spoiled":0,"yays":162,"nays":6},{"committee":"УИК №2295","vibid":"4024032342144","voters":795,"total":780,"voted":780,"spoiled":0,"yays":751,"nays":29},{"committee":"УИК №2296","vibid":"4024032342145","voters":694,"total":681,"voted":681,"spoiled":0,"yays":654,"nays":27},{"committee":"УИК №2297","vibid":"4024032342146","voters":279,"total":273,"voted":273,"spoiled":0,"yays":264,"nays":9},{"committee":"УИК №2298","vibid":"4024032342147","voters":1058,"total":1036,"voted":1036,"spoiled":10,"yays":778,"nays":248},{"committee":"УИК №2299","vibid":"4024032342148","voters":587,"total":576,"voted":576,"spoiled":0,"yays":554,"nays":22},{"committee":"УИК №2300","vibid":"4024032342149","voters":690,"total":676,"voted":675,"spoiled":0,"yays":662,"nays":13},{"committee":"УИК №2301","vibid":"4024032342150","voters":1765,"total":1731,"voted":1731,"spoiled":2,"yays":1712,"nays":17},{"committee":"УИК №2302","vibid":"4024032342151","voters":2003,"total":1965,"voted":1965,"spoiled":2,"yays":1943,"nays":20},{"committee":"УИК №2303","vibid":"4024032342152","voters":649,"total":637,"voted":637,"spoiled":0,"yays":612,"nays":25},{"committee":"УИК №2304","vibid":"4024032342153","voters":205,"total":202,"voted":202,"spoiled":0,"yays":194,"nays":8},{"committee":"УИК №2305","vibid":"4024032342154","voters":853,"total":837,"voted":837,"spoiled":0,"yays":804,"nays":33},{"committee":"УИК №2306","vibid":"4024032342155","voters":327,"total":321,"voted":321,"spoiled":1,"yays":308,"nays":12},{"committee":"УИК №2307","vibid":"4024032342156","voters":241,"total":237,"voted":237,"spoiled":0,"yays":228,"nays":9},{"committee":"УИК №2308","vibid":"4024032342157","voters":1049,"total":1029,"voted":1029,"spoiled":0,"yays":1017,"nays":12},{"committee":"УИК №2309","vibid":"4024032342158","voters":219,"total":215,"voted":215,"spoiled":0,"yays":207,"nays":8},{"committee":"УИК №2310","vibid":"4024032342159","voters":446,"total":437,"voted":437,"spoiled":0,"yays":432,"nays":5},{"committee":"УИК №2311","vibid":"4024032342160","voters":221,"total":217,"voted":217,"spoiled":0,"yays":213,"nays":4},{"committee":"УИК №2312","vibid":"4024032342161","voters":612,"total":601,"voted":601,"spoiled":0,"yays":577,"nays":24},{"committee":"УИК №2313","vibid":"4024032342162","voters":275,"total":270,"voted":270,"spoiled":0,"yays":261,"nays":9},{"committee":"УИК №2314","vibid":"4024032342163","voters":834,"total":816,"voted":816,"spoiled":0,"yays":804,"nays":12},{"committee":"УИК №2315","vibid":"4024032342164","voters":638,"total":625,"voted":625,"spoiled":0,"yays":618,"nays":7},{"committee":"УИК №2316","vibid":"4024032342165","voters":731,"total":717,"voted":717,"spoiled":0,"yays":709,"nays":8},{"committee":"УИК №3530","vibid":"4024032342166","voters":154,"total":148,"voted":148,"spoiled":0,"yays":145,"nays":3}]