[{"committee":"УИК №1972","vibid":"4024026279262","voters":100,"total":97,"voted":97,"spoiled":0,"yays":95,"nays":2},{"committee":"УИК №1973","vibid":"4024026279264","voters":130,"total":125,"voted":125,"spoiled":0,"yays":119,"nays":6},{"committee":"УИК №1974","vibid":"4024026279266","voters":191,"total":173,"voted":173,"spoiled":1,"yays":159,"nays":13},{"committee":"УИК №1975","vibid":"4024026279268","voters":118,"total":118,"voted":118,"spoiled":0,"yays":113,"nays":5},{"committee":"УИК №1976","vibid":"4024026279270","voters":309,"total":296,"voted":296,"spoiled":1,"yays":278,"nays":17},{"committee":"УИК №1977","vibid":"4024026279272","voters":38,"total":37,"voted":37,"spoiled":1,"yays":36,"nays":0},{"committee":"УИК №1978","vibid":"4024026279274","voters":55,"total":53,"voted":53,"spoiled":0,"yays":52,"nays":1},{"committee":"УИК №1979","vibid":"4024026279276","voters":57,"total":56,"voted":56,"spoiled":0,"yays":56,"nays":0},{"committee":"УИК №1980","vibid":"4024026279278","voters":117,"total":114,"voted":114,"spoiled":0,"yays":109,"nays":5},{"committee":"УИК №1981","vibid":"4024026279282","voters":175,"total":165,"voted":165,"spoiled":0,"yays":157,"nays":8},{"committee":"УИК №1982","vibid":"4024026279284","voters":288,"total":277,"voted":277,"spoiled":0,"yays":260,"nays":17},{"committee":"УИК №1983","vibid":"4024026279286","voters":56,"total":54,"voted":54,"spoiled":0,"yays":51,"nays":3},{"committee":"УИК №1984","vibid":"4024026279288","voters":74,"total":71,"voted":71,"spoiled":0,"yays":67,"nays":4},{"committee":"УИК №1985","vibid":"4024026279290","voters":446,"total":428,"voted":428,"spoiled":0,"yays":405,"nays":23},{"committee":"УИК №1987","vibid":"4024026279292","voters":440,"total":423,"voted":423,"spoiled":6,"yays":397,"nays":20},{"committee":"УИК №1988","vibid":"4024026279294","voters":2212,"total":2095,"voted":2095,"spoiled":0,"yays":1990,"nays":105},{"committee":"УИК №1989","vibid":"4024026279296","voters":550,"total":524,"voted":524,"spoiled":0,"yays":498,"nays":26},{"committee":"УИК №1990","vibid":"4024026279298","voters":62,"total":60,"voted":60,"spoiled":0,"yays":56,"nays":4},{"committee":"УИК №1991","vibid":"4024026279300","voters":161,"total":151,"voted":151,"spoiled":0,"yays":116,"nays":35},{"committee":"УИК №1992","vibid":"4024026279302","voters":632,"total":603,"voted":603,"spoiled":0,"yays":566,"nays":37},{"committee":"УИК №1993","vibid":"4024026279304","voters":75,"total":71,"voted":71,"spoiled":0,"yays":71,"nays":0},{"committee":"УИК №1994","vibid":"4024026279306","voters":73,"total":66,"voted":66,"spoiled":0,"yays":63,"nays":3},{"committee":"УИК №1996","vibid":"4024026279308","voters":93,"total":91,"voted":91,"spoiled":2,"yays":81,"nays":8},{"committee":"УИК №1997","vibid":"4024026279310","voters":1458,"total":1387,"voted":1387,"spoiled":23,"yays":1243,"nays":121},{"committee":"УИК №1998","vibid":"4024026279312","voters":94,"total":90,"voted":90,"spoiled":0,"yays":79,"nays":11},{"committee":"УИК №1999","vibid":"4024026279314","voters":373,"total":351,"voted":351,"spoiled":0,"yays":334,"nays":17},{"committee":"УИК №2000","vibid":"4024026279316","voters":119,"total":115,"voted":115,"spoiled":0,"yays":111,"nays":4},{"committee":"УИК №2001","vibid":"4024026279318","voters":112,"total":108,"voted":108,"spoiled":3,"yays":100,"nays":5},{"committee":"УИК №2002","vibid":"4024026279320","voters":165,"total":159,"voted":159,"spoiled":0,"yays":157,"nays":2},{"committee":"УИК №2005","vibid":"4024026279322","voters":165,"total":163,"voted":163,"spoiled":0,"yays":155,"nays":8},{"committee":"УИК №2006","vibid":"4024026279324","voters":170,"total":163,"voted":163,"spoiled":0,"yays":153,"nays":10},{"committee":"УИК №2007","vibid":"4024026279326","voters":113,"total":109,"voted":109,"spoiled":0,"yays":105,"nays":4},{"committee":"УИК №2008","vibid":"4024026279328","voters":108,"total":104,"voted":104,"spoiled":2,"yays":99,"nays":3},{"committee":"УИК №2009","vibid":"4024026279330","voters":1172,"total":1121,"voted":1121,"spoiled":20,"yays":906,"nays":195},{"committee":"УИК №2010","vibid":"4024026279332","voters":316,"total":301,"voted":301,"spoiled":0,"yays":287,"nays":14},{"committee":"УИК №2011","vibid":"4024026279334","voters":540,"total":517,"voted":517,"spoiled":0,"yays":485,"nays":32},{"committee":"УИК №2012","vibid":"4024026279336","voters":193,"total":179,"voted":179,"spoiled":0,"yays":161,"nays":18}]