[{"committee":"УИК №801","vibid":"4064004164947","voters":2735,"total":2298,"voted":2298,"spoiled":46,"yays":2062,"nays":190},{"committee":"УИК №802","vibid":"4064004164948","voters":2826,"total":2407,"voted":2407,"spoiled":49,"yays":2106,"nays":252},{"committee":"УИК №803","vibid":"4064004164949","voters":1646,"total":1392,"voted":1392,"spoiled":13,"yays":1285,"nays":94},{"committee":"УИК №804","vibid":"4064004164950","voters":2381,"total":1990,"voted":1990,"spoiled":24,"yays":1781,"nays":185},{"committee":"УИК №805","vibid":"4064004164951","voters":2216,"total":1817,"voted":1817,"spoiled":44,"yays":1435,"nays":338},{"committee":"УИК №806","vibid":"4064004164952","voters":2837,"total":2486,"voted":2486,"spoiled":65,"yays":2111,"nays":310},{"committee":"УИК №807","vibid":"4064004164953","voters":2204,"total":1821,"voted":1821,"spoiled":38,"yays":1620,"nays":163},{"committee":"УИК №808","vibid":"4064004164954","voters":1520,"total":1293,"voted":1293,"spoiled":12,"yays":1142,"nays":139},{"committee":"УИК №809","vibid":"4064004164955","voters":967,"total":846,"voted":846,"spoiled":5,"yays":747,"nays":94},{"committee":"УИК №810","vibid":"4064004164956","voters":1082,"total":971,"voted":971,"spoiled":0,"yays":841,"nays":130},{"committee":"УИК №811","vibid":"4064004164957","voters":970,"total":767,"voted":767,"spoiled":10,"yays":639,"nays":118},{"committee":"УИК №812","vibid":"4064004164958","voters":460,"total":394,"voted":394,"spoiled":1,"yays":362,"nays":31},{"committee":"УИК №813","vibid":"4064004164959","voters":124,"total":121,"voted":121,"spoiled":0,"yays":117,"nays":4},{"committee":"УИК №814","vibid":"4064004164960","voters":222,"total":209,"voted":209,"spoiled":2,"yays":176,"nays":31},{"committee":"УИК №815","vibid":"4064004164961","voters":309,"total":293,"voted":293,"spoiled":2,"yays":251,"nays":40},{"committee":"УИК №816","vibid":"4064004164962","voters":789,"total":603,"voted":603,"spoiled":4,"yays":488,"nays":111},{"committee":"УИК №817","vibid":"4064004164963","voters":1157,"total":1141,"voted":1141,"spoiled":9,"yays":1093,"nays":39}]