[{"committee":"УИК №98","vibid":"4074004245831","voters":2560,"total":2035,"voted":2015,"spoiled":36,"yays":782,"nays":1197},{"committee":"УИК №99","vibid":"4074004245832","voters":1219,"total":926,"voted":910,"spoiled":18,"yays":821,"nays":71},{"committee":"УИК №100","vibid":"4074004245833","voters":1509,"total":1210,"voted":1135,"spoiled":17,"yays":1043,"nays":75},{"committee":"УИК №101","vibid":"4074004245834","voters":1545,"total":1235,"voted":1220,"spoiled":31,"yays":1102,"nays":87},{"committee":"УИК №102","vibid":"4074004245835","voters":1438,"total":1135,"voted":1116,"spoiled":16,"yays":1019,"nays":81},{"committee":"УИК №103","vibid":"4074004245836","voters":768,"total":608,"voted":584,"spoiled":7,"yays":536,"nays":41},{"committee":"УИК №104","vibid":"4074004245837","voters":1280,"total":1022,"voted":1005,"spoiled":18,"yays":914,"nays":73},{"committee":"УИК №105","vibid":"4074004245838","voters":2312,"total":1801,"voted":1745,"spoiled":33,"yays":653,"nays":1059},{"committee":"УИК №106","vibid":"4074004245839","voters":1382,"total":1065,"voted":1042,"spoiled":15,"yays":955,"nays":72},{"committee":"УИК №107","vibid":"4074004245840","voters":1540,"total":1219,"voted":1200,"spoiled":17,"yays":1092,"nays":91},{"committee":"УИК №108","vibid":"4074004245841","voters":2408,"total":1860,"voted":1823,"spoiled":38,"yays":725,"nays":1060},{"committee":"УИК №109","vibid":"4074004245842","voters":1814,"total":1430,"voted":1388,"spoiled":15,"yays":1272,"nays":101},{"committee":"УИК №110","vibid":"4074004245843","voters":2077,"total":1641,"voted":1611,"spoiled":18,"yays":631,"nays":962},{"committee":"УИК №111","vibid":"4074004245844","voters":2358,"total":1826,"voted":1787,"spoiled":35,"yays":678,"nays":1074},{"committee":"УИК №112","vibid":"4074004245845","voters":2424,"total":1917,"voted":1893,"spoiled":45,"yays":742,"nays":1106},{"committee":"УИК №113","vibid":"4074004245846","voters":2112,"total":1707,"voted":1660,"spoiled":20,"yays":1518,"nays":122},{"committee":"УИК №114","vibid":"4074004245847","voters":1397,"total":1100,"voted":1084,"spoiled":21,"yays":982,"nays":81},{"committee":"УИК №115","vibid":"4074004245848","voters":1008,"total":796,"voted":769,"spoiled":19,"yays":701,"nays":49},{"committee":"УИК №116","vibid":"4074004245849","voters":1435,"total":1150,"voted":1110,"spoiled":19,"yays":1010,"nays":81},{"committee":"УИК №117","vibid":"4074004245850","voters":1797,"total":1395,"voted":1331,"spoiled":26,"yays":1215,"nays":90},{"committee":"УИК №118","vibid":"4074004245851","voters":1306,"total":1042,"voted":1027,"spoiled":26,"yays":919,"nays":82},{"committee":"УИК №119","vibid":"4074004245852","voters":1637,"total":1295,"voted":1268,"spoiled":4,"yays":1159,"nays":105},{"committee":"УИК №120","vibid":"4074004245853","voters":1663,"total":1330,"voted":1326,"spoiled":34,"yays":1180,"nays":112},{"committee":"УИК №121","vibid":"4074004245854","voters":1479,"total":1143,"voted":1130,"spoiled":42,"yays":1003,"nays":85},{"committee":"УИК №122","vibid":"4074004245855","voters":1169,"total":921,"voted":909,"spoiled":15,"yays":823,"nays":71},{"committee":"УИК №123","vibid":"4074004245856","voters":1437,"total":1141,"voted":1094,"spoiled":15,"yays":1004,"nays":75},{"committee":"УИК №124","vibid":"4074004245857","voters":1379,"total":1074,"voted":1070,"spoiled":13,"yays":982,"nays":75},{"committee":"УИК №125","vibid":"4074004245858","voters":1551,"total":1228,"voted":1212,"spoiled":31,"yays":1093,"nays":88},{"committee":"УИК №126","vibid":"4074004245859","voters":2153,"total":1713,"voted":1663,"spoiled":22,"yays":642,"nays":999},{"committee":"УИК №127","vibid":"4074004245860","voters":41,"total":33,"voted":32,"spoiled":1,"yays":30,"nays":1},{"committee":"УИК №128","vibid":"4074004245861","voters":2091,"total":1706,"voted":1694,"spoiled":39,"yays":635,"nays":1020},{"committee":"УИК №129","vibid":"4074004245862","voters":1193,"total":942,"voted":937,"spoiled":19,"yays":849,"nays":69},{"committee":"УИК №130","vibid":"4074004245863","voters":2108,"total":1607,"voted":1590,"spoiled":39,"yays":1444,"nays":107},{"committee":"УИК №131","vibid":"4074004245864","voters":1134,"total":894,"voted":892,"spoiled":21,"yays":809,"nays":62},{"committee":"УИК №132","vibid":"4074004245865","voters":1033,"total":825,"voted":821,"spoiled":15,"yays":742,"nays":64},{"committee":"УИК №133","vibid":"4074004245866","voters":2230,"total":1745,"voted":1735,"spoiled":44,"yays":689,"nays":1002},{"committee":"УИК №134","vibid":"4074004245867","voters":1457,"total":1162,"voted":1152,"spoiled":29,"yays":1042,"nays":81},{"committee":"УИК №135","vibid":"4074004245868","voters":1659,"total":1321,"voted":1292,"spoiled":36,"yays":1165,"nays":91},{"committee":"УИК №136","vibid":"4074004245869","voters":1248,"total":988,"voted":969,"spoiled":30,"yays":881,"nays":58},{"committee":"УИК №137","vibid":"4074004245870","voters":2308,"total":1842,"voted":1835,"spoiled":56,"yays":728,"nays":1051},{"committee":"УИК №138","vibid":"4074004245871","voters":1838,"total":1453,"voted":1430,"spoiled":52,"yays":1283,"nays":95},{"committee":"УИК №139","vibid":"4074004245872","voters":2021,"total":1693,"voted":1661,"spoiled":49,"yays":661,"nays":951},{"committee":"УИК №140","vibid":"4074004245873","voters":1469,"total":1175,"voted":1172,"spoiled":27,"yays":1056,"nays":89},{"committee":"УИК №141","vibid":"4074004245874","voters":1956,"total":1545,"voted":1515,"spoiled":39,"yays":1373,"nays":103},{"committee":"УИК №142","vibid":"4074004245875","voters":1746,"total":1390,"voted":1356,"spoiled":15,"yays":1244,"nays":97},{"committee":"УИК №143","vibid":"4074004245876","voters":2232,"total":1758,"voted":1733,"spoiled":80,"yays":697,"nays":956},{"committee":"УИК №144","vibid":"4074004245877","voters":2291,"total":1828,"voted":1805,"spoiled":79,"yays":1604,"nays":122},{"committee":"УИК №145","vibid":"4074004245878","voters":2463,"total":1944,"voted":1888,"spoiled":49,"yays":738,"nays":1101},{"committee":"УИК №146","vibid":"4074004245879","voters":1860,"total":1456,"voted":1414,"spoiled":31,"yays":1281,"nays":102},{"committee":"УИК №147","vibid":"4074004245880","voters":2796,"total":2144,"voted":2073,"spoiled":35,"yays":811,"nays":1227},{"committee":"УИК №148","vibid":"4074004245881","voters":1539,"total":1229,"voted":1205,"spoiled":41,"yays":1087,"nays":77},{"committee":"УИК №149","vibid":"4074004245882","voters":1718,"total":1340,"voted":1309,"spoiled":75,"yays":1153,"nays":81},{"committee":"УИК №150","vibid":"4074004245883","voters":395,"total":309,"voted":301,"spoiled":12,"yays":270,"nays":19},{"committee":"УИК №151","vibid":"4074004245884","voters":1399,"total":1104,"voted":1082,"spoiled":31,"yays":976,"nays":75},{"committee":"УИК №152","vibid":"4074004245885","voters":1621,"total":1290,"voted":1266,"spoiled":35,"yays":1157,"nays":74},{"committee":"УИК №153","vibid":"4074004245886","voters":1648,"total":1301,"voted":1271,"spoiled":42,"yays":1135,"nays":94},{"committee":"УИК №154","vibid":"4074004245887","voters":1830,"total":1421,"voted":1385,"spoiled":38,"yays":1252,"nays":95},{"committee":"УИК №155","vibid":"4074004245888","voters":1043,"total":843,"voted":828,"spoiled":19,"yays":738,"nays":71},{"committee":"УИК №156","vibid":"4074004245889","voters":2305,"total":1819,"voted":1774,"spoiled":41,"yays":1600,"nays":133},{"committee":"УИК №157","vibid":"4074004245890","voters":1431,"total":1155,"voted":1124,"spoiled":31,"yays":1018,"nays":75},{"committee":"УИК №158","vibid":"4074004245891","voters":709,"total":560,"voted":547,"spoiled":15,"yays":490,"nays":42},{"committee":"УИК №159","vibid":"4074004245892","voters":1262,"total":1006,"voted":969,"spoiled":25,"yays":879,"nays":65},{"committee":"УИК №160","vibid":"4074004245893","voters":1199,"total":960,"voted":934,"spoiled":14,"yays":856,"nays":64},{"committee":"УИК №161","vibid":"4074004245894","voters":1195,"total":960,"voted":941,"spoiled":19,"yays":848,"nays":74},{"committee":"УИК №162","vibid":"4074004245895","voters":1335,"total":1067,"voted":1029,"spoiled":24,"yays":940,"nays":65},{"committee":"УИК №163","vibid":"4074004245896","voters":1832,"total":1470,"voted":1452,"spoiled":25,"yays":1302,"nays":125},{"committee":"УИК №164","vibid":"4074004245897","voters":1696,"total":1345,"voted":1340,"spoiled":39,"yays":1206,"nays":95},{"committee":"УИК №165","vibid":"4074004245898","voters":1310,"total":1025,"voted":1008,"spoiled":29,"yays":910,"nays":69},{"committee":"УИК №166","vibid":"4074004245899","voters":1335,"total":1068,"voted":1042,"spoiled":22,"yays":943,"nays":77},{"committee":"УИК №167","vibid":"4074004245900","voters":2286,"total":1816,"voted":1755,"spoiled":35,"yays":669,"nays":1051},{"committee":"УИК №168","vibid":"4074004245901","voters":1453,"total":1164,"voted":1137,"spoiled":34,"yays":1017,"nays":86},{"committee":"УИК №169","vibid":"4074004245902","voters":2255,"total":1798,"voted":1774,"spoiled":48,"yays":702,"nays":1024},{"committee":"УИК №170","vibid":"4074004245903","voters":1594,"total":1256,"voted":1230,"spoiled":26,"yays":1117,"nays":87},{"committee":"УИК №171","vibid":"4074004245904","voters":721,"total":570,"voted":556,"spoiled":12,"yays":503,"nays":41},{"committee":"УИК №172","vibid":"4074004245905","voters":1315,"total":1050,"voted":1035,"spoiled":15,"yays":945,"nays":75},{"committee":"УИК №173","vibid":"4074004245906","voters":1299,"total":1018,"voted":1013,"spoiled":26,"yays":913,"nays":74},{"committee":"УИК №174","vibid":"4074004245907","voters":1053,"total":792,"voted":782,"spoiled":9,"yays":712,"nays":61},{"committee":"УИК №175","vibid":"4074004245908","voters":1095,"total":853,"voted":843,"spoiled":21,"yays":757,"nays":65},{"committee":"УИК №176","vibid":"4074004245909","voters":1119,"total":891,"voted":860,"spoiled":9,"yays":791,"nays":60},{"committee":"УИК №177","vibid":"4074004245910","voters":2390,"total":1920,"voted":1836,"spoiled":17,"yays":736,"nays":1083},{"committee":"УИК №178","vibid":"4074004245911","voters":2367,"total":1861,"voted":1762,"spoiled":13,"yays":704,"nays":1045},{"committee":"УИК №179","vibid":"4074004245912","voters":1570,"total":1242,"voted":1180,"spoiled":11,"yays":1088,"nays":81},{"committee":"УИК №180","vibid":"4074004245913","voters":2518,"total":2030,"voted":1996,"spoiled":33,"yays":801,"nays":1162},{"committee":"УИК №181","vibid":"4074004245914","voters":1152,"total":924,"voted":904,"spoiled":15,"yays":825,"nays":64},{"committee":"УИК №182","vibid":"4074004245915","voters":1579,"total":1245,"voted":1230,"spoiled":25,"yays":1116,"nays":89},{"committee":"УИК №183","vibid":"4074004245916","voters":1910,"total":1484,"voted":1444,"spoiled":35,"yays":1308,"nays":101},{"committee":"УИК №184","vibid":"4074004245917","voters":2165,"total":1737,"voted":1684,"spoiled":39,"yays":1521,"nays":124},{"committee":"УИК №185","vibid":"4074004245918","voters":1315,"total":1022,"voted":1004,"spoiled":12,"yays":907,"nays":85},{"committee":"УИК №186","vibid":"4074004245919","voters":1985,"total":1574,"voted":1536,"spoiled":42,"yays":1372,"nays":122},{"committee":"УИК №187","vibid":"4074004245920","voters":1303,"total":1012,"voted":987,"spoiled":15,"yays":903,"nays":69},{"committee":"УИК №188","vibid":"4074004245921","voters":1630,"total":1305,"voted":1275,"spoiled":14,"yays":1168,"nays":93},{"committee":"УИК №189","vibid":"4074004245922","voters":2255,"total":1824,"voted":1801,"spoiled":14,"yays":1632,"nays":155},{"committee":"УИК №190","vibid":"4074004245923","voters":1168,"total":905,"voted":890,"spoiled":16,"yays":806,"nays":68},{"committee":"УИК №191","vibid":"4074004245924","voters":2223,"total":1808,"voted":1773,"spoiled":25,"yays":1620,"nays":128},{"committee":"УИК №192","vibid":"4074004245925","voters":1539,"total":1220,"voted":1202,"spoiled":15,"yays":1099,"nays":88},{"committee":"УИК №193","vibid":"4074004245926","voters":1304,"total":1026,"voted":1005,"spoiled":12,"yays":922,"nays":71},{"committee":"УИК №194","vibid":"4074004245927","voters":1866,"total":1471,"voted":1414,"spoiled":20,"yays":1289,"nays":105},{"committee":"УИК №195","vibid":"4074004245928","voters":1992,"total":1596,"voted":1531,"spoiled":16,"yays":1408,"nays":107},{"committee":"УИК №196","vibid":"4074004245929","voters":1332,"total":1077,"voted":1063,"spoiled":12,"yays":976,"nays":75},{"committee":"УИК №197","vibid":"4074004245930","voters":2240,"total":1815,"voted":1772,"spoiled":6,"yays":1644,"nays":122},{"committee":"УИК №198","vibid":"4074004245931","voters":1671,"total":1305,"voted":1267,"spoiled":24,"yays":1152,"nays":91},{"committee":"УИК №199","vibid":"4074004245932","voters":1478,"total":1173,"voted":1138,"spoiled":21,"yays":1032,"nays":85}]