[{"committee":"УИК №318","vibid":"4074010172420","voters":810,"total":699,"voted":687,"spoiled":13,"yays":651,"nays":23},{"committee":"УИК №319","vibid":"4074010172421","voters":1315,"total":1125,"voted":1102,"spoiled":19,"yays":1002,"nays":81},{"committee":"УИК №320","vibid":"4074010172422","voters":1952,"total":1611,"voted":1609,"spoiled":4,"yays":1498,"nays":107},{"committee":"УИК №321","vibid":"4074010172423","voters":1063,"total":867,"voted":866,"spoiled":4,"yays":804,"nays":58},{"committee":"УИК №322","vibid":"4074010172424","voters":1267,"total":1051,"voted":1043,"spoiled":5,"yays":972,"nays":66},{"committee":"УИК №323","vibid":"4074010172425","voters":1145,"total":966,"voted":963,"spoiled":9,"yays":879,"nays":75},{"committee":"УИК №324","vibid":"4074010172426","voters":1145,"total":980,"voted":966,"spoiled":25,"yays":882,"nays":59},{"committee":"УИК №325","vibid":"4074010172427","voters":1504,"total":1232,"voted":1217,"spoiled":22,"yays":1094,"nays":101},{"committee":"УИК №326","vibid":"4074010172428","voters":1203,"total":987,"voted":983,"spoiled":11,"yays":900,"nays":72},{"committee":"УИК №329","vibid":"4074010172429","voters":570,"total":505,"voted":480,"spoiled":22,"yays":402,"nays":56},{"committee":"УИК №330","vibid":"4074010172430","voters":325,"total":294,"voted":291,"spoiled":3,"yays":266,"nays":22},{"committee":"УИК №331","vibid":"4074010172431","voters":2206,"total":1800,"voted":1774,"spoiled":32,"yays":1598,"nays":144},{"committee":"УИК №332","vibid":"4074010172432","voters":1136,"total":971,"voted":966,"spoiled":10,"yays":891,"nays":65},{"committee":"УИК №333","vibid":"4074010172433","voters":2446,"total":2011,"voted":2002,"spoiled":15,"yays":1848,"nays":139}]