[{"committee":"УИК №1284","vibid":"4054034221378","voters":1691,"total":1622,"voted":1622,"spoiled":4,"yays":1230,"nays":388},{"committee":"УИК №1285","vibid":"4054034221380","voters":2524,"total":2303,"voted":2303,"spoiled":9,"yays":2251,"nays":43},{"committee":"УИК №1286","vibid":"4054034221381","voters":2534,"total":2336,"voted":2336,"spoiled":11,"yays":2190,"nays":135},{"committee":"УИК №1287","vibid":"4054034221382","voters":1392,"total":1253,"voted":1253,"spoiled":0,"yays":1228,"nays":25},{"committee":"УИК №1288","vibid":"4054034221383","voters":659,"total":630,"voted":630,"spoiled":0,"yays":626,"nays":4},{"committee":"УИК №1289","vibid":"4054034221384","voters":386,"total":350,"voted":350,"spoiled":0,"yays":316,"nays":34},{"committee":"УИК №1290","vibid":"4054034221385","voters":2087,"total":1920,"voted":1920,"spoiled":135,"yays":1507,"nays":278},{"committee":"УИК №1291","vibid":"4054034221386","voters":2010,"total":1851,"voted":1851,"spoiled":0,"yays":1572,"nays":279},{"committee":"УИК №1292","vibid":"4054034221387","voters":2086,"total":1986,"voted":1944,"spoiled":2,"yays":1664,"nays":278},{"committee":"УИК №1293","vibid":"4054034221388","voters":1190,"total":958,"voted":958,"spoiled":0,"yays":852,"nays":106},{"committee":"УИК №1294","vibid":"4054034221389","voters":2400,"total":2208,"voted":2208,"spoiled":5,"yays":1734,"nays":469},{"committee":"УИК №1295","vibid":"4054034221390","voters":862,"total":816,"voted":816,"spoiled":4,"yays":787,"nays":25},{"committee":"УИК №1296","vibid":"4054034221391","voters":1936,"total":1830,"voted":1830,"spoiled":0,"yays":1742,"nays":88},{"committee":"УИК №1297","vibid":"4054034221392","voters":2580,"total":2439,"voted":2439,"spoiled":0,"yays":2034,"nays":405},{"committee":"УИК №1298","vibid":"4054034221393","voters":883,"total":809,"voted":809,"spoiled":0,"yays":752,"nays":57},{"committee":"УИК №1299","vibid":"4054034221394","voters":1764,"total":1640,"voted":1640,"spoiled":0,"yays":1425,"nays":215},{"committee":"УИК №1300","vibid":"4054034221395","voters":1577,"total":1514,"voted":1514,"spoiled":20,"yays":1453,"nays":41},{"committee":"УИК №1301","vibid":"4054034221396","voters":495,"total":495,"voted":475,"spoiled":0,"yays":456,"nays":19},{"committee":"УИК №1302","vibid":"4054034221397","voters":112,"total":112,"voted":112,"spoiled":0,"yays":105,"nays":7},{"committee":"УИК №1303","vibid":"4054034221398","voters":1177,"total":1127,"voted":1127,"spoiled":0,"yays":1109,"nays":18},{"committee":"УИК №1304","vibid":"4054034221399","voters":804,"total":783,"voted":783,"spoiled":2,"yays":751,"nays":30},{"committee":"УИК №1305","vibid":"4054034221400","voters":718,"total":686,"voted":686,"spoiled":0,"yays":662,"nays":24},{"committee":"УИК №1306","vibid":"4054034221401","voters":297,"total":295,"voted":295,"spoiled":0,"yays":283,"nays":12},{"committee":"УИК №1307","vibid":"4054034221402","voters":660,"total":606,"voted":606,"spoiled":3,"yays":563,"nays":40},{"committee":"УИК №1308","vibid":"4054034221403","voters":424,"total":391,"voted":391,"spoiled":1,"yays":362,"nays":28},{"committee":"УИК №1309","vibid":"4054034221404","voters":351,"total":305,"voted":305,"spoiled":2,"yays":292,"nays":11},{"committee":"УИК №1310","vibid":"4054034221405","voters":122,"total":117,"voted":117,"spoiled":0,"yays":115,"nays":2},{"committee":"УИК №1311","vibid":"4054034221406","voters":170,"total":162,"voted":162,"spoiled":1,"yays":139,"nays":22},{"committee":"УИК №1312","vibid":"4054034221407","voters":392,"total":366,"voted":366,"spoiled":0,"yays":351,"nays":15},{"committee":"УИК №1313","vibid":"4054034221408","voters":293,"total":293,"voted":269,"spoiled":0,"yays":250,"nays":19},{"committee":"УИК №1314","vibid":"4054034221409","voters":160,"total":148,"voted":148,"spoiled":0,"yays":138,"nays":10},{"committee":"УИК №1315","vibid":"4054034221410","voters":101,"total":93,"voted":93,"spoiled":0,"yays":86,"nays":7},{"committee":"УИК №1316","vibid":"4054034221411","voters":182,"total":168,"voted":168,"spoiled":0,"yays":156,"nays":12},{"committee":"УИК №1317","vibid":"4054034221412","voters":101,"total":94,"voted":94,"spoiled":0,"yays":87,"nays":7},{"committee":"УИК №1318","vibid":"4054034221413","voters":325,"total":323,"voted":297,"spoiled":1,"yays":280,"nays":16},{"committee":"УИК №1319","vibid":"4054034221414","voters":343,"total":296,"voted":296,"spoiled":0,"yays":272,"nays":24},{"committee":"УИК №1320","vibid":"4054034221415","voters":195,"total":183,"voted":183,"spoiled":2,"yays":159,"nays":22},{"committee":"УИК №1321","vibid":"4054034221416","voters":105,"total":105,"voted":84,"spoiled":4,"yays":47,"nays":33},{"committee":"УИК №1322","vibid":"4054034221417","voters":89,"total":79,"voted":79,"spoiled":0,"yays":74,"nays":5},{"committee":"УИК №1323","vibid":"4054034221418","voters":171,"total":171,"voted":163,"spoiled":2,"yays":146,"nays":15},{"committee":"УИК №1324","vibid":"4054034221419","voters":436,"total":406,"voted":406,"spoiled":0,"yays":377,"nays":29},{"committee":"УИК №1325","vibid":"4054034221420","voters":179,"total":166,"voted":166,"spoiled":0,"yays":156,"nays":10}]