[{"committee":"УИК №137","vibid":"4054005173382","voters":2350,"total":2138,"voted":2138,"spoiled":0,"yays":2102,"nays":36},{"committee":"УИК №138","vibid":"4054005173383","voters":1437,"total":1307,"voted":1307,"spoiled":0,"yays":1289,"nays":18},{"committee":"УИК №139","vibid":"4054005173384","voters":1743,"total":1584,"voted":1584,"spoiled":0,"yays":1553,"nays":31},{"committee":"УИК №140","vibid":"4054005173385","voters":164,"total":160,"voted":160,"spoiled":0,"yays":152,"nays":8},{"committee":"УИК №141","vibid":"4054005173386","voters":2303,"total":2124,"voted":2124,"spoiled":0,"yays":2074,"nays":50},{"committee":"УИК №142","vibid":"4054005173387","voters":813,"total":753,"voted":753,"spoiled":0,"yays":724,"nays":29},{"committee":"УИК №143","vibid":"4054005173388","voters":575,"total":551,"voted":551,"spoiled":0,"yays":521,"nays":30},{"committee":"УИК №144","vibid":"4054005173389","voters":628,"total":598,"voted":598,"spoiled":0,"yays":587,"nays":11},{"committee":"УИК №145","vibid":"4054005173390","voters":1020,"total":969,"voted":969,"spoiled":0,"yays":946,"nays":23},{"committee":"УИК №146","vibid":"4054005173391","voters":1488,"total":1449,"voted":1449,"spoiled":0,"yays":1405,"nays":44},{"committee":"УИК №147","vibid":"4054005173392","voters":1420,"total":1369,"voted":1369,"spoiled":0,"yays":1328,"nays":41},{"committee":"УИК №148","vibid":"4054005173393","voters":1585,"total":1436,"voted":1436,"spoiled":11,"yays":1159,"nays":266},{"committee":"УИК №149","vibid":"4054005173394","voters":1507,"total":1446,"voted":1446,"spoiled":0,"yays":1408,"nays":38},{"committee":"УИК №150","vibid":"4054005173395","voters":1330,"total":1232,"voted":1232,"spoiled":3,"yays":1094,"nays":135},{"committee":"УИК №151","vibid":"4054005173396","voters":1279,"total":1170,"voted":1170,"spoiled":0,"yays":1139,"nays":31},{"committee":"УИК №152","vibid":"4054005173397","voters":1395,"total":1311,"voted":1311,"spoiled":0,"yays":1297,"nays":14},{"committee":"УИК №153","vibid":"4054005173398","voters":420,"total":400,"voted":400,"spoiled":0,"yays":389,"nays":11},{"committee":"УИК №154","vibid":"4054005173399","voters":441,"total":430,"voted":430,"spoiled":0,"yays":421,"nays":9},{"committee":"УИК №155","vibid":"4054005173400","voters":995,"total":958,"voted":958,"spoiled":0,"yays":940,"nays":18},{"committee":"УИК №156","vibid":"4054005173401","voters":1842,"total":1766,"voted":1766,"spoiled":0,"yays":1716,"nays":50},{"committee":"УИК №157","vibid":"4054005173402","voters":1092,"total":1050,"voted":1050,"spoiled":0,"yays":1012,"nays":38},{"committee":"УИК №158","vibid":"4054005173403","voters":927,"total":874,"voted":874,"spoiled":0,"yays":853,"nays":21},{"committee":"УИК №159","vibid":"4054005173404","voters":159,"total":153,"voted":153,"spoiled":0,"yays":149,"nays":4},{"committee":"УИК №160","vibid":"4054005173405","voters":395,"total":391,"voted":391,"spoiled":0,"yays":361,"nays":30},{"committee":"УИК №161","vibid":"4054005173406","voters":798,"total":768,"voted":768,"spoiled":0,"yays":745,"nays":23}]