[{"committee":"УИК №1708","vibid":"4054042215986","voters":1033,"total":969,"voted":879,"spoiled":5,"yays":771,"nays":103},{"committee":"УИК №1709","vibid":"4054042215988","voters":629,"total":482,"voted":482,"spoiled":0,"yays":450,"nays":32},{"committee":"УИК №1710","vibid":"4054042215989","voters":484,"total":366,"voted":366,"spoiled":7,"yays":331,"nays":28},{"committee":"УИК №1711","vibid":"4054042215990","voters":394,"total":301,"voted":301,"spoiled":0,"yays":274,"nays":27},{"committee":"УИК №1712","vibid":"4054042215991","voters":73,"total":54,"voted":54,"spoiled":0,"yays":45,"nays":9},{"committee":"УИК №1713","vibid":"4054042215992","voters":676,"total":458,"voted":458,"spoiled":0,"yays":435,"nays":23},{"committee":"УИК №1714","vibid":"4054042215993","voters":187,"total":165,"voted":165,"spoiled":0,"yays":159,"nays":6},{"committee":"УИК №1715","vibid":"4054042215994","voters":348,"total":298,"voted":298,"spoiled":0,"yays":280,"nays":18},{"committee":"УИК №1716","vibid":"4054042215995","voters":633,"total":538,"voted":538,"spoiled":0,"yays":510,"nays":28},{"committee":"УИК №1717","vibid":"4054042215996","voters":195,"total":183,"voted":183,"spoiled":0,"yays":181,"nays":2},{"committee":"УИК №1718","vibid":"4054042215997","voters":320,"total":303,"voted":303,"spoiled":0,"yays":260,"nays":43},{"committee":"УИК №1719","vibid":"4054042215998","voters":105,"total":95,"voted":95,"spoiled":2,"yays":77,"nays":16},{"committee":"УИК №1720","vibid":"4054042215999","voters":414,"total":312,"voted":312,"spoiled":0,"yays":285,"nays":27},{"committee":"УИК №1721","vibid":"4054042216000","voters":897,"total":554,"voted":554,"spoiled":0,"yays":510,"nays":44},{"committee":"УИК №1722","vibid":"4054042216001","voters":632,"total":435,"voted":435,"spoiled":0,"yays":409,"nays":26},{"committee":"УИК №1723","vibid":"4054042216002","voters":117,"total":98,"voted":98,"spoiled":0,"yays":94,"nays":4},{"committee":"УИК №1724","vibid":"4054042216003","voters":68,"total":63,"voted":63,"spoiled":0,"yays":60,"nays":3},{"committee":"УИК №1725","vibid":"4054042216004","voters":66,"total":63,"voted":63,"spoiled":0,"yays":60,"nays":3},{"committee":"УИК №1726","vibid":"4054042216005","voters":58,"total":52,"voted":52,"spoiled":0,"yays":48,"nays":4},{"committee":"УИК №1727","vibid":"4054042216006","voters":307,"total":290,"voted":290,"spoiled":0,"yays":260,"nays":30},{"committee":"УИК №1728","vibid":"4054042216007","voters":404,"total":346,"voted":346,"spoiled":0,"yays":340,"nays":6},{"committee":"УИК №1729","vibid":"4054042216008","voters":55,"total":47,"voted":47,"spoiled":0,"yays":44,"nays":3},{"committee":"УИК №1730","vibid":"4054042216009","voters":794,"total":503,"voted":503,"spoiled":0,"yays":473,"nays":30},{"committee":"УИК №1731","vibid":"4054042216010","voters":139,"total":123,"voted":123,"spoiled":0,"yays":121,"nays":2},{"committee":"УИК №1732","vibid":"4054042216011","voters":442,"total":367,"voted":367,"spoiled":0,"yays":349,"nays":18},{"committee":"УИК №1733","vibid":"4054042216012","voters":108,"total":91,"voted":91,"spoiled":0,"yays":79,"nays":12},{"committee":"УИК №1734","vibid":"4054042216013","voters":415,"total":322,"voted":322,"spoiled":0,"yays":306,"nays":16},{"committee":"УИК №1735","vibid":"4054042216014","voters":69,"total":58,"voted":58,"spoiled":0,"yays":49,"nays":9},{"committee":"УИК №1736","vibid":"4054042216015","voters":72,"total":63,"voted":63,"spoiled":0,"yays":57,"nays":6},{"committee":"УИК №1737","vibid":"4054042216016","voters":115,"total":95,"voted":95,"spoiled":0,"yays":89,"nays":6},{"committee":"УИК №1738","vibid":"4054042216017","voters":131,"total":118,"voted":118,"spoiled":0,"yays":109,"nays":9},{"committee":"УИК №1739","vibid":"4054042216018","voters":235,"total":178,"voted":178,"spoiled":0,"yays":170,"nays":8},{"committee":"УИК №1740","vibid":"4054042216019","voters":441,"total":352,"voted":352,"spoiled":0,"yays":268,"nays":84},{"committee":"УИК №1741","vibid":"4054042216020","voters":881,"total":473,"voted":473,"spoiled":0,"yays":433,"nays":40},{"committee":"УИК №1742","vibid":"4054042216021","voters":112,"total":109,"voted":109,"spoiled":0,"yays":109,"nays":0},{"committee":"УИК №1743","vibid":"4054042216022","voters":240,"total":211,"voted":211,"spoiled":0,"yays":211,"nays":0},{"committee":"УИК №1744","vibid":"4054042216023","voters":188,"total":177,"voted":177,"spoiled":0,"yays":170,"nays":7},{"committee":"УИК №1745","vibid":"4054042216024","voters":119,"total":109,"voted":109,"spoiled":0,"yays":109,"nays":0},{"committee":"УИК №1746","vibid":"4054042216025","voters":184,"total":158,"voted":158,"spoiled":0,"yays":158,"nays":0},{"committee":"УИК №1747","vibid":"4054042216026","voters":129,"total":115,"voted":115,"spoiled":0,"yays":110,"nays":5},{"committee":"УИК №1748","vibid":"4054042216027","voters":72,"total":65,"voted":65,"spoiled":0,"yays":65,"nays":0},{"committee":"УИК №1749","vibid":"4054042216028","voters":167,"total":148,"voted":148,"spoiled":0,"yays":148,"nays":0},{"committee":"УИК №1750","vibid":"4054042216029","voters":220,"total":187,"voted":187,"spoiled":0,"yays":177,"nays":10},{"committee":"УИК №1751","vibid":"4054042216030","voters":261,"total":215,"voted":215,"spoiled":0,"yays":215,"nays":0},{"committee":"УИК №1752","vibid":"4054042216031","voters":187,"total":168,"voted":168,"spoiled":0,"yays":160,"nays":8},{"committee":"УИК №1753","vibid":"4054042216032","voters":175,"total":157,"voted":157,"spoiled":0,"yays":150,"nays":7},{"committee":"УИК №1754","vibid":"4054042216033","voters":475,"total":395,"voted":395,"spoiled":31,"yays":351,"nays":13},{"committee":"УИК №1755","vibid":"4054042216034","voters":101,"total":78,"voted":78,"spoiled":0,"yays":78,"nays":0},{"committee":"УИК №1756","vibid":"4054042216035","voters":98,"total":93,"voted":93,"spoiled":5,"yays":86,"nays":2},{"committee":"УИК №1757","vibid":"4054042216036","voters":141,"total":120,"voted":120,"spoiled":0,"yays":118,"nays":2},{"committee":"УИК №1758","vibid":"4054042216037","voters":329,"total":203,"voted":203,"spoiled":0,"yays":203,"nays":0},{"committee":"УИК №1759","vibid":"4054042216038","voters":62,"total":55,"voted":55,"spoiled":0,"yays":48,"nays":7},{"committee":"УИК №1760","vibid":"4054042216039","voters":167,"total":105,"voted":105,"spoiled":0,"yays":105,"nays":0},{"committee":"УИК №1761","vibid":"4054042216040","voters":80,"total":67,"voted":67,"spoiled":0,"yays":60,"nays":7},{"committee":"УИК №1762","vibid":"4054042216041","voters":88,"total":62,"voted":62,"spoiled":0,"yays":61,"nays":1}]