[{"committee":"УИК №68","vibid":"4074013167296","voters":2670,"total":2123,"voted":2075,"spoiled":39,"yays":1854,"nays":182},{"committee":"УИК №69","vibid":"4074013167297","voters":2613,"total":2064,"voted":2048,"spoiled":38,"yays":1820,"nays":190},{"committee":"УИК №70","vibid":"4074013167298","voters":1641,"total":1301,"voted":1282,"spoiled":28,"yays":1153,"nays":101},{"committee":"УИК №71","vibid":"4074013167299","voters":506,"total":405,"voted":402,"spoiled":13,"yays":354,"nays":35},{"committee":"УИК №72","vibid":"4074013167300","voters":451,"total":365,"voted":357,"spoiled":25,"yays":305,"nays":27},{"committee":"УИК №73","vibid":"4074013167301","voters":99,"total":97,"voted":96,"spoiled":1,"yays":87,"nays":8},{"committee":"УИК №74","vibid":"4074013167302","voters":2399,"total":1918,"voted":1887,"spoiled":15,"yays":1719,"nays":153},{"committee":"УИК №75","vibid":"4074013167303","voters":2168,"total":1703,"voted":1676,"spoiled":34,"yays":1518,"nays":124},{"committee":"УИК №76","vibid":"4074013167304","voters":793,"total":614,"voted":596,"spoiled":10,"yays":541,"nays":45},{"committee":"УИК №77","vibid":"4074013167305","voters":2343,"total":1864,"voted":1845,"spoiled":99,"yays":1634,"nays":112},{"committee":"УИК №78","vibid":"4074013167306","voters":2442,"total":1845,"voted":1820,"spoiled":80,"yays":1589,"nays":151}]