[{"committee":"УИК №498","vibid":"4034015159336","voters":472,"total":446,"voted":445,"spoiled":19,"yays":217,"nays":209},{"committee":"УИК №499","vibid":"4034015159337","voters":342,"total":264,"voted":264,"spoiled":2,"yays":192,"nays":70},{"committee":"УИК №500","vibid":"4034015159338","voters":343,"total":285,"voted":285,"spoiled":1,"yays":214,"nays":70},{"committee":"УИК №501","vibid":"4034015159339","voters":324,"total":233,"voted":233,"spoiled":2,"yays":146,"nays":85},{"committee":"УИК №502","vibid":"4034015159340","voters":267,"total":195,"voted":195,"spoiled":0,"yays":133,"nays":62},{"committee":"УИК №503","vibid":"4034015159341","voters":500,"total":336,"voted":336,"spoiled":0,"yays":238,"nays":98},{"committee":"УИК №504","vibid":"4034015159342","voters":304,"total":258,"voted":258,"spoiled":1,"yays":173,"nays":84},{"committee":"УИК №505","vibid":"4034015159343","voters":439,"total":292,"voted":292,"spoiled":1,"yays":191,"nays":100},{"committee":"УИК №506","vibid":"4034015159344","voters":279,"total":243,"voted":243,"spoiled":1,"yays":214,"nays":28},{"committee":"УИК №507","vibid":"4034015159345","voters":358,"total":293,"voted":293,"spoiled":5,"yays":256,"nays":32},{"committee":"УИК №508","vibid":"4034015159346","voters":475,"total":394,"voted":394,"spoiled":3,"yays":320,"nays":71}]