[{"committee":"УИК №426","vibid":"4024002156449","voters":1830,"total":1665,"voted":1665,"spoiled":3,"yays":1518,"nays":144},{"committee":"УИК №427","vibid":"4024002156450","voters":1633,"total":1411,"voted":1411,"spoiled":24,"yays":1257,"nays":130},{"committee":"УИК №428","vibid":"4024002156451","voters":2428,"total":2236,"voted":2236,"spoiled":23,"yays":2090,"nays":123},{"committee":"УИК №429","vibid":"4024002156452","voters":1505,"total":1329,"voted":1329,"spoiled":15,"yays":1190,"nays":124},{"committee":"УИК №430","vibid":"4024002156453","voters":1728,"total":1538,"voted":1538,"spoiled":6,"yays":1413,"nays":119},{"committee":"УИК №431","vibid":"4024002156454","voters":1551,"total":1367,"voted":1367,"spoiled":8,"yays":1118,"nays":241},{"committee":"УИК №432","vibid":"4024002156455","voters":1677,"total":1461,"voted":1461,"spoiled":7,"yays":1264,"nays":190}]