[{"committee":"УИК №348","vibid":"4034010215986","voters":131,"total":131,"voted":131,"spoiled":2,"yays":126,"nays":3},{"committee":"УИК №349","vibid":"4034010215987","voters":338,"total":326,"voted":326,"spoiled":0,"yays":322,"nays":4},{"committee":"УИК №350","vibid":"4034010215988","voters":172,"total":164,"voted":164,"spoiled":2,"yays":160,"nays":2},{"committee":"УИК №351","vibid":"4034010215989","voters":276,"total":228,"voted":228,"spoiled":0,"yays":202,"nays":26},{"committee":"УИК №352","vibid":"4034010215990","voters":1055,"total":877,"voted":877,"spoiled":7,"yays":819,"nays":51},{"committee":"УИК №353","vibid":"4034010215991","voters":354,"total":347,"voted":347,"spoiled":1,"yays":332,"nays":14},{"committee":"УИК №354","vibid":"4034010215992","voters":1867,"total":1840,"voted":1840,"spoiled":4,"yays":1779,"nays":57},{"committee":"УИК №355","vibid":"4034010215993","voters":1774,"total":1759,"voted":1759,"spoiled":5,"yays":1720,"nays":34},{"committee":"УИК №356","vibid":"4034010215994","voters":1581,"total":1549,"voted":1549,"spoiled":7,"yays":1502,"nays":40},{"committee":"УИК №357","vibid":"4034010215995","voters":42,"total":42,"voted":42,"spoiled":1,"yays":41,"nays":0},{"committee":"УИК №358","vibid":"4034010215996","voters":73,"total":70,"voted":70,"spoiled":0,"yays":68,"nays":2},{"committee":"УИК №359","vibid":"4034010215997","voters":208,"total":207,"voted":207,"spoiled":0,"yays":206,"nays":1},{"committee":"УИК №360","vibid":"4034010215998","voters":391,"total":387,"voted":387,"spoiled":0,"yays":385,"nays":2},{"committee":"УИК №361","vibid":"4034010215999","voters":86,"total":85,"voted":85,"spoiled":0,"yays":83,"nays":2},{"committee":"УИК №362","vibid":"4034010216000","voters":429,"total":422,"voted":422,"spoiled":1,"yays":410,"nays":11},{"committee":"УИК №363","vibid":"4034010216001","voters":112,"total":108,"voted":108,"spoiled":0,"yays":105,"nays":3},{"committee":"УИК №364","vibid":"4034010216002","voters":233,"total":225,"voted":225,"spoiled":0,"yays":219,"nays":6},{"committee":"УИК №365","vibid":"4034010216003","voters":652,"total":651,"voted":651,"spoiled":11,"yays":599,"nays":41},{"committee":"УИК №366","vibid":"4034010216004","voters":399,"total":372,"voted":372,"spoiled":0,"yays":343,"nays":29},{"committee":"УИК №367","vibid":"4034010216005","voters":355,"total":340,"voted":340,"spoiled":0,"yays":333,"nays":7},{"committee":"УИК №368","vibid":"4034010216006","voters":126,"total":126,"voted":126,"spoiled":1,"yays":120,"nays":5},{"committee":"УИК №369","vibid":"4034010216007","voters":762,"total":759,"voted":759,"spoiled":0,"yays":754,"nays":5},{"committee":"УИК №370","vibid":"4034010216008","voters":537,"total":520,"voted":520,"spoiled":0,"yays":514,"nays":6},{"committee":"УИК №371","vibid":"4034010216009","voters":62,"total":62,"voted":62,"spoiled":0,"yays":62,"nays":0},{"committee":"УИК №372","vibid":"4034010216276","voters":16,"total":16,"voted":16,"spoiled":0,"yays":16,"nays":0}]