[{"committee":"УИК №106","vibid":"4054004142458","voters":1071,"total":960,"voted":960,"spoiled":10,"yays":794,"nays":156},{"committee":"УИК №107","vibid":"4054004142459","voters":1160,"total":970,"voted":970,"spoiled":1,"yays":922,"nays":47},{"committee":"УИК №108","vibid":"4054004142460","voters":661,"total":538,"voted":538,"spoiled":0,"yays":511,"nays":27},{"committee":"УИК №109","vibid":"4054004142461","voters":1212,"total":1003,"voted":1003,"spoiled":22,"yays":960,"nays":21},{"committee":"УИК №110","vibid":"4054004142462","voters":534,"total":456,"voted":456,"spoiled":0,"yays":432,"nays":24},{"committee":"УИК №111","vibid":"4054004142463","voters":96,"total":84,"voted":84,"spoiled":0,"yays":81,"nays":3},{"committee":"УИК №112","vibid":"4054004142464","voters":1105,"total":920,"voted":920,"spoiled":1,"yays":876,"nays":43},{"committee":"УИК №113","vibid":"4054004142465","voters":1168,"total":920,"voted":920,"spoiled":0,"yays":828,"nays":92},{"committee":"УИК №114","vibid":"4054004142466","voters":662,"total":552,"voted":552,"spoiled":5,"yays":500,"nays":47},{"committee":"УИК №115","vibid":"4054004142467","voters":151,"total":136,"voted":136,"spoiled":0,"yays":127,"nays":9},{"committee":"УИК №116","vibid":"4054004142468","voters":176,"total":158,"voted":158,"spoiled":0,"yays":147,"nays":11},{"committee":"УИК №117","vibid":"4054004142469","voters":200,"total":180,"voted":180,"spoiled":0,"yays":172,"nays":8},{"committee":"УИК №118","vibid":"4054004142470","voters":325,"total":283,"voted":283,"spoiled":0,"yays":264,"nays":19},{"committee":"УИК №119","vibid":"4054004142471","voters":867,"total":742,"voted":742,"spoiled":0,"yays":690,"nays":52},{"committee":"УИК №120","vibid":"4054004142472","voters":885,"total":740,"voted":740,"spoiled":1,"yays":684,"nays":55},{"committee":"УИК №121","vibid":"4054004142473","voters":730,"total":618,"voted":618,"spoiled":0,"yays":580,"nays":38},{"committee":"УИК №122","vibid":"4054004142474","voters":70,"total":64,"voted":64,"spoiled":0,"yays":59,"nays":5},{"committee":"УИК №123","vibid":"4054004142475","voters":599,"total":452,"voted":452,"spoiled":0,"yays":415,"nays":37},{"committee":"УИК №124","vibid":"4054004142476","voters":1053,"total":938,"voted":938,"spoiled":0,"yays":905,"nays":33},{"committee":"УИК №125","vibid":"4054004142477","voters":502,"total":422,"voted":422,"spoiled":0,"yays":391,"nays":31},{"committee":"УИК №126","vibid":"4054004142478","voters":72,"total":65,"voted":65,"spoiled":0,"yays":59,"nays":6},{"committee":"УИК №127","vibid":"4054004142479","voters":513,"total":431,"voted":431,"spoiled":0,"yays":396,"nays":35},{"committee":"УИК №128","vibid":"4054004142480","voters":315,"total":296,"voted":296,"spoiled":0,"yays":278,"nays":18},{"committee":"УИК №129","vibid":"4054004142481","voters":108,"total":96,"voted":96,"spoiled":0,"yays":80,"nays":16},{"committee":"УИК №130","vibid":"4054004142482","voters":636,"total":536,"voted":536,"spoiled":0,"yays":509,"nays":27},{"committee":"УИК №131","vibid":"4054004142483","voters":210,"total":179,"voted":179,"spoiled":0,"yays":167,"nays":12},{"committee":"УИК №132","vibid":"4054004142484","voters":917,"total":845,"voted":845,"spoiled":3,"yays":777,"nays":65},{"committee":"УИК №133","vibid":"4054004142485","voters":101,"total":89,"voted":89,"spoiled":0,"yays":82,"nays":7},{"committee":"УИК №134","vibid":"4054004142486","voters":674,"total":604,"voted":604,"spoiled":5,"yays":539,"nays":60},{"committee":"УИК №135","vibid":"4054004142487","voters":521,"total":441,"voted":441,"spoiled":1,"yays":419,"nays":21},{"committee":"УИК №136","vibid":"4054004142488","voters":176,"total":161,"voted":161,"spoiled":3,"yays":148,"nays":10}]