[{"committee":"УИК №1909","vibid":"4054046105439","voters":2156,"total":1645,"voted":1645,"spoiled":0,"yays":1464,"nays":181},{"committee":"УИК №1910","vibid":"4054046105441","voters":2019,"total":1492,"voted":1492,"spoiled":7,"yays":1262,"nays":223},{"committee":"УИК №1911","vibid":"4054046105443","voters":1737,"total":1261,"voted":1261,"spoiled":0,"yays":1097,"nays":164},{"committee":"УИК №1912","vibid":"4054046105445","voters":286,"total":250,"voted":250,"spoiled":0,"yays":220,"nays":30}]