[{"committee":"УИК №277","vibid":"4074008175997","voters":2847,"total":2328,"voted":2312,"spoiled":47,"yays":2103,"nays":162},{"committee":"УИК №278","vibid":"4074008175998","voters":1744,"total":1463,"voted":1445,"spoiled":29,"yays":1294,"nays":122},{"committee":"УИК №279","vibid":"4074008175999","voters":791,"total":644,"voted":624,"spoiled":11,"yays":565,"nays":48},{"committee":"УИК №280","vibid":"4074008176000","voters":822,"total":658,"voted":646,"spoiled":13,"yays":588,"nays":45},{"committee":"УИК №281","vibid":"4074008176001","voters":1775,"total":1443,"voted":1392,"spoiled":20,"yays":1258,"nays":114},{"committee":"УИК №282","vibid":"4074008176002","voters":1675,"total":1360,"voted":1307,"spoiled":27,"yays":1171,"nays":109},{"committee":"УИК №283","vibid":"4074008176003","voters":2567,"total":2154,"voted":2113,"spoiled":30,"yays":1946,"nays":137},{"committee":"УИК №284","vibid":"4074008176004","voters":1640,"total":1316,"voted":1315,"spoiled":1,"yays":1296,"nays":18},{"committee":"УИК №285","vibid":"4074008176005","voters":1750,"total":1450,"voted":1425,"spoiled":18,"yays":1284,"nays":123},{"committee":"УИК №286","vibid":"4074008176006","voters":2609,"total":2020,"voted":2003,"spoiled":48,"yays":1811,"nays":144},{"committee":"УИК №287","vibid":"4074008176007","voters":2165,"total":1803,"voted":1724,"spoiled":26,"yays":824,"nays":874},{"committee":"УИК №288","vibid":"4074008176008","voters":1075,"total":865,"voted":855,"spoiled":16,"yays":773,"nays":66},{"committee":"УИК №289","vibid":"4074008176009","voters":1140,"total":909,"voted":905,"spoiled":18,"yays":820,"nays":67},{"committee":"УИК №290","vibid":"4074008176010","voters":2187,"total":1795,"voted":1788,"spoiled":32,"yays":1610,"nays":146},{"committee":"УИК №291","vibid":"4074008176011","voters":2687,"total":2182,"voted":2123,"spoiled":38,"yays":1950,"nays":135},{"committee":"УИК №292","vibid":"4074008176012","voters":2194,"total":1797,"voted":1793,"spoiled":20,"yays":831,"nays":942},{"committee":"УИК №293","vibid":"4074008176013","voters":2192,"total":1734,"voted":1727,"spoiled":10,"yays":1590,"nays":127},{"committee":"УИК №294","vibid":"4074008176014","voters":1547,"total":1247,"voted":1196,"spoiled":17,"yays":1089,"nays":90},{"committee":"УИК №295","vibid":"4074008176015","voters":1948,"total":1583,"voted":1531,"spoiled":26,"yays":1404,"nays":101},{"committee":"УИК №296","vibid":"4074008176016","voters":1889,"total":1480,"voted":1454,"spoiled":22,"yays":658,"nays":774},{"committee":"УИК №297","vibid":"4074008176017","voters":2239,"total":1876,"voted":1868,"spoiled":9,"yays":1697,"nays":162},{"committee":"УИК №298","vibid":"4074008176018","voters":2512,"total":2020,"voted":1987,"spoiled":40,"yays":1807,"nays":140},{"committee":"УИК №299","vibid":"4074008176019","voters":2687,"total":2195,"voted":2155,"spoiled":25,"yays":1977,"nays":153}]