[{"committee":"УИК №745","vibid":"4054050200786","voters":2391,"total":2051,"voted":2051,"spoiled":0,"yays":1774,"nays":277},{"committee":"УИК №746","vibid":"4054050200787","voters":399,"total":335,"voted":335,"spoiled":0,"yays":310,"nays":25},{"committee":"УИК №747","vibid":"4054050200788","voters":1545,"total":1310,"voted":1310,"spoiled":8,"yays":1175,"nays":127},{"committee":"УИК №748","vibid":"4054050200789","voters":228,"total":195,"voted":195,"spoiled":0,"yays":184,"nays":11},{"committee":"УИК №749","vibid":"4054050200790","voters":1382,"total":1092,"voted":1092,"spoiled":0,"yays":892,"nays":200},{"committee":"УИК №750","vibid":"4054050200791","voters":1588,"total":1353,"voted":1353,"spoiled":0,"yays":1301,"nays":52},{"committee":"УИК №751","vibid":"4054050200792","voters":424,"total":359,"voted":359,"spoiled":0,"yays":325,"nays":34},{"committee":"УИК №752","vibid":"4054050200793","voters":1240,"total":917,"voted":917,"spoiled":0,"yays":605,"nays":312},{"committee":"УИК №753","vibid":"4054050200794","voters":169,"total":151,"voted":151,"spoiled":12,"yays":121,"nays":18},{"committee":"УИК №754","vibid":"4054050200795","voters":1285,"total":1137,"voted":1137,"spoiled":8,"yays":990,"nays":139},{"committee":"УИК №755","vibid":"4054050200796","voters":282,"total":255,"voted":255,"spoiled":0,"yays":222,"nays":33},{"committee":"УИК №756","vibid":"4054050200797","voters":294,"total":270,"voted":270,"spoiled":0,"yays":265,"nays":5},{"committee":"УИК №757","vibid":"4054050200798","voters":1526,"total":1334,"voted":1334,"spoiled":0,"yays":1309,"nays":25},{"committee":"УИК №758","vibid":"4054050200799","voters":1053,"total":906,"voted":906,"spoiled":1,"yays":713,"nays":192},{"committee":"УИК №759","vibid":"4054050200800","voters":388,"total":169,"voted":169,"spoiled":0,"yays":89,"nays":80},{"committee":"УИК №760","vibid":"4054050200801","voters":697,"total":634,"voted":634,"spoiled":4,"yays":601,"nays":29},{"committee":"УИК №761","vibid":"4054050200802","voters":502,"total":377,"voted":377,"spoiled":23,"yays":300,"nays":54},{"committee":"УИК №762","vibid":"4054050200803","voters":316,"total":310,"voted":278,"spoiled":0,"yays":247,"nays":31},{"committee":"УИК №763","vibid":"4054050200804","voters":1724,"total":1586,"voted":1586,"spoiled":3,"yays":1505,"nays":78},{"committee":"УИК №764","vibid":"4054050200805","voters":1337,"total":1239,"voted":1239,"spoiled":0,"yays":1156,"nays":83},{"committee":"УИК №765","vibid":"4054050200806","voters":1220,"total":1010,"voted":1010,"spoiled":3,"yays":875,"nays":132},{"committee":"УИК №766","vibid":"4054050200807","voters":228,"total":193,"voted":193,"spoiled":0,"yays":149,"nays":44},{"committee":"УИК №767","vibid":"4054050200808","voters":273,"total":229,"voted":229,"spoiled":0,"yays":196,"nays":33},{"committee":"УИК №768","vibid":"4054050200809","voters":609,"total":420,"voted":420,"spoiled":1,"yays":402,"nays":17},{"committee":"УИК №769","vibid":"4054050200810","voters":1531,"total":1408,"voted":1408,"spoiled":3,"yays":1242,"nays":163},{"committee":"УИК №770","vibid":"4054050200811","voters":1313,"total":936,"voted":936,"spoiled":2,"yays":673,"nays":261},{"committee":"УИК №771","vibid":"4054050200812","voters":770,"total":677,"voted":677,"spoiled":0,"yays":648,"nays":29},{"committee":"УИК №772","vibid":"4054050200813","voters":1145,"total":1045,"voted":1045,"spoiled":0,"yays":913,"nays":132},{"committee":"УИК №773","vibid":"4054050200814","voters":635,"total":565,"voted":565,"spoiled":0,"yays":505,"nays":60},{"committee":"УИК №774","vibid":"4054050200815","voters":1470,"total":1293,"voted":1293,"spoiled":0,"yays":1020,"nays":273},{"committee":"УИК №775","vibid":"4054050200816","voters":159,"total":147,"voted":147,"spoiled":2,"yays":100,"nays":45},{"committee":"УИК №776","vibid":"4054050200817","voters":928,"total":857,"voted":857,"spoiled":0,"yays":804,"nays":53},{"committee":"УИК №777","vibid":"4054050200818","voters":1157,"total":993,"voted":993,"spoiled":0,"yays":951,"nays":42},{"committee":"УИК №778","vibid":"4054050200819","voters":635,"total":609,"voted":609,"spoiled":0,"yays":502,"nays":107},{"committee":"УИК №779","vibid":"4054050200820","voters":597,"total":532,"voted":532,"spoiled":0,"yays":345,"nays":187},{"committee":"УИК №780","vibid":"4054050200821","voters":1249,"total":1170,"voted":1170,"spoiled":2,"yays":1138,"nays":30},{"committee":"УИК №781","vibid":"4054050200822","voters":925,"total":892,"voted":892,"spoiled":10,"yays":867,"nays":15},{"committee":"УИК №782","vibid":"4054050200823","voters":563,"total":512,"voted":512,"spoiled":7,"yays":405,"nays":100},{"committee":"УИК №783","vibid":"4054050200824","voters":229,"total":224,"voted":224,"spoiled":0,"yays":203,"nays":21},{"committee":"УИК №784","vibid":"4054050200825","voters":380,"total":362,"voted":362,"spoiled":0,"yays":305,"nays":57},{"committee":"УИК №785","vibid":"4054050200826","voters":516,"total":420,"voted":420,"spoiled":4,"yays":320,"nays":96},{"committee":"УИК №786","vibid":"4054050200827","voters":374,"total":347,"voted":347,"spoiled":0,"yays":319,"nays":28},{"committee":"УИК №787","vibid":"4054050200828","voters":590,"total":436,"voted":436,"spoiled":27,"yays":400,"nays":9},{"committee":"УИК №788","vibid":"4054050200829","voters":1781,"total":1496,"voted":1496,"spoiled":0,"yays":998,"nays":498},{"committee":"УИК №789","vibid":"4054050200830","voters":131,"total":107,"voted":107,"spoiled":0,"yays":81,"nays":26},{"committee":"УИК №790","vibid":"4054050200831","voters":388,"total":291,"voted":291,"spoiled":0,"yays":186,"nays":105},{"committee":"УИК №791","vibid":"4054050200832","voters":418,"total":334,"voted":334,"spoiled":0,"yays":176,"nays":158},{"committee":"УИК №792","vibid":"4054050200833","voters":2482,"total":1998,"voted":1998,"spoiled":5,"yays":1913,"nays":80},{"committee":"УИК №793","vibid":"4054050200834","voters":421,"total":362,"voted":362,"spoiled":0,"yays":304,"nays":58},{"committee":"УИК №794","vibid":"4054050200835","voters":1600,"total":1192,"voted":1192,"spoiled":0,"yays":1006,"nays":186},{"committee":"УИК №795","vibid":"4054050200836","voters":304,"total":268,"voted":268,"spoiled":4,"yays":177,"nays":87},{"committee":"УИК №796","vibid":"4054050200837","voters":504,"total":468,"voted":468,"spoiled":0,"yays":368,"nays":100},{"committee":"УИК №797","vibid":"4054050200838","voters":989,"total":858,"voted":858,"spoiled":0,"yays":820,"nays":38},{"committee":"УИК №798","vibid":"4054050200839","voters":510,"total":437,"voted":437,"spoiled":0,"yays":357,"nays":80}]