[{"committee":"УИК №1156","vibid":"4054030228064","voters":371,"total":321,"voted":321,"spoiled":4,"yays":288,"nays":29},{"committee":"УИК №1157","vibid":"4054030228065","voters":1201,"total":1087,"voted":1087,"spoiled":17,"yays":976,"nays":94},{"committee":"УИК №1158","vibid":"4054030228066","voters":597,"total":544,"voted":544,"spoiled":23,"yays":501,"nays":20},{"committee":"УИК №1159","vibid":"4054030228067","voters":536,"total":489,"voted":489,"spoiled":10,"yays":452,"nays":27},{"committee":"УИК №1160","vibid":"4054030228068","voters":664,"total":601,"voted":601,"spoiled":31,"yays":552,"nays":18},{"committee":"УИК №1161","vibid":"4054030228069","voters":691,"total":639,"voted":639,"spoiled":49,"yays":571,"nays":19},{"committee":"УИК №1162","vibid":"4054030228070","voters":1219,"total":1104,"voted":1104,"spoiled":80,"yays":993,"nays":31},{"committee":"УИК №1163","vibid":"4054030228071","voters":1307,"total":1192,"voted":1192,"spoiled":3,"yays":1152,"nays":37},{"committee":"УИК №1164","vibid":"4054030228072","voters":1447,"total":1319,"voted":1319,"spoiled":53,"yays":1213,"nays":53},{"committee":"УИК №1165","vibid":"4054030228073","voters":1134,"total":998,"voted":998,"spoiled":64,"yays":909,"nays":25},{"committee":"УИК №1166","vibid":"4054030228074","voters":661,"total":585,"voted":585,"spoiled":0,"yays":565,"nays":20},{"committee":"УИК №1167","vibid":"4054030228075","voters":2153,"total":1424,"voted":1424,"spoiled":86,"yays":1267,"nays":71},{"committee":"УИК №1168","vibid":"4054030228076","voters":774,"total":740,"voted":740,"spoiled":0,"yays":712,"nays":28},{"committee":"УИК №1169","vibid":"4054030228077","voters":814,"total":726,"voted":726,"spoiled":34,"yays":661,"nays":31},{"committee":"УИК №1170","vibid":"4054030228078","voters":1808,"total":1625,"voted":1625,"spoiled":105,"yays":1468,"nays":52},{"committee":"УИК №1171","vibid":"4054030228079","voters":248,"total":207,"voted":207,"spoiled":0,"yays":202,"nays":5},{"committee":"УИК №1172","vibid":"4054030228080","voters":803,"total":705,"voted":705,"spoiled":0,"yays":672,"nays":33},{"committee":"УИК №1173","vibid":"4054030228081","voters":923,"total":841,"voted":841,"spoiled":65,"yays":751,"nays":25},{"committee":"УИК №1174","vibid":"4054030228082","voters":1014,"total":921,"voted":921,"spoiled":83,"yays":811,"nays":27},{"committee":"УИК №1175","vibid":"4054030228083","voters":865,"total":795,"voted":795,"spoiled":60,"yays":704,"nays":31},{"committee":"УИК №1176","vibid":"4054030228084","voters":1021,"total":936,"voted":936,"spoiled":66,"yays":841,"nays":29},{"committee":"УИК №1177","vibid":"4054030228085","voters":1264,"total":1152,"voted":1152,"spoiled":4,"yays":1011,"nays":137},{"committee":"УИК №1178","vibid":"4054030228086","voters":574,"total":495,"voted":494,"spoiled":4,"yays":467,"nays":23},{"committee":"УИК №1179","vibid":"4054030228087","voters":404,"total":392,"voted":392,"spoiled":6,"yays":371,"nays":15},{"committee":"УИК №1180","vibid":"4054030228088","voters":552,"total":535,"voted":535,"spoiled":2,"yays":527,"nays":6}]