[{"committee":"УИК №515","vibid":"4054014153029","voters":1821,"total":1620,"voted":1620,"spoiled":9,"yays":1560,"nays":51},{"committee":"УИК №516","vibid":"4054014153030","voters":638,"total":567,"voted":567,"spoiled":0,"yays":538,"nays":29},{"committee":"УИК №517","vibid":"4054014153031","voters":166,"total":148,"voted":148,"spoiled":2,"yays":141,"nays":5},{"committee":"УИК №518","vibid":"4054014153032","voters":1103,"total":982,"voted":982,"spoiled":6,"yays":954,"nays":22},{"committee":"УИК №519","vibid":"4054014153033","voters":724,"total":644,"voted":644,"spoiled":3,"yays":609,"nays":32},{"committee":"УИК №520","vibid":"4054014153034","voters":623,"total":557,"voted":557,"spoiled":0,"yays":535,"nays":22},{"committee":"УИК №521","vibid":"4054014153035","voters":1249,"total":1111,"voted":1111,"spoiled":6,"yays":971,"nays":134},{"committee":"УИК №522","vibid":"4054014153036","voters":704,"total":626,"voted":626,"spoiled":5,"yays":601,"nays":20},{"committee":"УИК №523","vibid":"4054014153037","voters":911,"total":811,"voted":811,"spoiled":9,"yays":770,"nays":32},{"committee":"УИК №524","vibid":"4054014153038","voters":2275,"total":2024,"voted":2024,"spoiled":18,"yays":1943,"nays":63}]