[{"committee":"УИК №23","vibid":"4044002193282","voters":397,"total":250,"voted":250,"spoiled":2,"yays":130,"nays":118},{"committee":"УИК №24","vibid":"4044002193283","voters":593,"total":384,"voted":384,"spoiled":2,"yays":203,"nays":179},{"committee":"УИК №25","vibid":"4044002193284","voters":345,"total":296,"voted":296,"spoiled":1,"yays":217,"nays":78},{"committee":"УИК №26","vibid":"4044002193285","voters":523,"total":398,"voted":398,"spoiled":4,"yays":245,"nays":149},{"committee":"УИК №27","vibid":"4044002193286","voters":744,"total":558,"voted":558,"spoiled":6,"yays":281,"nays":271},{"committee":"УИК №28","vibid":"4044002193287","voters":910,"total":563,"voted":563,"spoiled":6,"yays":331,"nays":226},{"committee":"УИК №29","vibid":"4044002193288","voters":1753,"total":956,"voted":956,"spoiled":9,"yays":625,"nays":322},{"committee":"УИК №30","vibid":"4044002193289","voters":1445,"total":699,"voted":699,"spoiled":12,"yays":462,"nays":225},{"committee":"УИК №31","vibid":"4044002193290","voters":772,"total":445,"voted":445,"spoiled":26,"yays":275,"nays":144},{"committee":"УИК №32","vibid":"4044002193291","voters":1662,"total":926,"voted":926,"spoiled":8,"yays":596,"nays":322},{"committee":"УИК №33","vibid":"4044002193292","voters":1024,"total":529,"voted":529,"spoiled":1,"yays":307,"nays":221},{"committee":"УИК №34","vibid":"4044002193293","voters":573,"total":433,"voted":433,"spoiled":0,"yays":287,"nays":146},{"committee":"УИК №35","vibid":"4044002193294","voters":867,"total":660,"voted":660,"spoiled":8,"yays":489,"nays":163},{"committee":"УИК №36","vibid":"4044002193295","voters":810,"total":514,"voted":514,"spoiled":9,"yays":412,"nays":93},{"committee":"УИК №37","vibid":"4044002193296","voters":801,"total":623,"voted":623,"spoiled":4,"yays":343,"nays":276},{"committee":"УИК №38","vibid":"4044002193297","voters":352,"total":257,"voted":257,"spoiled":5,"yays":138,"nays":114},{"committee":"УИК №39","vibid":"4044002193298","voters":1023,"total":738,"voted":738,"spoiled":3,"yays":648,"nays":87}]