[{"committee":"УИК №2739","vibid":"4024043246883","voters":398,"total":390,"voted":390,"spoiled":0,"yays":370,"nays":20},{"committee":"УИК №2740","vibid":"4024043246884","voters":125,"total":120,"voted":120,"spoiled":0,"yays":113,"nays":7},{"committee":"УИК №2741","vibid":"4024043246885","voters":120,"total":117,"voted":117,"spoiled":0,"yays":112,"nays":5},{"committee":"УИК №2742","vibid":"4024043246886","voters":270,"total":264,"voted":264,"spoiled":0,"yays":256,"nays":8},{"committee":"УИК №2743","vibid":"4024043246887","voters":286,"total":274,"voted":274,"spoiled":0,"yays":268,"nays":6},{"committee":"УИК №2744","vibid":"4024043246888","voters":179,"total":174,"voted":174,"spoiled":1,"yays":165,"nays":8},{"committee":"УИК №2745","vibid":"4024043246889","voters":618,"total":605,"voted":605,"spoiled":2,"yays":581,"nays":22},{"committee":"УИК №2747","vibid":"4024043246890","voters":1179,"total":1155,"voted":1155,"spoiled":0,"yays":1141,"nays":14},{"committee":"УИК №2748","vibid":"4024043246891","voters":476,"total":466,"voted":466,"spoiled":0,"yays":443,"nays":23},{"committee":"УИК №2749","vibid":"4024043246892","voters":313,"total":308,"voted":308,"spoiled":0,"yays":293,"nays":15},{"committee":"УИК №2750","vibid":"4024043246893","voters":212,"total":208,"voted":208,"spoiled":0,"yays":198,"nays":10},{"committee":"УИК №2751","vibid":"4024043246894","voters":326,"total":313,"voted":313,"spoiled":0,"yays":288,"nays":25},{"committee":"УИК №2752","vibid":"4024043246895","voters":315,"total":302,"voted":302,"spoiled":0,"yays":287,"nays":15},{"committee":"УИК №2753","vibid":"4024043246896","voters":312,"total":303,"voted":303,"spoiled":0,"yays":289,"nays":14},{"committee":"УИК №2754","vibid":"4024043246897","voters":744,"total":680,"voted":680,"spoiled":7,"yays":497,"nays":176},{"committee":"УИК №2755","vibid":"4024043246898","voters":728,"total":669,"voted":669,"spoiled":0,"yays":650,"nays":19},{"committee":"УИК №2756","vibid":"4024043246899","voters":972,"total":858,"voted":858,"spoiled":10,"yays":840,"nays":8},{"committee":"УИК №2757","vibid":"4024043246900","voters":708,"total":656,"voted":656,"spoiled":1,"yays":623,"nays":32},{"committee":"УИК №2758","vibid":"4024043246901","voters":299,"total":276,"voted":276,"spoiled":0,"yays":262,"nays":14},{"committee":"УИК №2759","vibid":"4024043246902","voters":334,"total":326,"voted":326,"spoiled":0,"yays":317,"nays":9},{"committee":"УИК №2760","vibid":"4024043246903","voters":107,"total":102,"voted":102,"spoiled":0,"yays":99,"nays":3},{"committee":"УИК №2761","vibid":"4024043246904","voters":618,"total":600,"voted":600,"spoiled":0,"yays":590,"nays":10},{"committee":"УИК №2762","vibid":"4024043246905","voters":295,"total":289,"voted":289,"spoiled":0,"yays":275,"nays":14},{"committee":"УИК №2763","vibid":"4024043246906","voters":127,"total":125,"voted":125,"spoiled":0,"yays":123,"nays":2},{"committee":"УИК №2764","vibid":"4024043246907","voters":200,"total":196,"voted":196,"spoiled":0,"yays":192,"nays":4},{"committee":"УИК №2765","vibid":"4024043246908","voters":215,"total":208,"voted":208,"spoiled":0,"yays":197,"nays":11},{"committee":"УИК №2766","vibid":"4024043246909","voters":182,"total":171,"voted":171,"spoiled":3,"yays":158,"nays":10},{"committee":"УИК №2767","vibid":"4024043246910","voters":750,"total":637,"voted":637,"spoiled":0,"yays":515,"nays":122},{"committee":"УИК №2768","vibid":"4024043246911","voters":820,"total":802,"voted":802,"spoiled":0,"yays":695,"nays":107},{"committee":"УИК №2769","vibid":"4024043246912","voters":202,"total":192,"voted":192,"spoiled":0,"yays":128,"nays":64},{"committee":"УИК №2770","vibid":"4024043246913","voters":173,"total":160,"voted":160,"spoiled":0,"yays":145,"nays":15},{"committee":"УИК №2771","vibid":"4024043246914","voters":1059,"total":995,"voted":995,"spoiled":14,"yays":705,"nays":276},{"committee":"УИК №2772","vibid":"4024043246915","voters":1146,"total":1039,"voted":1039,"spoiled":15,"yays":722,"nays":302},{"committee":"УИК №2773","vibid":"4024043246916","voters":755,"total":717,"voted":717,"spoiled":4,"yays":691,"nays":22}]