[{"committee":"УИК №1616","vibid":"4054040166089","voters":137,"total":125,"voted":125,"spoiled":0,"yays":125,"nays":0},{"committee":"УИК №1617","vibid":"4054040166090","voters":61,"total":56,"voted":56,"spoiled":0,"yays":56,"nays":0},{"committee":"УИК №1618","vibid":"4054040166091","voters":58,"total":56,"voted":56,"spoiled":0,"yays":54,"nays":2},{"committee":"УИК №1619","vibid":"4054040166092","voters":605,"total":584,"voted":584,"spoiled":18,"yays":528,"nays":38},{"committee":"УИК №1620","vibid":"4054040166093","voters":819,"total":786,"voted":786,"spoiled":1,"yays":773,"nays":12},{"committee":"УИК №1621","vibid":"4054040166094","voters":81,"total":79,"voted":79,"spoiled":0,"yays":79,"nays":0},{"committee":"УИК №1622","vibid":"4054040166095","voters":193,"total":172,"voted":172,"spoiled":0,"yays":155,"nays":17},{"committee":"УИК №1623","vibid":"4054040166096","voters":824,"total":783,"voted":783,"spoiled":0,"yays":780,"nays":3},{"committee":"УИК №1624","vibid":"4054040166097","voters":302,"total":288,"voted":288,"spoiled":0,"yays":288,"nays":0},{"committee":"УИК №1625","vibid":"4054040166098","voters":708,"total":663,"voted":663,"spoiled":2,"yays":642,"nays":19},{"committee":"УИК №1626","vibid":"4054040166099","voters":314,"total":314,"voted":314,"spoiled":0,"yays":232,"nays":82},{"committee":"УИК №1627","vibid":"4054040166100","voters":404,"total":385,"voted":385,"spoiled":0,"yays":369,"nays":16},{"committee":"УИК №1628","vibid":"4054040166101","voters":66,"total":59,"voted":59,"spoiled":0,"yays":56,"nays":3},{"committee":"УИК №1629","vibid":"4054040166102","voters":573,"total":547,"voted":547,"spoiled":18,"yays":516,"nays":13},{"committee":"УИК №1630","vibid":"4054040166103","voters":547,"total":547,"voted":547,"spoiled":2,"yays":542,"nays":3},{"committee":"УИК №1631","vibid":"4054040166104","voters":340,"total":321,"voted":321,"spoiled":0,"yays":304,"nays":17},{"committee":"УИК №1632","vibid":"4054040166105","voters":369,"total":352,"voted":352,"spoiled":0,"yays":346,"nays":6},{"committee":"УИК №1633","vibid":"4054040166106","voters":592,"total":573,"voted":573,"spoiled":3,"yays":564,"nays":6},{"committee":"УИК №1634","vibid":"4054040166107","voters":1129,"total":1052,"voted":1052,"spoiled":29,"yays":1021,"nays":2},{"committee":"УИК №1635","vibid":"4054040166108","voters":174,"total":174,"voted":174,"spoiled":5,"yays":169,"nays":0},{"committee":"УИК №1636","vibid":"4054040166109","voters":71,"total":71,"voted":71,"spoiled":0,"yays":69,"nays":2},{"committee":"УИК №1637","vibid":"4054040166110","voters":149,"total":145,"voted":145,"spoiled":0,"yays":145,"nays":0},{"committee":"УИК №1638","vibid":"4054040166111","voters":79,"total":77,"voted":77,"spoiled":0,"yays":71,"nays":6},{"committee":"УИК №1639","vibid":"4054040166112","voters":2043,"total":1917,"voted":1917,"spoiled":3,"yays":1766,"nays":148},{"committee":"УИК №1640","vibid":"4054040166113","voters":617,"total":593,"voted":566,"spoiled":0,"yays":565,"nays":1},{"committee":"УИК №1641","vibid":"4054040166114","voters":501,"total":419,"voted":419,"spoiled":0,"yays":418,"nays":1},{"committee":"УИК №1642","vibid":"4054040166115","voters":85,"total":78,"voted":78,"spoiled":0,"yays":75,"nays":3},{"committee":"УИК №1643","vibid":"4054040166116","voters":440,"total":393,"voted":393,"spoiled":1,"yays":342,"nays":50},{"committee":"УИК №1644","vibid":"4054040166117","voters":280,"total":253,"voted":253,"spoiled":4,"yays":234,"nays":15},{"committee":"УИК №1645","vibid":"4054040166118","voters":178,"total":173,"voted":173,"spoiled":1,"yays":172,"nays":0},{"committee":"УИК №1646","vibid":"4054040166119","voters":346,"total":323,"voted":323,"spoiled":1,"yays":320,"nays":2},{"committee":"УИК №1647","vibid":"4054040166120","voters":430,"total":409,"voted":409,"spoiled":0,"yays":404,"nays":5},{"committee":"УИК №1648","vibid":"4054040166121","voters":115,"total":104,"voted":104,"spoiled":0,"yays":104,"nays":0},{"committee":"УИК №1649","vibid":"4054040166122","voters":202,"total":179,"voted":179,"spoiled":0,"yays":168,"nays":11},{"committee":"УИК №1650","vibid":"4054040166123","voters":196,"total":169,"voted":169,"spoiled":1,"yays":153,"nays":15}]