[{"committee":"УИК №701","vibid":"4064003223000","voters":1619,"total":1099,"voted":1099,"spoiled":25,"yays":957,"nays":117},{"committee":"УИК №702","vibid":"4064003223001","voters":1866,"total":1324,"voted":1324,"spoiled":33,"yays":1129,"nays":162},{"committee":"УИК №703","vibid":"4064003223002","voters":1888,"total":1510,"voted":1510,"spoiled":91,"yays":1238,"nays":181},{"committee":"УИК №704","vibid":"4064003223003","voters":902,"total":783,"voted":783,"spoiled":22,"yays":728,"nays":33},{"committee":"УИК №705","vibid":"4064003223004","voters":1731,"total":1304,"voted":1304,"spoiled":41,"yays":1074,"nays":189},{"committee":"УИК №706","vibid":"4064003223005","voters":2185,"total":1351,"voted":1351,"spoiled":62,"yays":1137,"nays":152},{"committee":"УИК №707","vibid":"4064003223006","voters":2253,"total":1861,"voted":1861,"spoiled":84,"yays":1607,"nays":170},{"committee":"УИК №708","vibid":"4064003223007","voters":1968,"total":1314,"voted":1314,"spoiled":32,"yays":1073,"nays":209},{"committee":"УИК №709","vibid":"4064003223008","voters":2138,"total":1456,"voted":1456,"spoiled":37,"yays":1277,"nays":142},{"committee":"УИК №710","vibid":"4064003223009","voters":2067,"total":1583,"voted":1583,"spoiled":6,"yays":1570,"nays":7},{"committee":"УИК №711","vibid":"4064003223010","voters":2141,"total":1734,"voted":1734,"spoiled":58,"yays":1639,"nays":37},{"committee":"УИК №712","vibid":"4064003223011","voters":2155,"total":1809,"voted":1809,"spoiled":49,"yays":1641,"nays":119},{"committee":"УИК №713","vibid":"4064003223012","voters":2350,"total":1669,"voted":1669,"spoiled":87,"yays":1413,"nays":169},{"committee":"УИК №714","vibid":"4064003223013","voters":2608,"total":2239,"voted":2239,"spoiled":91,"yays":2003,"nays":145},{"committee":"УИК №715","vibid":"4064003223014","voters":1532,"total":1001,"voted":1001,"spoiled":25,"yays":784,"nays":192},{"committee":"УИК №716","vibid":"4064003223015","voters":2099,"total":1342,"voted":1342,"spoiled":36,"yays":1194,"nays":112},{"committee":"УИК №717","vibid":"4064003223016","voters":117,"total":104,"voted":104,"spoiled":2,"yays":93,"nays":9},{"committee":"УИК №718","vibid":"4064003223017","voters":1665,"total":1237,"voted":1237,"spoiled":29,"yays":1007,"nays":201},{"committee":"УИК №719","vibid":"4064003223018","voters":2341,"total":1721,"voted":1721,"spoiled":44,"yays":1517,"nays":160},{"committee":"УИК №720","vibid":"4064003223019","voters":2807,"total":1798,"voted":1798,"spoiled":26,"yays":1585,"nays":187},{"committee":"УИК №721","vibid":"4064003223020","voters":2745,"total":2389,"voted":2389,"spoiled":83,"yays":2033,"nays":273},{"committee":"УИК №722","vibid":"4064003223021","voters":2408,"total":1847,"voted":1847,"spoiled":64,"yays":1594,"nays":189},{"committee":"УИК №723","vibid":"4064003223022","voters":1498,"total":1201,"voted":1201,"spoiled":18,"yays":1095,"nays":88},{"committee":"УИК №724","vibid":"4064003223023","voters":2175,"total":1685,"voted":1685,"spoiled":51,"yays":1425,"nays":209},{"committee":"УИК №725","vibid":"4064003223024","voters":1631,"total":1336,"voted":1336,"spoiled":26,"yays":1191,"nays":119},{"committee":"УИК №726","vibid":"4064003223025","voters":1592,"total":1147,"voted":1147,"spoiled":14,"yays":1027,"nays":106},{"committee":"УИК №727","vibid":"4064003223026","voters":1929,"total":1334,"voted":1334,"spoiled":23,"yays":1150,"nays":161},{"committee":"УИК №728","vibid":"4064003223027","voters":2118,"total":1658,"voted":1658,"spoiled":39,"yays":1537,"nays":82},{"committee":"УИК №729","vibid":"4064003223028","voters":1860,"total":1541,"voted":1541,"spoiled":4,"yays":1385,"nays":152}]