[{"committee":"УИК №294","vibid":"4054009170677","voters":952,"total":678,"voted":678,"spoiled":5,"yays":602,"nays":71},{"committee":"УИК №295","vibid":"4054009170679","voters":755,"total":566,"voted":566,"spoiled":0,"yays":413,"nays":153},{"committee":"УИК №296","vibid":"4054009170681","voters":184,"total":148,"voted":148,"spoiled":0,"yays":143,"nays":5},{"committee":"УИК №297","vibid":"4054009170683","voters":32,"total":24,"voted":24,"spoiled":0,"yays":22,"nays":2},{"committee":"УИК №298","vibid":"4054009170685","voters":334,"total":250,"voted":250,"spoiled":0,"yays":215,"nays":35},{"committee":"УИК №299","vibid":"4054009170687","voters":468,"total":410,"voted":410,"spoiled":0,"yays":390,"nays":20},{"committee":"УИК №300","vibid":"4054009170689","voters":82,"total":72,"voted":72,"spoiled":0,"yays":68,"nays":4},{"committee":"УИК №301","vibid":"4054009170691","voters":79,"total":65,"voted":65,"spoiled":0,"yays":61,"nays":4},{"committee":"УИК №302","vibid":"4054009170693","voters":166,"total":132,"voted":132,"spoiled":0,"yays":122,"nays":10},{"committee":"УИК №303","vibid":"4054009170695","voters":272,"total":201,"voted":201,"spoiled":2,"yays":183,"nays":16},{"committee":"УИК №304","vibid":"4054009170697","voters":920,"total":690,"voted":690,"spoiled":0,"yays":504,"nays":186},{"committee":"УИК №305","vibid":"4054009170699","voters":284,"total":222,"voted":222,"spoiled":1,"yays":200,"nays":21},{"committee":"УИК №306","vibid":"4054009170701","voters":1560,"total":1171,"voted":1171,"spoiled":0,"yays":855,"nays":316},{"committee":"УИК №307","vibid":"4054009170703","voters":198,"total":148,"voted":148,"spoiled":0,"yays":121,"nays":27},{"committee":"УИК №308","vibid":"4054009170705","voters":188,"total":145,"voted":145,"spoiled":0,"yays":133,"nays":12},{"committee":"УИК №309","vibid":"4054009170707","voters":190,"total":143,"voted":143,"spoiled":0,"yays":131,"nays":12},{"committee":"УИК №310","vibid":"4054009170709","voters":199,"total":149,"voted":149,"spoiled":0,"yays":109,"nays":40},{"committee":"УИК №311","vibid":"4054009170711","voters":87,"total":65,"voted":65,"spoiled":0,"yays":47,"nays":18},{"committee":"УИК №312","vibid":"4054009170713","voters":254,"total":191,"voted":191,"spoiled":0,"yays":139,"nays":52},{"committee":"УИК №313","vibid":"4054009170715","voters":69,"total":65,"voted":65,"spoiled":0,"yays":65,"nays":0},{"committee":"УИК №314","vibid":"4054009170717","voters":33,"total":30,"voted":30,"spoiled":0,"yays":30,"nays":0},{"committee":"УИК №315","vibid":"4054009170719","voters":271,"total":203,"voted":203,"spoiled":0,"yays":148,"nays":55},{"committee":"УИК №316","vibid":"4054009170721","voters":305,"total":228,"voted":228,"spoiled":1,"yays":213,"nays":14},{"committee":"УИК №317","vibid":"4054009170723","voters":124,"total":76,"voted":76,"spoiled":0,"yays":68,"nays":8},{"committee":"УИК №318","vibid":"4054009170725","voters":194,"total":146,"voted":146,"spoiled":0,"yays":106,"nays":40},{"committee":"УИК №319","vibid":"4054009170727","voters":258,"total":206,"voted":206,"spoiled":0,"yays":195,"nays":11},{"committee":"УИК №320","vibid":"4054009170729","voters":1061,"total":795,"voted":795,"spoiled":9,"yays":720,"nays":66},{"committee":"УИК №321","vibid":"4054009170731","voters":801,"total":451,"voted":451,"spoiled":0,"yays":328,"nays":123},{"committee":"УИК №322","vibid":"4054009170733","voters":351,"total":263,"voted":263,"spoiled":1,"yays":253,"nays":9},{"committee":"УИК №323","vibid":"4054009170735","voters":152,"total":114,"voted":114,"spoiled":0,"yays":114,"nays":0},{"committee":"УИК №324","vibid":"4054009170737","voters":326,"total":244,"voted":244,"spoiled":2,"yays":226,"nays":16},{"committee":"УИК №325","vibid":"4054009170739","voters":109,"total":105,"voted":105,"spoiled":0,"yays":88,"nays":17}]