[{"committee":"УИК №401","vibid":"4064008135100","voters":689,"total":546,"voted":546,"spoiled":5,"yays":519,"nays":22},{"committee":"УИК №402","vibid":"4064008135101","voters":1669,"total":1068,"voted":1068,"spoiled":18,"yays":909,"nays":141},{"committee":"УИК №403","vibid":"4064008135102","voters":1297,"total":843,"voted":843,"spoiled":15,"yays":716,"nays":112},{"committee":"УИК №404","vibid":"4064008135103","voters":846,"total":634,"voted":634,"spoiled":16,"yays":527,"nays":91},{"committee":"УИК №405","vibid":"4064008135104","voters":1705,"total":1007,"voted":1007,"spoiled":18,"yays":864,"nays":125},{"committee":"УИК №406","vibid":"4064008135105","voters":1509,"total":932,"voted":932,"spoiled":18,"yays":793,"nays":121},{"committee":"УИК №407","vibid":"4064008135106","voters":1489,"total":1101,"voted":1101,"spoiled":19,"yays":953,"nays":129},{"committee":"УИК №408","vibid":"4064008135107","voters":1841,"total":1164,"voted":1164,"spoiled":19,"yays":1002,"nays":143},{"committee":"УИК №409","vibid":"4064008135108","voters":1732,"total":1270,"voted":1270,"spoiled":18,"yays":1091,"nays":161},{"committee":"УИК №410","vibid":"4064008135109","voters":1798,"total":1193,"voted":1193,"spoiled":17,"yays":1115,"nays":61},{"committee":"УИК №411","vibid":"4064008135110","voters":670,"total":557,"voted":557,"spoiled":11,"yays":366,"nays":180},{"committee":"УИК №412","vibid":"4064008135111","voters":1432,"total":970,"voted":970,"spoiled":20,"yays":825,"nays":125},{"committee":"УИК №413","vibid":"4064008135112","voters":1665,"total":1118,"voted":1118,"spoiled":19,"yays":956,"nays":143},{"committee":"УИК №414","vibid":"4064008135113","voters":539,"total":496,"voted":496,"spoiled":9,"yays":412,"nays":75},{"committee":"УИК №415","vibid":"4064008135114","voters":905,"total":710,"voted":710,"spoiled":14,"yays":596,"nays":100},{"committee":"УИК №416","vibid":"4064008135115","voters":1365,"total":1054,"voted":1054,"spoiled":18,"yays":917,"nays":119},{"committee":"УИК №417","vibid":"4064008135116","voters":1363,"total":1073,"voted":1073,"spoiled":17,"yays":940,"nays":116},{"committee":"УИК №418","vibid":"4064008135117","voters":1258,"total":1027,"voted":1027,"spoiled":15,"yays":899,"nays":113},{"committee":"УИК №419","vibid":"4064008135118","voters":474,"total":383,"voted":383,"spoiled":10,"yays":315,"nays":58},{"committee":"УИК №420","vibid":"4064008135119","voters":481,"total":401,"voted":401,"spoiled":3,"yays":355,"nays":43},{"committee":"УИК №421","vibid":"4064008135120","voters":1255,"total":1024,"voted":1024,"spoiled":8,"yays":908,"nays":108}]