[{"committee":"УИК №820","vibid":"4024003361276","voters":1119,"total":1097,"voted":1097,"spoiled":4,"yays":1064,"nays":29},{"committee":"УИК №821","vibid":"4024003361277","voters":1141,"total":1118,"voted":1118,"spoiled":4,"yays":1059,"nays":55},{"committee":"УИК №822","vibid":"4024003361278","voters":1622,"total":1598,"voted":1598,"spoiled":0,"yays":1550,"nays":48},{"committee":"УИК №823","vibid":"4024003361279","voters":1472,"total":1450,"voted":1450,"spoiled":5,"yays":1407,"nays":38},{"committee":"УИК №824","vibid":"4024003361280","voters":1528,"total":1497,"voted":1497,"spoiled":0,"yays":1452,"nays":45},{"committee":"УИК №825","vibid":"4024003361281","voters":995,"total":976,"voted":976,"spoiled":0,"yays":947,"nays":29},{"committee":"УИК №826","vibid":"4024003361282","voters":1283,"total":1261,"voted":1261,"spoiled":2,"yays":1184,"nays":75},{"committee":"УИК №827","vibid":"4024003361283","voters":1579,"total":1548,"voted":1548,"spoiled":10,"yays":1448,"nays":90},{"committee":"УИК №828","vibid":"4024003361284","voters":1700,"total":1641,"voted":1641,"spoiled":29,"yays":1398,"nays":214},{"committee":"УИК №829","vibid":"4024003361285","voters":2651,"total":2609,"voted":2609,"spoiled":7,"yays":2531,"nays":71},{"committee":"УИК №830","vibid":"4024003361286","voters":520,"total":510,"voted":510,"spoiled":0,"yays":500,"nays":10},{"committee":"УИК №831","vibid":"4024003361287","voters":449,"total":444,"voted":444,"spoiled":0,"yays":439,"nays":5},{"committee":"УИК №832","vibid":"4024003361288","voters":730,"total":716,"voted":716,"spoiled":2,"yays":701,"nays":13},{"committee":"УИК №833","vibid":"4024003361289","voters":366,"total":359,"voted":359,"spoiled":2,"yays":352,"nays":5},{"committee":"УИК №834","vibid":"4024003361290","voters":246,"total":245,"voted":237,"spoiled":4,"yays":225,"nays":8},{"committee":"УИК №835","vibid":"4024003361291","voters":118,"total":116,"voted":116,"spoiled":1,"yays":109,"nays":6},{"committee":"УИК №836","vibid":"4024003361292","voters":574,"total":555,"voted":555,"spoiled":3,"yays":540,"nays":12},{"committee":"УИК №837","vibid":"4024003361293","voters":712,"total":698,"voted":698,"spoiled":3,"yays":684,"nays":11},{"committee":"УИК №838","vibid":"4024003361294","voters":347,"total":341,"voted":341,"spoiled":2,"yays":333,"nays":6},{"committee":"УИК №839","vibid":"4024003361295","voters":178,"total":174,"voted":174,"spoiled":4,"yays":161,"nays":9},{"committee":"УИК №840","vibid":"4024003361296","voters":681,"total":667,"voted":667,"spoiled":2,"yays":654,"nays":11},{"committee":"УИК №841","vibid":"4024003361297","voters":502,"total":493,"voted":493,"spoiled":0,"yays":478,"nays":15},{"committee":"УИК №842","vibid":"4024003361298","voters":278,"total":274,"voted":274,"spoiled":1,"yays":260,"nays":13},{"committee":"УИК №843","vibid":"4024003361299","voters":509,"total":499,"voted":499,"spoiled":2,"yays":489,"nays":8},{"committee":"УИК №844","vibid":"4024003361300","voters":178,"total":175,"voted":175,"spoiled":2,"yays":170,"nays":3},{"committee":"УИК №845","vibid":"4024003361301","voters":298,"total":292,"voted":292,"spoiled":3,"yays":280,"nays":9},{"committee":"УИК №846","vibid":"4024003361302","voters":210,"total":206,"voted":206,"spoiled":0,"yays":196,"nays":10},{"committee":"УИК №847","vibid":"4024003361303","voters":598,"total":587,"voted":587,"spoiled":1,"yays":556,"nays":30},{"committee":"УИК №848","vibid":"4024003361304","voters":132,"total":129,"voted":129,"spoiled":0,"yays":123,"nays":6},{"committee":"УИК №849","vibid":"4024003361305","voters":460,"total":450,"voted":450,"spoiled":0,"yays":441,"nays":9},{"committee":"УИК №850","vibid":"4024003361306","voters":236,"total":229,"voted":229,"spoiled":3,"yays":218,"nays":8},{"committee":"УИК №851","vibid":"4024003361307","voters":224,"total":220,"voted":220,"spoiled":2,"yays":212,"nays":6},{"committee":"УИК №852","vibid":"4024003361308","voters":448,"total":439,"voted":439,"spoiled":2,"yays":430,"nays":7},{"committee":"УИК №853","vibid":"4024003361309","voters":381,"total":377,"voted":377,"spoiled":1,"yays":370,"nays":6},{"committee":"УИК №854","vibid":"4024003361310","voters":143,"total":140,"voted":140,"spoiled":0,"yays":137,"nays":3},{"committee":"УИК №855","vibid":"4024003361311","voters":72,"total":70,"voted":70,"spoiled":1,"yays":67,"nays":2},{"committee":"УИК №856","vibid":"4024003361312","voters":719,"total":687,"voted":687,"spoiled":4,"yays":639,"nays":44},{"committee":"УИК №857","vibid":"4024003361313","voters":179,"total":177,"voted":177,"spoiled":2,"yays":170,"nays":5},{"committee":"УИК №858","vibid":"4024003361314","voters":587,"total":575,"voted":575,"spoiled":5,"yays":564,"nays":6},{"committee":"УИК №859","vibid":"4024003361315","voters":289,"total":283,"voted":283,"spoiled":0,"yays":277,"nays":6},{"committee":"УИК №860","vibid":"4024003361316","voters":702,"total":687,"voted":687,"spoiled":6,"yays":673,"nays":8},{"committee":"УИК №861","vibid":"4024003361317","voters":574,"total":563,"voted":563,"spoiled":5,"yays":547,"nays":11},{"committee":"УИК №862","vibid":"4024003361318","voters":752,"total":736,"voted":736,"spoiled":4,"yays":722,"nays":10},{"committee":"УИК №863","vibid":"4024003361319","voters":284,"total":280,"voted":280,"spoiled":0,"yays":275,"nays":5},{"committee":"УИК №864","vibid":"4024003361320","voters":651,"total":638,"voted":638,"spoiled":0,"yays":626,"nays":12},{"committee":"УИК №865","vibid":"4024003361321","voters":1707,"total":1673,"voted":1673,"spoiled":2,"yays":1639,"nays":32},{"committee":"УИК №866","vibid":"4024003361322","voters":320,"total":314,"voted":314,"spoiled":1,"yays":303,"nays":10},{"committee":"УИК №867","vibid":"4024003361323","voters":306,"total":299,"voted":299,"spoiled":0,"yays":293,"nays":6},{"committee":"УИК №868","vibid":"4024003361324","voters":118,"total":115,"voted":115,"spoiled":0,"yays":110,"nays":5}]