[{"committee":"УИК №1","vibid":"4094010373212","voters":2094,"total":1720,"voted":1720,"spoiled":3,"yays":1530,"nays":187},{"committee":"УИК №2","vibid":"4094010373214","voters":1830,"total":1532,"voted":1532,"spoiled":3,"yays":1421,"nays":108},{"committee":"УИК №3","vibid":"4094010373215","voters":1142,"total":906,"voted":906,"spoiled":1,"yays":772,"nays":133},{"committee":"УИК №4","vibid":"4094010373216","voters":1963,"total":1624,"voted":1624,"spoiled":2,"yays":1302,"nays":320},{"committee":"УИК №5","vibid":"4094010373217","voters":1650,"total":1386,"voted":1384,"spoiled":4,"yays":1219,"nays":161},{"committee":"УИК №6","vibid":"4094010373218","voters":1418,"total":1163,"voted":1163,"spoiled":1,"yays":1010,"nays":152},{"committee":"УИК №7","vibid":"4094010373219","voters":2139,"total":1755,"voted":1753,"spoiled":1,"yays":1538,"nays":214},{"committee":"УИК №8","vibid":"4094010373220","voters":2035,"total":1717,"voted":1717,"spoiled":4,"yays":1377,"nays":336},{"committee":"УИК №9","vibid":"4094010373221","voters":1735,"total":1436,"voted":1436,"spoiled":2,"yays":1118,"nays":316},{"committee":"УИК №10","vibid":"4094010373222","voters":833,"total":703,"voted":703,"spoiled":7,"yays":615,"nays":81},{"committee":"УИК №11","vibid":"4094010373223","voters":1877,"total":1566,"voted":1566,"spoiled":3,"yays":1368,"nays":195},{"committee":"УИК №12","vibid":"4094010373224","voters":2271,"total":1864,"voted":1863,"spoiled":3,"yays":1594,"nays":266},{"committee":"УИК №13","vibid":"4094010373225","voters":1377,"total":1140,"voted":1140,"spoiled":8,"yays":901,"nays":231},{"committee":"УИК №14","vibid":"4094010373226","voters":1262,"total":1054,"voted":1054,"spoiled":10,"yays":908,"nays":136},{"committee":"УИК №15","vibid":"4094010373227","voters":1231,"total":989,"voted":989,"spoiled":1,"yays":801,"nays":187},{"committee":"УИК №16","vibid":"4094010373228","voters":408,"total":322,"voted":322,"spoiled":2,"yays":297,"nays":23},{"committee":"УИК №17","vibid":"4094010373229","voters":1539,"total":1288,"voted":1288,"spoiled":2,"yays":1096,"nays":190},{"committee":"УИК №18","vibid":"4094010373230","voters":800,"total":681,"voted":681,"spoiled":4,"yays":609,"nays":68},{"committee":"УИК №19","vibid":"4094010373231","voters":1641,"total":1305,"voted":1305,"spoiled":2,"yays":1103,"nays":200},{"committee":"УИК №20","vibid":"4094010373232","voters":1144,"total":938,"voted":938,"spoiled":3,"yays":850,"nays":85},{"committee":"УИК №21","vibid":"4094010373233","voters":1591,"total":1357,"voted":1357,"spoiled":3,"yays":1009,"nays":345},{"committee":"УИК №22","vibid":"4094010373234","voters":1420,"total":1169,"voted":1169,"spoiled":2,"yays":978,"nays":189},{"committee":"УИК №23","vibid":"4094010373235","voters":1532,"total":1235,"voted":1235,"spoiled":1,"yays":1040,"nays":194},{"committee":"УИК №24","vibid":"4094010373236","voters":1225,"total":1145,"voted":1145,"spoiled":22,"yays":898,"nays":225},{"committee":"УИК №25","vibid":"4094010373237","voters":900,"total":727,"voted":727,"spoiled":5,"yays":670,"nays":52},{"committee":"УИК №26","vibid":"4094010373238","voters":1457,"total":1161,"voted":1161,"spoiled":1,"yays":928,"nays":232},{"committee":"УИК №27","vibid":"4094010373239","voters":1350,"total":1105,"voted":1105,"spoiled":3,"yays":895,"nays":207},{"committee":"УИК №28","vibid":"4094010373240","voters":1553,"total":1295,"voted":1295,"spoiled":4,"yays":1041,"nays":250},{"committee":"УИК №29","vibid":"4094010373241","voters":2140,"total":1764,"voted":1763,"spoiled":1,"yays":1425,"nays":337},{"committee":"УИК №30","vibid":"4094010373242","voters":965,"total":828,"voted":828,"spoiled":8,"yays":655,"nays":165},{"committee":"УИК №31","vibid":"4094010373243","voters":1707,"total":1455,"voted":1455,"spoiled":3,"yays":1184,"nays":268},{"committee":"УИК №32","vibid":"4094010373244","voters":1101,"total":917,"voted":917,"spoiled":1,"yays":819,"nays":97},{"committee":"УИК №33","vibid":"4094010373245","voters":1834,"total":1560,"voted":1560,"spoiled":3,"yays":1069,"nays":488},{"committee":"УИК №34","vibid":"4094010373246","voters":1370,"total":1095,"voted":1095,"spoiled":1,"yays":953,"nays":141},{"committee":"УИК №35","vibid":"4094010373247","voters":1109,"total":951,"voted":951,"spoiled":1,"yays":651,"nays":299},{"committee":"УИК №36","vibid":"4094010373248","voters":1831,"total":1475,"voted":1473,"spoiled":4,"yays":1280,"nays":189},{"committee":"УИК №37","vibid":"4094010373249","voters":974,"total":779,"voted":779,"spoiled":19,"yays":529,"nays":231},{"committee":"УИК №38","vibid":"4094010373250","voters":1963,"total":1611,"voted":1611,"spoiled":3,"yays":1423,"nays":185},{"committee":"УИК №39","vibid":"4094010373251","voters":2139,"total":1830,"voted":1830,"spoiled":3,"yays":1554,"nays":273},{"committee":"УИК №40","vibid":"4094010373252","voters":901,"total":736,"voted":736,"spoiled":3,"yays":658,"nays":75},{"committee":"УИК №41","vibid":"4094010373253","voters":1104,"total":910,"voted":910,"spoiled":3,"yays":824,"nays":83},{"committee":"УИК №42","vibid":"4094010373254","voters":1193,"total":974,"voted":974,"spoiled":1,"yays":837,"nays":136},{"committee":"УИК №43","vibid":"4094010373255","voters":1313,"total":990,"voted":990,"spoiled":2,"yays":842,"nays":146},{"committee":"УИК №44","vibid":"4094010373256","voters":1925,"total":1640,"voted":1640,"spoiled":4,"yays":1333,"nays":303},{"committee":"УИК №45","vibid":"4094010373257","voters":1626,"total":1297,"voted":1297,"spoiled":1,"yays":1086,"nays":210},{"committee":"УИК №46","vibid":"4094010373258","voters":1757,"total":1558,"voted":1558,"spoiled":3,"yays":1348,"nays":207},{"committee":"УИК №47","vibid":"4094010373259","voters":1890,"total":1632,"voted":1632,"spoiled":2,"yays":1401,"nays":229},{"committee":"УИК №48","vibid":"4094010373260","voters":2382,"total":2013,"voted":2010,"spoiled":3,"yays":1689,"nays":318},{"committee":"УИК №49","vibid":"4094010373261","voters":1526,"total":1293,"voted":1293,"spoiled":2,"yays":1127,"nays":164},{"committee":"УИК №50","vibid":"4094010373262","voters":2656,"total":2218,"voted":2216,"spoiled":3,"yays":1712,"nays":501},{"committee":"УИК №51","vibid":"4094010373263","voters":1993,"total":1658,"voted":1658,"spoiled":3,"yays":1310,"nays":345},{"committee":"УИК №52","vibid":"4094010373264","voters":2411,"total":1902,"voted":1902,"spoiled":3,"yays":1713,"nays":186}]