[{"committee":"УИК №182","vibid":"4084009180356","voters":650,"total":560,"voted":560,"spoiled":0,"yays":507,"nays":53},{"committee":"УИК №183","vibid":"4084009180369","voters":1359,"total":1184,"voted":1184,"spoiled":24,"yays":997,"nays":163},{"committee":"УИК №184","vibid":"4084009180358","voters":557,"total":465,"voted":465,"spoiled":0,"yays":377,"nays":88},{"committee":"УИК №185","vibid":"4084009180359","voters":624,"total":511,"voted":511,"spoiled":2,"yays":458,"nays":51},{"committee":"УИК №186","vibid":"4084009180360","voters":1032,"total":878,"voted":878,"spoiled":9,"yays":791,"nays":78},{"committee":"УИК №187","vibid":"4084009180361","voters":562,"total":485,"voted":485,"spoiled":0,"yays":412,"nays":73},{"committee":"УИК №188","vibid":"4084009180362","voters":920,"total":791,"voted":791,"spoiled":0,"yays":744,"nays":47},{"committee":"УИК №189","vibid":"4084009180363","voters":451,"total":385,"voted":385,"spoiled":0,"yays":336,"nays":49},{"committee":"УИК №190","vibid":"4084009180364","voters":387,"total":337,"voted":337,"spoiled":0,"yays":305,"nays":32},{"committee":"УИК №191","vibid":"4084009180365","voters":327,"total":294,"voted":294,"spoiled":0,"yays":278,"nays":16},{"committee":"УИК №192","vibid":"4084009180366","voters":705,"total":610,"voted":610,"spoiled":0,"yays":561,"nays":49},{"committee":"УИК №193","vibid":"4084009180367","voters":305,"total":269,"voted":269,"spoiled":0,"yays":254,"nays":15}]