[{"committee":"УИК №751","vibid":"4034023391098","voters":2094,"total":1000,"voted":1000,"spoiled":25,"yays":632,"nays":343},{"committee":"УИК №752","vibid":"4034023391099","voters":1519,"total":816,"voted":816,"spoiled":6,"yays":492,"nays":318},{"committee":"УИК №753","vibid":"4034023391100","voters":1363,"total":701,"voted":701,"spoiled":19,"yays":504,"nays":178},{"committee":"УИК №754","vibid":"4034023391101","voters":2347,"total":1308,"voted":1308,"spoiled":165,"yays":707,"nays":436},{"committee":"УИК №755","vibid":"4034023391102","voters":1408,"total":808,"voted":808,"spoiled":8,"yays":460,"nays":340},{"committee":"УИК №756","vibid":"4034023391103","voters":2150,"total":1089,"voted":1086,"spoiled":8,"yays":859,"nays":219},{"committee":"УИК №757","vibid":"4034023391104","voters":2667,"total":1525,"voted":1525,"spoiled":5,"yays":980,"nays":540},{"committee":"УИК №758","vibid":"4034023391105","voters":2786,"total":1359,"voted":1359,"spoiled":9,"yays":811,"nays":539},{"committee":"УИК №759","vibid":"4034023391106","voters":2646,"total":1557,"voted":1556,"spoiled":5,"yays":889,"nays":662},{"committee":"УИК №760","vibid":"4034023391107","voters":2759,"total":1554,"voted":1554,"spoiled":16,"yays":922,"nays":616},{"committee":"УИК №761","vibid":"4034023391108","voters":1685,"total":936,"voted":936,"spoiled":4,"yays":694,"nays":238},{"committee":"УИК №762","vibid":"4034023391109","voters":2248,"total":1323,"voted":1322,"spoiled":147,"yays":919,"nays":256},{"committee":"УИК №763","vibid":"4034023391110","voters":3004,"total":1464,"voted":1464,"spoiled":32,"yays":1101,"nays":331},{"committee":"УИК №764","vibid":"4034023391111","voters":1812,"total":707,"voted":707,"spoiled":5,"yays":485,"nays":217},{"committee":"УИК №765","vibid":"4034023391112","voters":2623,"total":1286,"voted":1286,"spoiled":5,"yays":792,"nays":489},{"committee":"УИК №766","vibid":"4034023391113","voters":2002,"total":1300,"voted":1300,"spoiled":0,"yays":955,"nays":345},{"committee":"УИК №767","vibid":"4034023391114","voters":1911,"total":951,"voted":951,"spoiled":4,"yays":659,"nays":288},{"committee":"УИК №768","vibid":"4034023391115","voters":2728,"total":1837,"voted":1832,"spoiled":79,"yays":1288,"nays":465},{"committee":"УИК №769","vibid":"4034023391116","voters":1621,"total":935,"voted":935,"spoiled":9,"yays":632,"nays":294},{"committee":"УИК №770","vibid":"4034023391117","voters":1716,"total":984,"voted":984,"spoiled":9,"yays":675,"nays":300},{"committee":"УИК №771","vibid":"4034023391118","voters":2437,"total":1369,"voted":1369,"spoiled":10,"yays":820,"nays":539},{"committee":"УИК №772","vibid":"4034023391119","voters":2666,"total":1395,"voted":1395,"spoiled":11,"yays":905,"nays":479},{"committee":"УИК №773","vibid":"4034023391120","voters":1541,"total":1280,"voted":1279,"spoiled":36,"yays":844,"nays":399},{"committee":"УИК №774","vibid":"4034023391121","voters":2338,"total":1215,"voted":1215,"spoiled":27,"yays":825,"nays":363},{"committee":"УИК №775","vibid":"4034023391122","voters":1241,"total":587,"voted":587,"spoiled":5,"yays":362,"nays":220},{"committee":"УИК №776","vibid":"4034023391123","voters":1909,"total":1070,"voted":1070,"spoiled":7,"yays":673,"nays":390},{"committee":"УИК №777","vibid":"4034023391124","voters":1588,"total":864,"voted":864,"spoiled":17,"yays":536,"nays":311},{"committee":"УИК №778","vibid":"4034023391125","voters":1843,"total":1055,"voted":1055,"spoiled":4,"yays":598,"nays":453},{"committee":"УИК №779","vibid":"4034023391126","voters":793,"total":477,"voted":477,"spoiled":33,"yays":254,"nays":190},{"committee":"УИК №780","vibid":"4034023391127","voters":2126,"total":1262,"voted":1262,"spoiled":8,"yays":712,"nays":542},{"committee":"УИК №781","vibid":"4034023391128","voters":2543,"total":1347,"voted":1347,"spoiled":140,"yays":836,"nays":371},{"committee":"УИК №782","vibid":"4034023391129","voters":1892,"total":1213,"voted":1213,"spoiled":12,"yays":878,"nays":323},{"committee":"УИК №783","vibid":"4034023391130","voters":2955,"total":1612,"voted":1612,"spoiled":57,"yays":1335,"nays":220},{"committee":"УИК №784","vibid":"4034023391131","voters":2398,"total":1476,"voted":1476,"spoiled":18,"yays":1091,"nays":367},{"committee":"УИК №785","vibid":"4034023391132","voters":2457,"total":1207,"voted":1207,"spoiled":12,"yays":765,"nays":430},{"committee":"УИК №786","vibid":"4034023391133","voters":1670,"total":1056,"voted":1056,"spoiled":18,"yays":610,"nays":428},{"committee":"УИК №787","vibid":"4034023391134","voters":2319,"total":1301,"voted":1299,"spoiled":9,"yays":824,"nays":466},{"committee":"УИК №788","vibid":"4034023391135","voters":2614,"total":2000,"voted":1365,"spoiled":11,"yays":791,"nays":563},{"committee":"УИК №789","vibid":"4034023391136","voters":1896,"total":1101,"voted":1101,"spoiled":14,"yays":697,"nays":390},{"committee":"УИК №790","vibid":"4034023391137","voters":1929,"total":917,"voted":915,"spoiled":13,"yays":549,"nays":353},{"committee":"УИК №791","vibid":"4034023391138","voters":2367,"total":1400,"voted":1400,"spoiled":27,"yays":871,"nays":502},{"committee":"УИК №792","vibid":"4034023391139","voters":1900,"total":1275,"voted":1275,"spoiled":96,"yays":887,"nays":292},{"committee":"УИК №793","vibid":"4034023391140","voters":2211,"total":1243,"voted":1243,"spoiled":31,"yays":734,"nays":478},{"committee":"УИК №794","vibid":"4034023391141","voters":1822,"total":1060,"voted":1060,"spoiled":22,"yays":609,"nays":429},{"committee":"УИК №795","vibid":"4034023391142","voters":3120,"total":1639,"voted":1639,"spoiled":14,"yays":903,"nays":722},{"committee":"УИК №796","vibid":"4034023391143","voters":1554,"total":1184,"voted":1184,"spoiled":8,"yays":746,"nays":430},{"committee":"УИК №797","vibid":"4034023391144","voters":2031,"total":1186,"voted":1170,"spoiled":16,"yays":741,"nays":413},{"committee":"УИК №798","vibid":"4034023391145","voters":352,"total":327,"voted":326,"spoiled":7,"yays":273,"nays":46},{"committee":"УИК №799","vibid":"4034023391146","voters":2441,"total":1347,"voted":1347,"spoiled":74,"yays":881,"nays":392},{"committee":"УИК №800","vibid":"4034023391147","voters":2243,"total":1492,"voted":1492,"spoiled":48,"yays":920,"nays":524},{"committee":"УИК №801","vibid":"4034023391148","voters":2018,"total":1010,"voted":1010,"spoiled":9,"yays":578,"nays":423},{"committee":"УИК №802","vibid":"4034023391149","voters":2234,"total":1163,"voted":1163,"spoiled":9,"yays":701,"nays":453},{"committee":"УИК №803","vibid":"4034023391150","voters":170,"total":146,"voted":146,"spoiled":1,"yays":74,"nays":71},{"committee":"УИК №804","vibid":"4034023391151","voters":1480,"total":675,"voted":675,"spoiled":73,"yays":356,"nays":246},{"committee":"УИК №805","vibid":"4034023391152","voters":908,"total":524,"voted":524,"spoiled":52,"yays":381,"nays":91},{"committee":"УИК №806","vibid":"4034023391153","voters":2239,"total":1206,"voted":1204,"spoiled":10,"yays":680,"nays":514},{"committee":"УИК №807","vibid":"4034023391154","voters":1827,"total":1006,"voted":1006,"spoiled":5,"yays":619,"nays":382},{"committee":"УИК №808","vibid":"4034023391155","voters":1203,"total":817,"voted":817,"spoiled":76,"yays":552,"nays":189},{"committee":"УИК №809","vibid":"4034023391156","voters":2045,"total":1084,"voted":1084,"spoiled":8,"yays":644,"nays":432},{"committee":"УИК №810","vibid":"4034023391157","voters":2242,"total":1390,"voted":1390,"spoiled":9,"yays":764,"nays":617},{"committee":"УИК №811","vibid":"4034023391158","voters":2296,"total":1234,"voted":1234,"spoiled":48,"yays":771,"nays":415},{"committee":"УИК №812","vibid":"4034023391159","voters":2253,"total":1069,"voted":1069,"spoiled":10,"yays":644,"nays":415},{"committee":"УИК №813","vibid":"4034023391160","voters":2960,"total":1412,"voted":1412,"spoiled":13,"yays":1093,"nays":306},{"committee":"УИК №814","vibid":"4034023391161","voters":2616,"total":1180,"voted":1180,"spoiled":16,"yays":783,"nays":381},{"committee":"УИК №815","vibid":"4034023391162","voters":2963,"total":1755,"voted":1755,"spoiled":9,"yays":1019,"nays":727},{"committee":"УИК №816","vibid":"4034023391163","voters":3016,"total":1707,"voted":1707,"spoiled":20,"yays":1022,"nays":665},{"committee":"УИК №817","vibid":"4034023391164","voters":2943,"total":1428,"voted":1428,"spoiled":7,"yays":677,"nays":744},{"committee":"УИК №818","vibid":"4034023391957","voters":80,"total":80,"voted":80,"spoiled":1,"yays":50,"nays":29},{"committee":"УИК №819","vibid":"4034023391959","voters":579,"total":579,"voted":579,"spoiled":242,"yays":320,"nays":17},{"committee":"УИК №820","vibid":"4034023391961","voters":22,"total":22,"voted":22,"spoiled":0,"yays":8,"nays":14},{"committee":"УИК №821","vibid":"4034023391963","voters":205,"total":205,"voted":205,"spoiled":0,"yays":125,"nays":80},{"committee":"УИК №822","vibid":"4034023391965","voters":375,"total":351,"voted":351,"spoiled":0,"yays":327,"nays":24},{"committee":"УИК №823","vibid":"4034023391967","voters":18,"total":18,"voted":18,"spoiled":0,"yays":10,"nays":8},{"committee":"УИК №824","vibid":"4034023391970","voters":70,"total":70,"voted":70,"spoiled":0,"yays":60,"nays":10}]