[{"committee":"УИК №70","vibid":"4094011147703","voters":1345,"total":1163,"voted":1163,"spoiled":8,"yays":997,"nays":158},{"committee":"УИК №71","vibid":"4094011147704","voters":1397,"total":1244,"voted":1244,"spoiled":3,"yays":1103,"nays":138},{"committee":"УИК №72","vibid":"4094011147705","voters":418,"total":373,"voted":373,"spoiled":2,"yays":341,"nays":30},{"committee":"УИК №73","vibid":"4094011147706","voters":1945,"total":1400,"voted":1400,"spoiled":2,"yays":1247,"nays":151},{"committee":"УИК №74","vibid":"4094011147707","voters":1702,"total":1450,"voted":1450,"spoiled":4,"yays":1258,"nays":188},{"committee":"УИК №75","vibid":"4094011147708","voters":1858,"total":1647,"voted":1647,"spoiled":3,"yays":1492,"nays":152},{"committee":"УИК №76","vibid":"4094011147709","voters":1638,"total":1428,"voted":1428,"spoiled":3,"yays":1273,"nays":152}]