[{"committee":"УИК №1130","vibid":"4024009292660","voters":354,"total":337,"voted":337,"spoiled":0,"yays":321,"nays":16},{"committee":"УИК №1131","vibid":"4024009292661","voters":299,"total":285,"voted":285,"spoiled":0,"yays":271,"nays":14},{"committee":"УИК №1132","vibid":"4024009292662","voters":137,"total":131,"voted":131,"spoiled":0,"yays":126,"nays":5},{"committee":"УИК №1133","vibid":"4024009292663","voters":277,"total":263,"voted":263,"spoiled":0,"yays":253,"nays":10},{"committee":"УИК №1134","vibid":"4024009292664","voters":551,"total":535,"voted":535,"spoiled":0,"yays":514,"nays":21},{"committee":"УИК №1135","vibid":"4024009292665","voters":784,"total":745,"voted":745,"spoiled":0,"yays":708,"nays":37},{"committee":"УИК №1136","vibid":"4024009292666","voters":115,"total":110,"voted":110,"spoiled":3,"yays":104,"nays":3},{"committee":"УИК №1137","vibid":"4024009292667","voters":772,"total":695,"voted":695,"spoiled":3,"yays":661,"nays":31},{"committee":"УИК №1138","vibid":"4024009292668","voters":428,"total":412,"voted":412,"spoiled":7,"yays":386,"nays":19},{"committee":"УИК №1139","vibid":"4024009292669","voters":163,"total":154,"voted":154,"spoiled":7,"yays":117,"nays":30},{"committee":"УИК №1140","vibid":"4024009292670","voters":184,"total":178,"voted":178,"spoiled":0,"yays":170,"nays":8},{"committee":"УИК №1141","vibid":"4024009292671","voters":223,"total":201,"voted":201,"spoiled":1,"yays":190,"nays":10},{"committee":"УИК №1142","vibid":"4024009292672","voters":506,"total":484,"voted":484,"spoiled":0,"yays":460,"nays":24},{"committee":"УИК №1143","vibid":"4024009292673","voters":337,"total":309,"voted":309,"spoiled":0,"yays":294,"nays":15},{"committee":"УИК №1144","vibid":"4024009292674","voters":198,"total":188,"voted":188,"spoiled":0,"yays":179,"nays":9},{"committee":"УИК №1147","vibid":"4024009292675","voters":235,"total":226,"voted":226,"spoiled":0,"yays":215,"nays":11},{"committee":"УИК №1148","vibid":"4024009292676","voters":181,"total":176,"voted":176,"spoiled":0,"yays":173,"nays":3},{"committee":"УИК №1149","vibid":"4024009292677","voters":256,"total":246,"voted":246,"spoiled":0,"yays":242,"nays":4},{"committee":"УИК №1150","vibid":"4024009292678","voters":576,"total":536,"voted":536,"spoiled":4,"yays":510,"nays":22},{"committee":"УИК №1151","vibid":"4024009292679","voters":359,"total":345,"voted":345,"spoiled":0,"yays":333,"nays":12},{"committee":"УИК №1152","vibid":"4024009292680","voters":127,"total":122,"voted":122,"spoiled":0,"yays":116,"nays":6},{"committee":"УИК №1154","vibid":"4024009292681","voters":102,"total":97,"voted":97,"spoiled":0,"yays":92,"nays":5},{"committee":"УИК №1155","vibid":"4024009292682","voters":120,"total":115,"voted":115,"spoiled":0,"yays":113,"nays":2},{"committee":"УИК №1156","vibid":"4024009292683","voters":202,"total":187,"voted":187,"spoiled":0,"yays":178,"nays":9},{"committee":"УИК №1160","vibid":"4024009292684","voters":584,"total":549,"voted":549,"spoiled":0,"yays":522,"nays":27},{"committee":"УИК №1161","vibid":"4024009292685","voters":1176,"total":1060,"voted":1060,"spoiled":4,"yays":967,"nays":89},{"committee":"УИК №1162","vibid":"4024009292686","voters":356,"total":325,"voted":325,"spoiled":0,"yays":275,"nays":50},{"committee":"УИК №1163","vibid":"4024009292687","voters":1326,"total":1203,"voted":1203,"spoiled":5,"yays":1100,"nays":98},{"committee":"УИК №1164","vibid":"4024009292688","voters":1129,"total":1062,"voted":1062,"spoiled":0,"yays":1010,"nays":52},{"committee":"УИК №1166","vibid":"4024009292689","voters":215,"total":207,"voted":207,"spoiled":2,"yays":198,"nays":7},{"committee":"УИК №1167","vibid":"4024009292690","voters":228,"total":220,"voted":220,"spoiled":0,"yays":211,"nays":9},{"committee":"УИК №1168","vibid":"4024009292691","voters":289,"total":279,"voted":279,"spoiled":0,"yays":267,"nays":12},{"committee":"УИК №1170","vibid":"4024009292692","voters":319,"total":305,"voted":305,"spoiled":14,"yays":271,"nays":20},{"committee":"УИК №1172","vibid":"4024009292693","voters":348,"total":335,"voted":335,"spoiled":0,"yays":318,"nays":17},{"committee":"УИК №1173","vibid":"4024009292694","voters":274,"total":267,"voted":267,"spoiled":0,"yays":264,"nays":3},{"committee":"УИК №1174","vibid":"4024009292695","voters":368,"total":358,"voted":358,"spoiled":0,"yays":345,"nays":13},{"committee":"УИК №1175","vibid":"4024009292696","voters":396,"total":353,"voted":353,"spoiled":0,"yays":336,"nays":17},{"committee":"УИК №1177","vibid":"4024009292697","voters":270,"total":243,"voted":243,"spoiled":0,"yays":231,"nays":12},{"committee":"УИК №1178","vibid":"4024009292698","voters":355,"total":339,"voted":339,"spoiled":0,"yays":325,"nays":14},{"committee":"УИК №1179","vibid":"4024009292699","voters":448,"total":435,"voted":435,"spoiled":0,"yays":417,"nays":18},{"committee":"УИК №1180","vibid":"4024009292700","voters":320,"total":309,"voted":309,"spoiled":0,"yays":298,"nays":11},{"committee":"УИК №1181","vibid":"4024009292701","voters":145,"total":133,"voted":133,"spoiled":1,"yays":124,"nays":8}]