[{"committee":"УИК №1326","vibid":"4054035221768","voters":397,"total":361,"voted":361,"spoiled":0,"yays":343,"nays":18},{"committee":"УИК №1327","vibid":"4054035221770","voters":341,"total":310,"voted":310,"spoiled":0,"yays":294,"nays":16},{"committee":"УИК №1328","vibid":"4054035221771","voters":418,"total":380,"voted":380,"spoiled":0,"yays":361,"nays":19},{"committee":"УИК №1329","vibid":"4054035221772","voters":149,"total":131,"voted":131,"spoiled":0,"yays":124,"nays":7},{"committee":"УИК №1330","vibid":"4054035221773","voters":368,"total":334,"voted":334,"spoiled":0,"yays":317,"nays":17},{"committee":"УИК №1331","vibid":"4054035221774","voters":227,"total":206,"voted":206,"spoiled":0,"yays":196,"nays":10},{"committee":"УИК №1332","vibid":"4054035221775","voters":327,"total":297,"voted":297,"spoiled":0,"yays":282,"nays":15},{"committee":"УИК №1333","vibid":"4054035221776","voters":439,"total":399,"voted":399,"spoiled":0,"yays":379,"nays":20},{"committee":"УИК №1334","vibid":"4054035221777","voters":371,"total":337,"voted":337,"spoiled":0,"yays":320,"nays":17},{"committee":"УИК №1335","vibid":"4054035221778","voters":179,"total":162,"voted":162,"spoiled":0,"yays":154,"nays":8},{"committee":"УИК №1336","vibid":"4054035221779","voters":452,"total":411,"voted":411,"spoiled":0,"yays":390,"nays":21},{"committee":"УИК №1337","vibid":"4054035221780","voters":562,"total":517,"voted":517,"spoiled":0,"yays":491,"nays":26},{"committee":"УИК №1338","vibid":"4054035221781","voters":306,"total":281,"voted":281,"spoiled":0,"yays":267,"nays":14},{"committee":"УИК №1339","vibid":"4054035221782","voters":597,"total":549,"voted":549,"spoiled":0,"yays":522,"nays":27},{"committee":"УИК №1340","vibid":"4054035221783","voters":493,"total":453,"voted":453,"spoiled":0,"yays":430,"nays":23},{"committee":"УИК №1341","vibid":"4054035221784","voters":922,"total":848,"voted":848,"spoiled":0,"yays":806,"nays":42},{"committee":"УИК №1342","vibid":"4054035221785","voters":921,"total":847,"voted":847,"spoiled":0,"yays":805,"nays":42},{"committee":"УИК №1343","vibid":"4054035221786","voters":607,"total":558,"voted":558,"spoiled":0,"yays":530,"nays":28},{"committee":"УИК №1344","vibid":"4054035221787","voters":1055,"total":970,"voted":970,"spoiled":0,"yays":922,"nays":48},{"committee":"УИК №1345","vibid":"4054035221788","voters":398,"total":365,"voted":365,"spoiled":0,"yays":347,"nays":18},{"committee":"УИК №1346","vibid":"4054035221789","voters":1246,"total":1146,"voted":1146,"spoiled":0,"yays":712,"nays":434},{"committee":"УИК №1347","vibid":"4054035221790","voters":1541,"total":1417,"voted":1417,"spoiled":0,"yays":896,"nays":521},{"committee":"УИК №1348","vibid":"4054035221791","voters":362,"total":333,"voted":333,"spoiled":0,"yays":316,"nays":17},{"committee":"УИК №1349","vibid":"4054035221792","voters":447,"total":411,"voted":411,"spoiled":0,"yays":390,"nays":21},{"committee":"УИК №1350","vibid":"4054035221793","voters":286,"total":263,"voted":263,"spoiled":0,"yays":250,"nays":13},{"committee":"УИК №1351","vibid":"4054035221794","voters":628,"total":577,"voted":577,"spoiled":0,"yays":548,"nays":29},{"committee":"УИК №1352","vibid":"4054035221795","voters":211,"total":194,"voted":194,"spoiled":0,"yays":184,"nays":10},{"committee":"УИК №1353","vibid":"4054035221796","voters":305,"total":280,"voted":280,"spoiled":0,"yays":266,"nays":14},{"committee":"УИК №1354","vibid":"4054035221797","voters":187,"total":172,"voted":172,"spoiled":0,"yays":163,"nays":9},{"committee":"УИК №1355","vibid":"4054035221798","voters":443,"total":407,"voted":407,"spoiled":0,"yays":387,"nays":20},{"committee":"УИК №1356","vibid":"4054035221799","voters":504,"total":463,"voted":463,"spoiled":0,"yays":440,"nays":23},{"committee":"УИК №1357","vibid":"4054035221800","voters":386,"total":355,"voted":355,"spoiled":0,"yays":337,"nays":18},{"committee":"УИК №1358","vibid":"4054035221801","voters":311,"total":286,"voted":286,"spoiled":0,"yays":272,"nays":14},{"committee":"УИК №1359","vibid":"4054035221802","voters":464,"total":426,"voted":426,"spoiled":0,"yays":405,"nays":21},{"committee":"УИК №1360","vibid":"4054035221803","voters":350,"total":322,"voted":322,"spoiled":0,"yays":306,"nays":16},{"committee":"УИК №1361","vibid":"4054035221804","voters":212,"total":192,"voted":192,"spoiled":0,"yays":182,"nays":10},{"committee":"УИК №1362","vibid":"4054035221805","voters":119,"total":108,"voted":108,"spoiled":0,"yays":103,"nays":5},{"committee":"УИК №1363","vibid":"4054035221806","voters":1366,"total":1243,"voted":1243,"spoiled":0,"yays":781,"nays":462},{"committee":"УИК №1364","vibid":"4054035221807","voters":1079,"total":981,"voted":981,"spoiled":0,"yays":562,"nays":419},{"committee":"УИК №1365","vibid":"4054035221808","voters":870,"total":791,"voted":791,"spoiled":0,"yays":751,"nays":40},{"committee":"УИК №1366","vibid":"4054035221809","voters":1066,"total":970,"voted":970,"spoiled":0,"yays":602,"nays":368},{"committee":"УИК №1367","vibid":"4054035221810","voters":861,"total":783,"voted":783,"spoiled":0,"yays":444,"nays":339},{"committee":"УИК №1368","vibid":"4054035221811","voters":307,"total":278,"voted":278,"spoiled":0,"yays":265,"nays":13},{"committee":"УИК №1369","vibid":"4054035221812","voters":307,"total":279,"voted":279,"spoiled":0,"yays":265,"nays":14},{"committee":"УИК №1370","vibid":"4054035221813","voters":204,"total":185,"voted":185,"spoiled":0,"yays":176,"nays":9},{"committee":"УИК №1371","vibid":"4054035221814","voters":179,"total":162,"voted":162,"spoiled":0,"yays":154,"nays":8},{"committee":"УИК №1372","vibid":"4054035221815","voters":244,"total":222,"voted":222,"spoiled":0,"yays":211,"nays":11},{"committee":"УИК №1373","vibid":"4054035221816","voters":539,"total":489,"voted":489,"spoiled":0,"yays":465,"nays":24},{"committee":"УИК №1374","vibid":"4054035221817","voters":1100,"total":1001,"voted":1001,"spoiled":0,"yays":951,"nays":50},{"committee":"УИК №1375","vibid":"4054035221818","voters":220,"total":207,"voted":207,"spoiled":0,"yays":197,"nays":10},{"committee":"УИК №1376","vibid":"4054035221819","voters":727,"total":668,"voted":668,"spoiled":0,"yays":635,"nays":33},{"committee":"УИК №1377","vibid":"4054035221820","voters":852,"total":783,"voted":783,"spoiled":0,"yays":744,"nays":39},{"committee":"УИК №1378","vibid":"4054035221821","voters":1574,"total":1448,"voted":1448,"spoiled":0,"yays":976,"nays":472},{"committee":"УИК №1379","vibid":"4054035221822","voters":223,"total":205,"voted":205,"spoiled":0,"yays":195,"nays":10},{"committee":"УИК №1380","vibid":"4054035221823","voters":376,"total":345,"voted":345,"spoiled":0,"yays":328,"nays":17},{"committee":"УИК №1381","vibid":"4054035221824","voters":1423,"total":1309,"voted":1309,"spoiled":2,"yays":1241,"nays":66},{"committee":"УИК №1382","vibid":"4054035221825","voters":757,"total":696,"voted":696,"spoiled":0,"yays":661,"nays":35},{"committee":"УИК №1383","vibid":"4054035221826","voters":704,"total":653,"voted":653,"spoiled":0,"yays":615,"nays":38},{"committee":"УИК №1384","vibid":"4054035221827","voters":452,"total":415,"voted":415,"spoiled":0,"yays":394,"nays":21},{"committee":"УИК №1385","vibid":"4054035221828","voters":189,"total":173,"voted":173,"spoiled":0,"yays":164,"nays":9},{"committee":"УИК №1386","vibid":"4054035221829","voters":226,"total":207,"voted":207,"spoiled":0,"yays":197,"nays":10},{"committee":"УИК №1387","vibid":"4054035221830","voters":438,"total":402,"voted":402,"spoiled":0,"yays":382,"nays":20},{"committee":"УИК №1388","vibid":"4054035221831","voters":786,"total":723,"voted":723,"spoiled":0,"yays":687,"nays":36},{"committee":"УИК №1389","vibid":"4054035221832","voters":343,"total":315,"voted":315,"spoiled":0,"yays":299,"nays":16},{"committee":"УИК №1390","vibid":"4054035221833","voters":347,"total":319,"voted":319,"spoiled":0,"yays":303,"nays":16},{"committee":"УИК №1391","vibid":"4054035221834","voters":393,"total":361,"voted":361,"spoiled":0,"yays":343,"nays":18}]