[{"committee":"УИК №162","vibid":"4054006216565","voters":20,"total":19,"voted":19,"spoiled":0,"yays":18,"nays":1},{"committee":"УИК №163","vibid":"4054006216566","voters":895,"total":869,"voted":869,"spoiled":37,"yays":818,"nays":14},{"committee":"УИК №164","vibid":"4054006216567","voters":346,"total":319,"voted":319,"spoiled":3,"yays":310,"nays":6},{"committee":"УИК №165","vibid":"4054006216568","voters":2000,"total":1912,"voted":1912,"spoiled":0,"yays":1893,"nays":19},{"committee":"УИК №166","vibid":"4054006216569","voters":633,"total":609,"voted":609,"spoiled":0,"yays":601,"nays":8},{"committee":"УИК №167","vibid":"4054006216570","voters":56,"total":50,"voted":50,"spoiled":0,"yays":49,"nays":1},{"committee":"УИК №168","vibid":"4054006216571","voters":9,"total":7,"voted":7,"spoiled":0,"yays":6,"nays":1},{"committee":"УИК №169","vibid":"4054006216572","voters":521,"total":474,"voted":474,"spoiled":0,"yays":472,"nays":2},{"committee":"УИК №170","vibid":"4054006216573","voters":1114,"total":1098,"voted":1095,"spoiled":0,"yays":1041,"nays":54},{"committee":"УИК №171","vibid":"4054006216574","voters":735,"total":694,"voted":692,"spoiled":0,"yays":621,"nays":71},{"committee":"УИК №172","vibid":"4054006216575","voters":56,"total":55,"voted":55,"spoiled":1,"yays":50,"nays":4},{"committee":"УИК №173","vibid":"4054006216576","voters":32,"total":29,"voted":29,"spoiled":1,"yays":27,"nays":1},{"committee":"УИК №174","vibid":"4054006216577","voters":243,"total":221,"voted":221,"spoiled":5,"yays":192,"nays":24},{"committee":"УИК №175","vibid":"4054006216578","voters":186,"total":172,"voted":172,"spoiled":3,"yays":161,"nays":8},{"committee":"УИК №176","vibid":"4054006216579","voters":2096,"total":1571,"voted":1571,"spoiled":19,"yays":1448,"nays":104},{"committee":"УИК №177","vibid":"4054006216580","voters":976,"total":799,"voted":799,"spoiled":6,"yays":725,"nays":68},{"committee":"УИК №178","vibid":"4054006216581","voters":1572,"total":1516,"voted":1516,"spoiled":2,"yays":1426,"nays":88},{"committee":"УИК №179","vibid":"4054006216582","voters":304,"total":271,"voted":271,"spoiled":1,"yays":244,"nays":26},{"committee":"УИК №180","vibid":"4054006216583","voters":38,"total":32,"voted":32,"spoiled":1,"yays":29,"nays":2},{"committee":"УИК №181","vibid":"4054006216584","voters":1518,"total":1387,"voted":1387,"spoiled":0,"yays":1371,"nays":16},{"committee":"УИК №182","vibid":"4054006216585","voters":158,"total":146,"voted":146,"spoiled":0,"yays":142,"nays":4},{"committee":"УИК №183","vibid":"4054006216586","voters":167,"total":161,"voted":161,"spoiled":6,"yays":143,"nays":12},{"committee":"УИК №184","vibid":"4054006216587","voters":1860,"total":1710,"voted":1710,"spoiled":0,"yays":1560,"nays":150},{"committee":"УИК №185","vibid":"4054006216588","voters":32,"total":28,"voted":28,"spoiled":1,"yays":24,"nays":3},{"committee":"УИК №186","vibid":"4054006216589","voters":26,"total":21,"voted":21,"spoiled":0,"yays":20,"nays":1},{"committee":"УИК №187","vibid":"4054006216590","voters":85,"total":80,"voted":80,"spoiled":0,"yays":75,"nays":5},{"committee":"УИК №188","vibid":"4054006216591","voters":455,"total":418,"voted":418,"spoiled":2,"yays":414,"nays":2},{"committee":"УИК №189","vibid":"4054006216592","voters":170,"total":163,"voted":163,"spoiled":4,"yays":157,"nays":2},{"committee":"УИК №190","vibid":"4054006216593","voters":236,"total":211,"voted":211,"spoiled":0,"yays":209,"nays":2},{"committee":"УИК №191","vibid":"4054006216594","voters":218,"total":210,"voted":208,"spoiled":0,"yays":192,"nays":16},{"committee":"УИК №192","vibid":"4054006216595","voters":11,"total":10,"voted":10,"spoiled":0,"yays":9,"nays":1},{"committee":"УИК №193","vibid":"4054006216596","voters":1195,"total":955,"voted":955,"spoiled":6,"yays":848,"nays":101},{"committee":"УИК №194","vibid":"4054006216597","voters":1736,"total":1500,"voted":1500,"spoiled":0,"yays":1415,"nays":85},{"committee":"УИК №195","vibid":"4054006216598","voters":380,"total":335,"voted":335,"spoiled":0,"yays":324,"nays":11},{"committee":"УИК №196","vibid":"4054006216599","voters":389,"total":342,"voted":342,"spoiled":5,"yays":299,"nays":38},{"committee":"УИК №197","vibid":"4054006216600","voters":24,"total":21,"voted":21,"spoiled":0,"yays":20,"nays":1},{"committee":"УИК №198","vibid":"4054006216601","voters":999,"total":790,"voted":790,"spoiled":0,"yays":631,"nays":159},{"committee":"УИК №199","vibid":"4054006216602","voters":1399,"total":1370,"voted":1069,"spoiled":3,"yays":1022,"nays":44},{"committee":"УИК №200","vibid":"4054006216603","voters":231,"total":230,"voted":180,"spoiled":4,"yays":153,"nays":23},{"committee":"УИК №201","vibid":"4054006216604","voters":68,"total":67,"voted":62,"spoiled":0,"yays":58,"nays":4},{"committee":"УИК №202","vibid":"4054006216605","voters":403,"total":337,"voted":337,"spoiled":0,"yays":330,"nays":7},{"committee":"УИК №203","vibid":"4054006216606","voters":182,"total":173,"voted":173,"spoiled":6,"yays":158,"nays":9},{"committee":"УИК №204","vibid":"4054006216607","voters":412,"total":380,"voted":380,"spoiled":0,"yays":366,"nays":14},{"committee":"УИК №205","vibid":"4054006216608","voters":1250,"total":1112,"voted":1112,"spoiled":8,"yays":982,"nays":122},{"committee":"УИК №206","vibid":"4054006216609","voters":525,"total":462,"voted":462,"spoiled":4,"yays":407,"nays":51},{"committee":"УИК №207","vibid":"4054006216610","voters":369,"total":339,"voted":339,"spoiled":1,"yays":326,"nays":12},{"committee":"УИК №208","vibid":"4054006216611","voters":325,"total":293,"voted":293,"spoiled":4,"yays":274,"nays":15},{"committee":"УИК №209","vibid":"4054006216612","voters":371,"total":346,"voted":346,"spoiled":0,"yays":342,"nays":4},{"committee":"УИК №210","vibid":"4054006216613","voters":28,"total":26,"voted":26,"spoiled":1,"yays":23,"nays":2},{"committee":"УИК №211","vibid":"4054006216614","voters":131,"total":124,"voted":124,"spoiled":0,"yays":121,"nays":3},{"committee":"УИК №212","vibid":"4054006216615","voters":667,"total":593,"voted":593,"spoiled":3,"yays":519,"nays":71},{"committee":"УИК №213","vibid":"4054006216616","voters":51,"total":49,"voted":49,"spoiled":2,"yays":45,"nays":2},{"committee":"УИК №214","vibid":"4054006216617","voters":502,"total":500,"voted":500,"spoiled":21,"yays":243,"nays":236}]