[{"committee":"УИК №433","vibid":"4024036195187","voters":1175,"total":716,"voted":716,"spoiled":3,"yays":687,"nays":26},{"committee":"УИК №434","vibid":"4024036195188","voters":1342,"total":1165,"voted":1165,"spoiled":4,"yays":1096,"nays":65},{"committee":"УИК №435","vibid":"4024036195189","voters":2419,"total":2196,"voted":2196,"spoiled":12,"yays":1760,"nays":424},{"committee":"УИК №436","vibid":"4024036195190","voters":2295,"total":2145,"voted":2145,"spoiled":29,"yays":1740,"nays":376},{"committee":"УИК №437","vibid":"4024036195191","voters":2280,"total":1621,"voted":1621,"spoiled":17,"yays":1219,"nays":385},{"committee":"УИК №438","vibid":"4024036195192","voters":1867,"total":1593,"voted":1593,"spoiled":66,"yays":1234,"nays":293},{"committee":"УИК №439","vibid":"4024036195193","voters":2145,"total":1972,"voted":1972,"spoiled":9,"yays":1875,"nays":88},{"committee":"УИК №440","vibid":"4024036195194","voters":985,"total":716,"voted":716,"spoiled":2,"yays":575,"nays":139},{"committee":"УИК №441","vibid":"4024036195195","voters":1503,"total":1312,"voted":1312,"spoiled":0,"yays":1247,"nays":65},{"committee":"УИК №442","vibid":"4024036195196","voters":1556,"total":1348,"voted":1348,"spoiled":5,"yays":1199,"nays":144},{"committee":"УИК №443","vibid":"4024036195197","voters":1500,"total":1122,"voted":1122,"spoiled":8,"yays":887,"nays":227},{"committee":"УИК №444","vibid":"4024036195198","voters":2085,"total":801,"voted":801,"spoiled":9,"yays":570,"nays":222},{"committee":"УИК №445","vibid":"4024036195199","voters":2426,"total":2143,"voted":2143,"spoiled":7,"yays":1807,"nays":329},{"committee":"УИК №446","vibid":"4024036195200","voters":2227,"total":2032,"voted":2032,"spoiled":10,"yays":1921,"nays":101},{"committee":"УИК №447","vibid":"4024036195201","voters":2134,"total":1714,"voted":1714,"spoiled":6,"yays":1614,"nays":94},{"committee":"УИК №448","vibid":"4024036195202","voters":1179,"total":1085,"voted":1085,"spoiled":7,"yays":1042,"nays":36},{"committee":"УИК №449","vibid":"4024036195203","voters":1638,"total":1279,"voted":1279,"spoiled":0,"yays":1214,"nays":65},{"committee":"УИК №450","vibid":"4024036195204","voters":2069,"total":1874,"voted":1874,"spoiled":0,"yays":1799,"nays":75},{"committee":"УИК №451","vibid":"4024036195205","voters":2479,"total":2184,"voted":2184,"spoiled":0,"yays":2075,"nays":109},{"committee":"УИК №452","vibid":"4024036195206","voters":2729,"total":2401,"voted":2401,"spoiled":14,"yays":2268,"nays":119},{"committee":"УИК №453","vibid":"4024036195207","voters":2385,"total":2227,"voted":2227,"spoiled":18,"yays":2116,"nays":93},{"committee":"УИК №454","vibid":"4024036195208","voters":2105,"total":1842,"voted":1842,"spoiled":2,"yays":1768,"nays":72},{"committee":"УИК №455","vibid":"4024036195209","voters":946,"total":838,"voted":838,"spoiled":0,"yays":788,"nays":50},{"committee":"УИК №456","vibid":"4024036195210","voters":1865,"total":1652,"voted":1652,"spoiled":7,"yays":1563,"nays":82},{"committee":"УИК №457","vibid":"4024036195211","voters":924,"total":799,"voted":799,"spoiled":2,"yays":759,"nays":38},{"committee":"УИК №458","vibid":"4024036195212","voters":1846,"total":1597,"voted":1597,"spoiled":5,"yays":1533,"nays":59}]