[{"committee":"УИК №100","vibid":"4024055517477","voters":1809,"total":1579,"voted":1577,"spoiled":10,"yays":1304,"nays":263},{"committee":"УИК №101","vibid":"4024055517483","voters":1184,"total":1041,"voted":1041,"spoiled":39,"yays":853,"nays":149},{"committee":"УИК №102","vibid":"4024055517484","voters":1440,"total":1274,"voted":1274,"spoiled":0,"yays":1044,"nays":230},{"committee":"УИК №103","vibid":"4024055517485","voters":976,"total":873,"voted":872,"spoiled":7,"yays":716,"nays":149},{"committee":"УИК №104","vibid":"4024055517486","voters":1978,"total":1786,"voted":1786,"spoiled":23,"yays":1482,"nays":281},{"committee":"УИК №105","vibid":"4024055517487","voters":1392,"total":1265,"voted":1263,"spoiled":3,"yays":1075,"nays":185},{"committee":"УИК №106","vibid":"4024055517488","voters":1873,"total":1629,"voted":1628,"spoiled":3,"yays":1335,"nays":290},{"committee":"УИК №107","vibid":"4024055517489","voters":916,"total":797,"voted":797,"spoiled":2,"yays":654,"nays":141},{"committee":"УИК №108","vibid":"4024055517490","voters":1782,"total":1552,"voted":1551,"spoiled":0,"yays":1458,"nays":93},{"committee":"УИК №109","vibid":"4024055517491","voters":2792,"total":2610,"voted":2610,"spoiled":23,"yays":2143,"nays":444},{"committee":"УИК №110","vibid":"4024055517492","voters":1334,"total":1192,"voted":1191,"spoiled":3,"yays":990,"nays":198},{"committee":"УИК №111","vibid":"4024055517493","voters":2405,"total":2128,"voted":2121,"spoiled":8,"yays":1896,"nays":217},{"committee":"УИК №112","vibid":"4024055517494","voters":2194,"total":1897,"voted":1893,"spoiled":23,"yays":1567,"nays":303},{"committee":"УИК №113","vibid":"4024055517495","voters":1099,"total":937,"voted":937,"spoiled":0,"yays":773,"nays":164},{"committee":"УИК №114","vibid":"4024055517496","voters":1675,"total":1450,"voted":1449,"spoiled":6,"yays":1183,"nays":260},{"committee":"УИК №115","vibid":"4024055517497","voters":1612,"total":1402,"voted":1402,"spoiled":0,"yays":1178,"nays":224},{"committee":"УИК №116","vibid":"4024055517498","voters":1713,"total":1501,"voted":1500,"spoiled":4,"yays":1256,"nays":240},{"committee":"УИК №117","vibid":"4024055517499","voters":610,"total":533,"voted":533,"spoiled":26,"yays":437,"nays":70},{"committee":"УИК №118","vibid":"4024055517500","voters":1937,"total":1685,"voted":1685,"spoiled":6,"yays":1382,"nays":297},{"committee":"УИК №119","vibid":"4024055517501","voters":1341,"total":1124,"voted":1124,"spoiled":0,"yays":948,"nays":176},{"committee":"УИК №120","vibid":"4024055517502","voters":1363,"total":1187,"voted":1186,"spoiled":9,"yays":996,"nays":181},{"committee":"УИК №121","vibid":"4024055517503","voters":1696,"total":1486,"voted":1486,"spoiled":14,"yays":1224,"nays":248},{"committee":"УИК №122","vibid":"4024055517504","voters":1485,"total":1394,"voted":1360,"spoiled":0,"yays":1310,"nays":50},{"committee":"УИК №123","vibid":"4024055517505","voters":812,"total":722,"voted":722,"spoiled":0,"yays":593,"nays":129},{"committee":"УИК №124","vibid":"4024055517506","voters":1190,"total":1029,"voted":1029,"spoiled":2,"yays":857,"nays":170},{"committee":"УИК №125","vibid":"4024055517507","voters":1042,"total":784,"voted":784,"spoiled":1,"yays":684,"nays":99},{"committee":"УИК №126","vibid":"4024055517508","voters":1064,"total":929,"voted":929,"spoiled":4,"yays":770,"nays":155},{"committee":"УИК №127","vibid":"4024055517509","voters":2041,"total":1812,"voted":1810,"spoiled":21,"yays":1493,"nays":296},{"committee":"УИК №128","vibid":"4024055517510","voters":2345,"total":2068,"voted":2063,"spoiled":16,"yays":1689,"nays":358},{"committee":"УИК №129","vibid":"4024055517511","voters":2699,"total":2555,"voted":2429,"spoiled":4,"yays":2255,"nays":170},{"committee":"УИК №130","vibid":"4024055517512","voters":1823,"total":1614,"voted":1614,"spoiled":6,"yays":1324,"nays":284},{"committee":"УИК №131","vibid":"4024055517513","voters":2460,"total":2318,"voted":2318,"spoiled":0,"yays":2151,"nays":167},{"committee":"УИК №132","vibid":"4024055517514","voters":1825,"total":1590,"voted":1590,"spoiled":20,"yays":1306,"nays":264},{"committee":"УИК №133","vibid":"4024055517515","voters":1541,"total":1338,"voted":1338,"spoiled":3,"yays":1104,"nays":231},{"committee":"УИК №134","vibid":"4024055517516","voters":1590,"total":1385,"voted":1385,"spoiled":2,"yays":1272,"nays":111},{"committee":"УИК №135","vibid":"4024055517517","voters":1801,"total":1576,"voted":1573,"spoiled":8,"yays":1299,"nays":266},{"committee":"УИК №136","vibid":"4024055517518","voters":1843,"total":1604,"voted":1604,"spoiled":32,"yays":1331,"nays":241},{"committee":"УИК №137","vibid":"4024055517519","voters":2134,"total":1876,"voted":1874,"spoiled":3,"yays":1552,"nays":319},{"committee":"УИК №138","vibid":"4024055517520","voters":2083,"total":1812,"voted":1812,"spoiled":8,"yays":1503,"nays":301},{"committee":"УИК №139","vibid":"4024055517521","voters":2786,"total":2497,"voted":2495,"spoiled":4,"yays":2070,"nays":421},{"committee":"УИК №140","vibid":"4024055517522","voters":2456,"total":2137,"voted":2137,"spoiled":0,"yays":1773,"nays":364},{"committee":"УИК №141","vibid":"4024055517523","voters":2216,"total":1927,"voted":1924,"spoiled":3,"yays":1598,"nays":323},{"committee":"УИК №142","vibid":"4024055517524","voters":2500,"total":2233,"voted":2231,"spoiled":23,"yays":1835,"nays":373},{"committee":"УИК №143","vibid":"4024055517525","voters":3166,"total":2880,"voted":2878,"spoiled":71,"yays":2663,"nays":144},{"committee":"УИК №144","vibid":"4024055517526","voters":3051,"total":2654,"voted":2652,"spoiled":4,"yays":2176,"nays":472},{"committee":"УИК №145","vibid":"4024055517527","voters":1578,"total":1378,"voted":1378,"spoiled":5,"yays":1304,"nays":69},{"committee":"УИК №146","vibid":"4024055517528","voters":427,"total":380,"voted":380,"spoiled":0,"yays":316,"nays":64},{"committee":"УИК №147","vibid":"4024055517529","voters":1659,"total":1542,"voted":1539,"spoiled":0,"yays":1261,"nays":278},{"committee":"УИК №148","vibid":"4024055517530","voters":2445,"total":2127,"voted":2124,"spoiled":15,"yays":1751,"nays":358},{"committee":"УИК №149","vibid":"4024055517531","voters":1318,"total":1142,"voted":1141,"spoiled":9,"yays":935,"nays":197},{"committee":"УИК №150","vibid":"4024055517532","voters":1866,"total":1626,"voted":1624,"spoiled":9,"yays":1332,"nays":283},{"committee":"УИК №151","vibid":"4024055517533","voters":1966,"total":1721,"voted":1720,"spoiled":11,"yays":1427,"nays":282},{"committee":"УИК №152","vibid":"4024055517534","voters":2087,"total":1826,"voted":1821,"spoiled":3,"yays":1481,"nays":337},{"committee":"УИК №153","vibid":"4024055517535","voters":1544,"total":1360,"voted":1360,"spoiled":2,"yays":1128,"nays":230},{"committee":"УИК №154","vibid":"4024055517536","voters":2058,"total":1791,"voted":1791,"spoiled":4,"yays":1483,"nays":304},{"committee":"УИК №155","vibid":"4024055517537","voters":1710,"total":1488,"voted":1488,"spoiled":14,"yays":1209,"nays":265},{"committee":"УИК №156","vibid":"4024055517538","voters":1805,"total":1570,"voted":1568,"spoiled":2,"yays":1301,"nays":265},{"committee":"УИК №157","vibid":"4024055517539","voters":1681,"total":1498,"voted":1497,"spoiled":2,"yays":1243,"nays":252},{"committee":"УИК №158","vibid":"4024055517540","voters":2653,"total":2247,"voted":2247,"spoiled":3,"yays":1808,"nays":436},{"committee":"УИК №159","vibid":"4024055517541","voters":2353,"total":2104,"voted":2102,"spoiled":16,"yays":1808,"nays":278},{"committee":"УИК №160","vibid":"4024055518597","voters":421,"total":421,"voted":421,"spoiled":0,"yays":391,"nays":30},{"committee":"УИК №161","vibid":"4024055518598","voters":182,"total":182,"voted":182,"spoiled":0,"yays":166,"nays":16},{"committee":"УИК №162","vibid":"4024055518599","voters":159,"total":159,"voted":159,"spoiled":2,"yays":132,"nays":25},{"committee":"УИК №163","vibid":"4024055518600","voters":44,"total":44,"voted":44,"spoiled":0,"yays":35,"nays":9},{"committee":"УИК №164","vibid":"4024055518601","voters":604,"total":604,"voted":604,"spoiled":0,"yays":604,"nays":0},{"committee":"УИК №165","vibid":"4024055518602","voters":84,"total":84,"voted":84,"spoiled":5,"yays":62,"nays":17},{"committee":"УИК №166","vibid":"4024055518603","voters":70,"total":70,"voted":70,"spoiled":0,"yays":68,"nays":2},{"committee":"УИК №167","vibid":"4024055518604","voters":335,"total":335,"voted":335,"spoiled":0,"yays":298,"nays":37},{"committee":"УИК №168","vibid":"4024055518605","voters":141,"total":141,"voted":141,"spoiled":1,"yays":131,"nays":9},{"committee":"УИК №169","vibid":"4024055517551","voters":873,"total":760,"voted":760,"spoiled":2,"yays":631,"nays":127},{"committee":"УИК №3456","vibid":"4024055517552","voters":1231,"total":1137,"voted":1130,"spoiled":10,"yays":933,"nays":187},{"committee":"УИК №3457","vibid":"4024055517553","voters":1525,"total":1327,"voted":1327,"spoiled":0,"yays":1266,"nays":61},{"committee":"УИК №3480","vibid":"4024055517554","voters":2563,"total":2380,"voted":2380,"spoiled":0,"yays":2166,"nays":214},{"committee":"УИК №3481","vibid":"4024055517555","voters":2607,"total":2265,"voted":2265,"spoiled":10,"yays":2075,"nays":180},{"committee":"УИК №3482","vibid":"4024055517556","voters":457,"total":375,"voted":375,"spoiled":1,"yays":321,"nays":53},{"committee":"УИК №3483","vibid":"4024055517557","voters":1386,"total":1208,"voted":1208,"spoiled":2,"yays":1003,"nays":203},{"committee":"УИК №3511","vibid":"4024055517558","voters":2607,"total":2254,"voted":2254,"spoiled":0,"yays":2186,"nays":68},{"committee":"УИК №3531","vibid":"4024055517559","voters":1400,"total":1283,"voted":1283,"spoiled":275,"yays":968,"nays":40}]