[{"committee":"УИК №1763","vibid":"4054043205923","voters":479,"total":366,"voted":366,"spoiled":1,"yays":307,"nays":58},{"committee":"УИК №1764","vibid":"4054043205927","voters":566,"total":338,"voted":338,"spoiled":0,"yays":295,"nays":43},{"committee":"УИК №1765","vibid":"4054043205929","voters":370,"total":280,"voted":280,"spoiled":0,"yays":212,"nays":68},{"committee":"УИК №1766","vibid":"4054043205931","voters":358,"total":224,"voted":224,"spoiled":0,"yays":97,"nays":127},{"committee":"УИК №1767","vibid":"4054043205933","voters":84,"total":68,"voted":68,"spoiled":0,"yays":58,"nays":10},{"committee":"УИК №1768","vibid":"4054043205935","voters":86,"total":73,"voted":73,"spoiled":0,"yays":57,"nays":16},{"committee":"УИК №1769","vibid":"4054043205937","voters":107,"total":90,"voted":90,"spoiled":0,"yays":80,"nays":10},{"committee":"УИК №1770","vibid":"4054043205939","voters":304,"total":195,"voted":195,"spoiled":0,"yays":178,"nays":17},{"committee":"УИК №1771","vibid":"4054043205941","voters":134,"total":130,"voted":130,"spoiled":0,"yays":100,"nays":30},{"committee":"УИК №1772","vibid":"4054043205943","voters":235,"total":215,"voted":215,"spoiled":10,"yays":175,"nays":30},{"committee":"УИК №1773","vibid":"4054043205945","voters":230,"total":142,"voted":142,"spoiled":0,"yays":134,"nays":8},{"committee":"УИК №1774","vibid":"4054043205947","voters":424,"total":380,"voted":380,"spoiled":2,"yays":370,"nays":8},{"committee":"УИК №1775","vibid":"4054043205949","voters":119,"total":52,"voted":52,"spoiled":0,"yays":37,"nays":15},{"committee":"УИК №1776","vibid":"4054043205951","voters":187,"total":173,"voted":173,"spoiled":0,"yays":159,"nays":14},{"committee":"УИК №1777","vibid":"4054043205953","voters":171,"total":114,"voted":114,"spoiled":0,"yays":112,"nays":2},{"committee":"УИК №1778","vibid":"4054043205955","voters":55,"total":45,"voted":45,"spoiled":0,"yays":40,"nays":5},{"committee":"УИК №1779","vibid":"4054043205957","voters":237,"total":201,"voted":201,"spoiled":0,"yays":196,"nays":5},{"committee":"УИК №1780","vibid":"4054043205959","voters":202,"total":90,"voted":90,"spoiled":0,"yays":80,"nays":10},{"committee":"УИК №1781","vibid":"4054043205961","voters":251,"total":166,"voted":166,"spoiled":0,"yays":139,"nays":27},{"committee":"УИК №1782","vibid":"4054043205963","voters":174,"total":56,"voted":56,"spoiled":0,"yays":36,"nays":20},{"committee":"УИК №1783","vibid":"4054043205965","voters":57,"total":26,"voted":26,"spoiled":0,"yays":20,"nays":6},{"committee":"УИК №1784","vibid":"4054043205967","voters":89,"total":45,"voted":45,"spoiled":0,"yays":30,"nays":15},{"committee":"УИК №1785","vibid":"4054043205969","voters":63,"total":27,"voted":27,"spoiled":0,"yays":20,"nays":7},{"committee":"УИК №1786","vibid":"4054043205971","voters":245,"total":199,"voted":199,"spoiled":3,"yays":191,"nays":5},{"committee":"УИК №1787","vibid":"4054043205973","voters":340,"total":208,"voted":208,"spoiled":0,"yays":177,"nays":31},{"committee":"УИК №1788","vibid":"4054043205975","voters":406,"total":371,"voted":371,"spoiled":1,"yays":335,"nays":35},{"committee":"УИК №1789","vibid":"4054043205977","voters":221,"total":173,"voted":173,"spoiled":0,"yays":158,"nays":15},{"committee":"УИК №1790","vibid":"4054043205979","voters":113,"total":70,"voted":70,"spoiled":0,"yays":70,"nays":0},{"committee":"УИК №1791","vibid":"4054043205981","voters":74,"total":59,"voted":59,"spoiled":0,"yays":22,"nays":37},{"committee":"УИК №1792","vibid":"4054043205983","voters":42,"total":32,"voted":32,"spoiled":0,"yays":32,"nays":0},{"committee":"УИК №1793","vibid":"4054043205985","voters":91,"total":43,"voted":43,"spoiled":0,"yays":43,"nays":0},{"committee":"УИК №1794","vibid":"4054043205987","voters":309,"total":197,"voted":197,"spoiled":0,"yays":175,"nays":22},{"committee":"УИК №1795","vibid":"4054043205989","voters":308,"total":135,"voted":135,"spoiled":0,"yays":120,"nays":15},{"committee":"УИК №1796","vibid":"4054043205991","voters":400,"total":244,"voted":244,"spoiled":0,"yays":200,"nays":44},{"committee":"УИК №1797","vibid":"4054043205993","voters":113,"total":40,"voted":40,"spoiled":0,"yays":20,"nays":20},{"committee":"УИК №1798","vibid":"4054043205995","voters":290,"total":109,"voted":109,"spoiled":0,"yays":100,"nays":9},{"committee":"УИК №1799","vibid":"4054043205997","voters":107,"total":78,"voted":78,"spoiled":0,"yays":66,"nays":12}]