[{"committee":"УИК №2689","vibid":"4024041342975","voters":412,"total":395,"voted":395,"spoiled":2,"yays":390,"nays":3},{"committee":"УИК №2690","vibid":"4024041342976","voters":258,"total":258,"voted":258,"spoiled":0,"yays":256,"nays":2},{"committee":"УИК №2691","vibid":"4024041342977","voters":292,"total":283,"voted":283,"spoiled":2,"yays":279,"nays":2},{"committee":"УИК №2692","vibid":"4024041342978","voters":234,"total":224,"voted":224,"spoiled":0,"yays":223,"nays":1},{"committee":"УИК №2693","vibid":"4024041342979","voters":350,"total":348,"voted":348,"spoiled":0,"yays":346,"nays":2},{"committee":"УИК №2694","vibid":"4024041342980","voters":463,"total":458,"voted":458,"spoiled":0,"yays":452,"nays":6},{"committee":"УИК №2695","vibid":"4024041342981","voters":206,"total":202,"voted":202,"spoiled":0,"yays":197,"nays":5},{"committee":"УИК №2696","vibid":"4024041342982","voters":412,"total":409,"voted":409,"spoiled":0,"yays":406,"nays":3},{"committee":"УИК №2697","vibid":"4024041342983","voters":400,"total":387,"voted":387,"spoiled":2,"yays":383,"nays":2},{"committee":"УИК №2698","vibid":"4024041342984","voters":180,"total":175,"voted":175,"spoiled":0,"yays":173,"nays":2},{"committee":"УИК №2699","vibid":"4024041342985","voters":392,"total":389,"voted":389,"spoiled":0,"yays":384,"nays":5},{"committee":"УИК №2700","vibid":"4024041342986","voters":345,"total":345,"voted":345,"spoiled":1,"yays":340,"nays":4},{"committee":"УИК №2701","vibid":"4024041342987","voters":314,"total":307,"voted":307,"spoiled":2,"yays":297,"nays":8},{"committee":"УИК №2702","vibid":"4024041342988","voters":731,"total":714,"voted":714,"spoiled":0,"yays":668,"nays":46},{"committee":"УИК №2703","vibid":"4024041342989","voters":174,"total":170,"voted":170,"spoiled":4,"yays":160,"nays":6},{"committee":"УИК №2704","vibid":"4024041342990","voters":419,"total":393,"voted":393,"spoiled":3,"yays":349,"nays":41},{"committee":"УИК №2705","vibid":"4024041342991","voters":435,"total":429,"voted":429,"spoiled":1,"yays":423,"nays":5},{"committee":"УИК №2706","vibid":"4024041342992","voters":321,"total":319,"voted":319,"spoiled":0,"yays":317,"nays":2},{"committee":"УИК №2707","vibid":"4024041342993","voters":315,"total":293,"voted":293,"spoiled":0,"yays":281,"nays":12},{"committee":"УИК №2708","vibid":"4024041342994","voters":163,"total":161,"voted":161,"spoiled":1,"yays":154,"nays":6},{"committee":"УИК №2709","vibid":"4024041342995","voters":123,"total":117,"voted":117,"spoiled":0,"yays":116,"nays":1},{"committee":"УИК №2710","vibid":"4024041342996","voters":119,"total":117,"voted":117,"spoiled":0,"yays":115,"nays":2},{"committee":"УИК №2711","vibid":"4024041342997","voters":446,"total":436,"voted":436,"spoiled":2,"yays":433,"nays":1},{"committee":"УИК №2712","vibid":"4024041342998","voters":322,"total":318,"voted":318,"spoiled":0,"yays":316,"nays":2},{"committee":"УИК №2713","vibid":"4024041342999","voters":121,"total":117,"voted":117,"spoiled":1,"yays":115,"nays":1},{"committee":"УИК №2714","vibid":"4024041343000","voters":500,"total":491,"voted":491,"spoiled":0,"yays":488,"nays":3},{"committee":"УИК №2715","vibid":"4024041343001","voters":264,"total":256,"voted":256,"spoiled":4,"yays":250,"nays":2},{"committee":"УИК №2716","vibid":"4024041343002","voters":570,"total":550,"voted":550,"spoiled":0,"yays":524,"nays":26},{"committee":"УИК №2717","vibid":"4024041343003","voters":847,"total":830,"voted":830,"spoiled":0,"yays":796,"nays":34},{"committee":"УИК №2719","vibid":"4024041343004","voters":549,"total":542,"voted":542,"spoiled":3,"yays":514,"nays":25},{"committee":"УИК №2720","vibid":"4024041343005","voters":163,"total":160,"voted":160,"spoiled":3,"yays":147,"nays":10},{"committee":"УИК №2721","vibid":"4024041343006","voters":839,"total":830,"voted":830,"spoiled":0,"yays":788,"nays":42},{"committee":"УИК №2723","vibid":"4024041343007","voters":1037,"total":1030,"voted":1030,"spoiled":2,"yays":1009,"nays":19},{"committee":"УИК №2724","vibid":"4024041343008","voters":1059,"total":1023,"voted":1023,"spoiled":4,"yays":819,"nays":200},{"committee":"УИК №2725","vibid":"4024041343009","voters":445,"total":438,"voted":438,"spoiled":3,"yays":416,"nays":19},{"committee":"УИК №2726","vibid":"4024041343010","voters":1136,"total":1110,"voted":1110,"spoiled":2,"yays":1073,"nays":35},{"committee":"УИК №2727","vibid":"4024041343011","voters":551,"total":534,"voted":534,"spoiled":0,"yays":507,"nays":27},{"committee":"УИК №2728","vibid":"4024041343012","voters":1107,"total":1051,"voted":1051,"spoiled":7,"yays":919,"nays":125},{"committee":"УИК №2729","vibid":"4024041343013","voters":1017,"total":996,"voted":996,"spoiled":6,"yays":951,"nays":39},{"committee":"УИК №2730","vibid":"4024041343014","voters":789,"total":770,"voted":770,"spoiled":0,"yays":759,"nays":11},{"committee":"УИК №2731","vibid":"4024041343015","voters":346,"total":326,"voted":326,"spoiled":4,"yays":316,"nays":6},{"committee":"УИК №2732","vibid":"4024041343016","voters":450,"total":438,"voted":438,"spoiled":0,"yays":435,"nays":3},{"committee":"УИК №2733","vibid":"4024041343017","voters":271,"total":264,"voted":264,"spoiled":0,"yays":262,"nays":2},{"committee":"УИК №2734","vibid":"4024041343018","voters":514,"total":505,"voted":505,"spoiled":1,"yays":502,"nays":2},{"committee":"УИК №2736","vibid":"4024041343019","voters":432,"total":425,"voted":425,"spoiled":0,"yays":422,"nays":3},{"committee":"УИК №2737","vibid":"4024041343020","voters":524,"total":493,"voted":493,"spoiled":0,"yays":454,"nays":39},{"committee":"УИК №2738","vibid":"4024041343021","voters":419,"total":409,"voted":409,"spoiled":0,"yays":406,"nays":3}]