[{"committee":"УИК №1523","vibid":"4024017260350","voters":293,"total":290,"voted":290,"spoiled":4,"yays":252,"nays":34},{"committee":"УИК №1524","vibid":"4024017260351","voters":365,"total":343,"voted":343,"spoiled":1,"yays":337,"nays":5},{"committee":"УИК №1525","vibid":"4024017260352","voters":175,"total":170,"voted":170,"spoiled":1,"yays":165,"nays":4},{"committee":"УИК №1526","vibid":"4024017260353","voters":91,"total":90,"voted":90,"spoiled":1,"yays":78,"nays":11},{"committee":"УИК №1527","vibid":"4024017260354","voters":555,"total":544,"voted":544,"spoiled":11,"yays":526,"nays":7},{"committee":"УИК №1528","vibid":"4024017260355","voters":456,"total":434,"voted":434,"spoiled":0,"yays":358,"nays":76},{"committee":"УИК №1529","vibid":"4024017260356","voters":277,"total":250,"voted":250,"spoiled":2,"yays":191,"nays":57},{"committee":"УИК №1530","vibid":"4024017260357","voters":2721,"total":2419,"voted":2419,"spoiled":24,"yays":1540,"nays":855},{"committee":"УИК №1531","vibid":"4024017260358","voters":2561,"total":2236,"voted":2236,"spoiled":17,"yays":1600,"nays":619},{"committee":"УИК №1532","vibid":"4024017260359","voters":2512,"total":2203,"voted":2203,"spoiled":12,"yays":1699,"nays":492},{"committee":"УИК №1533","vibid":"4024017260360","voters":266,"total":255,"voted":255,"spoiled":4,"yays":192,"nays":59},{"committee":"УИК №1534","vibid":"4024017260361","voters":51,"total":50,"voted":50,"spoiled":1,"yays":48,"nays":1},{"committee":"УИК №1535","vibid":"4024017260362","voters":446,"total":430,"voted":430,"spoiled":13,"yays":384,"nays":33},{"committee":"УИК №1536","vibid":"4024017260363","voters":268,"total":260,"voted":260,"spoiled":4,"yays":250,"nays":6},{"committee":"УИК №1537","vibid":"4024017260364","voters":213,"total":204,"voted":204,"spoiled":0,"yays":191,"nays":13},{"committee":"УИК №1538","vibid":"4024017260365","voters":272,"total":260,"voted":260,"spoiled":7,"yays":247,"nays":6},{"committee":"УИК №1539","vibid":"4024017260366","voters":192,"total":180,"voted":180,"spoiled":4,"yays":138,"nays":38},{"committee":"УИК №1540","vibid":"4024017260367","voters":376,"total":358,"voted":358,"spoiled":1,"yays":340,"nays":17},{"committee":"УИК №1541","vibid":"4024017260368","voters":567,"total":556,"voted":556,"spoiled":33,"yays":471,"nays":52},{"committee":"УИК №1542","vibid":"4024017260369","voters":225,"total":220,"voted":220,"spoiled":12,"yays":194,"nays":14},{"committee":"УИК №1543","vibid":"4024017260370","voters":158,"total":152,"voted":152,"spoiled":0,"yays":107,"nays":45},{"committee":"УИК №1544","vibid":"4024017260371","voters":218,"total":205,"voted":205,"spoiled":2,"yays":158,"nays":45},{"committee":"УИК №1545","vibid":"4024017260372","voters":678,"total":644,"voted":644,"spoiled":1,"yays":571,"nays":72},{"committee":"УИК №1546","vibid":"4024017260373","voters":232,"total":225,"voted":225,"spoiled":6,"yays":181,"nays":38},{"committee":"УИК №1547","vibid":"4024017260374","voters":97,"total":89,"voted":89,"spoiled":0,"yays":74,"nays":15},{"committee":"УИК №1548","vibid":"4024017260375","voters":132,"total":116,"voted":116,"spoiled":0,"yays":103,"nays":13},{"committee":"УИК №1549","vibid":"4024017260376","voters":198,"total":164,"voted":164,"spoiled":0,"yays":113,"nays":51},{"committee":"УИК №1550","vibid":"4024017260377","voters":501,"total":413,"voted":413,"spoiled":14,"yays":326,"nays":73},{"committee":"УИК №1551","vibid":"4024017260378","voters":168,"total":127,"voted":127,"spoiled":2,"yays":106,"nays":19},{"committee":"УИК №1552","vibid":"4024017260379","voters":367,"total":243,"voted":243,"spoiled":2,"yays":177,"nays":64},{"committee":"УИК №1553","vibid":"4024017260380","voters":551,"total":535,"voted":535,"spoiled":7,"yays":496,"nays":32},{"committee":"УИК №1554","vibid":"4024017260381","voters":274,"total":267,"voted":267,"spoiled":1,"yays":251,"nays":15},{"committee":"УИК №1555","vibid":"4024017260382","voters":90,"total":86,"voted":86,"spoiled":0,"yays":80,"nays":6},{"committee":"УИК №1556","vibid":"4024017260383","voters":331,"total":293,"voted":293,"spoiled":14,"yays":252,"nays":27},{"committee":"УИК №1557","vibid":"4024017260384","voters":327,"total":308,"voted":308,"spoiled":29,"yays":250,"nays":29},{"committee":"УИК №1558","vibid":"4024017260385","voters":163,"total":160,"voted":160,"spoiled":0,"yays":147,"nays":13},{"committee":"УИК №1559","vibid":"4024017260386","voters":508,"total":469,"voted":469,"spoiled":4,"yays":306,"nays":159},{"committee":"УИК №1560","vibid":"4024017260387","voters":177,"total":173,"voted":173,"spoiled":1,"yays":165,"nays":7},{"committee":"УИК №1561","vibid":"4024017260388","voters":101,"total":99,"voted":99,"spoiled":2,"yays":94,"nays":3},{"committee":"УИК №1562","vibid":"4024017260389","voters":96,"total":94,"voted":94,"spoiled":1,"yays":89,"nays":4},{"committee":"УИК №1563","vibid":"4024017260390","voters":530,"total":509,"voted":509,"spoiled":3,"yays":484,"nays":22},{"committee":"УИК №1564","vibid":"4024017260391","voters":310,"total":298,"voted":298,"spoiled":0,"yays":284,"nays":14},{"committee":"УИК №1565","vibid":"4024017260392","voters":219,"total":210,"voted":210,"spoiled":1,"yays":200,"nays":9},{"committee":"УИК №1566","vibid":"4024017260393","voters":528,"total":517,"voted":517,"spoiled":29,"yays":470,"nays":18},{"committee":"УИК №1567","vibid":"4024017260394","voters":129,"total":126,"voted":126,"spoiled":12,"yays":112,"nays":2},{"committee":"УИК №1568","vibid":"4024017260395","voters":86,"total":82,"voted":82,"spoiled":4,"yays":75,"nays":3},{"committee":"УИК №1569","vibid":"4024017260396","voters":451,"total":439,"voted":439,"spoiled":33,"yays":392,"nays":14},{"committee":"УИК №1570","vibid":"4024017260397","voters":263,"total":252,"voted":252,"spoiled":2,"yays":240,"nays":10},{"committee":"УИК №1571","vibid":"4024017260398","voters":363,"total":338,"voted":338,"spoiled":2,"yays":235,"nays":101},{"committee":"УИК №1572","vibid":"4024017260399","voters":441,"total":415,"voted":415,"spoiled":3,"yays":342,"nays":70},{"committee":"УИК №1573","vibid":"4024017260400","voters":303,"total":296,"voted":296,"spoiled":0,"yays":224,"nays":72},{"committee":"УИК №1574","vibid":"4024017260401","voters":147,"total":133,"voted":133,"spoiled":1,"yays":88,"nays":44}]