[{"committee":"УИК №94","vibid":"4034004258105","voters":275,"total":242,"voted":242,"spoiled":1,"yays":219,"nays":22},{"committee":"УИК №95","vibid":"4034004258106","voters":281,"total":217,"voted":217,"spoiled":3,"yays":176,"nays":38},{"committee":"УИК №96","vibid":"4034004258107","voters":281,"total":215,"voted":215,"spoiled":2,"yays":177,"nays":36},{"committee":"УИК №97","vibid":"4034004258108","voters":168,"total":132,"voted":132,"spoiled":0,"yays":96,"nays":36},{"committee":"УИК №98","vibid":"4034004258109","voters":812,"total":536,"voted":536,"spoiled":4,"yays":414,"nays":118},{"committee":"УИК №99","vibid":"4034004258110","voters":103,"total":81,"voted":81,"spoiled":0,"yays":75,"nays":6},{"committee":"УИК №100","vibid":"4034004258111","voters":533,"total":382,"voted":382,"spoiled":1,"yays":306,"nays":75},{"committee":"УИК №101","vibid":"4034004258112","voters":396,"total":321,"voted":321,"spoiled":2,"yays":253,"nays":66},{"committee":"УИК №102","vibid":"4034004258113","voters":197,"total":116,"voted":116,"spoiled":2,"yays":99,"nays":15},{"committee":"УИК №103","vibid":"4034004258114","voters":59,"total":50,"voted":50,"spoiled":0,"yays":41,"nays":9},{"committee":"УИК №104","vibid":"4034004258115","voters":494,"total":386,"voted":386,"spoiled":0,"yays":344,"nays":42},{"committee":"УИК №105","vibid":"4034004258116","voters":358,"total":270,"voted":270,"spoiled":2,"yays":215,"nays":53},{"committee":"УИК №106","vibid":"4034004258117","voters":203,"total":133,"voted":133,"spoiled":2,"yays":123,"nays":8},{"committee":"УИК №107","vibid":"4034004258118","voters":718,"total":613,"voted":613,"spoiled":23,"yays":502,"nays":88},{"committee":"УИК №108","vibid":"4034004258119","voters":134,"total":122,"voted":122,"spoiled":0,"yays":113,"nays":9},{"committee":"УИК №109","vibid":"4034004258120","voters":452,"total":423,"voted":423,"spoiled":33,"yays":350,"nays":40},{"committee":"УИК №110","vibid":"4034004258121","voters":1651,"total":922,"voted":922,"spoiled":15,"yays":671,"nays":236},{"committee":"УИК №111","vibid":"4034004258122","voters":1376,"total":911,"voted":911,"spoiled":8,"yays":660,"nays":243},{"committee":"УИК №112","vibid":"4034004258123","voters":1358,"total":863,"voted":863,"spoiled":9,"yays":589,"nays":265},{"committee":"УИК №113","vibid":"4034004258124","voters":1232,"total":837,"voted":837,"spoiled":2,"yays":654,"nays":181},{"committee":"УИК №114","vibid":"4034004258125","voters":354,"total":272,"voted":272,"spoiled":23,"yays":213,"nays":36},{"committee":"УИК №115","vibid":"4034004258126","voters":1021,"total":539,"voted":539,"spoiled":3,"yays":386,"nays":150},{"committee":"УИК №116","vibid":"4034004258127","voters":562,"total":472,"voted":472,"spoiled":1,"yays":404,"nays":67},{"committee":"УИК №117","vibid":"4034004258128","voters":656,"total":419,"voted":419,"spoiled":3,"yays":339,"nays":77},{"committee":"УИК №118","vibid":"4034004258129","voters":67,"total":57,"voted":57,"spoiled":0,"yays":51,"nays":6},{"committee":"УИК №119","vibid":"4034004258130","voters":179,"total":126,"voted":126,"spoiled":2,"yays":102,"nays":22},{"committee":"УИК №120","vibid":"4034004258131","voters":642,"total":476,"voted":476,"spoiled":22,"yays":394,"nays":60},{"committee":"УИК №121","vibid":"4034004258132","voters":221,"total":160,"voted":160,"spoiled":2,"yays":144,"nays":14},{"committee":"УИК №122","vibid":"4034004258133","voters":954,"total":518,"voted":518,"spoiled":12,"yays":374,"nays":132},{"committee":"УИК №123","vibid":"4034004258134","voters":594,"total":365,"voted":365,"spoiled":4,"yays":239,"nays":122},{"committee":"УИК №124","vibid":"4034004258135","voters":381,"total":237,"voted":237,"spoiled":1,"yays":190,"nays":46},{"committee":"УИК №125","vibid":"4034004258136","voters":349,"total":244,"voted":244,"spoiled":0,"yays":208,"nays":36},{"committee":"УИК №126","vibid":"4034004258137","voters":185,"total":141,"voted":141,"spoiled":2,"yays":74,"nays":65},{"committee":"УИК №127","vibid":"4034004258138","voters":413,"total":380,"voted":378,"spoiled":19,"yays":334,"nays":25},{"committee":"УИК №128","vibid":"4034004258139","voters":525,"total":405,"voted":405,"spoiled":8,"yays":370,"nays":27}]