[{"committee":"УИК №300","vibid":"4074009170316","voters":707,"total":545,"voted":540,"spoiled":9,"yays":486,"nays":45},{"committee":"УИК №301","vibid":"4074009170317","voters":519,"total":412,"voted":408,"spoiled":2,"yays":371,"nays":35},{"committee":"УИК №302","vibid":"4074009170318","voters":1326,"total":1069,"voted":1055,"spoiled":24,"yays":953,"nays":78},{"committee":"УИК №303","vibid":"4074009170319","voters":2800,"total":2213,"voted":2206,"spoiled":25,"yays":1992,"nays":189},{"committee":"УИК №304","vibid":"4074009170320","voters":2492,"total":1962,"voted":1943,"spoiled":35,"yays":1756,"nays":152},{"committee":"УИК №305","vibid":"4074009170321","voters":2217,"total":1695,"voted":1676,"spoiled":37,"yays":1495,"nays":144},{"committee":"УИК №306","vibid":"4074009170322","voters":3041,"total":2241,"voted":2203,"spoiled":25,"yays":2010,"nays":168},{"committee":"УИК №307","vibid":"4074009170323","voters":2495,"total":2013,"voted":2006,"spoiled":18,"yays":1826,"nays":162},{"committee":"УИК №308","vibid":"4074009170324","voters":2355,"total":1924,"voted":1910,"spoiled":33,"yays":1725,"nays":152},{"committee":"УИК №309","vibid":"4074009170325","voters":2496,"total":1915,"voted":1880,"spoiled":32,"yays":1693,"nays":155},{"committee":"УИК №310","vibid":"4074009170326","voters":2509,"total":1989,"voted":1972,"spoiled":13,"yays":1807,"nays":152},{"committee":"УИК №311","vibid":"4074009170327","voters":2273,"total":1889,"voted":1860,"spoiled":25,"yays":1698,"nays":137},{"committee":"УИК №312","vibid":"4074009170328","voters":1914,"total":1557,"voted":1530,"spoiled":32,"yays":1377,"nays":121},{"committee":"УИК №313","vibid":"4074009170329","voters":2745,"total":2121,"voted":2096,"spoiled":41,"yays":1896,"nays":159},{"committee":"УИК №314","vibid":"4074009170330","voters":2942,"total":2334,"voted":2284,"spoiled":49,"yays":2059,"nays":176},{"committee":"УИК №315","vibid":"4074009170331","voters":2615,"total":2013,"voted":1987,"spoiled":44,"yays":1800,"nays":143},{"committee":"УИК №316","vibid":"4074009170332","voters":2104,"total":1633,"voted":1603,"spoiled":21,"yays":1449,"nays":133},{"committee":"УИК №317","vibid":"4074009170333","voters":960,"total":601,"voted":590,"spoiled":11,"yays":527,"nays":52},{"committee":"УИК №327","vibid":"4074009170334","voters":1286,"total":1013,"voted":1006,"spoiled":18,"yays":903,"nays":85},{"committee":"УИК №328","vibid":"4074009170335","voters":1394,"total":1082,"voted":1064,"spoiled":16,"yays":954,"nays":94}]