[{"committee":"УИК №96","vibid":"4044005279569","voters":125,"total":95,"voted":95,"spoiled":0,"yays":77,"nays":18},{"committee":"УИК №97","vibid":"4044005279570","voters":2407,"total":1071,"voted":1071,"spoiled":2,"yays":684,"nays":385},{"committee":"УИК №98","vibid":"4044005279571","voters":2528,"total":995,"voted":995,"spoiled":8,"yays":640,"nays":347},{"committee":"УИК №99","vibid":"4044005279572","voters":116,"total":54,"voted":54,"spoiled":0,"yays":51,"nays":3},{"committee":"УИК №100","vibid":"4044005279573","voters":359,"total":180,"voted":180,"spoiled":4,"yays":111,"nays":65},{"committee":"УИК №101","vibid":"4044005279574","voters":303,"total":196,"voted":196,"spoiled":2,"yays":128,"nays":66},{"committee":"УИК №102","vibid":"4044005279575","voters":422,"total":214,"voted":214,"spoiled":3,"yays":148,"nays":63},{"committee":"УИК №103","vibid":"4044005279576","voters":678,"total":357,"voted":357,"spoiled":3,"yays":264,"nays":90},{"committee":"УИК №104","vibid":"4044005279577","voters":157,"total":89,"voted":89,"spoiled":1,"yays":74,"nays":14},{"committee":"УИК №105","vibid":"4044005279578","voters":172,"total":87,"voted":87,"spoiled":0,"yays":61,"nays":26},{"committee":"УИК №106","vibid":"4044005279579","voters":182,"total":101,"voted":101,"spoiled":1,"yays":89,"nays":11},{"committee":"УИК №107","vibid":"4044005279580","voters":1107,"total":354,"voted":354,"spoiled":3,"yays":253,"nays":98},{"committee":"УИК №108","vibid":"4044005279581","voters":609,"total":200,"voted":200,"spoiled":1,"yays":134,"nays":65},{"committee":"УИК №109","vibid":"4044005279582","voters":551,"total":242,"voted":242,"spoiled":0,"yays":183,"nays":59},{"committee":"УИК №110","vibid":"4044005279583","voters":572,"total":294,"voted":294,"spoiled":3,"yays":218,"nays":73},{"committee":"УИК №111","vibid":"4044005279584","voters":183,"total":130,"voted":130,"spoiled":0,"yays":102,"nays":28},{"committee":"УИК №112","vibid":"4044005279585","voters":124,"total":78,"voted":78,"spoiled":0,"yays":71,"nays":7},{"committee":"УИК №113","vibid":"4044005279586","voters":75,"total":42,"voted":42,"spoiled":2,"yays":32,"nays":8}]