[{"committee":"УИК №1245","vibid":"4024011309734","voters":740,"total":720,"voted":720,"spoiled":3,"yays":705,"nays":12},{"committee":"УИК №1246","vibid":"4024011309735","voters":490,"total":471,"voted":471,"spoiled":2,"yays":424,"nays":45},{"committee":"УИК №1247","vibid":"4024011309736","voters":939,"total":907,"voted":907,"spoiled":3,"yays":870,"nays":34},{"committee":"УИК №1248","vibid":"4024011309737","voters":232,"total":212,"voted":212,"spoiled":1,"yays":196,"nays":15},{"committee":"УИК №1249","vibid":"4024011309738","voters":393,"total":386,"voted":386,"spoiled":3,"yays":376,"nays":7},{"committee":"УИК №1250","vibid":"4024011309739","voters":94,"total":91,"voted":91,"spoiled":0,"yays":85,"nays":6},{"committee":"УИК №1251","vibid":"4024011309740","voters":340,"total":330,"voted":330,"spoiled":1,"yays":318,"nays":11},{"committee":"УИК №1252","vibid":"4024011309741","voters":599,"total":570,"voted":570,"spoiled":0,"yays":534,"nays":36},{"committee":"УИК №1253","vibid":"4024011309742","voters":87,"total":85,"voted":85,"spoiled":0,"yays":79,"nays":6},{"committee":"УИК №1254","vibid":"4024011309743","voters":141,"total":133,"voted":133,"spoiled":0,"yays":99,"nays":34},{"committee":"УИК №1255","vibid":"4024011309744","voters":226,"total":217,"voted":217,"spoiled":0,"yays":205,"nays":12},{"committee":"УИК №1256","vibid":"4024011309745","voters":1257,"total":1186,"voted":1186,"spoiled":11,"yays":979,"nays":196},{"committee":"УИК №1257","vibid":"4024011309746","voters":1017,"total":968,"voted":968,"spoiled":2,"yays":932,"nays":34},{"committee":"УИК №1258","vibid":"4024011309747","voters":1239,"total":1164,"voted":1164,"spoiled":6,"yays":1101,"nays":57},{"committee":"УИК №1259","vibid":"4024011309748","voters":1210,"total":1097,"voted":1097,"spoiled":4,"yays":961,"nays":132},{"committee":"УИК №1260","vibid":"4024011309749","voters":520,"total":511,"voted":511,"spoiled":1,"yays":489,"nays":21},{"committee":"УИК №1261","vibid":"4024011309750","voters":236,"total":229,"voted":229,"spoiled":0,"yays":216,"nays":13},{"committee":"УИК №1262","vibid":"4024011309751","voters":294,"total":287,"voted":287,"spoiled":0,"yays":245,"nays":42},{"committee":"УИК №1263","vibid":"4024011309752","voters":165,"total":160,"voted":160,"spoiled":0,"yays":152,"nays":8},{"committee":"УИК №1264","vibid":"4024011309753","voters":296,"total":289,"voted":289,"spoiled":0,"yays":265,"nays":24},{"committee":"УИК №1265","vibid":"4024011309754","voters":238,"total":233,"voted":233,"spoiled":0,"yays":225,"nays":8},{"committee":"УИК №1266","vibid":"4024011309755","voters":1213,"total":1092,"voted":1092,"spoiled":14,"yays":1004,"nays":74},{"committee":"УИК №1267","vibid":"4024011309756","voters":271,"total":259,"voted":259,"spoiled":2,"yays":248,"nays":9},{"committee":"УИК №1268","vibid":"4024011309757","voters":125,"total":121,"voted":121,"spoiled":2,"yays":113,"nays":6},{"committee":"УИК №1269","vibid":"4024011309758","voters":231,"total":221,"voted":221,"spoiled":0,"yays":210,"nays":11},{"committee":"УИК №1270","vibid":"4024011309759","voters":96,"total":93,"voted":93,"spoiled":0,"yays":91,"nays":2},{"committee":"УИК №1271","vibid":"4024011309760","voters":480,"total":475,"voted":475,"spoiled":0,"yays":452,"nays":23},{"committee":"УИК №1272","vibid":"4024011309761","voters":136,"total":128,"voted":128,"spoiled":2,"yays":122,"nays":4},{"committee":"УИК №1273","vibid":"4024011309762","voters":122,"total":118,"voted":118,"spoiled":0,"yays":113,"nays":5},{"committee":"УИК №1274","vibid":"4024011309763","voters":333,"total":321,"voted":321,"spoiled":3,"yays":261,"nays":57},{"committee":"УИК №1275","vibid":"4024011309764","voters":633,"total":619,"voted":619,"spoiled":3,"yays":596,"nays":20},{"committee":"УИК №1276","vibid":"4024011309765","voters":296,"total":290,"voted":290,"spoiled":1,"yays":278,"nays":11}]