[{"committee":"УИК №1202","vibid":"4054032353500","voters":329,"total":276,"voted":276,"spoiled":0,"yays":237,"nays":39},{"committee":"УИК №1203","vibid":"4054032353501","voters":373,"total":309,"voted":309,"spoiled":0,"yays":269,"nays":40},{"committee":"УИК №1204","vibid":"4054032353502","voters":513,"total":430,"voted":430,"spoiled":0,"yays":369,"nays":61},{"committee":"УИК №1205","vibid":"4054032353503","voters":238,"total":197,"voted":197,"spoiled":0,"yays":172,"nays":25},{"committee":"УИК №1206","vibid":"4054032353504","voters":896,"total":545,"voted":545,"spoiled":7,"yays":454,"nays":84},{"committee":"УИК №1207","vibid":"4054032353505","voters":557,"total":473,"voted":473,"spoiled":0,"yays":416,"nays":57},{"committee":"УИК №1208","vibid":"4054032353506","voters":734,"total":609,"voted":609,"spoiled":0,"yays":535,"nays":74},{"committee":"УИК №1209","vibid":"4054032353507","voters":564,"total":479,"voted":479,"spoiled":0,"yays":416,"nays":63},{"committee":"УИК №1210","vibid":"4054032353508","voters":50,"total":43,"voted":43,"spoiled":0,"yays":39,"nays":4},{"committee":"УИК №1211","vibid":"4054032353509","voters":215,"total":180,"voted":180,"spoiled":0,"yays":158,"nays":22},{"committee":"УИК №1212","vibid":"4054032353510","voters":591,"total":495,"voted":495,"spoiled":0,"yays":435,"nays":60},{"committee":"УИК №1213","vibid":"4054032353511","voters":222,"total":212,"voted":212,"spoiled":0,"yays":186,"nays":26},{"committee":"УИК №1214","vibid":"4054032353512","voters":227,"total":192,"voted":192,"spoiled":0,"yays":167,"nays":25},{"committee":"УИК №1215","vibid":"4054032353513","voters":304,"total":255,"voted":255,"spoiled":0,"yays":224,"nays":31},{"committee":"УИК №1216","vibid":"4054032353514","voters":281,"total":239,"voted":239,"spoiled":0,"yays":211,"nays":28},{"committee":"УИК №1217","vibid":"4054032353515","voters":25,"total":23,"voted":23,"spoiled":0,"yays":18,"nays":5},{"committee":"УИК №1218","vibid":"4054032353516","voters":471,"total":395,"voted":395,"spoiled":0,"yays":347,"nays":48},{"committee":"УИК №1219","vibid":"4054032353517","voters":432,"total":362,"voted":362,"spoiled":0,"yays":318,"nays":44},{"committee":"УИК №1220","vibid":"4054032353518","voters":271,"total":227,"voted":227,"spoiled":0,"yays":197,"nays":30},{"committee":"УИК №1221","vibid":"4054032353519","voters":148,"total":137,"voted":137,"spoiled":0,"yays":121,"nays":16},{"committee":"УИК №1222","vibid":"4054032353520","voters":352,"total":340,"voted":340,"spoiled":0,"yays":301,"nays":39},{"committee":"УИК №1223","vibid":"4054032353521","voters":157,"total":133,"voted":133,"spoiled":0,"yays":115,"nays":18},{"committee":"УИК №1224","vibid":"4054032353522","voters":492,"total":421,"voted":421,"spoiled":0,"yays":371,"nays":50},{"committee":"УИК №1225","vibid":"4054032353523","voters":447,"total":393,"voted":393,"spoiled":0,"yays":344,"nays":49},{"committee":"УИК №1226","vibid":"4054032353524","voters":325,"total":276,"voted":276,"spoiled":0,"yays":243,"nays":33},{"committee":"УИК №1227","vibid":"4054032353525","voters":315,"total":267,"voted":267,"spoiled":0,"yays":234,"nays":33},{"committee":"УИК №1228","vibid":"4054032353526","voters":315,"total":264,"voted":264,"spoiled":0,"yays":232,"nays":32},{"committee":"УИК №1229","vibid":"4054032353527","voters":220,"total":195,"voted":195,"spoiled":0,"yays":173,"nays":22},{"committee":"УИК №1230","vibid":"4054032353528","voters":181,"total":165,"voted":165,"spoiled":0,"yays":146,"nays":19},{"committee":"УИК №1231","vibid":"4054032353529","voters":159,"total":122,"voted":122,"spoiled":0,"yays":114,"nays":8},{"committee":"УИК №1232","vibid":"4054032353530","voters":314,"total":281,"voted":281,"spoiled":0,"yays":231,"nays":50},{"committee":"УИК №1233","vibid":"4054032353531","voters":34,"total":31,"voted":31,"spoiled":0,"yays":26,"nays":5},{"committee":"УИК №1234","vibid":"4054032353532","voters":269,"total":243,"voted":243,"spoiled":0,"yays":211,"nays":32},{"committee":"УИК №1235","vibid":"4054032353533","voters":85,"total":77,"voted":77,"spoiled":0,"yays":62,"nays":15},{"committee":"УИК №1236","vibid":"4054032353534","voters":229,"total":208,"voted":208,"spoiled":0,"yays":184,"nays":24},{"committee":"УИК №1237","vibid":"4054032353535","voters":281,"total":257,"voted":257,"spoiled":0,"yays":225,"nays":32},{"committee":"УИК №1238","vibid":"4054032353536","voters":361,"total":334,"voted":334,"spoiled":0,"yays":297,"nays":37},{"committee":"УИК №1239","vibid":"4054032353537","voters":161,"total":151,"voted":151,"spoiled":0,"yays":126,"nays":25},{"committee":"УИК №1240","vibid":"4054032353538","voters":42,"total":37,"voted":37,"spoiled":0,"yays":34,"nays":3},{"committee":"УИК №1241","vibid":"4054032353539","voters":108,"total":96,"voted":96,"spoiled":0,"yays":95,"nays":1},{"committee":"УИК №1242","vibid":"4054032353540","voters":100,"total":93,"voted":93,"spoiled":0,"yays":90,"nays":3},{"committee":"УИК №1243","vibid":"4054032353541","voters":67,"total":55,"voted":55,"spoiled":0,"yays":52,"nays":3},{"committee":"УИК №1244","vibid":"4054032353542","voters":417,"total":394,"voted":394,"spoiled":0,"yays":355,"nays":39},{"committee":"УИК №1245","vibid":"4054032353543","voters":234,"total":187,"voted":187,"spoiled":0,"yays":179,"nays":8},{"committee":"УИК №1246","vibid":"4054032353544","voters":253,"total":243,"voted":243,"spoiled":0,"yays":239,"nays":4},{"committee":"УИК №1247","vibid":"4054032353545","voters":608,"total":588,"voted":588,"spoiled":0,"yays":560,"nays":28},{"committee":"УИК №1248","vibid":"4054032353546","voters":405,"total":353,"voted":353,"spoiled":0,"yays":350,"nays":3},{"committee":"УИК №1249","vibid":"4054032353547","voters":37,"total":35,"voted":35,"spoiled":0,"yays":33,"nays":2},{"committee":"УИК №1250","vibid":"4054032353548","voters":167,"total":129,"voted":129,"spoiled":0,"yays":126,"nays":3},{"committee":"УИК №1251","vibid":"4054032353549","voters":176,"total":146,"voted":146,"spoiled":0,"yays":141,"nays":5},{"committee":"УИК №1252","vibid":"4054032353550","voters":85,"total":65,"voted":65,"spoiled":0,"yays":63,"nays":2},{"committee":"УИК №1253","vibid":"4054032353551","voters":37,"total":25,"voted":25,"spoiled":0,"yays":19,"nays":6},{"committee":"УИК №1254","vibid":"4054032353552","voters":85,"total":47,"voted":47,"spoiled":0,"yays":46,"nays":1}]