[{"committee":"УИК №118","vibid":"4084005213430","voters":144,"total":124,"voted":124,"spoiled":0,"yays":67,"nays":57},{"committee":"УИК №119","vibid":"4084005213431","voters":336,"total":260,"voted":260,"spoiled":20,"yays":197,"nays":43},{"committee":"УИК №120","vibid":"4084005213432","voters":29,"total":25,"voted":25,"spoiled":0,"yays":24,"nays":1},{"committee":"УИК №121","vibid":"4084005213433","voters":1023,"total":924,"voted":924,"spoiled":5,"yays":872,"nays":47},{"committee":"УИК №122","vibid":"4084005213434","voters":885,"total":648,"voted":648,"spoiled":11,"yays":567,"nays":70},{"committee":"УИК №123","vibid":"4084005213435","voters":1349,"total":1016,"voted":1016,"spoiled":24,"yays":865,"nays":127},{"committee":"УИК №124","vibid":"4084005213436","voters":1362,"total":1044,"voted":1044,"spoiled":23,"yays":835,"nays":186},{"committee":"УИК №125","vibid":"4084005213437","voters":512,"total":403,"voted":403,"spoiled":3,"yays":341,"nays":59},{"committee":"УИК №126","vibid":"4084005213438","voters":1131,"total":618,"voted":618,"spoiled":6,"yays":500,"nays":112},{"committee":"УИК №127","vibid":"4084005213439","voters":187,"total":138,"voted":138,"spoiled":4,"yays":111,"nays":23},{"committee":"УИК №128","vibid":"4084005213440","voters":212,"total":181,"voted":181,"spoiled":20,"yays":148,"nays":13},{"committee":"УИК №129","vibid":"4084005213441","voters":94,"total":80,"voted":80,"spoiled":0,"yays":57,"nays":23}]