[{"committee":"УИК №335","vibid":"9079007213199","voters":746,"total":592,"voted":585,"spoiled":22,"yays":531,"nays":32},{"committee":"УИК №336","vibid":"9079007213200","voters":685,"total":541,"voted":526,"spoiled":3,"yays":484,"nays":39},{"committee":"УИК №337","vibid":"9079007213201","voters":689,"total":546,"voted":543,"spoiled":1,"yays":483,"nays":59},{"committee":"УИК №338","vibid":"9079007213202","voters":928,"total":763,"voted":747,"spoiled":4,"yays":685,"nays":58},{"committee":"УИК №339","vibid":"9079007213203","voters":517,"total":419,"voted":412,"spoiled":2,"yays":381,"nays":29},{"committee":"УИК №340","vibid":"9079007213204","voters":266,"total":209,"voted":207,"spoiled":1,"yays":191,"nays":15},{"committee":"УИК №341","vibid":"9079007213205","voters":1318,"total":1040,"voted":1032,"spoiled":9,"yays":951,"nays":72},{"committee":"УИК №342","vibid":"9079007213206","voters":171,"total":138,"voted":135,"spoiled":2,"yays":124,"nays":9},{"committee":"УИК №343","vibid":"9079007213207","voters":1836,"total":1522,"voted":1494,"spoiled":28,"yays":1369,"nays":97},{"committee":"УИК №344","vibid":"9079007213208","voters":934,"total":730,"voted":728,"spoiled":2,"yays":654,"nays":72},{"committee":"УИК №345","vibid":"9079007213209","voters":987,"total":763,"voted":761,"spoiled":6,"yays":680,"nays":75},{"committee":"УИК №346","vibid":"9079007213210","voters":712,"total":568,"voted":566,"spoiled":5,"yays":519,"nays":42},{"committee":"УИК №347","vibid":"9079007213211","voters":1871,"total":1461,"voted":1443,"spoiled":25,"yays":1329,"nays":89},{"committee":"УИК №348","vibid":"9079007213212","voters":791,"total":636,"voted":634,"spoiled":14,"yays":575,"nays":45},{"committee":"УИК №349","vibid":"9079007213213","voters":1822,"total":1537,"voted":1483,"spoiled":33,"yays":1339,"nays":111},{"committee":"УИК №350","vibid":"9079007213214","voters":1662,"total":1298,"voted":1276,"spoiled":11,"yays":624,"nays":641},{"committee":"УИК №351","vibid":"9079007213215","voters":1560,"total":1276,"voted":1254,"spoiled":7,"yays":1158,"nays":89},{"committee":"УИК №352","vibid":"9079007213216","voters":320,"total":251,"voted":251,"spoiled":2,"yays":228,"nays":21},{"committee":"УИК №353","vibid":"9079007213217","voters":321,"total":251,"voted":250,"spoiled":3,"yays":230,"nays":17},{"committee":"УИК №354","vibid":"9079007213218","voters":1544,"total":1190,"voted":1185,"spoiled":12,"yays":581,"nays":592},{"committee":"УИК №355","vibid":"9079007213219","voters":766,"total":654,"voted":630,"spoiled":5,"yays":584,"nays":41}]