[{"committee":"УИК №1709","vibid":"4024021349336","voters":1293,"total":1254,"voted":1254,"spoiled":0,"yays":1216,"nays":38},{"committee":"УИК №1710","vibid":"4024021349337","voters":1298,"total":1274,"voted":1274,"spoiled":2,"yays":1242,"nays":30},{"committee":"УИК №1711","vibid":"4024021349338","voters":1118,"total":1085,"voted":1085,"spoiled":6,"yays":1046,"nays":33},{"committee":"УИК №1712","vibid":"4024021349339","voters":1189,"total":1173,"voted":1173,"spoiled":4,"yays":1008,"nays":161},{"committee":"УИК №1713","vibid":"4024021349340","voters":1195,"total":1194,"voted":1194,"spoiled":19,"yays":954,"nays":221},{"committee":"УИК №1714","vibid":"4024021349341","voters":1186,"total":1156,"voted":1156,"spoiled":12,"yays":1121,"nays":23},{"committee":"УИК №1715","vibid":"4024021349342","voters":1103,"total":1063,"voted":1063,"spoiled":5,"yays":1026,"nays":32},{"committee":"УИК №1716","vibid":"4024021349343","voters":1249,"total":1221,"voted":1221,"spoiled":4,"yays":1185,"nays":32},{"committee":"УИК №1717","vibid":"4024021349344","voters":1329,"total":1303,"voted":1303,"spoiled":2,"yays":1262,"nays":39},{"committee":"УИК №1718","vibid":"4024021349345","voters":2452,"total":2421,"voted":2421,"spoiled":12,"yays":2337,"nays":72},{"committee":"УИК №1719","vibid":"4024021349346","voters":1332,"total":1302,"voted":1302,"spoiled":1,"yays":1243,"nays":58},{"committee":"УИК №1720","vibid":"4024021349347","voters":1278,"total":1240,"voted":1240,"spoiled":21,"yays":1093,"nays":126},{"committee":"УИК №1721","vibid":"4024021349348","voters":1328,"total":1302,"voted":1302,"spoiled":9,"yays":1256,"nays":37},{"committee":"УИК №1722","vibid":"4024021349349","voters":1518,"total":1485,"voted":1485,"spoiled":12,"yays":1348,"nays":125},{"committee":"УИК №1723","vibid":"4024021349350","voters":425,"total":416,"voted":416,"spoiled":0,"yays":404,"nays":12},{"committee":"УИК №1724","vibid":"4024021349351","voters":249,"total":244,"voted":244,"spoiled":0,"yays":237,"nays":7},{"committee":"УИК №1725","vibid":"4024021349352","voters":441,"total":432,"voted":432,"spoiled":0,"yays":423,"nays":9},{"committee":"УИК №1726","vibid":"4024021349353","voters":410,"total":403,"voted":403,"spoiled":0,"yays":391,"nays":12},{"committee":"УИК №1727","vibid":"4024021349354","voters":291,"total":285,"voted":285,"spoiled":0,"yays":282,"nays":3},{"committee":"УИК №1728","vibid":"4024021349355","voters":516,"total":506,"voted":506,"spoiled":2,"yays":489,"nays":15},{"committee":"УИК №1729","vibid":"4024021349356","voters":347,"total":344,"voted":344,"spoiled":0,"yays":336,"nays":8},{"committee":"УИК №1730","vibid":"4024021349357","voters":291,"total":285,"voted":285,"spoiled":0,"yays":276,"nays":9},{"committee":"УИК №1731","vibid":"4024021349358","voters":310,"total":300,"voted":300,"spoiled":2,"yays":295,"nays":3},{"committee":"УИК №1732","vibid":"4024021349359","voters":277,"total":272,"voted":272,"spoiled":2,"yays":264,"nays":6},{"committee":"УИК №1733","vibid":"4024021349360","voters":619,"total":607,"voted":607,"spoiled":2,"yays":588,"nays":17},{"committee":"УИК №1734","vibid":"4024021349361","voters":438,"total":430,"voted":430,"spoiled":0,"yays":417,"nays":13},{"committee":"УИК №1735","vibid":"4024021349362","voters":371,"total":364,"voted":364,"spoiled":4,"yays":353,"nays":7},{"committee":"УИК №1736","vibid":"4024021349363","voters":547,"total":537,"voted":537,"spoiled":0,"yays":521,"nays":16},{"committee":"УИК №1737","vibid":"4024021349364","voters":177,"total":175,"voted":175,"spoiled":0,"yays":172,"nays":3},{"committee":"УИК №1738","vibid":"4024021349365","voters":392,"total":385,"voted":385,"spoiled":0,"yays":376,"nays":9},{"committee":"УИК №1739","vibid":"4024021349366","voters":133,"total":130,"voted":130,"spoiled":1,"yays":126,"nays":3},{"committee":"УИК №1740","vibid":"4024021349367","voters":527,"total":520,"voted":520,"spoiled":1,"yays":509,"nays":10},{"committee":"УИК №1741","vibid":"4024021349368","voters":421,"total":413,"voted":413,"spoiled":0,"yays":400,"nays":13},{"committee":"УИК №1742","vibid":"4024021349369","voters":970,"total":950,"voted":950,"spoiled":10,"yays":913,"nays":27},{"committee":"УИК №1743","vibid":"4024021349370","voters":423,"total":415,"voted":415,"spoiled":0,"yays":405,"nays":10},{"committee":"УИК №1744","vibid":"4024021349371","voters":263,"total":258,"voted":258,"spoiled":1,"yays":251,"nays":6},{"committee":"УИК №1745","vibid":"4024021349372","voters":457,"total":449,"voted":449,"spoiled":0,"yays":436,"nays":13},{"committee":"УИК №1746","vibid":"4024021349373","voters":213,"total":209,"voted":209,"spoiled":1,"yays":203,"nays":5},{"committee":"УИК №1747","vibid":"4024021349374","voters":675,"total":661,"voted":661,"spoiled":1,"yays":646,"nays":14},{"committee":"УИК №1748","vibid":"4024021349375","voters":441,"total":432,"voted":432,"spoiled":0,"yays":421,"nays":11},{"committee":"УИК №1749","vibid":"4024021349376","voters":407,"total":398,"voted":398,"spoiled":5,"yays":381,"nays":12},{"committee":"УИК №1750","vibid":"4024021349377","voters":378,"total":375,"voted":375,"spoiled":0,"yays":371,"nays":4},{"committee":"УИК №1751","vibid":"4024021349378","voters":463,"total":431,"voted":431,"spoiled":5,"yays":410,"nays":16},{"committee":"УИК №1752","vibid":"4024021350410","voters":27,"total":27,"voted":27,"spoiled":0,"yays":26,"nays":1}]