[{"committee":"УИК №1507","vibid":"4054054354069","voters":1248,"total":1106,"voted":1106,"spoiled":0,"yays":958,"nays":148},{"committee":"УИК №1508","vibid":"4054054354072","voters":474,"total":421,"voted":421,"spoiled":0,"yays":370,"nays":51},{"committee":"УИК №1509","vibid":"4054054354074","voters":1041,"total":925,"voted":925,"spoiled":2,"yays":814,"nays":109},{"committee":"УИК №1510","vibid":"4054054354076","voters":901,"total":819,"voted":819,"spoiled":0,"yays":728,"nays":91},{"committee":"УИК №1511","vibid":"4054054354078","voters":1431,"total":1244,"voted":1244,"spoiled":0,"yays":1132,"nays":112},{"committee":"УИК №1512","vibid":"4054054354080","voters":1507,"total":1347,"voted":1347,"spoiled":0,"yays":1145,"nays":202},{"committee":"УИК №1513","vibid":"4054054354082","voters":1828,"total":1663,"voted":1663,"spoiled":3,"yays":1442,"nays":218},{"committee":"УИК №1514","vibid":"4054054354084","voters":1823,"total":1683,"voted":1683,"spoiled":0,"yays":1421,"nays":262},{"committee":"УИК №1515","vibid":"4054054354086","voters":2127,"total":1980,"voted":1980,"spoiled":0,"yays":1648,"nays":332},{"committee":"УИК №1516","vibid":"4054054354088","voters":343,"total":315,"voted":315,"spoiled":0,"yays":271,"nays":44},{"committee":"УИК №1517","vibid":"4054054354090","voters":506,"total":448,"voted":448,"spoiled":0,"yays":387,"nays":61},{"committee":"УИК №1518","vibid":"4054054354092","voters":1279,"total":1163,"voted":1163,"spoiled":0,"yays":989,"nays":174},{"committee":"УИК №1519","vibid":"4054054354094","voters":2869,"total":2630,"voted":2630,"spoiled":9,"yays":1862,"nays":759},{"committee":"УИК №1520","vibid":"4054054354096","voters":2156,"total":2010,"voted":2010,"spoiled":0,"yays":1388,"nays":622},{"committee":"УИК №1521","vibid":"4054054354098","voters":1713,"total":1546,"voted":1546,"spoiled":0,"yays":1337,"nays":209},{"committee":"УИК №1522","vibid":"4054054354100","voters":2393,"total":2254,"voted":2254,"spoiled":0,"yays":1874,"nays":380},{"committee":"УИК №1523","vibid":"4054054354102","voters":2125,"total":1861,"voted":1861,"spoiled":0,"yays":1600,"nays":261},{"committee":"УИК №1524","vibid":"4054054354104","voters":2629,"total":2310,"voted":2310,"spoiled":0,"yays":1610,"nays":700},{"committee":"УИК №1525","vibid":"4054054354106","voters":1184,"total":1050,"voted":1050,"spoiled":0,"yays":907,"nays":143},{"committee":"УИК №1526","vibid":"4054054354108","voters":2101,"total":1911,"voted":1911,"spoiled":0,"yays":1653,"nays":258},{"committee":"УИК №1527","vibid":"4054054354110","voters":1104,"total":960,"voted":960,"spoiled":0,"yays":830,"nays":130},{"committee":"УИК №1528","vibid":"4054054354112","voters":878,"total":778,"voted":778,"spoiled":0,"yays":673,"nays":105},{"committee":"УИК №1529","vibid":"4054054354114","voters":705,"total":630,"voted":630,"spoiled":0,"yays":540,"nays":90},{"committee":"УИК №1530","vibid":"4054054354116","voters":1936,"total":1734,"voted":1734,"spoiled":0,"yays":1502,"nays":232},{"committee":"УИК №1531","vibid":"4054054354118","voters":680,"total":608,"voted":608,"spoiled":0,"yays":526,"nays":82},{"committee":"УИК №1532","vibid":"4054054354120","voters":2117,"total":1882,"voted":1882,"spoiled":0,"yays":1627,"nays":255},{"committee":"УИК №1533","vibid":"4054054354122","voters":956,"total":860,"voted":860,"spoiled":0,"yays":757,"nays":103},{"committee":"УИК №1534","vibid":"4054054354124","voters":1267,"total":1143,"voted":1143,"spoiled":0,"yays":1095,"nays":48},{"committee":"УИК №1535","vibid":"4054054354126","voters":1295,"total":1153,"voted":1153,"spoiled":0,"yays":1002,"nays":151},{"committee":"УИК №1536","vibid":"4054054354128","voters":1618,"total":1472,"voted":1472,"spoiled":0,"yays":1251,"nays":221},{"committee":"УИК №1537","vibid":"4054054354130","voters":2753,"total":2422,"voted":2422,"spoiled":0,"yays":2059,"nays":363},{"committee":"УИК №1538","vibid":"4054054354132","voters":862,"total":741,"voted":741,"spoiled":0,"yays":667,"nays":74},{"committee":"УИК №1539","vibid":"4054054354134","voters":522,"total":475,"voted":475,"spoiled":0,"yays":413,"nays":62},{"committee":"УИК №1540","vibid":"4054054354136","voters":359,"total":326,"voted":326,"spoiled":0,"yays":287,"nays":39},{"committee":"УИК №1541","vibid":"4054054354138","voters":781,"total":691,"voted":691,"spoiled":0,"yays":596,"nays":95},{"committee":"УИК №1542","vibid":"4054054354140","voters":1620,"total":1490,"voted":1490,"spoiled":0,"yays":1266,"nays":224},{"committee":"УИК №1543","vibid":"4054054354142","voters":1005,"total":914,"voted":914,"spoiled":0,"yays":791,"nays":123},{"committee":"УИК №1544","vibid":"4054054354144","voters":167,"total":149,"voted":149,"spoiled":0,"yays":128,"nays":21},{"committee":"УИК №1545","vibid":"4054054354146","voters":2391,"total":2151,"voted":2151,"spoiled":0,"yays":1400,"nays":751},{"committee":"УИК №1546","vibid":"4054054354148","voters":2003,"total":1792,"voted":1792,"spoiled":0,"yays":1247,"nays":545},{"committee":"УИК №1547","vibid":"4054054354150","voters":942,"total":819,"voted":819,"spoiled":0,"yays":729,"nays":90},{"committee":"УИК №1548","vibid":"4054054354152","voters":1962,"total":1785,"voted":1785,"spoiled":0,"yays":1540,"nays":245},{"committee":"УИК №1549","vibid":"4054054354154","voters":953,"total":839,"voted":839,"spoiled":0,"yays":725,"nays":114},{"committee":"УИК №1550","vibid":"4054054354156","voters":798,"total":726,"voted":726,"spoiled":0,"yays":624,"nays":102},{"committee":"УИК №1551","vibid":"4054054354158","voters":1913,"total":1693,"voted":1693,"spoiled":0,"yays":1489,"nays":204},{"committee":"УИК №1552","vibid":"4054054354160","voters":1522,"total":1403,"voted":1403,"spoiled":0,"yays":1156,"nays":247},{"committee":"УИК №1553","vibid":"4054054354162","voters":630,"total":573,"voted":573,"spoiled":0,"yays":504,"nays":69},{"committee":"УИК №1554","vibid":"4054054354164","voters":2399,"total":2159,"voted":2159,"spoiled":0,"yays":1978,"nays":181},{"committee":"УИК №1555","vibid":"4054054354166","voters":1240,"total":1102,"voted":1102,"spoiled":0,"yays":970,"nays":132},{"committee":"УИК №1556","vibid":"4054054354168","voters":2806,"total":2608,"voted":2608,"spoiled":0,"yays":2397,"nays":211},{"committee":"УИК №1557","vibid":"4054054354170","voters":159,"total":130,"voted":130,"spoiled":0,"yays":114,"nays":16},{"committee":"УИК №1558","vibid":"4054054354172","voters":1545,"total":1405,"voted":1405,"spoiled":0,"yays":1237,"nays":168},{"committee":"УИК №1559","vibid":"4054054354174","voters":2157,"total":1952,"voted":1952,"spoiled":0,"yays":1817,"nays":135},{"committee":"УИК №1560","vibid":"4054054354176","voters":2279,"total":1959,"voted":1959,"spoiled":0,"yays":1695,"nays":264},{"committee":"УИК №1561","vibid":"4054054354178","voters":427,"total":375,"voted":375,"spoiled":0,"yays":323,"nays":52},{"committee":"УИК №1562","vibid":"4054054354180","voters":2800,"total":2380,"voted":2380,"spoiled":0,"yays":1758,"nays":622},{"committee":"УИК №1563","vibid":"4054054354182","voters":1222,"total":1112,"voted":1112,"spoiled":0,"yays":956,"nays":156},{"committee":"УИК №1564","vibid":"4054054354184","voters":711,"total":604,"voted":604,"spoiled":0,"yays":513,"nays":91},{"committee":"УИК №1565","vibid":"4054054354186","voters":2426,"total":2244,"voted":2244,"spoiled":0,"yays":2042,"nays":202},{"committee":"УИК №1566","vibid":"4054054354188","voters":463,"total":412,"voted":412,"spoiled":0,"yays":350,"nays":62},{"committee":"УИК №1567","vibid":"4054054354190","voters":2259,"total":2033,"voted":2033,"spoiled":0,"yays":1425,"nays":608},{"committee":"УИК №1568","vibid":"4054054354192","voters":1244,"total":1193,"voted":1193,"spoiled":0,"yays":962,"nays":231},{"committee":"УИК №1569","vibid":"4054054354194","voters":1649,"total":1434,"voted":1434,"spoiled":0,"yays":1276,"nays":158},{"committee":"УИК №1570","vibid":"4054054354196","voters":2343,"total":2197,"voted":2197,"spoiled":8,"yays":1786,"nays":403},{"committee":"УИК №1571","vibid":"4054054354198","voters":339,"total":288,"voted":288,"spoiled":0,"yays":244,"nays":44},{"committee":"УИК №1572","vibid":"4054054354200","voters":1865,"total":1659,"voted":1659,"spoiled":26,"yays":1439,"nays":194},{"committee":"УИК №1573","vibid":"4054054354202","voters":1894,"total":1710,"voted":1710,"spoiled":0,"yays":1500,"nays":210},{"committee":"УИК №1574","vibid":"4054054354204","voters":1062,"total":966,"voted":966,"spoiled":0,"yays":845,"nays":121},{"committee":"УИК №1575","vibid":"4054054354206","voters":1618,"total":1483,"voted":1483,"spoiled":0,"yays":1267,"nays":216}]