[{"committee":"УИК №3156","vibid":"4024062324836","voters":174,"total":169,"voted":169,"spoiled":0,"yays":161,"nays":8},{"committee":"УИК №3157","vibid":"4024062324837","voters":501,"total":488,"voted":488,"spoiled":0,"yays":463,"nays":25},{"committee":"УИК №3158","vibid":"4024062324838","voters":360,"total":352,"voted":352,"spoiled":0,"yays":339,"nays":13},{"committee":"УИК №3159","vibid":"4024062324839","voters":110,"total":107,"voted":107,"spoiled":0,"yays":105,"nays":2},{"committee":"УИК №3160","vibid":"4024062324840","voters":648,"total":629,"voted":629,"spoiled":3,"yays":610,"nays":16},{"committee":"УИК №3161","vibid":"4024062324841","voters":164,"total":158,"voted":158,"spoiled":0,"yays":150,"nays":8},{"committee":"УИК №3162","vibid":"4024062324842","voters":176,"total":170,"voted":170,"spoiled":0,"yays":168,"nays":2},{"committee":"УИК №3163","vibid":"4024062324843","voters":204,"total":198,"voted":198,"spoiled":0,"yays":189,"nays":9},{"committee":"УИК №3164","vibid":"4024062324844","voters":265,"total":253,"voted":253,"spoiled":0,"yays":250,"nays":3},{"committee":"УИК №3165","vibid":"4024062324845","voters":144,"total":139,"voted":139,"spoiled":0,"yays":134,"nays":5},{"committee":"УИК №3166","vibid":"4024062324846","voters":301,"total":291,"voted":291,"spoiled":0,"yays":280,"nays":11},{"committee":"УИК №3167","vibid":"4024062324847","voters":201,"total":195,"voted":195,"spoiled":0,"yays":187,"nays":8},{"committee":"УИК №3168","vibid":"4024062324848","voters":250,"total":242,"voted":242,"spoiled":0,"yays":233,"nays":9},{"committee":"УИК №3169","vibid":"4024062324849","voters":495,"total":483,"voted":483,"spoiled":4,"yays":460,"nays":19},{"committee":"УИК №3170","vibid":"4024062324850","voters":192,"total":186,"voted":186,"spoiled":1,"yays":178,"nays":7},{"committee":"УИК №3171","vibid":"4024062324851","voters":191,"total":180,"voted":180,"spoiled":0,"yays":171,"nays":9},{"committee":"УИК №3172","vibid":"4024062324852","voters":422,"total":402,"voted":402,"spoiled":0,"yays":382,"nays":20},{"committee":"УИК №3173","vibid":"4024062324853","voters":253,"total":241,"voted":241,"spoiled":0,"yays":229,"nays":12},{"committee":"УИК №3174","vibid":"4024062324854","voters":490,"total":475,"voted":475,"spoiled":5,"yays":452,"nays":18},{"committee":"УИК №3175","vibid":"4024062324855","voters":145,"total":140,"voted":140,"spoiled":1,"yays":133,"nays":6},{"committee":"УИК №3176","vibid":"4024062324856","voters":406,"total":389,"voted":389,"spoiled":3,"yays":369,"nays":17},{"committee":"УИК №3177","vibid":"4024062324857","voters":259,"total":246,"voted":246,"spoiled":1,"yays":234,"nays":11},{"committee":"УИК №3178","vibid":"4024062324858","voters":643,"total":611,"voted":611,"spoiled":0,"yays":581,"nays":30},{"committee":"УИК №3179","vibid":"4024062324859","voters":135,"total":129,"voted":129,"spoiled":0,"yays":123,"nays":6},{"committee":"УИК №3180","vibid":"4024062324860","voters":233,"total":224,"voted":224,"spoiled":1,"yays":213,"nays":10},{"committee":"УИК №3181","vibid":"4024062324861","voters":158,"total":152,"voted":152,"spoiled":0,"yays":145,"nays":7},{"committee":"УИК №3182","vibid":"4024062324862","voters":115,"total":109,"voted":109,"spoiled":0,"yays":104,"nays":5},{"committee":"УИК №3183","vibid":"4024062324863","voters":273,"total":264,"voted":264,"spoiled":1,"yays":253,"nays":10},{"committee":"УИК №3184","vibid":"4024062324864","voters":309,"total":296,"voted":296,"spoiled":0,"yays":287,"nays":9},{"committee":"УИК №3185","vibid":"4024062324865","voters":370,"total":357,"voted":357,"spoiled":0,"yays":343,"nays":14},{"committee":"УИК №3186","vibid":"4024062324866","voters":355,"total":342,"voted":342,"spoiled":2,"yays":327,"nays":13},{"committee":"УИК №3187","vibid":"4024062324867","voters":218,"total":209,"voted":209,"spoiled":0,"yays":200,"nays":9},{"committee":"УИК №3188","vibid":"4024062324868","voters":920,"total":807,"voted":807,"spoiled":44,"yays":703,"nays":60},{"committee":"УИК №3189","vibid":"4024062324869","voters":945,"total":907,"voted":907,"spoiled":6,"yays":862,"nays":39},{"committee":"УИК №3190","vibid":"4024062324870","voters":935,"total":865,"voted":865,"spoiled":8,"yays":684,"nays":173},{"committee":"УИК №3191","vibid":"4024062324871","voters":520,"total":499,"voted":499,"spoiled":2,"yays":473,"nays":24},{"committee":"УИК №3478","vibid":"4024062324872","voters":366,"total":356,"voted":356,"spoiled":0,"yays":350,"nays":6}]