[{"committee":"УИК №1","vibid":"4154001261493","voters":1344,"total":1142,"voted":1142,"spoiled":1,"yays":1056,"nays":85},{"committee":"УИК №2","vibid":"4154001261495","voters":1911,"total":1640,"voted":1640,"spoiled":2,"yays":1473,"nays":165},{"committee":"УИК №3","vibid":"4154001261496","voters":1787,"total":1437,"voted":1437,"spoiled":4,"yays":1218,"nays":215},{"committee":"УИК №4","vibid":"4154001261497","voters":1945,"total":1665,"voted":1665,"spoiled":3,"yays":1558,"nays":104},{"committee":"УИК №5","vibid":"4154001261498","voters":2350,"total":1999,"voted":1999,"spoiled":0,"yays":1474,"nays":525},{"committee":"УИК №6","vibid":"4154001261499","voters":1878,"total":1556,"voted":1556,"spoiled":0,"yays":1125,"nays":431},{"committee":"УИК №7","vibid":"4154001261500","voters":2481,"total":2139,"voted":2139,"spoiled":0,"yays":1669,"nays":470},{"committee":"УИК №8","vibid":"4154001261501","voters":1356,"total":1152,"voted":1152,"spoiled":0,"yays":950,"nays":202},{"committee":"УИК №9","vibid":"4154001261502","voters":200,"total":200,"voted":200,"spoiled":0,"yays":170,"nays":30},{"committee":"УИК №10","vibid":"4154001261503","voters":127,"total":91,"voted":91,"spoiled":0,"yays":74,"nays":17},{"committee":"УИК №11","vibid":"4154001261504","voters":611,"total":541,"voted":541,"spoiled":0,"yays":476,"nays":65},{"committee":"УИК №12","vibid":"4154001261505","voters":1339,"total":1271,"voted":1271,"spoiled":0,"yays":1100,"nays":171},{"committee":"УИК №13","vibid":"4154001261506","voters":107,"total":81,"voted":81,"spoiled":0,"yays":55,"nays":26},{"committee":"УИК №14","vibid":"4154001261507","voters":526,"total":425,"voted":425,"spoiled":0,"yays":336,"nays":89},{"committee":"УИК №15","vibid":"4154001261508","voters":363,"total":310,"voted":310,"spoiled":0,"yays":255,"nays":55},{"committee":"УИК №16","vibid":"4154001261509","voters":605,"total":505,"voted":505,"spoiled":0,"yays":424,"nays":81},{"committee":"УИК №17","vibid":"4154001261510","voters":313,"total":271,"voted":271,"spoiled":0,"yays":198,"nays":73},{"committee":"УИК №18","vibid":"4154001261511","voters":760,"total":690,"voted":690,"spoiled":0,"yays":606,"nays":84},{"committee":"УИК №19","vibid":"4154001261512","voters":810,"total":673,"voted":673,"spoiled":0,"yays":532,"nays":141},{"committee":"УИК №20","vibid":"4154001261513","voters":1079,"total":950,"voted":950,"spoiled":0,"yays":832,"nays":118},{"committee":"УИК №21","vibid":"4154001261514","voters":960,"total":721,"voted":721,"spoiled":0,"yays":633,"nays":88},{"committee":"УИК №22","vibid":"4154001261515","voters":76,"total":37,"voted":37,"spoiled":0,"yays":22,"nays":15},{"committee":"УИК №23","vibid":"4154001261516","voters":1106,"total":980,"voted":980,"spoiled":0,"yays":848,"nays":132},{"committee":"УИК №24","vibid":"4154001261517","voters":145,"total":129,"voted":129,"spoiled":0,"yays":121,"nays":8},{"committee":"УИК №25","vibid":"4154001261518","voters":143,"total":134,"voted":134,"spoiled":0,"yays":129,"nays":5},{"committee":"УИК №26","vibid":"4154001261519","voters":1306,"total":1125,"voted":1125,"spoiled":0,"yays":807,"nays":318},{"committee":"УИК №27","vibid":"4154001261520","voters":818,"total":722,"voted":722,"spoiled":0,"yays":609,"nays":113},{"committee":"УИК №28","vibid":"4154001261521","voters":116,"total":89,"voted":89,"spoiled":0,"yays":78,"nays":11},{"committee":"УИК №29","vibid":"4154001261522","voters":56,"total":46,"voted":46,"spoiled":0,"yays":45,"nays":1},{"committee":"УИК №30","vibid":"4154001261523","voters":120,"total":95,"voted":95,"spoiled":0,"yays":90,"nays":5},{"committee":"УИК №31","vibid":"4154001261524","voters":385,"total":295,"voted":295,"spoiled":0,"yays":230,"nays":65},{"committee":"УИК №32","vibid":"4154001261525","voters":42,"total":36,"voted":36,"spoiled":0,"yays":29,"nays":7},{"committee":"УИК №33","vibid":"4154001261526","voters":155,"total":142,"voted":142,"spoiled":0,"yays":129,"nays":13},{"committee":"УИК №34","vibid":"4154001261527","voters":40,"total":31,"voted":31,"spoiled":0,"yays":31,"nays":0}]