[{"committee":"УИК №1","vibid":"4114012388357","voters":1705,"total":1072,"voted":1071,"spoiled":13,"yays":669,"nays":389},{"committee":"УИК №2","vibid":"4114012388359","voters":1610,"total":1040,"voted":1040,"spoiled":1,"yays":836,"nays":203},{"committee":"УИК №3","vibid":"4114012388360","voters":699,"total":392,"voted":392,"spoiled":2,"yays":207,"nays":183},{"committee":"УИК №4","vibid":"4114012388361","voters":1281,"total":845,"voted":845,"spoiled":4,"yays":561,"nays":280},{"committee":"УИК №5","vibid":"4114012388362","voters":877,"total":551,"voted":551,"spoiled":0,"yays":304,"nays":247},{"committee":"УИК №6","vibid":"4114012388363","voters":1812,"total":659,"voted":658,"spoiled":3,"yays":407,"nays":248},{"committee":"УИК №7","vibid":"4114012388365","voters":1766,"total":924,"voted":924,"spoiled":8,"yays":481,"nays":435},{"committee":"УИК №8","vibid":"4114012388366","voters":1380,"total":845,"voted":845,"spoiled":24,"yays":563,"nays":258},{"committee":"УИК №9","vibid":"4114012388367","voters":1415,"total":854,"voted":852,"spoiled":2,"yays":566,"nays":284},{"committee":"УИК №10","vibid":"4114012388368","voters":1397,"total":970,"voted":969,"spoiled":9,"yays":584,"nays":376},{"committee":"УИК №11","vibid":"4114012388369","voters":1274,"total":747,"voted":747,"spoiled":3,"yays":498,"nays":246},{"committee":"УИК №12","vibid":"4114012388370","voters":1340,"total":1052,"voted":1052,"spoiled":6,"yays":628,"nays":418},{"committee":"УИК №13","vibid":"4114012388371","voters":1459,"total":416,"voted":416,"spoiled":0,"yays":270,"nays":146},{"committee":"УИК №14","vibid":"4114012388372","voters":1931,"total":808,"voted":808,"spoiled":6,"yays":519,"nays":283},{"committee":"УИК №15","vibid":"4114012388373","voters":1936,"total":1346,"voted":1346,"spoiled":27,"yays":718,"nays":601},{"committee":"УИК №16","vibid":"4114012388374","voters":1643,"total":783,"voted":783,"spoiled":5,"yays":513,"nays":265},{"committee":"УИК №17","vibid":"4114012388375","voters":560,"total":385,"voted":385,"spoiled":1,"yays":242,"nays":142},{"committee":"УИК №18","vibid":"4114012388376","voters":2380,"total":994,"voted":993,"spoiled":6,"yays":633,"nays":354},{"committee":"УИК №19","vibid":"4114012388377","voters":2160,"total":1466,"voted":1466,"spoiled":7,"yays":948,"nays":511},{"committee":"УИК №20","vibid":"4114012388378","voters":1475,"total":1023,"voted":1023,"spoiled":6,"yays":572,"nays":445},{"committee":"УИК №21","vibid":"4114012388379","voters":1910,"total":918,"voted":918,"spoiled":6,"yays":566,"nays":346},{"committee":"УИК №22","vibid":"4114012388380","voters":2527,"total":1282,"voted":1282,"spoiled":17,"yays":720,"nays":545},{"committee":"УИК №23","vibid":"4114012388381","voters":1817,"total":1330,"voted":1330,"spoiled":8,"yays":718,"nays":604},{"committee":"УИК №24","vibid":"4114012388382","voters":1514,"total":676,"voted":674,"spoiled":6,"yays":339,"nays":329},{"committee":"УИК №25","vibid":"4114012388383","voters":2186,"total":1243,"voted":1243,"spoiled":9,"yays":744,"nays":490},{"committee":"УИК №26","vibid":"4114012388384","voters":2331,"total":1395,"voted":1395,"spoiled":10,"yays":808,"nays":577},{"committee":"УИК №27","vibid":"4114012388385","voters":1732,"total":797,"voted":797,"spoiled":8,"yays":469,"nays":320},{"committee":"УИК №28","vibid":"4114012388386","voters":1627,"total":913,"voted":913,"spoiled":5,"yays":503,"nays":405},{"committee":"УИК №29","vibid":"4114012388387","voters":1876,"total":1160,"voted":1160,"spoiled":11,"yays":720,"nays":429},{"committee":"УИК №30","vibid":"4114012388388","voters":2282,"total":1400,"voted":1400,"spoiled":8,"yays":813,"nays":579},{"committee":"УИК №31","vibid":"4114012388389","voters":2230,"total":1175,"voted":1173,"spoiled":14,"yays":666,"nays":493},{"committee":"УИК №32","vibid":"4114012388390","voters":1947,"total":937,"voted":937,"spoiled":13,"yays":585,"nays":339},{"committee":"УИК №33","vibid":"4114012388391","voters":1891,"total":1119,"voted":1096,"spoiled":4,"yays":584,"nays":508},{"committee":"УИК №34","vibid":"4114012388392","voters":1700,"total":1148,"voted":1148,"spoiled":12,"yays":722,"nays":414},{"committee":"УИК №35","vibid":"4114012388393","voters":1718,"total":1093,"voted":1092,"spoiled":10,"yays":643,"nays":439},{"committee":"УИК №36","vibid":"4114012388394","voters":1357,"total":889,"voted":889,"spoiled":12,"yays":525,"nays":352},{"committee":"УИК №37","vibid":"4114012388395","voters":1514,"total":942,"voted":937,"spoiled":10,"yays":562,"nays":365},{"committee":"УИК №38","vibid":"4114012388396","voters":1671,"total":1011,"voted":1011,"spoiled":7,"yays":608,"nays":396},{"committee":"УИК №39","vibid":"4114012388397","voters":1860,"total":1421,"voted":1421,"spoiled":11,"yays":882,"nays":528},{"committee":"УИК №40","vibid":"4114012388398","voters":1329,"total":832,"voted":832,"spoiled":5,"yays":485,"nays":342},{"committee":"УИК №41","vibid":"4114012388399","voters":1336,"total":929,"voted":929,"spoiled":20,"yays":524,"nays":385},{"committee":"УИК №42","vibid":"4114012388400","voters":1946,"total":1120,"voted":1119,"spoiled":14,"yays":671,"nays":434},{"committee":"УИК №43","vibid":"4114012388401","voters":1147,"total":1000,"voted":788,"spoiled":1,"yays":430,"nays":357},{"committee":"УИК №44","vibid":"4114012388402","voters":1402,"total":1185,"voted":1185,"spoiled":9,"yays":776,"nays":400},{"committee":"УИК №45","vibid":"4114012388403","voters":2275,"total":1091,"voted":1090,"spoiled":53,"yays":560,"nays":477},{"committee":"УИК №46","vibid":"4114012388404","voters":1582,"total":963,"voted":963,"spoiled":10,"yays":605,"nays":348},{"committee":"УИК №47","vibid":"4114012388405","voters":1730,"total":1028,"voted":1027,"spoiled":13,"yays":616,"nays":398},{"committee":"УИК №48","vibid":"4114012388406","voters":1667,"total":665,"voted":665,"spoiled":9,"yays":433,"nays":223},{"committee":"УИК №49","vibid":"4114012388407","voters":699,"total":512,"voted":512,"spoiled":1,"yays":266,"nays":245},{"committee":"УИК №50","vibid":"4114012388408","voters":1532,"total":1220,"voted":1220,"spoiled":6,"yays":841,"nays":373},{"committee":"УИК №51","vibid":"4114012388409","voters":1360,"total":1063,"voted":1063,"spoiled":19,"yays":616,"nays":428},{"committee":"УИК №52","vibid":"4114012388410","voters":1368,"total":970,"voted":970,"spoiled":7,"yays":562,"nays":401},{"committee":"УИК №53","vibid":"4114012388411","voters":2013,"total":1080,"voted":1078,"spoiled":28,"yays":617,"nays":433},{"committee":"УИК №54","vibid":"4114012388412","voters":2020,"total":1393,"voted":1393,"spoiled":17,"yays":828,"nays":548},{"committee":"УИК №55","vibid":"4114012388413","voters":1591,"total":1477,"voted":1477,"spoiled":10,"yays":1013,"nays":454},{"committee":"УИК №56","vibid":"4114012388414","voters":1666,"total":1031,"voted":1031,"spoiled":5,"yays":604,"nays":422},{"committee":"УИК №57","vibid":"4114012388415","voters":2305,"total":916,"voted":916,"spoiled":9,"yays":509,"nays":398},{"committee":"УИК №58","vibid":"4114012388416","voters":1720,"total":805,"voted":805,"spoiled":3,"yays":468,"nays":334},{"committee":"УИК №59","vibid":"4114012388417","voters":1698,"total":885,"voted":884,"spoiled":9,"yays":470,"nays":405},{"committee":"УИК №60","vibid":"4114012388418","voters":1625,"total":859,"voted":859,"spoiled":8,"yays":474,"nays":377},{"committee":"УИК №61","vibid":"4114012388419","voters":2725,"total":1840,"voted":1837,"spoiled":7,"yays":1007,"nays":823},{"committee":"УИК №62","vibid":"4114012388420","voters":2131,"total":1130,"voted":1129,"spoiled":12,"yays":643,"nays":474},{"committee":"УИК №63","vibid":"4114012388421","voters":2398,"total":1301,"voted":1301,"spoiled":11,"yays":663,"nays":627},{"committee":"УИК №64","vibid":"4114012388422","voters":1710,"total":959,"voted":959,"spoiled":4,"yays":570,"nays":385},{"committee":"УИК №65","vibid":"4114012388423","voters":2672,"total":1550,"voted":1548,"spoiled":17,"yays":870,"nays":661},{"committee":"УИК №66","vibid":"4114012388424","voters":2205,"total":1329,"voted":1329,"spoiled":27,"yays":757,"nays":545},{"committee":"УИК №67","vibid":"4114012388425","voters":1849,"total":719,"voted":719,"spoiled":5,"yays":416,"nays":298},{"committee":"УИК №68","vibid":"4114012388426","voters":905,"total":366,"voted":366,"spoiled":3,"yays":227,"nays":136},{"committee":"УИК №69","vibid":"4114012388427","voters":1453,"total":842,"voted":842,"spoiled":4,"yays":487,"nays":351},{"committee":"УИК №70","vibid":"4114012388428","voters":1411,"total":570,"voted":570,"spoiled":6,"yays":322,"nays":242},{"committee":"УИК №71","vibid":"4114012388429","voters":2047,"total":945,"voted":944,"spoiled":8,"yays":622,"nays":314},{"committee":"УИК №72","vibid":"4114012388430","voters":2291,"total":1665,"voted":1665,"spoiled":11,"yays":931,"nays":723},{"committee":"УИК №73","vibid":"4114012388431","voters":1695,"total":1370,"voted":1370,"spoiled":14,"yays":880,"nays":476},{"committee":"УИК №74","vibid":"4114012388432","voters":2732,"total":1169,"voted":1169,"spoiled":8,"yays":632,"nays":529},{"committee":"УИК №75","vibid":"4114012388433","voters":1499,"total":685,"voted":685,"spoiled":7,"yays":410,"nays":268},{"committee":"УИК №76","vibid":"4114012388434","voters":1870,"total":788,"voted":787,"spoiled":4,"yays":510,"nays":273},{"committee":"УИК №77","vibid":"4114012388435","voters":2221,"total":916,"voted":913,"spoiled":6,"yays":539,"nays":368},{"committee":"УИК №78","vibid":"4114012388436","voters":2461,"total":1442,"voted":1440,"spoiled":8,"yays":904,"nays":528},{"committee":"УИК №79","vibid":"4114012388437","voters":2433,"total":1646,"voted":1645,"spoiled":49,"yays":820,"nays":776},{"committee":"УИК №80","vibid":"4114012388438","voters":1546,"total":1093,"voted":1088,"spoiled":10,"yays":722,"nays":356},{"committee":"УИК №81","vibid":"4114012388439","voters":1674,"total":695,"voted":695,"spoiled":2,"yays":474,"nays":219},{"committee":"УИК №82","vibid":"4114012388440","voters":1459,"total":493,"voted":493,"spoiled":5,"yays":352,"nays":136},{"committee":"УИК №83","vibid":"4114012388444","voters":1414,"total":637,"voted":637,"spoiled":6,"yays":303,"nays":328},{"committee":"УИК №84","vibid":"4114012388446","voters":2092,"total":1110,"voted":1110,"spoiled":9,"yays":712,"nays":389},{"committee":"УИК №85","vibid":"4114012391608","voters":514,"total":477,"voted":477,"spoiled":6,"yays":257,"nays":214},{"committee":"УИК №86","vibid":"4114012391640","voters":303,"total":246,"voted":246,"spoiled":0,"yays":127,"nays":119},{"committee":"УИК №87","vibid":"4114012391641","voters":753,"total":705,"voted":705,"spoiled":10,"yays":416,"nays":279},{"committee":"УИК №88","vibid":"4114012446133","voters":60,"total":60,"voted":60,"spoiled":0,"yays":40,"nays":20}]