[{"committee":"УИК №1038","vibid":"4164061278411","voters":988,"total":979,"voted":979,"spoiled":2,"yays":775,"nays":202},{"committee":"УИК №1039","vibid":"4164061278412","voters":317,"total":290,"voted":290,"spoiled":6,"yays":238,"nays":46},{"committee":"УИК №1040","vibid":"4164061278413","voters":779,"total":687,"voted":687,"spoiled":8,"yays":509,"nays":170},{"committee":"УИК №1041","vibid":"4164061278414","voters":111,"total":108,"voted":108,"spoiled":0,"yays":93,"nays":15},{"committee":"УИК №1042","vibid":"4164061278415","voters":391,"total":357,"voted":357,"spoiled":1,"yays":295,"nays":61},{"committee":"УИК №1043","vibid":"4164061278416","voters":374,"total":367,"voted":367,"spoiled":0,"yays":341,"nays":26},{"committee":"УИК №1044","vibid":"4164061278417","voters":257,"total":252,"voted":252,"spoiled":0,"yays":210,"nays":42},{"committee":"УИК №1045","vibid":"4164061278418","voters":808,"total":803,"voted":803,"spoiled":0,"yays":734,"nays":69},{"committee":"УИК №1046","vibid":"4164061278419","voters":560,"total":535,"voted":535,"spoiled":15,"yays":436,"nays":84},{"committee":"УИК №1047","vibid":"4164061278420","voters":753,"total":691,"voted":691,"spoiled":2,"yays":566,"nays":123},{"committee":"УИК №1048","vibid":"4164061278421","voters":354,"total":332,"voted":332,"spoiled":4,"yays":297,"nays":31},{"committee":"УИК №1049","vibid":"4164061278422","voters":603,"total":523,"voted":523,"spoiled":0,"yays":470,"nays":53},{"committee":"УИК №1050","vibid":"4164061278423","voters":375,"total":340,"voted":340,"spoiled":8,"yays":292,"nays":40},{"committee":"УИК №1051","vibid":"4164061278424","voters":245,"total":232,"voted":232,"spoiled":2,"yays":216,"nays":14},{"committee":"УИК №1052","vibid":"4164061278425","voters":260,"total":253,"voted":253,"spoiled":3,"yays":229,"nays":21},{"committee":"УИК №1053","vibid":"4164061278426","voters":106,"total":104,"voted":104,"spoiled":0,"yays":53,"nays":51},{"committee":"УИК №1054","vibid":"4164061278427","voters":582,"total":565,"voted":565,"spoiled":3,"yays":461,"nays":101},{"committee":"УИК №1055","vibid":"4164061278428","voters":143,"total":130,"voted":130,"spoiled":0,"yays":117,"nays":13},{"committee":"УИК №1056","vibid":"4164061278429","voters":564,"total":525,"voted":525,"spoiled":7,"yays":435,"nays":83},{"committee":"УИК №1057","vibid":"4164061278430","voters":391,"total":382,"voted":382,"spoiled":3,"yays":318,"nays":61},{"committee":"УИК №1058","vibid":"4164061278431","voters":221,"total":209,"voted":209,"spoiled":0,"yays":182,"nays":27},{"committee":"УИК №1059","vibid":"4164061278432","voters":590,"total":525,"voted":525,"spoiled":4,"yays":459,"nays":62}]