[{"committee":"УИК №184","vibid":"4104001216156","voters":1235,"total":525,"voted":525,"spoiled":7,"yays":373,"nays":145},{"committee":"УИК №185","vibid":"4104001216158","voters":1080,"total":368,"voted":368,"spoiled":6,"yays":269,"nays":93},{"committee":"УИК №186","vibid":"4104001216159","voters":1188,"total":557,"voted":557,"spoiled":12,"yays":392,"nays":153},{"committee":"УИК №187","vibid":"4104001216160","voters":1701,"total":616,"voted":616,"spoiled":5,"yays":462,"nays":149},{"committee":"УИК №188","vibid":"4104001216161","voters":1233,"total":560,"voted":560,"spoiled":3,"yays":418,"nays":139},{"committee":"УИК №189","vibid":"4104001216162","voters":1296,"total":514,"voted":514,"spoiled":0,"yays":386,"nays":128},{"committee":"УИК №190","vibid":"4104001216163","voters":602,"total":295,"voted":295,"spoiled":5,"yays":244,"nays":46},{"committee":"УИК №191","vibid":"4104001216164","voters":664,"total":332,"voted":332,"spoiled":1,"yays":250,"nays":81},{"committee":"УИК №192","vibid":"4104001216165","voters":433,"total":252,"voted":252,"spoiled":1,"yays":221,"nays":30},{"committee":"УИК №193","vibid":"4104001216166","voters":111,"total":74,"voted":74,"spoiled":0,"yays":68,"nays":6},{"committee":"УИК №194","vibid":"4104001216167","voters":296,"total":172,"voted":172,"spoiled":2,"yays":144,"nays":26},{"committee":"УИК №195","vibid":"4104001216168","voters":194,"total":117,"voted":117,"spoiled":0,"yays":95,"nays":22},{"committee":"УИК №196","vibid":"4104001216169","voters":349,"total":218,"voted":218,"spoiled":0,"yays":184,"nays":34},{"committee":"УИК №197","vibid":"4104001216170","voters":360,"total":219,"voted":219,"spoiled":1,"yays":185,"nays":33},{"committee":"УИК №198","vibid":"4104001216171","voters":137,"total":84,"voted":84,"spoiled":0,"yays":69,"nays":15},{"committee":"УИК №199","vibid":"4104001216172","voters":216,"total":138,"voted":138,"spoiled":0,"yays":128,"nays":10},{"committee":"УИК №200","vibid":"4104001216173","voters":1362,"total":800,"voted":799,"spoiled":13,"yays":628,"nays":158},{"committee":"УИК №201","vibid":"4104001216174","voters":421,"total":315,"voted":315,"spoiled":0,"yays":252,"nays":63},{"committee":"УИК №202","vibid":"4104001216175","voters":1123,"total":611,"voted":611,"spoiled":4,"yays":421,"nays":186},{"committee":"УИК №203","vibid":"4104001216176","voters":382,"total":216,"voted":216,"spoiled":0,"yays":186,"nays":30},{"committee":"УИК №204","vibid":"4104001216177","voters":262,"total":104,"voted":104,"spoiled":0,"yays":95,"nays":9},{"committee":"УИК №205","vibid":"4104001217266","voters":240,"total":221,"voted":220,"spoiled":1,"yays":137,"nays":82}]