[{"committee":"УИК №63","vibid":"4154005266564","voters":1099,"total":945,"voted":945,"spoiled":0,"yays":822,"nays":123},{"committee":"УИК №64","vibid":"4154005266566","voters":1040,"total":840,"voted":840,"spoiled":5,"yays":735,"nays":100},{"committee":"УИК №65","vibid":"4154005266568","voters":1119,"total":970,"voted":970,"spoiled":0,"yays":849,"nays":121},{"committee":"УИК №66","vibid":"4154005266570","voters":978,"total":801,"voted":801,"spoiled":0,"yays":699,"nays":102},{"committee":"УИК №67","vibid":"4154005266572","voters":618,"total":501,"voted":501,"spoiled":0,"yays":436,"nays":65},{"committee":"УИК №68","vibid":"4154005266574","voters":1125,"total":899,"voted":899,"spoiled":2,"yays":762,"nays":135},{"committee":"УИК №69","vibid":"4154005266576","voters":427,"total":335,"voted":335,"spoiled":0,"yays":291,"nays":44},{"committee":"УИК №70","vibid":"4154005266578","voters":1261,"total":1001,"voted":1001,"spoiled":2,"yays":852,"nays":147},{"committee":"УИК №71","vibid":"4154005266580","voters":117,"total":103,"voted":103,"spoiled":1,"yays":90,"nays":12},{"committee":"УИК №72","vibid":"4154005266582","voters":448,"total":386,"voted":386,"spoiled":0,"yays":323,"nays":63},{"committee":"УИК №73","vibid":"4154005266584","voters":303,"total":250,"voted":250,"spoiled":0,"yays":210,"nays":40},{"committee":"УИК №74","vibid":"4154005266586","voters":712,"total":611,"voted":611,"spoiled":3,"yays":509,"nays":99},{"committee":"УИК №75","vibid":"4154005266588","voters":277,"total":239,"voted":239,"spoiled":0,"yays":210,"nays":29},{"committee":"УИК №76","vibid":"4154005266590","voters":961,"total":800,"voted":800,"spoiled":21,"yays":718,"nays":61},{"committee":"УИК №77","vibid":"4154005266592","voters":806,"total":670,"voted":670,"spoiled":1,"yays":569,"nays":100},{"committee":"УИК №78","vibid":"4154005266594","voters":282,"total":232,"voted":232,"spoiled":0,"yays":199,"nays":33},{"committee":"УИК №79","vibid":"4154005266596","voters":124,"total":95,"voted":95,"spoiled":0,"yays":83,"nays":12},{"committee":"УИК №80","vibid":"4154005266598","voters":262,"total":167,"voted":167,"spoiled":0,"yays":140,"nays":27},{"committee":"УИК №81","vibid":"4154005266600","voters":102,"total":75,"voted":75,"spoiled":0,"yays":69,"nays":6},{"committee":"УИК №82","vibid":"4154005266602","voters":123,"total":94,"voted":94,"spoiled":0,"yays":84,"nays":10},{"committee":"УИК №83","vibid":"4154005266604","voters":174,"total":136,"voted":136,"spoiled":0,"yays":118,"nays":18},{"committee":"УИК №84","vibid":"4154005266606","voters":189,"total":133,"voted":133,"spoiled":0,"yays":113,"nays":20},{"committee":"УИК №350","vibid":"4154005267835","voters":126,"total":126,"voted":126,"spoiled":0,"yays":112,"nays":14}]