[{"committee":"УИК №1333","vibid":"4164017308093","voters":245,"total":241,"voted":241,"spoiled":0,"yays":236,"nays":5},{"committee":"УИК №1334","vibid":"4164017308094","voters":606,"total":592,"voted":592,"spoiled":0,"yays":565,"nays":27},{"committee":"УИК №1335","vibid":"4164017308095","voters":73,"total":71,"voted":71,"spoiled":0,"yays":70,"nays":1},{"committee":"УИК №1336","vibid":"4164017308096","voters":413,"total":404,"voted":404,"spoiled":0,"yays":379,"nays":25},{"committee":"УИК №1337","vibid":"4164017308097","voters":689,"total":677,"voted":677,"spoiled":0,"yays":643,"nays":34},{"committee":"УИК №1339","vibid":"4164017308098","voters":445,"total":436,"voted":436,"spoiled":1,"yays":417,"nays":18},{"committee":"УИК №1340","vibid":"4164017308099","voters":102,"total":99,"voted":99,"spoiled":0,"yays":97,"nays":2},{"committee":"УИК №1341","vibid":"4164017308100","voters":198,"total":197,"voted":197,"spoiled":0,"yays":193,"nays":4},{"committee":"УИК №1342","vibid":"4164017308101","voters":1094,"total":1079,"voted":1079,"spoiled":0,"yays":1018,"nays":61},{"committee":"УИК №1343","vibid":"4164017308102","voters":641,"total":629,"voted":629,"spoiled":0,"yays":604,"nays":25},{"committee":"УИК №1344","vibid":"4164017308103","voters":967,"total":929,"voted":929,"spoiled":4,"yays":856,"nays":69},{"committee":"УИК №1345","vibid":"4164017308104","voters":343,"total":330,"voted":330,"spoiled":3,"yays":298,"nays":29},{"committee":"УИК №1346","vibid":"4164017308105","voters":217,"total":213,"voted":213,"spoiled":0,"yays":201,"nays":12},{"committee":"УИК №1347","vibid":"4164017308106","voters":551,"total":532,"voted":532,"spoiled":0,"yays":502,"nays":30},{"committee":"УИК №1348","vibid":"4164017308107","voters":497,"total":487,"voted":487,"spoiled":3,"yays":468,"nays":16},{"committee":"УИК №1349","vibid":"4164017308108","voters":73,"total":72,"voted":72,"spoiled":0,"yays":72,"nays":0},{"committee":"УИК №1350","vibid":"4164017308109","voters":547,"total":537,"voted":537,"spoiled":0,"yays":516,"nays":21},{"committee":"УИК №1351","vibid":"4164017308110","voters":329,"total":320,"voted":320,"spoiled":0,"yays":309,"nays":11},{"committee":"УИК №1352","vibid":"4164017308111","voters":431,"total":426,"voted":426,"spoiled":0,"yays":407,"nays":19},{"committee":"УИК №1353","vibid":"4164017308112","voters":497,"total":489,"voted":489,"spoiled":0,"yays":475,"nays":14},{"committee":"УИК №1354","vibid":"4164017308113","voters":264,"total":260,"voted":260,"spoiled":0,"yays":257,"nays":3},{"committee":"УИК №1355","vibid":"4164017308114","voters":646,"total":634,"voted":634,"spoiled":0,"yays":599,"nays":35},{"committee":"УИК №1356","vibid":"4164017308115","voters":316,"total":311,"voted":311,"spoiled":0,"yays":295,"nays":16},{"committee":"УИК №1357","vibid":"4164017308116","voters":515,"total":502,"voted":502,"spoiled":3,"yays":471,"nays":28},{"committee":"УИК №1358","vibid":"4164017308117","voters":253,"total":248,"voted":248,"spoiled":0,"yays":236,"nays":12},{"committee":"УИК №1359","vibid":"4164017308118","voters":522,"total":515,"voted":515,"spoiled":0,"yays":502,"nays":13},{"committee":"УИК №1360","vibid":"4164017308119","voters":752,"total":741,"voted":741,"spoiled":0,"yays":720,"nays":21},{"committee":"УИК №1361","vibid":"4164017308120","voters":113,"total":111,"voted":111,"spoiled":0,"yays":110,"nays":1},{"committee":"УИК №1362","vibid":"4164017308121","voters":194,"total":192,"voted":192,"spoiled":0,"yays":190,"nays":2},{"committee":"УИК №1363","vibid":"4164017308122","voters":188,"total":186,"voted":186,"spoiled":0,"yays":183,"nays":3},{"committee":"УИК №1364","vibid":"4164017308123","voters":259,"total":256,"voted":256,"spoiled":0,"yays":251,"nays":5},{"committee":"УИК №1365","vibid":"4164017308124","voters":803,"total":790,"voted":790,"spoiled":0,"yays":729,"nays":61},{"committee":"УИК №1367","vibid":"4164017308125","voters":311,"total":306,"voted":306,"spoiled":0,"yays":289,"nays":17},{"committee":"УИК №1368","vibid":"4164017308126","voters":1073,"total":991,"voted":991,"spoiled":0,"yays":890,"nays":101},{"committee":"УИК №1369","vibid":"4164017308127","voters":1581,"total":1385,"voted":1385,"spoiled":3,"yays":1270,"nays":112},{"committee":"УИК №1370","vibid":"4164017308128","voters":851,"total":808,"voted":808,"spoiled":4,"yays":734,"nays":70}]