[{"committee":"УИК №2323","vibid":"4164040167254","voters":1534,"total":1315,"voted":1315,"spoiled":0,"yays":1066,"nays":249},{"committee":"УИК №2324","vibid":"4164040167255","voters":2126,"total":1811,"voted":1811,"spoiled":0,"yays":1503,"nays":308},{"committee":"УИК №2325","vibid":"4164040167256","voters":1603,"total":1379,"voted":1379,"spoiled":0,"yays":1145,"nays":234},{"committee":"УИК №2326","vibid":"4164040167257","voters":2181,"total":1837,"voted":1837,"spoiled":0,"yays":1525,"nays":312},{"committee":"УИК №2327","vibid":"4164040167258","voters":1735,"total":1503,"voted":1503,"spoiled":0,"yays":1247,"nays":256},{"committee":"УИК №2328","vibid":"4164040167259","voters":2091,"total":1784,"voted":1784,"spoiled":0,"yays":1481,"nays":303},{"committee":"УИК №2329","vibid":"4164040167260","voters":2431,"total":2042,"voted":2042,"spoiled":0,"yays":1695,"nays":347},{"committee":"УИК №2330","vibid":"4164040167261","voters":1765,"total":1656,"voted":1656,"spoiled":19,"yays":1486,"nays":151},{"committee":"УИК №2331","vibid":"4164040167262","voters":2630,"total":2236,"voted":2236,"spoiled":0,"yays":1856,"nays":380},{"committee":"УИК №2332","vibid":"4164040167263","voters":2507,"total":2144,"voted":2144,"spoiled":0,"yays":1780,"nays":364},{"committee":"УИК №2333","vibid":"4164040167264","voters":2487,"total":2127,"voted":2127,"spoiled":0,"yays":1765,"nays":362},{"committee":"УИК №2334","vibid":"4164040167265","voters":2184,"total":1880,"voted":1880,"spoiled":0,"yays":1560,"nays":320},{"committee":"УИК №2335","vibid":"4164040168596","voters":47,"total":47,"voted":47,"spoiled":0,"yays":35,"nays":12},{"committee":"УИК №2336","vibid":"4164040167267","voters":624,"total":527,"voted":527,"spoiled":0,"yays":437,"nays":90},{"committee":"УИК №2337","vibid":"4164040167268","voters":490,"total":420,"voted":420,"spoiled":0,"yays":349,"nays":71},{"committee":"УИК №2338","vibid":"4164040167269","voters":315,"total":279,"voted":279,"spoiled":0,"yays":232,"nays":47}]