[{"committee":"УИК №163","vibid":"4124016193372","voters":1150,"total":970,"voted":970,"spoiled":23,"yays":795,"nays":152},{"committee":"УИК №164","vibid":"4124016193373","voters":828,"total":695,"voted":695,"spoiled":0,"yays":564,"nays":131},{"committee":"УИК №165","vibid":"4124016193374","voters":1091,"total":929,"voted":929,"spoiled":0,"yays":746,"nays":183},{"committee":"УИК №166","vibid":"4124016193375","voters":368,"total":282,"voted":282,"spoiled":0,"yays":232,"nays":50},{"committee":"УИК №167","vibid":"4124016193376","voters":1630,"total":1383,"voted":1383,"spoiled":9,"yays":1179,"nays":195},{"committee":"УИК №168","vibid":"4124016193377","voters":367,"total":287,"voted":287,"spoiled":0,"yays":246,"nays":41},{"committee":"УИК №169","vibid":"4124016193378","voters":187,"total":175,"voted":175,"spoiled":0,"yays":155,"nays":20},{"committee":"УИК №170","vibid":"4124016193379","voters":845,"total":758,"voted":758,"spoiled":0,"yays":660,"nays":98},{"committee":"УИК №171","vibid":"4124016193380","voters":286,"total":256,"voted":256,"spoiled":0,"yays":211,"nays":45},{"committee":"УИК №172","vibid":"4124016193381","voters":1263,"total":1030,"voted":1030,"spoiled":0,"yays":927,"nays":103},{"committee":"УИК №173","vibid":"4124016193382","voters":368,"total":313,"voted":313,"spoiled":0,"yays":282,"nays":31},{"committee":"УИК №174","vibid":"4124016193383","voters":526,"total":457,"voted":457,"spoiled":0,"yays":365,"nays":92},{"committee":"УИК №175","vibid":"4124016193384","voters":1065,"total":930,"voted":930,"spoiled":3,"yays":791,"nays":136},{"committee":"УИК №176","vibid":"4124016193385","voters":565,"total":474,"voted":474,"spoiled":9,"yays":419,"nays":46},{"committee":"УИК №177","vibid":"4124016193386","voters":373,"total":330,"voted":330,"spoiled":0,"yays":284,"nays":46},{"committee":"УИК №178","vibid":"4124016193387","voters":376,"total":322,"voted":322,"spoiled":1,"yays":256,"nays":65},{"committee":"УИК №179","vibid":"4124016193388","voters":1609,"total":1322,"voted":1322,"spoiled":12,"yays":1092,"nays":218},{"committee":"УИК №180","vibid":"4124016193389","voters":1150,"total":979,"voted":979,"spoiled":8,"yays":757,"nays":214},{"committee":"УИК №181","vibid":"4124016193390","voters":276,"total":236,"voted":236,"spoiled":0,"yays":223,"nays":13},{"committee":"УИК №182","vibid":"4124016193391","voters":1018,"total":851,"voted":851,"spoiled":0,"yays":732,"nays":119},{"committee":"УИК №183","vibid":"4124016193392","voters":351,"total":292,"voted":292,"spoiled":2,"yays":242,"nays":48},{"committee":"УИК №184","vibid":"4124016193393","voters":1522,"total":1216,"voted":1216,"spoiled":0,"yays":969,"nays":247}]