[{"committee":"УИК №2183","vibid":"4164038391897","voters":2553,"total":2078,"voted":2078,"spoiled":4,"yays":1717,"nays":357},{"committee":"УИК №2184","vibid":"4164038391898","voters":2171,"total":1764,"voted":1764,"spoiled":2,"yays":1749,"nays":13},{"committee":"УИК №2185","vibid":"4164038391899","voters":1879,"total":1516,"voted":1516,"spoiled":6,"yays":1202,"nays":308},{"committee":"УИК №2186","vibid":"4164038391900","voters":1958,"total":1578,"voted":1578,"spoiled":10,"yays":1262,"nays":306},{"committee":"УИК №2187","vibid":"4164038391901","voters":1691,"total":1369,"voted":1369,"spoiled":7,"yays":1092,"nays":270},{"committee":"УИК №2188","vibid":"4164038391902","voters":1391,"total":1304,"voted":1304,"spoiled":0,"yays":1043,"nays":261},{"committee":"УИК №2189","vibid":"4164038391903","voters":2024,"total":1641,"voted":1641,"spoiled":15,"yays":1331,"nays":295},{"committee":"УИК №2190","vibid":"4164038391904","voters":1813,"total":1474,"voted":1474,"spoiled":10,"yays":1328,"nays":136},{"committee":"УИК №2191","vibid":"4164038391905","voters":1658,"total":1408,"voted":1408,"spoiled":15,"yays":1331,"nays":62},{"committee":"УИК №2192","vibid":"4164038391906","voters":2207,"total":1556,"voted":1555,"spoiled":29,"yays":1270,"nays":256},{"committee":"УИК №2193","vibid":"4164038391907","voters":1450,"total":1190,"voted":1190,"spoiled":9,"yays":1036,"nays":145},{"committee":"УИК №2194","vibid":"4164038394495","voters":171,"total":166,"voted":166,"spoiled":0,"yays":152,"nays":14},{"committee":"УИК №2195","vibid":"4164038391909","voters":747,"total":657,"voted":657,"spoiled":11,"yays":471,"nays":175},{"committee":"УИК №2196","vibid":"4164038391910","voters":1799,"total":1411,"voted":1411,"spoiled":44,"yays":896,"nays":471},{"committee":"УИК №2197","vibid":"4164038391911","voters":1783,"total":1578,"voted":1578,"spoiled":0,"yays":1309,"nays":269},{"committee":"УИК №2198","vibid":"4164038391912","voters":2064,"total":1664,"voted":1664,"spoiled":7,"yays":1332,"nays":325},{"committee":"УИК №2199","vibid":"4164038391913","voters":2110,"total":1794,"voted":1794,"spoiled":11,"yays":1471,"nays":312},{"committee":"УИК №2200","vibid":"4164038391914","voters":2539,"total":2031,"voted":2031,"spoiled":11,"yays":1618,"nays":402},{"committee":"УИК №2201","vibid":"4164038391915","voters":2300,"total":1903,"voted":1903,"spoiled":17,"yays":1571,"nays":315},{"committee":"УИК №2202","vibid":"4164038391916","voters":2008,"total":1643,"voted":1643,"spoiled":15,"yays":1302,"nays":326},{"committee":"УИК №2203","vibid":"4164038391917","voters":2148,"total":1887,"voted":1887,"spoiled":15,"yays":1622,"nays":250},{"committee":"УИК №2204","vibid":"4164038391918","voters":2292,"total":1505,"voted":1505,"spoiled":35,"yays":1056,"nays":414},{"committee":"УИК №2205","vibid":"4164038391919","voters":2324,"total":1865,"voted":1865,"spoiled":17,"yays":1492,"nays":356},{"committee":"УИК №2206","vibid":"4164038391920","voters":2409,"total":2049,"voted":2049,"spoiled":0,"yays":1745,"nays":304},{"committee":"УИК №2207","vibid":"4164038391921","voters":1624,"total":1303,"voted":1303,"spoiled":11,"yays":1086,"nays":206},{"committee":"УИК №2208","vibid":"4164038391922","voters":1802,"total":1453,"voted":1453,"spoiled":11,"yays":1165,"nays":277},{"committee":"УИК №2209","vibid":"4164038391923","voters":1971,"total":1563,"voted":1563,"spoiled":8,"yays":1221,"nays":334},{"committee":"УИК №2210","vibid":"4164038391924","voters":1629,"total":1307,"voted":1307,"spoiled":4,"yays":1063,"nays":240},{"committee":"УИК №2211","vibid":"4164038391925","voters":2190,"total":1769,"voted":1769,"spoiled":2,"yays":1414,"nays":353},{"committee":"УИК №2212","vibid":"4164038391926","voters":2628,"total":2112,"voted":2112,"spoiled":2,"yays":1690,"nays":420},{"committee":"УИК №2213","vibid":"4164038391927","voters":1961,"total":1573,"voted":1573,"spoiled":0,"yays":1259,"nays":314},{"committee":"УИК №2214","vibid":"4164038391928","voters":2721,"total":2275,"voted":2275,"spoiled":3,"yays":1943,"nays":329},{"committee":"УИК №2215","vibid":"4164038391929","voters":1920,"total":1590,"voted":1590,"spoiled":3,"yays":1272,"nays":315},{"committee":"УИК №2216","vibid":"4164038391930","voters":1576,"total":1237,"voted":1237,"spoiled":0,"yays":978,"nays":259},{"committee":"УИК №2217","vibid":"4164038391931","voters":1902,"total":1677,"voted":1677,"spoiled":15,"yays":1491,"nays":171},{"committee":"УИК №2218","vibid":"4164038391932","voters":1977,"total":1686,"voted":1686,"spoiled":7,"yays":1436,"nays":243},{"committee":"УИК №2219","vibid":"4164038391933","voters":2069,"total":1676,"voted":1676,"spoiled":3,"yays":1656,"nays":17},{"committee":"УИК №2220","vibid":"4164038391934","voters":2144,"total":1729,"voted":1729,"spoiled":4,"yays":1707,"nays":18},{"committee":"УИК №2221","vibid":"4164038391935","voters":1793,"total":1432,"voted":1432,"spoiled":10,"yays":1039,"nays":383},{"committee":"УИК №2222","vibid":"4164038391936","voters":1803,"total":1539,"voted":1539,"spoiled":41,"yays":1273,"nays":225},{"committee":"УИК №2223","vibid":"4164038391937","voters":1964,"total":1572,"voted":1572,"spoiled":0,"yays":1257,"nays":315},{"committee":"УИК №2224","vibid":"4164038391938","voters":2070,"total":1675,"voted":1675,"spoiled":0,"yays":1357,"nays":318},{"committee":"УИК №2225","vibid":"4164038391939","voters":2052,"total":1662,"voted":1662,"spoiled":0,"yays":1346,"nays":316},{"committee":"УИК №2226","vibid":"4164038391940","voters":2189,"total":1751,"voted":1751,"spoiled":13,"yays":1399,"nays":339},{"committee":"УИК №2227","vibid":"4164038391941","voters":2099,"total":1679,"voted":1679,"spoiled":12,"yays":1330,"nays":337},{"committee":"УИК №2228","vibid":"4164038391942","voters":2140,"total":1723,"voted":1723,"spoiled":10,"yays":1206,"nays":507},{"committee":"УИК №2229","vibid":"4164038391943","voters":1932,"total":1612,"voted":1612,"spoiled":6,"yays":1282,"nays":324},{"committee":"УИК №2230","vibid":"4164038391944","voters":2046,"total":1689,"voted":1689,"spoiled":0,"yays":1385,"nays":304},{"committee":"УИК №2231","vibid":"4164038391945","voters":2087,"total":1683,"voted":1683,"spoiled":0,"yays":1343,"nays":340},{"committee":"УИК №2232","vibid":"4164038394496","voters":106,"total":84,"voted":84,"spoiled":0,"yays":77,"nays":7},{"committee":"УИК №2233","vibid":"4164038391947","voters":1625,"total":1324,"voted":1324,"spoiled":20,"yays":856,"nays":448},{"committee":"УИК №2234","vibid":"4164038391948","voters":2219,"total":1797,"voted":1794,"spoiled":24,"yays":1361,"nays":409},{"committee":"УИК №2235","vibid":"4164038391949","voters":1773,"total":1429,"voted":1427,"spoiled":7,"yays":1299,"nays":121},{"committee":"УИК №2236","vibid":"4164038391950","voters":2490,"total":2015,"voted":2010,"spoiled":26,"yays":1612,"nays":372},{"committee":"УИК №2237","vibid":"4164038391951","voters":2505,"total":2115,"voted":2115,"spoiled":6,"yays":1734,"nays":375},{"committee":"УИК №2238","vibid":"4164038391952","voters":2449,"total":2036,"voted":2036,"spoiled":12,"yays":1628,"nays":396},{"committee":"УИК №2239","vibid":"4164038391953","voters":2253,"total":1849,"voted":1849,"spoiled":73,"yays":1460,"nays":316},{"committee":"УИК №2240","vibid":"4164038391954","voters":2426,"total":1994,"voted":1994,"spoiled":15,"yays":1635,"nays":344},{"committee":"УИК №2241","vibid":"4164038391955","voters":1989,"total":1620,"voted":1620,"spoiled":5,"yays":1437,"nays":178},{"committee":"УИК №2242","vibid":"4164038391956","voters":1774,"total":1479,"voted":1479,"spoiled":2,"yays":1183,"nays":294},{"committee":"УИК №2243","vibid":"4164038391957","voters":1973,"total":1583,"voted":1583,"spoiled":0,"yays":1267,"nays":316},{"committee":"УИК №2244","vibid":"4164038391958","voters":1971,"total":1580,"voted":1580,"spoiled":8,"yays":1264,"nays":308},{"committee":"УИК №2245","vibid":"4164038391959","voters":2394,"total":1916,"voted":1916,"spoiled":9,"yays":1534,"nays":373},{"committee":"УИК №2246","vibid":"4164038391960","voters":1099,"total":929,"voted":929,"spoiled":4,"yays":657,"nays":268},{"committee":"УИК №2247","vibid":"4164038391961","voters":2816,"total":2152,"voted":2152,"spoiled":110,"yays":1177,"nays":865},{"committee":"УИК №2248","vibid":"4164038391962","voters":2687,"total":2111,"voted":2111,"spoiled":27,"yays":1450,"nays":634},{"committee":"УИК №2249","vibid":"4164038391963","voters":2667,"total":1860,"voted":1860,"spoiled":53,"yays":1087,"nays":720},{"committee":"УИК №2250","vibid":"4164038391964","voters":2205,"total":1816,"voted":1816,"spoiled":2,"yays":1452,"nays":362},{"committee":"УИК №2251","vibid":"4164038391965","voters":2592,"total":2163,"voted":2163,"spoiled":7,"yays":1806,"nays":350},{"committee":"УИК №2252","vibid":"4164038391966","voters":1888,"total":1538,"voted":1538,"spoiled":3,"yays":1196,"nays":339},{"committee":"УИК №2253","vibid":"4164038391967","voters":2086,"total":1842,"voted":1842,"spoiled":0,"yays":1639,"nays":203},{"committee":"УИК №2254","vibid":"4164038391968","voters":3290,"total":2045,"voted":2045,"spoiled":33,"yays":1503,"nays":509},{"committee":"УИК №2255","vibid":"4164038391969","voters":3054,"total":2032,"voted":2032,"spoiled":3,"yays":1621,"nays":408},{"committee":"УИК №2256","vibid":"4164038391970","voters":1894,"total":1522,"voted":1521,"spoiled":5,"yays":1255,"nays":261},{"committee":"УИК №2257","vibid":"4164038391971","voters":1692,"total":1442,"voted":1442,"spoiled":0,"yays":1154,"nays":288},{"committee":"УИК №2258","vibid":"4164038391972","voters":2263,"total":2082,"voted":2082,"spoiled":0,"yays":1888,"nays":194},{"committee":"УИК №2259","vibid":"4164038391973","voters":1987,"total":1593,"voted":1593,"spoiled":16,"yays":1262,"nays":315},{"committee":"УИК №2260","vibid":"4164038391974","voters":2948,"total":2377,"voted":2377,"spoiled":5,"yays":1896,"nays":476},{"committee":"УИК №2261","vibid":"4164038391975","voters":2750,"total":2265,"voted":2265,"spoiled":0,"yays":1812,"nays":453},{"committee":"УИК №2262","vibid":"4164038391976","voters":3129,"total":2551,"voted":2551,"spoiled":0,"yays":2041,"nays":510},{"committee":"УИК №2823","vibid":"4164038391977","voters":3453,"total":2763,"voted":2763,"spoiled":3,"yays":2210,"nays":550},{"committee":"УИК №2834","vibid":"4164038391978","voters":3731,"total":3004,"voted":3004,"spoiled":37,"yays":2403,"nays":564}]