[{"committee":"УИК №409","vibid":"4134015291574","voters":1034,"total":972,"voted":972,"spoiled":7,"yays":939,"nays":26},{"committee":"УИК №410","vibid":"4134015291576","voters":189,"total":173,"voted":173,"spoiled":0,"yays":157,"nays":16},{"committee":"УИК №411","vibid":"4134015291577","voters":1236,"total":1130,"voted":1130,"spoiled":0,"yays":893,"nays":237},{"committee":"УИК №412","vibid":"4134015291578","voters":1574,"total":1397,"voted":1397,"spoiled":9,"yays":1272,"nays":116},{"committee":"УИК №413","vibid":"4134015291579","voters":1534,"total":1357,"voted":1357,"spoiled":7,"yays":1228,"nays":122},{"committee":"УИК №414","vibid":"4134015291580","voters":1501,"total":1309,"voted":1309,"spoiled":2,"yays":1190,"nays":117},{"committee":"УИК №415","vibid":"4134015291581","voters":995,"total":945,"voted":945,"spoiled":0,"yays":860,"nays":85},{"committee":"УИК №416","vibid":"4134015291582","voters":359,"total":316,"voted":316,"spoiled":0,"yays":255,"nays":61},{"committee":"УИК №417","vibid":"4134015291583","voters":172,"total":160,"voted":160,"spoiled":0,"yays":155,"nays":5},{"committee":"УИК №418","vibid":"4134015291584","voters":316,"total":287,"voted":287,"spoiled":0,"yays":256,"nays":31},{"committee":"УИК №419","vibid":"4134015291585","voters":309,"total":282,"voted":282,"spoiled":1,"yays":255,"nays":26},{"committee":"УИК №420","vibid":"4134015291586","voters":137,"total":124,"voted":124,"spoiled":0,"yays":117,"nays":7},{"committee":"УИК №421","vibid":"4134015291587","voters":1452,"total":1299,"voted":1299,"spoiled":5,"yays":1207,"nays":87},{"committee":"УИК №422","vibid":"4134015291588","voters":1646,"total":1486,"voted":1486,"spoiled":0,"yays":1377,"nays":109},{"committee":"УИК №423","vibid":"4134015291589","voters":315,"total":300,"voted":300,"spoiled":0,"yays":257,"nays":43},{"committee":"УИК №424","vibid":"4134015291590","voters":669,"total":648,"voted":648,"spoiled":0,"yays":613,"nays":35},{"committee":"УИК №425","vibid":"4134015291591","voters":372,"total":356,"voted":356,"spoiled":0,"yays":324,"nays":32},{"committee":"УИК №426","vibid":"4134015291592","voters":805,"total":729,"voted":729,"spoiled":1,"yays":678,"nays":50},{"committee":"УИК №427","vibid":"4134015291593","voters":1303,"total":1198,"voted":1198,"spoiled":2,"yays":1090,"nays":106},{"committee":"УИК №428","vibid":"4134015291594","voters":664,"total":604,"voted":604,"spoiled":0,"yays":550,"nays":54},{"committee":"УИК №429","vibid":"4134015291595","voters":1656,"total":1550,"voted":1550,"spoiled":0,"yays":1488,"nays":62},{"committee":"УИК №430","vibid":"4134015291596","voters":958,"total":739,"voted":739,"spoiled":2,"yays":636,"nays":101},{"committee":"УИК №431","vibid":"4134015291597","voters":1089,"total":708,"voted":708,"spoiled":5,"yays":536,"nays":167},{"committee":"УИК №432","vibid":"4134015291598","voters":412,"total":396,"voted":396,"spoiled":0,"yays":360,"nays":36},{"committee":"УИК №433","vibid":"4134015291599","voters":179,"total":173,"voted":173,"spoiled":0,"yays":166,"nays":7},{"committee":"УИК №434","vibid":"4134015291600","voters":640,"total":602,"voted":602,"spoiled":1,"yays":585,"nays":16},{"committee":"УИК №435","vibid":"4134015291601","voters":906,"total":850,"voted":850,"spoiled":13,"yays":773,"nays":64},{"committee":"УИК №436","vibid":"4134015291602","voters":287,"total":253,"voted":253,"spoiled":1,"yays":208,"nays":44},{"committee":"УИК №437","vibid":"4134015291603","voters":719,"total":683,"voted":683,"spoiled":0,"yays":621,"nays":62},{"committee":"УИК №438","vibid":"4134015291604","voters":216,"total":207,"voted":207,"spoiled":0,"yays":192,"nays":15},{"committee":"УИК №439","vibid":"4134015291605","voters":266,"total":250,"voted":250,"spoiled":0,"yays":243,"nays":7},{"committee":"УИК №440","vibid":"4134015291606","voters":414,"total":405,"voted":405,"spoiled":0,"yays":376,"nays":29},{"committee":"УИК №441","vibid":"4134015291607","voters":603,"total":585,"voted":585,"spoiled":2,"yays":532,"nays":51}]