[{"committee":"УИК №473","vibid":"4134017363145","voters":1545,"total":1141,"voted":1141,"spoiled":14,"yays":829,"nays":298},{"committee":"УИК №474","vibid":"4134017363146","voters":1486,"total":1086,"voted":1086,"spoiled":11,"yays":820,"nays":255},{"committee":"УИК №475","vibid":"4134017363147","voters":1481,"total":973,"voted":971,"spoiled":19,"yays":708,"nays":244},{"committee":"УИК №476","vibid":"4134017363148","voters":1534,"total":1087,"voted":1087,"spoiled":10,"yays":819,"nays":258},{"committee":"УИК №477","vibid":"4134017363149","voters":1438,"total":981,"voted":981,"spoiled":26,"yays":742,"nays":213},{"committee":"УИК №478","vibid":"4134017363150","voters":907,"total":744,"voted":744,"spoiled":10,"yays":531,"nays":203},{"committee":"УИК №479","vibid":"4134017363151","voters":1911,"total":1482,"voted":1482,"spoiled":6,"yays":1290,"nays":186},{"committee":"УИК №480","vibid":"4134017363152","voters":1674,"total":1306,"voted":1305,"spoiled":85,"yays":1009,"nays":211},{"committee":"УИК №481","vibid":"4134017363153","voters":778,"total":539,"voted":539,"spoiled":4,"yays":396,"nays":139},{"committee":"УИК №482","vibid":"4134017363154","voters":1034,"total":739,"voted":739,"spoiled":7,"yays":564,"nays":168},{"committee":"УИК №483","vibid":"4134017363155","voters":1789,"total":1225,"voted":1225,"spoiled":10,"yays":784,"nays":431},{"committee":"УИК №484","vibid":"4134017363156","voters":1616,"total":1051,"voted":1051,"spoiled":76,"yays":701,"nays":274},{"committee":"УИК №485","vibid":"4134017363157","voters":1544,"total":1034,"voted":1034,"spoiled":15,"yays":877,"nays":142},{"committee":"УИК №486","vibid":"4134017363158","voters":565,"total":456,"voted":456,"spoiled":3,"yays":391,"nays":62},{"committee":"УИК №487","vibid":"4134017363159","voters":686,"total":495,"voted":495,"spoiled":7,"yays":392,"nays":96},{"committee":"УИК №488","vibid":"4134017363160","voters":362,"total":304,"voted":304,"spoiled":4,"yays":258,"nays":42},{"committee":"УИК №489","vibid":"4134017363161","voters":1469,"total":998,"voted":994,"spoiled":15,"yays":642,"nays":337},{"committee":"УИК №490","vibid":"4134017363162","voters":1836,"total":1351,"voted":1351,"spoiled":50,"yays":668,"nays":633},{"committee":"УИК №491","vibid":"4134017363163","voters":1586,"total":1105,"voted":1105,"spoiled":16,"yays":841,"nays":248},{"committee":"УИК №492","vibid":"4134017363164","voters":1756,"total":1354,"voted":1354,"spoiled":9,"yays":1032,"nays":313},{"committee":"УИК №493","vibid":"4134017363165","voters":982,"total":713,"voted":713,"spoiled":9,"yays":583,"nays":121},{"committee":"УИК №494","vibid":"4134017363166","voters":826,"total":577,"voted":577,"spoiled":4,"yays":428,"nays":145},{"committee":"УИК №495","vibid":"4134017363167","voters":1790,"total":1299,"voted":1298,"spoiled":11,"yays":1160,"nays":127},{"committee":"УИК №496","vibid":"4134017363168","voters":1627,"total":1131,"voted":1131,"spoiled":5,"yays":840,"nays":286},{"committee":"УИК №497","vibid":"4134017363169","voters":1888,"total":1482,"voted":1482,"spoiled":12,"yays":1071,"nays":399},{"committee":"УИК №498","vibid":"4134017363170","voters":1577,"total":1194,"voted":1194,"spoiled":6,"yays":1059,"nays":129},{"committee":"УИК №499","vibid":"4134017363171","voters":288,"total":246,"voted":246,"spoiled":2,"yays":225,"nays":19},{"committee":"УИК №500","vibid":"4134017363172","voters":497,"total":441,"voted":441,"spoiled":13,"yays":371,"nays":57},{"committee":"УИК №501","vibid":"4134017363173","voters":345,"total":297,"voted":297,"spoiled":0,"yays":251,"nays":46},{"committee":"УИК №502","vibid":"4134017363174","voters":532,"total":432,"voted":432,"spoiled":1,"yays":369,"nays":62},{"committee":"УИК №503","vibid":"4134017363175","voters":780,"total":681,"voted":681,"spoiled":2,"yays":597,"nays":82},{"committee":"УИК №504","vibid":"4134017363176","voters":538,"total":471,"voted":471,"spoiled":3,"yays":389,"nays":79},{"committee":"УИК №505","vibid":"4134017363177","voters":459,"total":389,"voted":389,"spoiled":1,"yays":348,"nays":40},{"committee":"УИК №506","vibid":"4134017363178","voters":564,"total":483,"voted":483,"spoiled":0,"yays":414,"nays":69},{"committee":"УИК №507","vibid":"4134017363179","voters":892,"total":721,"voted":721,"spoiled":10,"yays":500,"nays":211},{"committee":"УИК №508","vibid":"4134017363180","voters":431,"total":380,"voted":380,"spoiled":0,"yays":328,"nays":52},{"committee":"УИК №509","vibid":"4134017363181","voters":158,"total":140,"voted":140,"spoiled":0,"yays":122,"nays":18},{"committee":"УИК №510","vibid":"4134017363182","voters":133,"total":115,"voted":115,"spoiled":0,"yays":107,"nays":8},{"committee":"УИК №511","vibid":"4134017363183","voters":1317,"total":1041,"voted":1040,"spoiled":11,"yays":910,"nays":119},{"committee":"УИК №512","vibid":"4134017363184","voters":400,"total":352,"voted":352,"spoiled":0,"yays":298,"nays":54},{"committee":"УИК №513","vibid":"4134017363185","voters":791,"total":680,"voted":680,"spoiled":4,"yays":589,"nays":87},{"committee":"УИК №514","vibid":"4134017363186","voters":305,"total":253,"voted":253,"spoiled":1,"yays":208,"nays":44},{"committee":"УИК №515","vibid":"4134017363187","voters":307,"total":283,"voted":283,"spoiled":0,"yays":264,"nays":19},{"committee":"УИК №516","vibid":"4134017363188","voters":1122,"total":915,"voted":915,"spoiled":6,"yays":813,"nays":96},{"committee":"УИК №517","vibid":"4134017363189","voters":1314,"total":1151,"voted":1151,"spoiled":8,"yays":1026,"nays":117},{"committee":"УИК №518","vibid":"4134017363190","voters":566,"total":541,"voted":541,"spoiled":15,"yays":491,"nays":35},{"committee":"УИК №519","vibid":"4134017363191","voters":242,"total":232,"voted":222,"spoiled":3,"yays":193,"nays":26},{"committee":"УИК №520","vibid":"4134017363192","voters":333,"total":291,"voted":291,"spoiled":1,"yays":156,"nays":134},{"committee":"УИК №521","vibid":"4134017363193","voters":360,"total":291,"voted":291,"spoiled":0,"yays":260,"nays":31},{"committee":"УИК №522","vibid":"4134017363194","voters":448,"total":384,"voted":384,"spoiled":0,"yays":336,"nays":48}]