[{"committee":"УИК №236","vibid":"9119002203199","voters":241,"total":173,"voted":173,"spoiled":2,"yays":114,"nays":57},{"committee":"УИК №237","vibid":"9119002203204","voters":593,"total":313,"voted":313,"spoiled":8,"yays":234,"nays":71},{"committee":"УИК №238","vibid":"9119002203201","voters":1566,"total":900,"voted":900,"spoiled":9,"yays":620,"nays":271},{"committee":"УИК №239","vibid":"9119002203206","voters":1371,"total":689,"voted":689,"spoiled":4,"yays":429,"nays":256},{"committee":"УИК №240","vibid":"9119002203208","voters":2134,"total":1363,"voted":1363,"spoiled":5,"yays":895,"nays":463},{"committee":"УИК №241","vibid":"9119002203210","voters":1425,"total":759,"voted":759,"spoiled":14,"yays":474,"nays":271},{"committee":"УИК №242","vibid":"9119002203212","voters":2137,"total":1022,"voted":1022,"spoiled":3,"yays":615,"nays":404},{"committee":"УИК №243","vibid":"9119002203214","voters":177,"total":88,"voted":88,"spoiled":0,"yays":68,"nays":20},{"committee":"УИК №244","vibid":"9119002203216","voters":159,"total":98,"voted":98,"spoiled":1,"yays":66,"nays":31},{"committee":"УИК №245","vibid":"9119002203218","voters":650,"total":340,"voted":340,"spoiled":3,"yays":222,"nays":115},{"committee":"УИК №246","vibid":"9119002203220","voters":112,"total":79,"voted":79,"spoiled":2,"yays":67,"nays":10},{"committee":"УИК №668","vibid":"9119002204212","voters":96,"total":94,"voted":94,"spoiled":3,"yays":61,"nays":30}]