[{"committee":"УИК №144","vibid":"4154008309115","voters":2094,"total":1708,"voted":1708,"spoiled":0,"yays":1446,"nays":262},{"committee":"УИК №145","vibid":"4154008309117","voters":1813,"total":1425,"voted":1425,"spoiled":0,"yays":1029,"nays":396},{"committee":"УИК №146","vibid":"4154008309119","voters":2127,"total":1801,"voted":1801,"spoiled":0,"yays":1505,"nays":296},{"committee":"УИК №147","vibid":"4154008309121","voters":1055,"total":890,"voted":890,"spoiled":0,"yays":649,"nays":241},{"committee":"УИК №148","vibid":"4154008309123","voters":2732,"total":2221,"voted":2221,"spoiled":0,"yays":1853,"nays":368},{"committee":"УИК №149","vibid":"4154008309125","voters":1218,"total":969,"voted":969,"spoiled":0,"yays":690,"nays":279},{"committee":"УИК №150","vibid":"4154008309127","voters":1076,"total":885,"voted":885,"spoiled":0,"yays":617,"nays":268},{"committee":"УИК №151","vibid":"4154008309129","voters":285,"total":245,"voted":245,"spoiled":0,"yays":168,"nays":77},{"committee":"УИК №152","vibid":"4154008309131","voters":596,"total":465,"voted":465,"spoiled":0,"yays":340,"nays":125},{"committee":"УИК №153","vibid":"4154008309133","voters":1112,"total":840,"voted":840,"spoiled":0,"yays":676,"nays":164},{"committee":"УИК №154","vibid":"4154008309135","voters":2143,"total":1711,"voted":1711,"spoiled":0,"yays":1499,"nays":212},{"committee":"УИК №155","vibid":"4154008309137","voters":2404,"total":2006,"voted":2006,"spoiled":0,"yays":1622,"nays":384},{"committee":"УИК №156","vibid":"4154008309139","voters":2501,"total":2300,"voted":1898,"spoiled":2,"yays":1571,"nays":325},{"committee":"УИК №157","vibid":"4154008309141","voters":1331,"total":1086,"voted":1086,"spoiled":8,"yays":899,"nays":179},{"committee":"УИК №158","vibid":"4154008309143","voters":1931,"total":1488,"voted":1488,"spoiled":3,"yays":1283,"nays":202},{"committee":"УИК №159","vibid":"4154008309145","voters":2245,"total":2230,"voted":1907,"spoiled":52,"yays":1624,"nays":231},{"committee":"УИК №160","vibid":"4154008309147","voters":2029,"total":1560,"voted":1560,"spoiled":0,"yays":1117,"nays":443},{"committee":"УИК №161","vibid":"4154008309149","voters":1850,"total":1485,"voted":1485,"spoiled":0,"yays":1044,"nays":441},{"committee":"УИК №162","vibid":"4154008309151","voters":1510,"total":1295,"voted":1295,"spoiled":0,"yays":1143,"nays":152},{"committee":"УИК №163","vibid":"4154008309153","voters":1559,"total":1306,"voted":1306,"spoiled":0,"yays":1057,"nays":249},{"committee":"УИК №164","vibid":"4154008309155","voters":1360,"total":1133,"voted":1133,"spoiled":0,"yays":914,"nays":219},{"committee":"УИК №165","vibid":"4154008309157","voters":1583,"total":1209,"voted":1209,"spoiled":8,"yays":1034,"nays":167},{"committee":"УИК №166","vibid":"4154008309159","voters":1770,"total":1453,"voted":1453,"spoiled":0,"yays":1183,"nays":270},{"committee":"УИК №167","vibid":"4154008309161","voters":1651,"total":1342,"voted":1342,"spoiled":0,"yays":1097,"nays":245},{"committee":"УИК №168","vibid":"4154008309163","voters":1083,"total":903,"voted":903,"spoiled":0,"yays":608,"nays":295},{"committee":"УИК №354","vibid":"4154008311822","voters":431,"total":365,"voted":365,"spoiled":0,"yays":338,"nays":27},{"committee":"УИК №355","vibid":"4154008311824","voters":621,"total":579,"voted":579,"spoiled":0,"yays":554,"nays":25},{"committee":"УИК №356","vibid":"4154008311826","voters":267,"total":253,"voted":253,"spoiled":0,"yays":217,"nays":36},{"committee":"УИК №357","vibid":"4154008311828","voters":181,"total":181,"voted":181,"spoiled":0,"yays":150,"nays":31}]