[{"committee":"УИК №131","vibid":"4104017331318","voters":1971,"total":893,"voted":893,"spoiled":13,"yays":586,"nays":294},{"committee":"УИК №132","vibid":"4104017331319","voters":911,"total":495,"voted":495,"spoiled":4,"yays":280,"nays":211},{"committee":"УИК №133","vibid":"4104017331320","voters":1237,"total":498,"voted":498,"spoiled":5,"yays":335,"nays":158},{"committee":"УИК №134","vibid":"4104017331321","voters":1809,"total":869,"voted":869,"spoiled":7,"yays":614,"nays":248},{"committee":"УИК №135","vibid":"4104017331322","voters":2370,"total":998,"voted":998,"spoiled":6,"yays":671,"nays":321},{"committee":"УИК №136","vibid":"4104017331323","voters":2296,"total":1021,"voted":1021,"spoiled":10,"yays":710,"nays":301},{"committee":"УИК №137","vibid":"4104017331324","voters":1984,"total":923,"voted":923,"spoiled":13,"yays":681,"nays":229},{"committee":"УИК №138","vibid":"4104017331325","voters":621,"total":297,"voted":297,"spoiled":2,"yays":210,"nays":85},{"committee":"УИК №139","vibid":"4104017331326","voters":753,"total":398,"voted":396,"spoiled":6,"yays":276,"nays":114},{"committee":"УИК №140","vibid":"4104017331327","voters":1808,"total":837,"voted":837,"spoiled":7,"yays":561,"nays":269},{"committee":"УИК №141","vibid":"4104017331328","voters":2159,"total":1010,"voted":1010,"spoiled":14,"yays":707,"nays":289},{"committee":"УИК №142","vibid":"4104017331329","voters":530,"total":288,"voted":288,"spoiled":0,"yays":200,"nays":88},{"committee":"УИК №143","vibid":"4104017331330","voters":1189,"total":760,"voted":760,"spoiled":2,"yays":565,"nays":193},{"committee":"УИК №144","vibid":"4104017331331","voters":460,"total":245,"voted":245,"spoiled":1,"yays":177,"nays":67},{"committee":"УИК №145","vibid":"4104017331332","voters":243,"total":122,"voted":122,"spoiled":0,"yays":92,"nays":30},{"committee":"УИК №146","vibid":"4104017331333","voters":244,"total":165,"voted":165,"spoiled":1,"yays":140,"nays":24},{"committee":"УИК №147","vibid":"4104017331334","voters":697,"total":312,"voted":312,"spoiled":4,"yays":222,"nays":86},{"committee":"УИК №148","vibid":"4104017331335","voters":511,"total":242,"voted":242,"spoiled":1,"yays":169,"nays":72},{"committee":"УИК №149","vibid":"4104017331336","voters":932,"total":512,"voted":512,"spoiled":9,"yays":393,"nays":110},{"committee":"УИК №150","vibid":"4104017331337","voters":2096,"total":976,"voted":976,"spoiled":6,"yays":734,"nays":236},{"committee":"УИК №151","vibid":"4104017331338","voters":373,"total":273,"voted":273,"spoiled":7,"yays":229,"nays":37},{"committee":"УИК №152","vibid":"4104017333451","voters":82,"total":63,"voted":63,"spoiled":0,"yays":47,"nays":16}]