[{"committee":"УИК №2263","vibid":"4164059265398","voters":1540,"total":1386,"voted":1386,"spoiled":0,"yays":1137,"nays":249},{"committee":"УИК №2264","vibid":"4164059265399","voters":1384,"total":1255,"voted":1255,"spoiled":0,"yays":1016,"nays":239},{"committee":"УИК №2265","vibid":"4164059265400","voters":511,"total":463,"voted":463,"spoiled":0,"yays":405,"nays":58},{"committee":"УИК №2266","vibid":"4164059265401","voters":2170,"total":1974,"voted":1974,"spoiled":3,"yays":1579,"nays":392},{"committee":"УИК №2267","vibid":"4164059265402","voters":672,"total":637,"voted":637,"spoiled":3,"yays":548,"nays":86},{"committee":"УИК №2268","vibid":"4164059265403","voters":317,"total":296,"voted":296,"spoiled":3,"yays":248,"nays":45},{"committee":"УИК №2269","vibid":"4164059265404","voters":514,"total":468,"voted":468,"spoiled":0,"yays":422,"nays":46},{"committee":"УИК №2270","vibid":"4164059265405","voters":815,"total":730,"voted":730,"spoiled":1,"yays":596,"nays":133},{"committee":"УИК №2271","vibid":"4164059265406","voters":319,"total":306,"voted":306,"spoiled":5,"yays":264,"nays":37},{"committee":"УИК №2272","vibid":"4164059265407","voters":571,"total":524,"voted":524,"spoiled":2,"yays":434,"nays":88},{"committee":"УИК №2273","vibid":"4164059265408","voters":646,"total":621,"voted":621,"spoiled":0,"yays":589,"nays":32},{"committee":"УИК №2274","vibid":"4164059265409","voters":306,"total":292,"voted":292,"spoiled":0,"yays":280,"nays":12},{"committee":"УИК №2275","vibid":"4164059265410","voters":403,"total":367,"voted":367,"spoiled":2,"yays":321,"nays":44},{"committee":"УИК №2276","vibid":"4164059265411","voters":284,"total":270,"voted":270,"spoiled":0,"yays":223,"nays":47},{"committee":"УИК №2277","vibid":"4164059265412","voters":353,"total":323,"voted":323,"spoiled":0,"yays":267,"nays":56},{"committee":"УИК №2278","vibid":"4164059265413","voters":247,"total":225,"voted":225,"spoiled":0,"yays":219,"nays":6},{"committee":"УИК №2279","vibid":"4164059265414","voters":463,"total":431,"voted":431,"spoiled":0,"yays":345,"nays":86},{"committee":"УИК №2280","vibid":"4164059265415","voters":1075,"total":970,"voted":970,"spoiled":0,"yays":791,"nays":179},{"committee":"УИК №2281","vibid":"4164059265416","voters":143,"total":135,"voted":135,"spoiled":0,"yays":124,"nays":11},{"committee":"УИК №2282","vibid":"4164059265417","voters":257,"total":251,"voted":251,"spoiled":8,"yays":237,"nays":6},{"committee":"УИК №2283","vibid":"4164059265418","voters":609,"total":557,"voted":557,"spoiled":0,"yays":505,"nays":52},{"committee":"УИК №2284","vibid":"4164059265419","voters":579,"total":545,"voted":545,"spoiled":0,"yays":486,"nays":59},{"committee":"УИК №2285","vibid":"4164059265420","voters":585,"total":536,"voted":536,"spoiled":0,"yays":476,"nays":60},{"committee":"УИК №2286","vibid":"4164059265421","voters":489,"total":464,"voted":464,"spoiled":0,"yays":399,"nays":65},{"committee":"УИК №2287","vibid":"4164059265422","voters":234,"total":217,"voted":217,"spoiled":0,"yays":193,"nays":24},{"committee":"УИК №2288","vibid":"4164059265423","voters":452,"total":409,"voted":409,"spoiled":6,"yays":341,"nays":62},{"committee":"УИК №2289","vibid":"4164059265424","voters":523,"total":495,"voted":495,"spoiled":0,"yays":420,"nays":75},{"committee":"УИК №2290","vibid":"4164059265425","voters":1062,"total":956,"voted":956,"spoiled":0,"yays":846,"nays":110},{"committee":"УИК №2291","vibid":"4164059265426","voters":2279,"total":2055,"voted":2055,"spoiled":7,"yays":1882,"nays":166},{"committee":"УИК №2292","vibid":"4164059265427","voters":2142,"total":2042,"voted":2042,"spoiled":3,"yays":1876,"nays":163},{"committee":"УИК №2293","vibid":"4164059265428","voters":2198,"total":2089,"voted":2089,"spoiled":0,"yays":1880,"nays":209},{"committee":"УИК №2294","vibid":"4164059265429","voters":1999,"total":1900,"voted":1900,"spoiled":3,"yays":1729,"nays":168},{"committee":"УИК №2295","vibid":"4164059265430","voters":2366,"total":2225,"voted":2225,"spoiled":0,"yays":2132,"nays":93}]