[{"committee":"УИК №1242","vibid":"4164034263435","voters":810,"total":728,"voted":728,"spoiled":10,"yays":628,"nays":90},{"committee":"УИК №1243","vibid":"4164034263436","voters":93,"total":90,"voted":90,"spoiled":0,"yays":84,"nays":6},{"committee":"УИК №1897","vibid":"4164034263437","voters":213,"total":205,"voted":205,"spoiled":3,"yays":187,"nays":15},{"committee":"УИК №1898","vibid":"4164034263438","voters":465,"total":450,"voted":450,"spoiled":5,"yays":422,"nays":23},{"committee":"УИК №1899","vibid":"4164034263439","voters":356,"total":341,"voted":341,"spoiled":2,"yays":316,"nays":23},{"committee":"УИК №1900","vibid":"4164034263440","voters":358,"total":342,"voted":342,"spoiled":3,"yays":314,"nays":25},{"committee":"УИК №1901","vibid":"4164034263441","voters":941,"total":726,"voted":726,"spoiled":14,"yays":511,"nays":201},{"committee":"УИК №1902","vibid":"4164034263442","voters":508,"total":498,"voted":498,"spoiled":0,"yays":446,"nays":52},{"committee":"УИК №1903","vibid":"4164034263443","voters":556,"total":534,"voted":534,"spoiled":1,"yays":480,"nays":53},{"committee":"УИК №1904","vibid":"4164034263444","voters":1001,"total":900,"voted":900,"spoiled":18,"yays":755,"nays":127},{"committee":"УИК №1905","vibid":"4164034263445","voters":940,"total":846,"voted":846,"spoiled":7,"yays":722,"nays":117},{"committee":"УИК №1906","vibid":"4164034263446","voters":930,"total":846,"voted":846,"spoiled":11,"yays":801,"nays":34},{"committee":"УИК №1907","vibid":"4164034263447","voters":1021,"total":943,"voted":943,"spoiled":23,"yays":745,"nays":175},{"committee":"УИК №1908","vibid":"4164034263448","voters":920,"total":578,"voted":578,"spoiled":117,"yays":277,"nays":184},{"committee":"УИК №1909","vibid":"4164034263449","voters":956,"total":865,"voted":865,"spoiled":5,"yays":717,"nays":143},{"committee":"УИК №1910","vibid":"4164034263450","voters":1023,"total":941,"voted":941,"spoiled":23,"yays":751,"nays":167},{"committee":"УИК №1911","vibid":"4164034263451","voters":934,"total":841,"voted":841,"spoiled":22,"yays":701,"nays":118},{"committee":"УИК №1912","vibid":"4164034263452","voters":997,"total":842,"voted":842,"spoiled":27,"yays":705,"nays":110},{"committee":"УИК №1913","vibid":"4164034263453","voters":1025,"total":820,"voted":820,"spoiled":15,"yays":657,"nays":148},{"committee":"УИК №1914","vibid":"4164034263454","voters":346,"total":328,"voted":328,"spoiled":2,"yays":305,"nays":21},{"committee":"УИК №1915","vibid":"4164034263455","voters":887,"total":801,"voted":801,"spoiled":17,"yays":701,"nays":83},{"committee":"УИК №1916","vibid":"4164034263456","voters":628,"total":571,"voted":571,"spoiled":2,"yays":542,"nays":27},{"committee":"УИК №1917","vibid":"4164034263457","voters":262,"total":251,"voted":251,"spoiled":0,"yays":233,"nays":18},{"committee":"УИК №1918","vibid":"4164034263458","voters":597,"total":568,"voted":568,"spoiled":5,"yays":507,"nays":56},{"committee":"УИК №1919","vibid":"4164034263459","voters":192,"total":186,"voted":186,"spoiled":0,"yays":167,"nays":19},{"committee":"УИК №1920","vibid":"4164034263460","voters":119,"total":115,"voted":115,"spoiled":0,"yays":108,"nays":7},{"committee":"УИК №1921","vibid":"4164034263461","voters":270,"total":265,"voted":265,"spoiled":4,"yays":239,"nays":22},{"committee":"УИК №1922","vibid":"4164034263462","voters":82,"total":80,"voted":80,"spoiled":0,"yays":74,"nays":6},{"committee":"УИК №1923","vibid":"4164034263463","voters":690,"total":655,"voted":655,"spoiled":10,"yays":590,"nays":55},{"committee":"УИК №1924","vibid":"4164034263464","voters":292,"total":284,"voted":284,"spoiled":0,"yays":277,"nays":7},{"committee":"УИК №1925","vibid":"4164034263465","voters":435,"total":415,"voted":415,"spoiled":2,"yays":393,"nays":20},{"committee":"УИК №1926","vibid":"4164034263466","voters":264,"total":259,"voted":259,"spoiled":1,"yays":237,"nays":21},{"committee":"УИК №1927","vibid":"4164034263467","voters":360,"total":354,"voted":354,"spoiled":0,"yays":348,"nays":6},{"committee":"УИК №1928","vibid":"4164034263468","voters":426,"total":415,"voted":415,"spoiled":3,"yays":382,"nays":30},{"committee":"УИК №1929","vibid":"4164034263469","voters":424,"total":416,"voted":416,"spoiled":0,"yays":392,"nays":24},{"committee":"УИК №1930","vibid":"4164034263470","voters":242,"total":239,"voted":239,"spoiled":0,"yays":218,"nays":21},{"committee":"УИК №1931","vibid":"4164034263471","voters":567,"total":550,"voted":550,"spoiled":8,"yays":436,"nays":106},{"committee":"УИК №1932","vibid":"4164034263472","voters":126,"total":124,"voted":124,"spoiled":0,"yays":113,"nays":11},{"committee":"УИК №1933","vibid":"4164034263473","voters":329,"total":321,"voted":321,"spoiled":0,"yays":315,"nays":6}]