[{"committee":"УИК №500","vibid":"4114019518385","voters":167,"total":135,"voted":135,"spoiled":0,"yays":95,"nays":40},{"committee":"УИК №501","vibid":"4114019518386","voters":630,"total":409,"voted":409,"spoiled":2,"yays":313,"nays":94},{"committee":"УИК №502","vibid":"4114019518387","voters":373,"total":269,"voted":269,"spoiled":1,"yays":216,"nays":52},{"committee":"УИК №503","vibid":"4114019518388","voters":280,"total":192,"voted":192,"spoiled":3,"yays":150,"nays":39},{"committee":"УИК №504","vibid":"4114019518389","voters":451,"total":322,"voted":322,"spoiled":0,"yays":250,"nays":72},{"committee":"УИК №505","vibid":"4114019518390","voters":420,"total":252,"voted":252,"spoiled":4,"yays":186,"nays":62},{"committee":"УИК №506","vibid":"4114019518391","voters":1335,"total":854,"voted":854,"spoiled":5,"yays":575,"nays":274},{"committee":"УИК №507","vibid":"4114019518392","voters":199,"total":163,"voted":163,"spoiled":1,"yays":119,"nays":43},{"committee":"УИК №508","vibid":"4114019518393","voters":305,"total":214,"voted":214,"spoiled":0,"yays":167,"nays":47},{"committee":"УИК №509","vibid":"4114019518394","voters":2158,"total":1241,"voted":1241,"spoiled":16,"yays":774,"nays":451},{"committee":"УИК №510","vibid":"4114019518395","voters":2068,"total":1125,"voted":1125,"spoiled":11,"yays":753,"nays":361},{"committee":"УИК №511","vibid":"4114019518396","voters":809,"total":585,"voted":585,"spoiled":2,"yays":489,"nays":94},{"committee":"УИК №512","vibid":"4114019518397","voters":215,"total":114,"voted":114,"spoiled":2,"yays":98,"nays":14},{"committee":"УИК №513","vibid":"4114019518398","voters":1162,"total":528,"voted":528,"spoiled":1,"yays":366,"nays":161},{"committee":"УИК №514","vibid":"4114019518399","voters":668,"total":455,"voted":455,"spoiled":3,"yays":396,"nays":56},{"committee":"УИК №516","vibid":"4114019518400","voters":1611,"total":849,"voted":849,"spoiled":9,"yays":650,"nays":190},{"committee":"УИК №517","vibid":"4114019518401","voters":551,"total":301,"voted":301,"spoiled":2,"yays":229,"nays":70},{"committee":"УИК №518","vibid":"4114019518402","voters":515,"total":371,"voted":371,"spoiled":2,"yays":282,"nays":87},{"committee":"УИК №519","vibid":"4114019518403","voters":217,"total":157,"voted":157,"spoiled":0,"yays":126,"nays":31},{"committee":"УИК №520","vibid":"4114019518404","voters":291,"total":209,"voted":209,"spoiled":1,"yays":186,"nays":22},{"committee":"УИК №521","vibid":"4114019518405","voters":348,"total":268,"voted":268,"spoiled":1,"yays":221,"nays":46},{"committee":"УИК №522","vibid":"4114019518406","voters":361,"total":258,"voted":258,"spoiled":1,"yays":232,"nays":25},{"committee":"УИК №523","vibid":"4114019518407","voters":296,"total":250,"voted":250,"spoiled":0,"yays":222,"nays":28},{"committee":"УИК №524","vibid":"4114019518408","voters":852,"total":537,"voted":537,"spoiled":4,"yays":405,"nays":128},{"committee":"УИК №525","vibid":"4114019518409","voters":737,"total":434,"voted":434,"spoiled":6,"yays":290,"nays":138},{"committee":"УИК №526","vibid":"4114019518410","voters":473,"total":323,"voted":323,"spoiled":2,"yays":195,"nays":126},{"committee":"УИК №527","vibid":"4114019518411","voters":474,"total":291,"voted":291,"spoiled":2,"yays":192,"nays":97},{"committee":"УИК №528","vibid":"4114019518412","voters":503,"total":333,"voted":333,"spoiled":0,"yays":247,"nays":86},{"committee":"УИК №529","vibid":"4114019518413","voters":582,"total":349,"voted":349,"spoiled":2,"yays":234,"nays":113},{"committee":"УИК №530","vibid":"4114019518414","voters":1355,"total":733,"voted":733,"spoiled":3,"yays":481,"nays":249},{"committee":"УИК №531","vibid":"4114019518415","voters":377,"total":269,"voted":269,"spoiled":3,"yays":162,"nays":104},{"committee":"УИК №532","vibid":"4114019518416","voters":197,"total":148,"voted":148,"spoiled":0,"yays":72,"nays":76},{"committee":"УИК №533","vibid":"4114019518417","voters":315,"total":204,"voted":204,"spoiled":0,"yays":144,"nays":60},{"committee":"УИК №534","vibid":"4114019518418","voters":247,"total":178,"voted":178,"spoiled":1,"yays":132,"nays":45}]