[{"committee":"УИК №570","vibid":"4164003343902","voters":1663,"total":1560,"voted":1560,"spoiled":0,"yays":1308,"nays":252},{"committee":"УИК №571","vibid":"4164003343903","voters":2119,"total":1988,"voted":1988,"spoiled":0,"yays":1749,"nays":239},{"committee":"УИК №572","vibid":"4164003343904","voters":1557,"total":1439,"voted":1439,"spoiled":0,"yays":1190,"nays":249},{"committee":"УИК №573","vibid":"4164003343905","voters":1923,"total":1770,"voted":1770,"spoiled":0,"yays":1481,"nays":289},{"committee":"УИК №574","vibid":"4164003343906","voters":300,"total":281,"voted":281,"spoiled":2,"yays":259,"nays":20},{"committee":"УИК №575","vibid":"4164003343907","voters":214,"total":205,"voted":205,"spoiled":0,"yays":190,"nays":15},{"committee":"УИК №576","vibid":"4164003343908","voters":472,"total":451,"voted":451,"spoiled":0,"yays":419,"nays":32},{"committee":"УИК №577","vibid":"4164003343909","voters":541,"total":516,"voted":516,"spoiled":0,"yays":483,"nays":33},{"committee":"УИК №578","vibid":"4164003343910","voters":483,"total":464,"voted":464,"spoiled":0,"yays":447,"nays":17},{"committee":"УИК №579","vibid":"4164003343911","voters":187,"total":177,"voted":177,"spoiled":0,"yays":164,"nays":13},{"committee":"УИК №580","vibid":"4164003343912","voters":410,"total":391,"voted":391,"spoiled":0,"yays":369,"nays":22},{"committee":"УИК №581","vibid":"4164003343913","voters":118,"total":108,"voted":108,"spoiled":0,"yays":96,"nays":12},{"committee":"УИК №582","vibid":"4164003343914","voters":271,"total":255,"voted":255,"spoiled":0,"yays":236,"nays":19},{"committee":"УИК №583","vibid":"4164003343915","voters":1315,"total":1212,"voted":1212,"spoiled":0,"yays":1097,"nays":115},{"committee":"УИК №584","vibid":"4164003343916","voters":871,"total":823,"voted":823,"spoiled":0,"yays":787,"nays":36},{"committee":"УИК №585","vibid":"4164003343917","voters":531,"total":492,"voted":492,"spoiled":0,"yays":455,"nays":37},{"committee":"УИК №587","vibid":"4164003343918","voters":332,"total":318,"voted":318,"spoiled":0,"yays":303,"nays":15},{"committee":"УИК №588","vibid":"4164003343919","voters":669,"total":638,"voted":638,"spoiled":1,"yays":603,"nays":34},{"committee":"УИК №589","vibid":"4164003343920","voters":391,"total":376,"voted":376,"spoiled":0,"yays":360,"nays":16},{"committee":"УИК №590","vibid":"4164003343921","voters":236,"total":222,"voted":222,"spoiled":0,"yays":205,"nays":17},{"committee":"УИК №591","vibid":"4164003343922","voters":241,"total":229,"voted":229,"spoiled":0,"yays":211,"nays":18},{"committee":"УИК №592","vibid":"4164003343923","voters":198,"total":189,"voted":189,"spoiled":0,"yays":160,"nays":29},{"committee":"УИК №594","vibid":"4164003343925","voters":149,"total":139,"voted":139,"spoiled":0,"yays":126,"nays":13},{"committee":"УИК №599","vibid":"4164003343930","voters":361,"total":310,"voted":310,"spoiled":2,"yays":262,"nays":46},{"committee":"УИК №600","vibid":"4164003343931","voters":79,"total":71,"voted":71,"spoiled":0,"yays":60,"nays":11},{"committee":"УИК №601","vibid":"4164003343932","voters":356,"total":348,"voted":348,"spoiled":0,"yays":333,"nays":15},{"committee":"УИК №602","vibid":"4164003343933","voters":258,"total":248,"voted":248,"spoiled":0,"yays":234,"nays":14},{"committee":"УИК №603","vibid":"4164003343934","voters":178,"total":172,"voted":172,"spoiled":0,"yays":155,"nays":17},{"committee":"УИК №604","vibid":"4164003343935","voters":323,"total":312,"voted":312,"spoiled":0,"yays":303,"nays":9},{"committee":"УИК №605","vibid":"4164003343936","voters":203,"total":190,"voted":190,"spoiled":0,"yays":173,"nays":17},{"committee":"УИК №606","vibid":"4164003343937","voters":315,"total":304,"voted":304,"spoiled":0,"yays":291,"nays":13},{"committee":"УИК №607","vibid":"4164003343938","voters":253,"total":241,"voted":241,"spoiled":0,"yays":232,"nays":9},{"committee":"УИК №608","vibid":"4164003343939","voters":180,"total":174,"voted":174,"spoiled":0,"yays":170,"nays":4},{"committee":"УИК №609","vibid":"4164003343940","voters":277,"total":262,"voted":262,"spoiled":0,"yays":244,"nays":18},{"committee":"УИК №610","vibid":"4164003343941","voters":201,"total":191,"voted":191,"spoiled":0,"yays":181,"nays":10},{"committee":"УИК №611","vibid":"4164003343942","voters":271,"total":257,"voted":257,"spoiled":0,"yays":241,"nays":16},{"committee":"УИК №612","vibid":"4164003343943","voters":310,"total":299,"voted":299,"spoiled":0,"yays":282,"nays":17},{"committee":"УИК №614","vibid":"4164003343944","voters":180,"total":170,"voted":170,"spoiled":0,"yays":155,"nays":15},{"committee":"УИК №615","vibid":"4164003343945","voters":177,"total":161,"voted":161,"spoiled":0,"yays":141,"nays":20},{"committee":"УИК №616","vibid":"4164003343946","voters":243,"total":229,"voted":229,"spoiled":0,"yays":211,"nays":18},{"committee":"УИК №617","vibid":"4164003343947","voters":707,"total":673,"voted":673,"spoiled":0,"yays":639,"nays":34},{"committee":"УИК №618","vibid":"4164003343948","voters":183,"total":179,"voted":179,"spoiled":0,"yays":172,"nays":7}]