[{"committee":"УИК №212","vibid":"4154003433847","voters":1814,"total":1525,"voted":1525,"spoiled":35,"yays":1283,"nays":207},{"committee":"УИК №213","vibid":"4154003433849","voters":1604,"total":1254,"voted":1254,"spoiled":6,"yays":1014,"nays":234},{"committee":"УИК №214","vibid":"4154003433851","voters":1196,"total":986,"voted":986,"spoiled":11,"yays":651,"nays":324},{"committee":"УИК №215","vibid":"4154003433852","voters":1899,"total":1534,"voted":1534,"spoiled":3,"yays":1526,"nays":5},{"committee":"УИК №216","vibid":"4154003433853","voters":1508,"total":1195,"voted":1195,"spoiled":2,"yays":1188,"nays":5},{"committee":"УИК №217","vibid":"4154003433854","voters":2687,"total":2056,"voted":2056,"spoiled":0,"yays":2045,"nays":11},{"committee":"УИК №218","vibid":"4154003433855","voters":1443,"total":1201,"voted":1201,"spoiled":0,"yays":1194,"nays":7},{"committee":"УИК №219","vibid":"4154003433856","voters":980,"total":831,"voted":831,"spoiled":10,"yays":693,"nays":128},{"committee":"УИК №220","vibid":"4154003433857","voters":2159,"total":1848,"voted":1848,"spoiled":47,"yays":1661,"nays":140},{"committee":"УИК №221","vibid":"4154003433858","voters":1357,"total":1226,"voted":1226,"spoiled":18,"yays":1070,"nays":138},{"committee":"УИК №222","vibid":"4154003433859","voters":1639,"total":1408,"voted":1408,"spoiled":6,"yays":1377,"nays":25},{"committee":"УИК №223","vibid":"4154003433860","voters":772,"total":697,"voted":697,"spoiled":0,"yays":696,"nays":1},{"committee":"УИК №224","vibid":"4154003433861","voters":1715,"total":1417,"voted":1417,"spoiled":0,"yays":1411,"nays":6},{"committee":"УИК №225","vibid":"4154003433862","voters":1224,"total":1070,"voted":1070,"spoiled":0,"yays":1065,"nays":5},{"committee":"УИК №226","vibid":"4154003433863","voters":2479,"total":1947,"voted":1947,"spoiled":0,"yays":1940,"nays":7},{"committee":"УИК №227","vibid":"4154003433864","voters":751,"total":657,"voted":657,"spoiled":0,"yays":657,"nays":0},{"committee":"УИК №228","vibid":"4154003433865","voters":734,"total":642,"voted":642,"spoiled":10,"yays":541,"nays":91},{"committee":"УИК №229","vibid":"4154003433866","voters":1792,"total":1512,"voted":1512,"spoiled":11,"yays":1336,"nays":165},{"committee":"УИК №230","vibid":"4154003433867","voters":2387,"total":1896,"voted":1896,"spoiled":0,"yays":1889,"nays":7},{"committee":"УИК №231","vibid":"4154003433868","voters":1489,"total":1306,"voted":1306,"spoiled":2,"yays":1125,"nays":179},{"committee":"УИК №232","vibid":"4154003433869","voters":2524,"total":1997,"voted":1997,"spoiled":27,"yays":1789,"nays":181},{"committee":"УИК №233","vibid":"4154003433870","voters":840,"total":734,"voted":734,"spoiled":0,"yays":734,"nays":0},{"committee":"УИК №234","vibid":"4154003433871","voters":1021,"total":893,"voted":893,"spoiled":11,"yays":755,"nays":127},{"committee":"УИК №235","vibid":"4154003433872","voters":2316,"total":1792,"voted":1792,"spoiled":1,"yays":1788,"nays":3},{"committee":"УИК №236","vibid":"4154003433873","voters":2916,"total":2309,"voted":2309,"spoiled":33,"yays":1586,"nays":690},{"committee":"УИК №237","vibid":"4154003433874","voters":2149,"total":1718,"voted":1718,"spoiled":10,"yays":1580,"nays":128},{"committee":"УИК №238","vibid":"4154003433875","voters":2431,"total":1907,"voted":1907,"spoiled":28,"yays":1308,"nays":571},{"committee":"УИК №239","vibid":"4154003433876","voters":959,"total":838,"voted":838,"spoiled":3,"yays":802,"nays":33},{"committee":"УИК №240","vibid":"4154003433877","voters":2189,"total":1756,"voted":1756,"spoiled":0,"yays":1749,"nays":7},{"committee":"УИК №241","vibid":"4154003433878","voters":1950,"total":1675,"voted":1675,"spoiled":11,"yays":1366,"nays":298},{"committee":"УИК №242","vibid":"4154003433879","voters":2593,"total":2052,"voted":2052,"spoiled":0,"yays":2048,"nays":4},{"committee":"УИК №243","vibid":"4154003433880","voters":2604,"total":2065,"voted":2065,"spoiled":2,"yays":2054,"nays":9},{"committee":"УИК №244","vibid":"4154003433881","voters":2876,"total":2291,"voted":2291,"spoiled":35,"yays":1506,"nays":750},{"committee":"УИК №245","vibid":"4154003433882","voters":2754,"total":2171,"voted":2171,"spoiled":3,"yays":2155,"nays":13},{"committee":"УИК №246","vibid":"4154003433883","voters":1794,"total":1530,"voted":1530,"spoiled":55,"yays":1336,"nays":139},{"committee":"УИК №247","vibid":"4154003433884","voters":1525,"total":1330,"voted":1330,"spoiled":2,"yays":1324,"nays":4},{"committee":"УИК №248","vibid":"4154003433885","voters":1990,"total":1699,"voted":1699,"spoiled":3,"yays":1547,"nays":149},{"committee":"УИК №249","vibid":"4154003433886","voters":745,"total":651,"voted":651,"spoiled":6,"yays":544,"nays":101},{"committee":"УИК №250","vibid":"4154003433887","voters":2416,"total":1920,"voted":1920,"spoiled":33,"yays":1251,"nays":636},{"committee":"УИК №251","vibid":"4154003433888","voters":868,"total":759,"voted":759,"spoiled":13,"yays":583,"nays":163},{"committee":"УИК №252","vibid":"4154003433889","voters":1765,"total":1424,"voted":1424,"spoiled":30,"yays":1296,"nays":98},{"committee":"УИК №253","vibid":"4154003433890","voters":781,"total":683,"voted":683,"spoiled":0,"yays":677,"nays":6},{"committee":"УИК №254","vibid":"4154003433891","voters":1580,"total":1361,"voted":1361,"spoiled":12,"yays":1238,"nays":111},{"committee":"УИК №255","vibid":"4154003433892","voters":1690,"total":1434,"voted":1434,"spoiled":3,"yays":1354,"nays":77},{"committee":"УИК №256","vibid":"4154003433893","voters":1250,"total":1077,"voted":1077,"spoiled":13,"yays":849,"nays":215},{"committee":"УИК №257","vibid":"4154003433894","voters":1186,"total":1027,"voted":1027,"spoiled":1,"yays":1023,"nays":3},{"committee":"УИК №258","vibid":"4154003433895","voters":1861,"total":1486,"voted":1486,"spoiled":0,"yays":1479,"nays":7},{"committee":"УИК №259","vibid":"4154003433896","voters":2089,"total":1698,"voted":1698,"spoiled":0,"yays":1692,"nays":6},{"committee":"УИК №260","vibid":"4154003433897","voters":2720,"total":2104,"voted":2104,"spoiled":29,"yays":1411,"nays":664},{"committee":"УИК №261","vibid":"4154003433898","voters":2150,"total":1724,"voted":1724,"spoiled":0,"yays":1720,"nays":4},{"committee":"УИК №262","vibid":"4154003433899","voters":1466,"total":1255,"voted":1255,"spoiled":27,"yays":1099,"nays":129},{"committee":"УИК №263","vibid":"4154003433900","voters":1567,"total":1327,"voted":1327,"spoiled":14,"yays":1022,"nays":291},{"committee":"УИК №264","vibid":"4154003433901","voters":850,"total":801,"voted":801,"spoiled":0,"yays":801,"nays":0},{"committee":"УИК №265","vibid":"4154003433902","voters":852,"total":745,"voted":745,"spoiled":0,"yays":639,"nays":106},{"committee":"УИК №266","vibid":"4154003433903","voters":2699,"total":2133,"voted":2133,"spoiled":29,"yays":1548,"nays":556},{"committee":"УИК №267","vibid":"4154003433904","voters":1630,"total":1335,"voted":1335,"spoiled":16,"yays":931,"nays":388},{"committee":"УИК №268","vibid":"4154003433905","voters":1660,"total":1361,"voted":1361,"spoiled":0,"yays":1184,"nays":177},{"committee":"УИК №269","vibid":"4154003433906","voters":1790,"total":1565,"voted":1565,"spoiled":12,"yays":1318,"nays":235},{"committee":"УИК №270","vibid":"4154003433907","voters":1188,"total":1039,"voted":1039,"spoiled":14,"yays":872,"nays":153},{"committee":"УИК №271","vibid":"4154003433908","voters":1706,"total":1452,"voted":1452,"spoiled":15,"yays":1285,"nays":152},{"committee":"УИК №339","vibid":"4154003457191","voters":200,"total":200,"voted":200,"spoiled":0,"yays":197,"nays":3},{"committee":"УИК №340","vibid":"4154003457192","voters":160,"total":160,"voted":160,"spoiled":0,"yays":149,"nays":11},{"committee":"УИК №341","vibid":"4154003457193","voters":70,"total":70,"voted":70,"spoiled":0,"yays":70,"nays":0},{"committee":"УИК №342","vibid":"4154003457194","voters":100,"total":100,"voted":100,"spoiled":0,"yays":97,"nays":3},{"committee":"УИК №343","vibid":"4154003457195","voters":150,"total":150,"voted":150,"spoiled":0,"yays":147,"nays":3},{"committee":"УИК №344","vibid":"4154003457196","voters":150,"total":150,"voted":150,"spoiled":0,"yays":145,"nays":5},{"committee":"УИК №345","vibid":"4154003457197","voters":200,"total":200,"voted":200,"spoiled":0,"yays":197,"nays":3},{"committee":"УИК №346","vibid":"4154003457198","voters":100,"total":100,"voted":100,"spoiled":0,"yays":96,"nays":4},{"committee":"УИК №347","vibid":"4154003457199","voters":300,"total":300,"voted":300,"spoiled":0,"yays":297,"nays":3},{"committee":"УИК №348","vibid":"4154003457200","voters":350,"total":350,"voted":350,"spoiled":0,"yays":348,"nays":2}]