[{"committee":"УИК №1022","vibid":"4164011163430","voters":1206,"total":975,"voted":975,"spoiled":5,"yays":739,"nays":231},{"committee":"УИК №1023","vibid":"4164011163431","voters":1087,"total":944,"voted":944,"spoiled":39,"yays":699,"nays":206},{"committee":"УИК №1024","vibid":"4164011163432","voters":1001,"total":804,"voted":804,"spoiled":2,"yays":605,"nays":197},{"committee":"УИК №1025","vibid":"4164011163433","voters":998,"total":812,"voted":812,"spoiled":0,"yays":627,"nays":185},{"committee":"УИК №1026","vibid":"4164011163434","voters":1011,"total":812,"voted":812,"spoiled":10,"yays":625,"nays":177},{"committee":"УИК №1027","vibid":"4164011163435","voters":1085,"total":853,"voted":853,"spoiled":4,"yays":675,"nays":174},{"committee":"УИК №1028","vibid":"4164011163436","voters":1050,"total":889,"voted":889,"spoiled":6,"yays":662,"nays":221},{"committee":"УИК №1029","vibid":"4164011163437","voters":1108,"total":884,"voted":884,"spoiled":1,"yays":697,"nays":186},{"committee":"УИК №1030","vibid":"4164011163438","voters":984,"total":814,"voted":814,"spoiled":11,"yays":636,"nays":167},{"committee":"УИК №1031","vibid":"4164011163439","voters":996,"total":875,"voted":875,"spoiled":0,"yays":699,"nays":176},{"committee":"УИК №1032","vibid":"4164011163440","voters":1009,"total":824,"voted":824,"spoiled":12,"yays":636,"nays":176},{"committee":"УИК №1033","vibid":"4164011163441","voters":1021,"total":810,"voted":810,"spoiled":8,"yays":659,"nays":143},{"committee":"УИК №1034","vibid":"4164011163442","voters":1101,"total":927,"voted":927,"spoiled":0,"yays":742,"nays":185},{"committee":"УИК №1035","vibid":"4164011163443","voters":1086,"total":887,"voted":887,"spoiled":0,"yays":690,"nays":197},{"committee":"УИК №1036","vibid":"4164011163444","voters":1100,"total":850,"voted":850,"spoiled":81,"yays":587,"nays":182},{"committee":"УИК №1037","vibid":"4164011163445","voters":1082,"total":883,"voted":883,"spoiled":0,"yays":761,"nays":122}]