[{"committee":"УИК №726","vibid":"4134024329148","voters":888,"total":813,"voted":813,"spoiled":26,"yays":722,"nays":65},{"committee":"УИК №727","vibid":"4134024329149","voters":2153,"total":1822,"voted":1822,"spoiled":7,"yays":1619,"nays":196},{"committee":"УИК №728","vibid":"4134024329150","voters":1012,"total":875,"voted":875,"spoiled":6,"yays":770,"nays":99},{"committee":"УИК №729","vibid":"4134024329151","voters":2167,"total":1864,"voted":1864,"spoiled":2,"yays":1697,"nays":165},{"committee":"УИК №730","vibid":"4134024329152","voters":664,"total":611,"voted":611,"spoiled":0,"yays":562,"nays":49},{"committee":"УИК №731","vibid":"4134024329153","voters":276,"total":251,"voted":250,"spoiled":0,"yays":233,"nays":17},{"committee":"УИК №732","vibid":"4134024329154","voters":250,"total":235,"voted":235,"spoiled":0,"yays":231,"nays":4},{"committee":"УИК №733","vibid":"4134024329155","voters":434,"total":409,"voted":409,"spoiled":4,"yays":388,"nays":17},{"committee":"УИК №734","vibid":"4134024329156","voters":1068,"total":967,"voted":967,"spoiled":0,"yays":919,"nays":48},{"committee":"УИК №735","vibid":"4134024329157","voters":213,"total":203,"voted":203,"spoiled":0,"yays":195,"nays":8},{"committee":"УИК №737","vibid":"4134024329158","voters":164,"total":155,"voted":155,"spoiled":0,"yays":146,"nays":9},{"committee":"УИК №738","vibid":"4134024329159","voters":151,"total":140,"voted":140,"spoiled":0,"yays":129,"nays":11},{"committee":"УИК №739","vibid":"4134024329160","voters":364,"total":344,"voted":344,"spoiled":0,"yays":323,"nays":21},{"committee":"УИК №740","vibid":"4134024329161","voters":95,"total":89,"voted":89,"spoiled":0,"yays":85,"nays":4},{"committee":"УИК №741","vibid":"4134024329162","voters":337,"total":317,"voted":317,"spoiled":0,"yays":307,"nays":10},{"committee":"УИК №742","vibid":"4134024329163","voters":310,"total":294,"voted":294,"spoiled":0,"yays":278,"nays":16},{"committee":"УИК №743","vibid":"4134024329164","voters":91,"total":87,"voted":87,"spoiled":0,"yays":85,"nays":2},{"committee":"УИК №744","vibid":"4134024329165","voters":244,"total":230,"voted":230,"spoiled":0,"yays":214,"nays":16},{"committee":"УИК №745","vibid":"4134024329166","voters":687,"total":639,"voted":639,"spoiled":0,"yays":594,"nays":45},{"committee":"УИК №746","vibid":"4134024329167","voters":220,"total":216,"voted":216,"spoiled":0,"yays":206,"nays":10},{"committee":"УИК №747","vibid":"4134024329168","voters":366,"total":349,"voted":349,"spoiled":0,"yays":325,"nays":24},{"committee":"УИК №748","vibid":"4134024329169","voters":109,"total":104,"voted":104,"spoiled":0,"yays":98,"nays":6},{"committee":"УИК №749","vibid":"4134024329170","voters":196,"total":186,"voted":186,"spoiled":0,"yays":173,"nays":13},{"committee":"УИК №750","vibid":"4134024329171","voters":197,"total":177,"voted":177,"spoiled":3,"yays":165,"nays":9},{"committee":"УИК №751","vibid":"4134024329172","voters":372,"total":342,"voted":342,"spoiled":0,"yays":332,"nays":10},{"committee":"УИК №752","vibid":"4134024329173","voters":240,"total":227,"voted":227,"spoiled":0,"yays":215,"nays":12},{"committee":"УИК №753","vibid":"4134024329174","voters":521,"total":459,"voted":459,"spoiled":3,"yays":413,"nays":43},{"committee":"УИК №754","vibid":"4134024329175","voters":507,"total":451,"voted":451,"spoiled":1,"yays":424,"nays":26}]