[{"committee":"УИК №190","vibid":"4144013224232","voters":608,"total":335,"voted":335,"spoiled":9,"yays":210,"nays":116},{"committee":"УИК №193","vibid":"4144013224234","voters":526,"total":280,"voted":280,"spoiled":3,"yays":177,"nays":100},{"committee":"УИК №195","vibid":"4144013224235","voters":388,"total":202,"voted":202,"spoiled":0,"yays":147,"nays":55},{"committee":"УИК №196","vibid":"4144013224236","voters":522,"total":308,"voted":308,"spoiled":2,"yays":185,"nays":121},{"committee":"УИК №197","vibid":"4144013224237","voters":617,"total":303,"voted":303,"spoiled":1,"yays":196,"nays":106},{"committee":"УИК №199","vibid":"4144013224238","voters":144,"total":90,"voted":90,"spoiled":3,"yays":65,"nays":22},{"committee":"УИК №200","vibid":"4144013224239","voters":143,"total":105,"voted":105,"spoiled":0,"yays":75,"nays":30},{"committee":"УИК №201","vibid":"4144013224240","voters":383,"total":267,"voted":267,"spoiled":1,"yays":129,"nays":137},{"committee":"УИК №202","vibid":"4144013224241","voters":592,"total":419,"voted":419,"spoiled":4,"yays":221,"nays":194},{"committee":"УИК №203","vibid":"4144013224242","voters":535,"total":386,"voted":386,"spoiled":2,"yays":213,"nays":171},{"committee":"УИК №204","vibid":"4144013224243","voters":442,"total":289,"voted":289,"spoiled":1,"yays":159,"nays":129},{"committee":"УИК №205","vibid":"4144013224244","voters":300,"total":230,"voted":230,"spoiled":0,"yays":171,"nays":59},{"committee":"УИК №207","vibid":"4144013224245","voters":368,"total":289,"voted":289,"spoiled":2,"yays":190,"nays":97},{"committee":"УИК №208","vibid":"4144013224246","voters":366,"total":233,"voted":233,"spoiled":1,"yays":160,"nays":72},{"committee":"УИК №209","vibid":"4144013224247","voters":180,"total":139,"voted":139,"spoiled":1,"yays":112,"nays":26},{"committee":"УИК №210","vibid":"4144013224248","voters":166,"total":128,"voted":128,"spoiled":1,"yays":88,"nays":39},{"committee":"УИК №211","vibid":"4144013224249","voters":115,"total":89,"voted":89,"spoiled":0,"yays":61,"nays":28},{"committee":"УИК №212","vibid":"4144013224250","voters":83,"total":71,"voted":71,"spoiled":0,"yays":28,"nays":43},{"committee":"УИК №214","vibid":"4144013224251","voters":791,"total":497,"voted":497,"spoiled":3,"yays":278,"nays":216},{"committee":"УИК №215","vibid":"4144013224252","voters":193,"total":167,"voted":167,"spoiled":0,"yays":125,"nays":42},{"committee":"УИК №216","vibid":"4144013224253","voters":142,"total":121,"voted":121,"spoiled":1,"yays":60,"nays":60},{"committee":"УИК №217","vibid":"4144013224254","voters":270,"total":228,"voted":228,"spoiled":7,"yays":200,"nays":21},{"committee":"УИК №219","vibid":"4144013224255","voters":631,"total":557,"voted":557,"spoiled":6,"yays":332,"nays":219}]