[{"committee":"УИК №44","vibid":"4164021256213","voters":1977,"total":1291,"voted":1291,"spoiled":23,"yays":904,"nays":364},{"committee":"УИК №45","vibid":"4164021256215","voters":1131,"total":727,"voted":727,"spoiled":5,"yays":566,"nays":156},{"committee":"УИК №51","vibid":"4164021256225","voters":2275,"total":1437,"voted":1435,"spoiled":5,"yays":1106,"nays":324},{"committee":"УИК №52","vibid":"4164021256209","voters":1115,"total":705,"voted":703,"spoiled":6,"yays":540,"nays":157},{"committee":"УИК №53","vibid":"4164021256972","voters":86,"total":70,"voted":70,"spoiled":0,"yays":54,"nays":16},{"committee":"УИК №57","vibid":"4164021256230","voters":1815,"total":1141,"voted":1139,"spoiled":0,"yays":879,"nays":260},{"committee":"УИК №59","vibid":"4164021256232","voters":1672,"total":1062,"voted":1062,"spoiled":7,"yays":824,"nays":231},{"committee":"УИК №60","vibid":"4164021256233","voters":2043,"total":1287,"voted":1287,"spoiled":4,"yays":992,"nays":291},{"committee":"УИК №63","vibid":"4164021256236","voters":1240,"total":785,"voted":785,"spoiled":18,"yays":608,"nays":159},{"committee":"УИК №64","vibid":"4164021256237","voters":1624,"total":1029,"voted":1029,"spoiled":5,"yays":799,"nays":225},{"committee":"УИК №66","vibid":"4164021256239","voters":1269,"total":804,"voted":804,"spoiled":0,"yays":618,"nays":186},{"committee":"УИК №68","vibid":"4164021256241","voters":1645,"total":1050,"voted":1047,"spoiled":48,"yays":807,"nays":192},{"committee":"УИК №71","vibid":"4164021256244","voters":1258,"total":799,"voted":799,"spoiled":5,"yays":615,"nays":179},{"committee":"УИК №72","vibid":"4164021256245","voters":1338,"total":850,"voted":849,"spoiled":10,"yays":654,"nays":185},{"committee":"УИК №74","vibid":"4164021256247","voters":1606,"total":1013,"voted":1013,"spoiled":4,"yays":778,"nays":231},{"committee":"УИК №75","vibid":"4164021256248","voters":1710,"total":1091,"voted":1091,"spoiled":21,"yays":847,"nays":223},{"committee":"УИК №76","vibid":"4164021256974","voters":374,"total":374,"voted":374,"spoiled":0,"yays":363,"nays":11},{"committee":"УИК №78","vibid":"4164021256976","voters":35,"total":35,"voted":35,"spoiled":0,"yays":31,"nays":4},{"committee":"УИК №79","vibid":"4164021256978","voters":184,"total":184,"voted":184,"spoiled":0,"yays":142,"nays":42},{"committee":"УИК №80","vibid":"4164021256980","voters":111,"total":111,"voted":111,"spoiled":0,"yays":86,"nays":25},{"committee":"УИК №81","vibid":"4164021256982","voters":115,"total":110,"voted":110,"spoiled":0,"yays":85,"nays":25},{"committee":"УИК №82","vibid":"4164021256984","voters":89,"total":89,"voted":89,"spoiled":0,"yays":69,"nays":20},{"committee":"УИК №83","vibid":"4164021256986","voters":35,"total":34,"voted":34,"spoiled":0,"yays":26,"nays":8},{"committee":"УИК №84","vibid":"4164021256988","voters":52,"total":52,"voted":52,"spoiled":0,"yays":40,"nays":12},{"committee":"УИК №85","vibid":"4164021256990","voters":109,"total":107,"voted":107,"spoiled":0,"yays":87,"nays":20}]