[{"committee":"УИК №1060","vibid":"4164012282754","voters":816,"total":808,"voted":808,"spoiled":0,"yays":752,"nays":56},{"committee":"УИК №1061","vibid":"4164012282755","voters":408,"total":408,"voted":408,"spoiled":0,"yays":377,"nays":31},{"committee":"УИК №1062","vibid":"4164012282756","voters":577,"total":573,"voted":573,"spoiled":0,"yays":528,"nays":45},{"committee":"УИК №1063","vibid":"4164012282757","voters":334,"total":331,"voted":331,"spoiled":0,"yays":308,"nays":23},{"committee":"УИК №1064","vibid":"4164012282758","voters":908,"total":899,"voted":899,"spoiled":0,"yays":864,"nays":35},{"committee":"УИК №1065","vibid":"4164012282759","voters":541,"total":536,"voted":536,"spoiled":0,"yays":494,"nays":42},{"committee":"УИК №1066","vibid":"4164012282760","voters":846,"total":838,"voted":838,"spoiled":0,"yays":771,"nays":67},{"committee":"УИК №1067","vibid":"4164012282761","voters":520,"total":513,"voted":513,"spoiled":0,"yays":472,"nays":41},{"committee":"УИК №1068","vibid":"4164012282762","voters":838,"total":800,"voted":800,"spoiled":3,"yays":753,"nays":44},{"committee":"УИК №1069","vibid":"4164012282763","voters":807,"total":787,"voted":787,"spoiled":1,"yays":755,"nays":31},{"committee":"УИК №1070","vibid":"4164012282764","voters":706,"total":698,"voted":698,"spoiled":0,"yays":643,"nays":55},{"committee":"УИК №1071","vibid":"4164012282765","voters":339,"total":335,"voted":335,"spoiled":0,"yays":309,"nays":26},{"committee":"УИК №1072","vibid":"4164012282766","voters":457,"total":449,"voted":449,"spoiled":0,"yays":427,"nays":22},{"committee":"УИК №1073","vibid":"4164012282767","voters":223,"total":219,"voted":219,"spoiled":0,"yays":202,"nays":17},{"committee":"УИК №1074","vibid":"4164012282768","voters":1304,"total":1291,"voted":1291,"spoiled":0,"yays":1202,"nays":89},{"committee":"УИК №1075","vibid":"4164012282769","voters":834,"total":826,"voted":826,"spoiled":0,"yays":760,"nays":66},{"committee":"УИК №1076","vibid":"4164012282770","voters":701,"total":692,"voted":692,"spoiled":0,"yays":637,"nays":55},{"committee":"УИК №1077","vibid":"4164012282771","voters":616,"total":581,"voted":581,"spoiled":1,"yays":536,"nays":44},{"committee":"УИК №1078","vibid":"4164012282772","voters":438,"total":432,"voted":432,"spoiled":0,"yays":397,"nays":35},{"committee":"УИК №1079","vibid":"4164012282773","voters":422,"total":417,"voted":417,"spoiled":0,"yays":384,"nays":33},{"committee":"УИК №1080","vibid":"4164012282774","voters":673,"total":667,"voted":667,"spoiled":0,"yays":631,"nays":36},{"committee":"УИК №1081","vibid":"4164012282775","voters":389,"total":388,"voted":388,"spoiled":0,"yays":360,"nays":28},{"committee":"УИК №1082","vibid":"4164012282776","voters":227,"total":220,"voted":220,"spoiled":0,"yays":202,"nays":18},{"committee":"УИК №1083","vibid":"4164012282777","voters":1712,"total":1678,"voted":1678,"spoiled":0,"yays":1544,"nays":134},{"committee":"УИК №1084","vibid":"4164012282778","voters":443,"total":439,"voted":439,"spoiled":0,"yays":421,"nays":18},{"committee":"УИК №1085","vibid":"4164012282779","voters":775,"total":761,"voted":761,"spoiled":3,"yays":701,"nays":57},{"committee":"УИК №1086","vibid":"4164012282780","voters":127,"total":126,"voted":126,"spoiled":0,"yays":122,"nays":4},{"committee":"УИК №1087","vibid":"4164012282781","voters":911,"total":893,"voted":893,"spoiled":6,"yays":822,"nays":65},{"committee":"УИК №1088","vibid":"4164012282782","voters":1328,"total":1133,"voted":1133,"spoiled":7,"yays":961,"nays":165},{"committee":"УИК №1089","vibid":"4164012282783","voters":1271,"total":1109,"voted":1109,"spoiled":5,"yays":925,"nays":179},{"committee":"УИК №1090","vibid":"4164012282784","voters":1502,"total":1306,"voted":1306,"spoiled":5,"yays":1094,"nays":207},{"committee":"УИК №1091","vibid":"4164012282785","voters":1099,"total":1045,"voted":1045,"spoiled":5,"yays":957,"nays":83},{"committee":"УИК №1092","vibid":"4164012282786","voters":1400,"total":1254,"voted":1254,"spoiled":7,"yays":1091,"nays":156},{"committee":"УИК №1284","vibid":"4164012282787","voters":1089,"total":958,"voted":958,"spoiled":8,"yays":804,"nays":146}]