[{"committee":"УИК №1497","vibid":"4164020221461","voters":121,"total":121,"voted":121,"spoiled":0,"yays":101,"nays":20},{"committee":"УИК №1498","vibid":"4164020221080","voters":696,"total":570,"voted":570,"spoiled":9,"yays":462,"nays":99},{"committee":"УИК №1499","vibid":"4164020221081","voters":2292,"total":1831,"voted":1831,"spoiled":16,"yays":1439,"nays":376},{"committee":"УИК №1500","vibid":"4164020221082","voters":1260,"total":1023,"voted":1023,"spoiled":4,"yays":797,"nays":222},{"committee":"УИК №1501","vibid":"4164020221083","voters":2303,"total":1780,"voted":1780,"spoiled":12,"yays":1400,"nays":368},{"committee":"УИК №1502","vibid":"4164020221084","voters":2111,"total":1711,"voted":1711,"spoiled":10,"yays":1317,"nays":384},{"committee":"УИК №1503","vibid":"4164020221085","voters":1721,"total":1378,"voted":1378,"spoiled":8,"yays":1083,"nays":287},{"committee":"УИК №1504","vibid":"4164020221086","voters":1247,"total":975,"voted":973,"spoiled":5,"yays":752,"nays":216},{"committee":"УИК №1505","vibid":"4164020221087","voters":2664,"total":2235,"voted":2235,"spoiled":25,"yays":1776,"nays":434},{"committee":"УИК №1506","vibid":"4164020221088","voters":1052,"total":862,"voted":862,"spoiled":11,"yays":673,"nays":178},{"committee":"УИК №1507","vibid":"4164020221089","voters":2267,"total":1903,"voted":1903,"spoiled":11,"yays":1475,"nays":417},{"committee":"УИК №1508","vibid":"4164020221090","voters":1369,"total":1081,"voted":1081,"spoiled":7,"yays":854,"nays":220},{"committee":"УИК №1509","vibid":"4164020221091","voters":2460,"total":1874,"voted":1874,"spoiled":14,"yays":1506,"nays":354},{"committee":"УИК №1510","vibid":"4164020221092","voters":2036,"total":1633,"voted":1633,"spoiled":11,"yays":1264,"nays":358},{"committee":"УИК №1511","vibid":"4164020221093","voters":1617,"total":1269,"voted":1269,"spoiled":9,"yays":996,"nays":264},{"committee":"УИК №1512","vibid":"4164020221094","voters":2778,"total":2083,"voted":2083,"spoiled":17,"yays":1642,"nays":424},{"committee":"УИК №1513","vibid":"4164020221095","voters":1871,"total":1502,"voted":1502,"spoiled":9,"yays":1139,"nays":354},{"committee":"УИК №1514","vibid":"4164020221096","voters":2541,"total":2019,"voted":2019,"spoiled":13,"yays":1542,"nays":464},{"committee":"УИК №1515","vibid":"4164020221097","voters":2859,"total":2256,"voted":2255,"spoiled":16,"yays":1734,"nays":505},{"committee":"УИК №1517","vibid":"4164020221099","voters":1700,"total":1368,"voted":1368,"spoiled":18,"yays":1046,"nays":304},{"committee":"УИК №1518","vibid":"4164020221100","voters":1436,"total":1139,"voted":1139,"spoiled":7,"yays":878,"nays":254},{"committee":"УИК №1519","vibid":"4164020221101","voters":1553,"total":1232,"voted":1232,"spoiled":8,"yays":963,"nays":261},{"committee":"УИК №1520","vibid":"4164020221102","voters":1278,"total":1057,"voted":1057,"spoiled":7,"yays":852,"nays":198},{"committee":"УИК №1521","vibid":"4164020221103","voters":2215,"total":1770,"voted":1770,"spoiled":13,"yays":1378,"nays":379},{"committee":"УИК №1522","vibid":"4164020221104","voters":1865,"total":1457,"voted":1457,"spoiled":10,"yays":1137,"nays":310},{"committee":"УИК №1523","vibid":"4164020221105","voters":1540,"total":1220,"voted":1220,"spoiled":9,"yays":930,"nays":281},{"committee":"УИК №1524","vibid":"4164020221106","voters":1793,"total":1459,"voted":1459,"spoiled":9,"yays":1139,"nays":311},{"committee":"УИК №1525","vibid":"4164020221107","voters":1666,"total":1316,"voted":1316,"spoiled":11,"yays":1016,"nays":289},{"committee":"УИК №1526","vibid":"4164020221108","voters":1485,"total":1159,"voted":1159,"spoiled":10,"yays":893,"nays":256},{"committee":"УИК №1527","vibid":"4164020221109","voters":1499,"total":1186,"voted":1186,"spoiled":8,"yays":913,"nays":265},{"committee":"УИК №1528","vibid":"4164020221110","voters":2748,"total":2234,"voted":2234,"spoiled":17,"yays":1722,"nays":495},{"committee":"УИК №1529","vibid":"4164020221111","voters":2814,"total":2263,"voted":2263,"spoiled":18,"yays":1773,"nays":472},{"committee":"УИК №1530","vibid":"4164020221112","voters":2616,"total":2100,"voted":2100,"spoiled":14,"yays":1612,"nays":474},{"committee":"УИК №1531","vibid":"4164020221113","voters":2724,"total":2159,"voted":2159,"spoiled":21,"yays":1643,"nays":495},{"committee":"УИК №1532","vibid":"4164020221114","voters":2575,"total":2039,"voted":2039,"spoiled":19,"yays":1550,"nays":470},{"committee":"УИК №1533","vibid":"4164020221115","voters":2846,"total":2190,"voted":2190,"spoiled":18,"yays":1669,"nays":503},{"committee":"УИК №1534","vibid":"4164020221116","voters":2785,"total":2060,"voted":2060,"spoiled":20,"yays":1578,"nays":462},{"committee":"УИК №1572","vibid":"4164020221117","voters":1954,"total":1558,"voted":1558,"spoiled":11,"yays":1232,"nays":315}]