[{"committee":"УИК №1592","vibid":"4164028279242","voters":282,"total":261,"voted":261,"spoiled":0,"yays":249,"nays":12},{"committee":"УИК №1593","vibid":"4164028279243","voters":355,"total":338,"voted":338,"spoiled":0,"yays":329,"nays":9},{"committee":"УИК №1594","vibid":"4164028279244","voters":574,"total":557,"voted":557,"spoiled":0,"yays":527,"nays":30},{"committee":"УИК №1595","vibid":"4164028279245","voters":419,"total":403,"voted":403,"spoiled":2,"yays":394,"nays":7},{"committee":"УИК №1596","vibid":"4164028279246","voters":410,"total":400,"voted":400,"spoiled":2,"yays":376,"nays":22},{"committee":"УИК №1597","vibid":"4164028279247","voters":182,"total":172,"voted":172,"spoiled":0,"yays":166,"nays":6},{"committee":"УИК №1598","vibid":"4164028279248","voters":309,"total":284,"voted":284,"spoiled":0,"yays":264,"nays":20},{"committee":"УИК №1599","vibid":"4164028279249","voters":120,"total":111,"voted":111,"spoiled":0,"yays":108,"nays":3},{"committee":"УИК №1600","vibid":"4164028279250","voters":386,"total":364,"voted":364,"spoiled":0,"yays":351,"nays":13},{"committee":"УИК №1601","vibid":"4164028279251","voters":195,"total":180,"voted":180,"spoiled":0,"yays":176,"nays":4},{"committee":"УИК №1602","vibid":"4164028279252","voters":374,"total":349,"voted":349,"spoiled":0,"yays":330,"nays":19},{"committee":"УИК №1603","vibid":"4164028279253","voters":175,"total":150,"voted":150,"spoiled":0,"yays":147,"nays":3},{"committee":"УИК №1604","vibid":"4164028279254","voters":454,"total":432,"voted":432,"spoiled":1,"yays":422,"nays":9},{"committee":"УИК №1605","vibid":"4164028279255","voters":217,"total":205,"voted":205,"spoiled":0,"yays":201,"nays":4},{"committee":"УИК №1606","vibid":"4164028279256","voters":465,"total":449,"voted":449,"spoiled":0,"yays":439,"nays":10},{"committee":"УИК №1607","vibid":"4164028279257","voters":383,"total":364,"voted":364,"spoiled":0,"yays":352,"nays":12},{"committee":"УИК №1608","vibid":"4164028279258","voters":323,"total":310,"voted":310,"spoiled":1,"yays":283,"nays":26},{"committee":"УИК №1609","vibid":"4164028279259","voters":1294,"total":1238,"voted":1238,"spoiled":4,"yays":1149,"nays":85},{"committee":"УИК №1610","vibid":"4164028279260","voters":142,"total":138,"voted":138,"spoiled":1,"yays":132,"nays":5},{"committee":"УИК №1611","vibid":"4164028279261","voters":573,"total":545,"voted":545,"spoiled":1,"yays":524,"nays":20},{"committee":"УИК №1612","vibid":"4164028279262","voters":340,"total":322,"voted":322,"spoiled":2,"yays":309,"nays":11},{"committee":"УИК №1613","vibid":"4164028279263","voters":125,"total":119,"voted":119,"spoiled":1,"yays":116,"nays":2},{"committee":"УИК №1614","vibid":"4164028279264","voters":239,"total":229,"voted":229,"spoiled":0,"yays":225,"nays":4},{"committee":"УИК №1615","vibid":"4164028279265","voters":376,"total":362,"voted":362,"spoiled":4,"yays":349,"nays":9},{"committee":"УИК №1616","vibid":"4164028279266","voters":137,"total":132,"voted":132,"spoiled":0,"yays":128,"nays":4},{"committee":"УИК №1617","vibid":"4164028279267","voters":153,"total":143,"voted":143,"spoiled":0,"yays":140,"nays":3},{"committee":"УИК №1618","vibid":"4164028279268","voters":157,"total":150,"voted":150,"spoiled":1,"yays":146,"nays":3},{"committee":"УИК №1619","vibid":"4164028279269","voters":501,"total":484,"voted":484,"spoiled":0,"yays":456,"nays":28},{"committee":"УИК №1620","vibid":"4164028279270","voters":104,"total":102,"voted":102,"spoiled":0,"yays":99,"nays":3},{"committee":"УИК №1621","vibid":"4164028279271","voters":106,"total":104,"voted":104,"spoiled":0,"yays":101,"nays":3},{"committee":"УИК №1622","vibid":"4164028279272","voters":363,"total":346,"voted":346,"spoiled":1,"yays":326,"nays":19},{"committee":"УИК №1623","vibid":"4164028279273","voters":126,"total":120,"voted":120,"spoiled":0,"yays":114,"nays":6}]