[{"committee":"УИК №290","vibid":"4124006189731","voters":1141,"total":899,"voted":899,"spoiled":10,"yays":669,"nays":220},{"committee":"УИК №291","vibid":"4124006189733","voters":1177,"total":889,"voted":889,"spoiled":0,"yays":828,"nays":61},{"committee":"УИК №292","vibid":"4124006189735","voters":1108,"total":884,"voted":884,"spoiled":88,"yays":652,"nays":144},{"committee":"УИК №293","vibid":"4124006189737","voters":824,"total":676,"voted":676,"spoiled":19,"yays":628,"nays":29},{"committee":"УИК №294","vibid":"4124006189739","voters":616,"total":445,"voted":445,"spoiled":2,"yays":358,"nays":85},{"committee":"УИК №295","vibid":"4124006189741","voters":704,"total":570,"voted":570,"spoiled":1,"yays":527,"nays":42},{"committee":"УИК №296","vibid":"4124006189742","voters":343,"total":256,"voted":256,"spoiled":5,"yays":215,"nays":36},{"committee":"УИК №297","vibid":"4124006189743","voters":427,"total":361,"voted":361,"spoiled":8,"yays":294,"nays":59},{"committee":"УИК №298","vibid":"4124006189744","voters":711,"total":603,"voted":603,"spoiled":11,"yays":516,"nays":76},{"committee":"УИК №299","vibid":"4124006189745","voters":419,"total":315,"voted":315,"spoiled":12,"yays":240,"nays":63},{"committee":"УИК №300","vibid":"4124006189746","voters":478,"total":366,"voted":366,"spoiled":10,"yays":285,"nays":71},{"committee":"УИК №301","vibid":"4124006189747","voters":185,"total":145,"voted":145,"spoiled":0,"yays":127,"nays":18},{"committee":"УИК №302","vibid":"4124006189748","voters":578,"total":453,"voted":453,"spoiled":4,"yays":408,"nays":41},{"committee":"УИК №303","vibid":"4124006189749","voters":686,"total":565,"voted":565,"spoiled":11,"yays":525,"nays":29},{"committee":"УИК №304","vibid":"4124006189750","voters":429,"total":366,"voted":366,"spoiled":1,"yays":294,"nays":71},{"committee":"УИК №305","vibid":"4124006189751","voters":527,"total":369,"voted":369,"spoiled":2,"yays":345,"nays":22},{"committee":"УИК №306","vibid":"4124006189752","voters":481,"total":371,"voted":371,"spoiled":0,"yays":342,"nays":29},{"committee":"УИК №307","vibid":"4124006189753","voters":377,"total":290,"voted":290,"spoiled":1,"yays":254,"nays":35}]