[{"committee":"УИК №2413","vibid":"4164042382409","voters":1268,"total":1268,"voted":1221,"spoiled":2,"yays":1098,"nays":121},{"committee":"УИК №2414","vibid":"4164042382410","voters":745,"total":703,"voted":703,"spoiled":1,"yays":627,"nays":75},{"committee":"УИК №2415","vibid":"4164042382411","voters":1102,"total":1036,"voted":1036,"spoiled":3,"yays":928,"nays":105},{"committee":"УИК №2416","vibid":"4164042382412","voters":1191,"total":1105,"voted":1105,"spoiled":4,"yays":984,"nays":117},{"committee":"УИК №2417","vibid":"4164042382413","voters":1178,"total":1109,"voted":1109,"spoiled":3,"yays":1013,"nays":93},{"committee":"УИК №2418","vibid":"4164042382414","voters":640,"total":593,"voted":593,"spoiled":4,"yays":553,"nays":36},{"committee":"УИК №2419","vibid":"4164042382415","voters":581,"total":558,"voted":558,"spoiled":0,"yays":508,"nays":50},{"committee":"УИК №2420","vibid":"4164042382416","voters":279,"total":270,"voted":270,"spoiled":0,"yays":262,"nays":8},{"committee":"УИК №2421","vibid":"4164042382417","voters":254,"total":247,"voted":247,"spoiled":0,"yays":244,"nays":3},{"committee":"УИК №2422","vibid":"4164042382418","voters":179,"total":170,"voted":170,"spoiled":0,"yays":155,"nays":15},{"committee":"УИК №2423","vibid":"4164042382419","voters":176,"total":169,"voted":169,"spoiled":0,"yays":159,"nays":10},{"committee":"УИК №2424","vibid":"4164042382420","voters":570,"total":547,"voted":547,"spoiled":0,"yays":520,"nays":27},{"committee":"УИК №2425","vibid":"4164042382421","voters":364,"total":352,"voted":352,"spoiled":0,"yays":345,"nays":7},{"committee":"УИК №2426","vibid":"4164042382422","voters":799,"total":768,"voted":768,"spoiled":18,"yays":699,"nays":51},{"committee":"УИК №2427","vibid":"4164042382423","voters":411,"total":394,"voted":394,"spoiled":0,"yays":356,"nays":38},{"committee":"УИК №2428","vibid":"4164042382424","voters":378,"total":365,"voted":365,"spoiled":0,"yays":332,"nays":33},{"committee":"УИК №2429","vibid":"4164042382425","voters":164,"total":162,"voted":162,"spoiled":0,"yays":160,"nays":2},{"committee":"УИК №2430","vibid":"4164042382426","voters":221,"total":212,"voted":212,"spoiled":0,"yays":193,"nays":19},{"committee":"УИК №2431","vibid":"4164042382427","voters":171,"total":164,"voted":164,"spoiled":0,"yays":157,"nays":7},{"committee":"УИК №2432","vibid":"4164042382428","voters":219,"total":215,"voted":215,"spoiled":0,"yays":214,"nays":1},{"committee":"УИК №2433","vibid":"4164042382429","voters":340,"total":326,"voted":326,"spoiled":0,"yays":316,"nays":10},{"committee":"УИК №2434","vibid":"4164042382430","voters":151,"total":149,"voted":149,"spoiled":1,"yays":138,"nays":10},{"committee":"УИК №2435","vibid":"4164042382431","voters":468,"total":445,"voted":445,"spoiled":0,"yays":425,"nays":20},{"committee":"УИК №2436","vibid":"4164042382432","voters":870,"total":820,"voted":811,"spoiled":9,"yays":752,"nays":50},{"committee":"УИК №2437","vibid":"4164042382433","voters":423,"total":404,"voted":404,"spoiled":0,"yays":394,"nays":10},{"committee":"УИК №2438","vibid":"4164042382434","voters":905,"total":852,"voted":852,"spoiled":0,"yays":758,"nays":94},{"committee":"УИК №2439","vibid":"4164042382435","voters":388,"total":375,"voted":375,"spoiled":0,"yays":341,"nays":34},{"committee":"УИК №2440","vibid":"4164042382436","voters":208,"total":196,"voted":196,"spoiled":0,"yays":176,"nays":20},{"committee":"УИК №2441","vibid":"4164042382437","voters":582,"total":565,"voted":565,"spoiled":0,"yays":515,"nays":50},{"committee":"УИК №2442","vibid":"4164042382438","voters":493,"total":473,"voted":473,"spoiled":0,"yays":430,"nays":43},{"committee":"УИК №2443","vibid":"4164042382439","voters":340,"total":314,"voted":314,"spoiled":2,"yays":287,"nays":25},{"committee":"УИК №2444","vibid":"4164042382440","voters":545,"total":527,"voted":527,"spoiled":0,"yays":491,"nays":36},{"committee":"УИК №2445","vibid":"4164042382441","voters":639,"total":615,"voted":615,"spoiled":5,"yays":557,"nays":53},{"committee":"УИК №2446","vibid":"4164042382442","voters":278,"total":268,"voted":268,"spoiled":0,"yays":261,"nays":7},{"committee":"УИК №2447","vibid":"4164042382443","voters":408,"total":388,"voted":388,"spoiled":5,"yays":366,"nays":17},{"committee":"УИК №2448","vibid":"4164042382444","voters":282,"total":277,"voted":277,"spoiled":0,"yays":258,"nays":19},{"committee":"УИК №2449","vibid":"4164042382445","voters":201,"total":193,"voted":193,"spoiled":0,"yays":177,"nays":16},{"committee":"УИК №2450","vibid":"4164042382446","voters":119,"total":114,"voted":114,"spoiled":0,"yays":108,"nays":6},{"committee":"УИК №2451","vibid":"4164042382447","voters":173,"total":168,"voted":168,"spoiled":0,"yays":156,"nays":12},{"committee":"УИК №2452","vibid":"4164042382448","voters":134,"total":128,"voted":128,"spoiled":0,"yays":117,"nays":11},{"committee":"УИК №2453","vibid":"4164042382449","voters":139,"total":133,"voted":133,"spoiled":0,"yays":121,"nays":12},{"committee":"УИК №2454","vibid":"4164042382450","voters":127,"total":122,"voted":122,"spoiled":0,"yays":112,"nays":10},{"committee":"УИК №2455","vibid":"4164042382451","voters":256,"total":228,"voted":228,"spoiled":0,"yays":210,"nays":18},{"committee":"УИК №2456","vibid":"4164042382452","voters":119,"total":112,"voted":112,"spoiled":0,"yays":103,"nays":9},{"committee":"УИК №2457","vibid":"4164042382453","voters":350,"total":336,"voted":336,"spoiled":1,"yays":306,"nays":29},{"committee":"УИК №2458","vibid":"4164042382454","voters":352,"total":344,"voted":344,"spoiled":0,"yays":317,"nays":27},{"committee":"УИК №2459","vibid":"4164042382455","voters":379,"total":363,"voted":363,"spoiled":1,"yays":349,"nays":13}]