[{"committee":"УИК №323","vibid":"4144017168630","voters":1690,"total":924,"voted":924,"spoiled":8,"yays":520,"nays":396},{"committee":"УИК №324","vibid":"4144017168631","voters":92,"total":74,"voted":74,"spoiled":0,"yays":46,"nays":28},{"committee":"УИК №325","vibid":"4144017168632","voters":250,"total":212,"voted":212,"spoiled":3,"yays":149,"nays":60},{"committee":"УИК №326","vibid":"4144017168633","voters":199,"total":143,"voted":143,"spoiled":1,"yays":108,"nays":34},{"committee":"УИК №327","vibid":"4144017168634","voters":143,"total":118,"voted":118,"spoiled":1,"yays":95,"nays":22},{"committee":"УИК №328","vibid":"4144017168635","voters":498,"total":361,"voted":361,"spoiled":2,"yays":246,"nays":113},{"committee":"УИК №329","vibid":"4144017168636","voters":165,"total":110,"voted":110,"spoiled":1,"yays":99,"nays":10}]