[{"committee":"УИК №35","vibid":"4154002188695","voters":1979,"total":1743,"voted":1743,"spoiled":0,"yays":1500,"nays":243},{"committee":"УИК №36","vibid":"4154002188696","voters":2531,"total":2264,"voted":2264,"spoiled":0,"yays":1920,"nays":344},{"committee":"УИК №37","vibid":"4154002188697","voters":1859,"total":1605,"voted":1605,"spoiled":4,"yays":1466,"nays":135},{"committee":"УИК №38","vibid":"4154002188698","voters":1866,"total":1668,"voted":1668,"spoiled":0,"yays":1160,"nays":508},{"committee":"УИК №39","vibid":"4154002188699","voters":2739,"total":2308,"voted":2308,"spoiled":0,"yays":1524,"nays":784},{"committee":"УИК №40","vibid":"4154002188700","voters":1896,"total":1650,"voted":1650,"spoiled":0,"yays":1463,"nays":187},{"committee":"УИК №41","vibid":"4154002188701","voters":1791,"total":1496,"voted":1496,"spoiled":18,"yays":1186,"nays":292},{"committee":"УИК №42","vibid":"4154002188702","voters":164,"total":143,"voted":143,"spoiled":0,"yays":120,"nays":23},{"committee":"УИК №43","vibid":"4154002188703","voters":1231,"total":1091,"voted":1091,"spoiled":0,"yays":931,"nays":160},{"committee":"УИК №44","vibid":"4154002188704","voters":2220,"total":1831,"voted":1831,"spoiled":10,"yays":1729,"nays":92},{"committee":"УИК №45","vibid":"4154002188705","voters":1113,"total":995,"voted":995,"spoiled":0,"yays":848,"nays":147},{"committee":"УИК №46","vibid":"4154002188706","voters":1015,"total":880,"voted":880,"spoiled":0,"yays":751,"nays":129},{"committee":"УИК №47","vibid":"4154002188707","voters":1073,"total":938,"voted":938,"spoiled":0,"yays":800,"nays":138},{"committee":"УИК №48","vibid":"4154002188708","voters":1207,"total":978,"voted":978,"spoiled":2,"yays":828,"nays":148},{"committee":"УИК №49","vibid":"4154002188709","voters":430,"total":382,"voted":382,"spoiled":0,"yays":328,"nays":54},{"committee":"УИК №50","vibid":"4154002188710","voters":292,"total":260,"voted":260,"spoiled":0,"yays":221,"nays":39}]