[{"committee":"УИК №564","vibid":"9119011269172","voters":885,"total":543,"voted":542,"spoiled":7,"yays":422,"nays":113},{"committee":"УИК №565","vibid":"9119011269173","voters":258,"total":166,"voted":166,"spoiled":0,"yays":137,"nays":29},{"committee":"УИК №566","vibid":"9119011269174","voters":516,"total":275,"voted":275,"spoiled":4,"yays":189,"nays":82},{"committee":"УИК №567","vibid":"9119011269175","voters":670,"total":372,"voted":372,"spoiled":4,"yays":278,"nays":90},{"committee":"УИК №568","vibid":"9119011269176","voters":1220,"total":646,"voted":646,"spoiled":2,"yays":424,"nays":220},{"committee":"УИК №569","vibid":"9119011269177","voters":400,"total":290,"voted":290,"spoiled":3,"yays":203,"nays":84},{"committee":"УИК №570","vibid":"9119011269178","voters":478,"total":352,"voted":352,"spoiled":3,"yays":293,"nays":56},{"committee":"УИК №571","vibid":"9119011269179","voters":486,"total":276,"voted":276,"spoiled":2,"yays":233,"nays":41},{"committee":"УИК №572","vibid":"9119011269180","voters":1442,"total":710,"voted":710,"spoiled":5,"yays":477,"nays":228},{"committee":"УИК №573","vibid":"9119011269181","voters":2327,"total":1094,"voted":1094,"spoiled":4,"yays":700,"nays":390},{"committee":"УИК №574","vibid":"9119011269182","voters":1916,"total":849,"voted":849,"spoiled":13,"yays":530,"nays":306},{"committee":"УИК №575","vibid":"9119011269183","voters":2487,"total":1091,"voted":1091,"spoiled":12,"yays":662,"nays":417},{"committee":"УИК №576","vibid":"9119011269184","voters":2473,"total":1001,"voted":1001,"spoiled":12,"yays":655,"nays":334},{"committee":"УИК №577","vibid":"9119011269185","voters":268,"total":104,"voted":104,"spoiled":0,"yays":64,"nays":40},{"committee":"УИК №579","vibid":"9119011269186","voters":680,"total":387,"voted":387,"spoiled":3,"yays":291,"nays":93},{"committee":"УИК №580","vibid":"9119011269187","voters":125,"total":98,"voted":98,"spoiled":1,"yays":72,"nays":25},{"committee":"УИК №582","vibid":"9119011269188","voters":918,"total":649,"voted":649,"spoiled":1,"yays":500,"nays":148},{"committee":"УИК №583","vibid":"9119011269189","voters":559,"total":326,"voted":326,"spoiled":2,"yays":264,"nays":60},{"committee":"УИК №584","vibid":"9119011269190","voters":341,"total":172,"voted":172,"spoiled":0,"yays":148,"nays":24},{"committee":"УИК №585","vibid":"9119011269170","voters":164,"total":106,"voted":106,"spoiled":0,"yays":85,"nays":21}]