[{"committee":"УИК №449","vibid":"4124012188414","voters":1865,"total":1505,"voted":1505,"spoiled":8,"yays":1339,"nays":158},{"committee":"УИК №450","vibid":"4124012188415","voters":1332,"total":1091,"voted":1091,"spoiled":0,"yays":935,"nays":156},{"committee":"УИК №451","vibid":"4124012188416","voters":1886,"total":1491,"voted":1491,"spoiled":10,"yays":1277,"nays":204},{"committee":"УИК №452","vibid":"4124012188417","voters":667,"total":565,"voted":565,"spoiled":3,"yays":527,"nays":35},{"committee":"УИК №453","vibid":"4124012188418","voters":372,"total":317,"voted":317,"spoiled":0,"yays":298,"nays":19},{"committee":"УИК №454","vibid":"4124012188419","voters":836,"total":669,"voted":669,"spoiled":3,"yays":627,"nays":39},{"committee":"УИК №455","vibid":"4124012188420","voters":411,"total":335,"voted":335,"spoiled":0,"yays":292,"nays":43},{"committee":"УИК №456","vibid":"4124012188421","voters":415,"total":339,"voted":339,"spoiled":0,"yays":313,"nays":26},{"committee":"УИК №457","vibid":"4124012188422","voters":604,"total":550,"voted":550,"spoiled":0,"yays":495,"nays":55},{"committee":"УИК №458","vibid":"4124012188423","voters":911,"total":784,"voted":784,"spoiled":0,"yays":716,"nays":68},{"committee":"УИК №459","vibid":"4124012188424","voters":195,"total":172,"voted":172,"spoiled":0,"yays":158,"nays":14},{"committee":"УИК №460","vibid":"4124012188425","voters":615,"total":579,"voted":579,"spoiled":1,"yays":576,"nays":2},{"committee":"УИК №461","vibid":"4124012188426","voters":349,"total":330,"voted":330,"spoiled":0,"yays":316,"nays":14},{"committee":"УИК №462","vibid":"4124012188427","voters":636,"total":529,"voted":529,"spoiled":0,"yays":488,"nays":41},{"committee":"УИК №463","vibid":"4124012188428","voters":642,"total":541,"voted":541,"spoiled":0,"yays":514,"nays":27},{"committee":"УИК №464","vibid":"4124012188429","voters":441,"total":375,"voted":375,"spoiled":3,"yays":339,"nays":33}]