[{"committee":"УИК №1280","vibid":"4164030432284","voters":708,"total":569,"voted":569,"spoiled":4,"yays":422,"nays":143},{"committee":"УИК №1281","vibid":"4164030432285","voters":1349,"total":1214,"voted":1214,"spoiled":12,"yays":857,"nays":345},{"committee":"УИК №1663","vibid":"4164030432286","voters":887,"total":798,"voted":798,"spoiled":9,"yays":636,"nays":153},{"committee":"УИК №1664","vibid":"4164030432287","voters":1303,"total":1126,"voted":1126,"spoiled":10,"yays":865,"nays":251},{"committee":"УИК №1665","vibid":"4164030432288","voters":781,"total":666,"voted":666,"spoiled":6,"yays":461,"nays":199},{"committee":"УИК №1666","vibid":"4164030432289","voters":1501,"total":1198,"voted":1198,"spoiled":12,"yays":906,"nays":280},{"committee":"УИК №1667","vibid":"4164030432290","voters":1942,"total":1590,"voted":1590,"spoiled":4,"yays":1051,"nays":535},{"committee":"УИК №1668","vibid":"4164030432291","voters":2129,"total":1648,"voted":1648,"spoiled":17,"yays":1250,"nays":381},{"committee":"УИК №1669","vibid":"4164030432292","voters":773,"total":664,"voted":664,"spoiled":6,"yays":524,"nays":134},{"committee":"УИК №1670","vibid":"4164030432293","voters":2122,"total":1505,"voted":1505,"spoiled":15,"yays":1355,"nays":135},{"committee":"УИК №1671","vibid":"4164030432294","voters":923,"total":889,"voted":889,"spoiled":3,"yays":844,"nays":42},{"committee":"УИК №1672","vibid":"4164030432295","voters":987,"total":927,"voted":927,"spoiled":0,"yays":899,"nays":28},{"committee":"УИК №1673","vibid":"4164030432296","voters":250,"total":242,"voted":242,"spoiled":0,"yays":229,"nays":13},{"committee":"УИК №1674","vibid":"4164030432297","voters":133,"total":130,"voted":130,"spoiled":0,"yays":127,"nays":3},{"committee":"УИК №1675","vibid":"4164030432298","voters":752,"total":749,"voted":749,"spoiled":0,"yays":709,"nays":40},{"committee":"УИК №1676","vibid":"4164030432299","voters":624,"total":613,"voted":613,"spoiled":0,"yays":594,"nays":19},{"committee":"УИК №1677","vibid":"4164030432300","voters":373,"total":362,"voted":362,"spoiled":0,"yays":351,"nays":11},{"committee":"УИК №1678","vibid":"4164030432301","voters":589,"total":577,"voted":577,"spoiled":0,"yays":565,"nays":12},{"committee":"УИК №1679","vibid":"4164030432302","voters":358,"total":350,"voted":350,"spoiled":0,"yays":336,"nays":14},{"committee":"УИК №1680","vibid":"4164030432303","voters":638,"total":622,"voted":622,"spoiled":2,"yays":597,"nays":23},{"committee":"УИК №1681","vibid":"4164030432304","voters":250,"total":246,"voted":246,"spoiled":1,"yays":241,"nays":4},{"committee":"УИК №1682","vibid":"4164030432305","voters":220,"total":215,"voted":215,"spoiled":0,"yays":210,"nays":5},{"committee":"УИК №1683","vibid":"4164030432306","voters":349,"total":342,"voted":342,"spoiled":0,"yays":328,"nays":14},{"committee":"УИК №1684","vibid":"4164030432307","voters":290,"total":289,"voted":289,"spoiled":2,"yays":283,"nays":4},{"committee":"УИК №1685","vibid":"4164030432308","voters":202,"total":197,"voted":197,"spoiled":1,"yays":171,"nays":25},{"committee":"УИК №1686","vibid":"4164030432309","voters":213,"total":193,"voted":193,"spoiled":0,"yays":175,"nays":18},{"committee":"УИК №1687","vibid":"4164030432310","voters":296,"total":290,"voted":290,"spoiled":2,"yays":278,"nays":10},{"committee":"УИК №1688","vibid":"4164030432311","voters":411,"total":401,"voted":401,"spoiled":0,"yays":392,"nays":9},{"committee":"УИК №1689","vibid":"4164030432312","voters":245,"total":240,"voted":240,"spoiled":0,"yays":235,"nays":5},{"committee":"УИК №1690","vibid":"4164030432313","voters":654,"total":637,"voted":637,"spoiled":0,"yays":611,"nays":26},{"committee":"УИК №1691","vibid":"4164030432314","voters":161,"total":158,"voted":158,"spoiled":0,"yays":152,"nays":6},{"committee":"УИК №1692","vibid":"4164030432315","voters":403,"total":398,"voted":398,"spoiled":0,"yays":348,"nays":50},{"committee":"УИК №1693","vibid":"4164030432316","voters":486,"total":340,"voted":340,"spoiled":1,"yays":245,"nays":94},{"committee":"УИК №1694","vibid":"4164030432317","voters":460,"total":332,"voted":332,"spoiled":3,"yays":254,"nays":75},{"committee":"УИК №1695","vibid":"4164030432318","voters":679,"total":670,"voted":670,"spoiled":0,"yays":657,"nays":13},{"committee":"УИК №1696","vibid":"4164030432319","voters":1197,"total":1072,"voted":1072,"spoiled":0,"yays":817,"nays":255},{"committee":"УИК №1697","vibid":"4164030432320","voters":303,"total":295,"voted":295,"spoiled":0,"yays":287,"nays":8},{"committee":"УИК №1698","vibid":"4164030432321","voters":334,"total":328,"voted":328,"spoiled":0,"yays":321,"nays":7},{"committee":"УИК №1699","vibid":"4164030432322","voters":391,"total":381,"voted":381,"spoiled":0,"yays":365,"nays":16},{"committee":"УИК №1700","vibid":"4164030432323","voters":168,"total":164,"voted":164,"spoiled":0,"yays":159,"nays":5},{"committee":"УИК №1701","vibid":"4164030432324","voters":245,"total":241,"voted":241,"spoiled":0,"yays":234,"nays":7},{"committee":"УИК №1702","vibid":"4164030432325","voters":346,"total":339,"voted":339,"spoiled":0,"yays":333,"nays":6},{"committee":"УИК №1703","vibid":"4164030432326","voters":282,"total":276,"voted":276,"spoiled":0,"yays":269,"nays":7},{"committee":"УИК №1704","vibid":"4164030432327","voters":398,"total":392,"voted":392,"spoiled":3,"yays":376,"nays":13},{"committee":"УИК №1705","vibid":"4164030432328","voters":213,"total":210,"voted":210,"spoiled":0,"yays":205,"nays":5},{"committee":"УИК №1706","vibid":"4164030432329","voters":614,"total":601,"voted":601,"spoiled":0,"yays":576,"nays":25},{"committee":"УИК №1707","vibid":"4164030432330","voters":472,"total":462,"voted":462,"spoiled":0,"yays":456,"nays":6},{"committee":"УИК №1708","vibid":"4164030432331","voters":627,"total":615,"voted":615,"spoiled":0,"yays":592,"nays":23},{"committee":"УИК №1709","vibid":"4164030432332","voters":272,"total":267,"voted":267,"spoiled":0,"yays":241,"nays":26},{"committee":"УИК №1710","vibid":"4164030432333","voters":235,"total":234,"voted":234,"spoiled":0,"yays":230,"nays":4},{"committee":"УИК №1711","vibid":"4164030432334","voters":394,"total":387,"voted":387,"spoiled":0,"yays":375,"nays":12},{"committee":"УИК №1712","vibid":"4164030432335","voters":468,"total":456,"voted":456,"spoiled":3,"yays":433,"nays":20},{"committee":"УИК №1713","vibid":"4164030432336","voters":225,"total":220,"voted":220,"spoiled":0,"yays":209,"nays":11},{"committee":"УИК №1714","vibid":"4164030432337","voters":596,"total":578,"voted":578,"spoiled":0,"yays":554,"nays":24},{"committee":"УИК №1715","vibid":"4164030432338","voters":270,"total":264,"voted":264,"spoiled":0,"yays":256,"nays":8},{"committee":"УИК №1716","vibid":"4164030432339","voters":517,"total":508,"voted":508,"spoiled":5,"yays":488,"nays":15},{"committee":"УИК №1717","vibid":"4164030432340","voters":514,"total":498,"voted":498,"spoiled":0,"yays":487,"nays":11},{"committee":"УИК №1718","vibid":"4164030432341","voters":288,"total":284,"voted":284,"spoiled":0,"yays":278,"nays":6},{"committee":"УИК №1719","vibid":"4164030432342","voters":194,"total":190,"voted":190,"spoiled":0,"yays":186,"nays":4},{"committee":"УИК №1720","vibid":"4164030432343","voters":396,"total":384,"voted":384,"spoiled":6,"yays":366,"nays":12},{"committee":"УИК №1721","vibid":"4164030432344","voters":683,"total":656,"voted":656,"spoiled":0,"yays":642,"nays":14},{"committee":"УИК №1722","vibid":"4164030432345","voters":467,"total":452,"voted":452,"spoiled":0,"yays":429,"nays":23},{"committee":"УИК №1723","vibid":"4164030432346","voters":319,"total":309,"voted":309,"spoiled":0,"yays":299,"nays":10},{"committee":"УИК №1724","vibid":"4164030432347","voters":408,"total":399,"voted":399,"spoiled":0,"yays":387,"nays":12},{"committee":"УИК №1725","vibid":"4164030432348","voters":148,"total":143,"voted":143,"spoiled":0,"yays":137,"nays":6},{"committee":"УИК №1726","vibid":"4164030432349","voters":489,"total":484,"voted":484,"spoiled":0,"yays":469,"nays":15},{"committee":"УИК №1727","vibid":"4164030432350","voters":216,"total":212,"voted":212,"spoiled":1,"yays":205,"nays":6},{"committee":"УИК №1728","vibid":"4164030432351","voters":322,"total":315,"voted":315,"spoiled":0,"yays":306,"nays":9},{"committee":"УИК №1729","vibid":"4164030432352","voters":538,"total":522,"voted":522,"spoiled":0,"yays":511,"nays":11},{"committee":"УИК №1730","vibid":"4164030432353","voters":312,"total":304,"voted":304,"spoiled":0,"yays":291,"nays":13},{"committee":"УИК №1731","vibid":"4164030432354","voters":472,"total":462,"voted":462,"spoiled":0,"yays":460,"nays":2},{"committee":"УИК №1732","vibid":"4164030432355","voters":645,"total":631,"voted":631,"spoiled":2,"yays":618,"nays":11},{"committee":"УИК №1733","vibid":"4164030432356","voters":345,"total":339,"voted":339,"spoiled":0,"yays":332,"nays":7}]