[{"committee":"УИК №1282","vibid":"4164041329481","voters":4557,"total":3889,"voted":3889,"spoiled":6,"yays":3196,"nays":687},{"committee":"УИК №1283","vibid":"4164041329482","voters":3532,"total":2980,"voted":2980,"spoiled":9,"yays":2458,"nays":513},{"committee":"УИК №2383","vibid":"4164041329483","voters":183,"total":172,"voted":172,"spoiled":3,"yays":149,"nays":20},{"committee":"УИК №2384","vibid":"4164041329484","voters":2327,"total":2036,"voted":2036,"spoiled":5,"yays":1745,"nays":286},{"committee":"УИК №2385","vibid":"4164041329485","voters":172,"total":159,"voted":159,"spoiled":0,"yays":139,"nays":20},{"committee":"УИК №2386","vibid":"4164041329486","voters":961,"total":879,"voted":879,"spoiled":0,"yays":731,"nays":148},{"committee":"УИК №2387","vibid":"4164041329487","voters":279,"total":264,"voted":264,"spoiled":0,"yays":236,"nays":28},{"committee":"УИК №2388","vibid":"4164041329488","voters":245,"total":230,"voted":230,"spoiled":0,"yays":211,"nays":19},{"committee":"УИК №2389","vibid":"4164041329489","voters":176,"total":164,"voted":164,"spoiled":0,"yays":149,"nays":15},{"committee":"УИК №2390","vibid":"4164041329490","voters":207,"total":193,"voted":193,"spoiled":0,"yays":176,"nays":17},{"committee":"УИК №2391","vibid":"4164041329491","voters":715,"total":675,"voted":675,"spoiled":0,"yays":612,"nays":63},{"committee":"УИК №2392","vibid":"4164041329492","voters":1592,"total":1494,"voted":1494,"spoiled":0,"yays":1304,"nays":190},{"committee":"УИК №2393","vibid":"4164041329493","voters":369,"total":351,"voted":351,"spoiled":0,"yays":317,"nays":34},{"committee":"УИК №2394","vibid":"4164041329494","voters":990,"total":941,"voted":941,"spoiled":0,"yays":857,"nays":84},{"committee":"УИК №2395","vibid":"4164041329495","voters":1028,"total":974,"voted":974,"spoiled":10,"yays":854,"nays":110},{"committee":"УИК №2396","vibid":"4164041329496","voters":969,"total":917,"voted":917,"spoiled":0,"yays":792,"nays":125},{"committee":"УИК №2397","vibid":"4164041329497","voters":213,"total":197,"voted":197,"spoiled":0,"yays":177,"nays":20},{"committee":"УИК №2398","vibid":"4164041329498","voters":357,"total":340,"voted":340,"spoiled":0,"yays":304,"nays":36},{"committee":"УИК №2399","vibid":"4164041329499","voters":543,"total":506,"voted":506,"spoiled":3,"yays":443,"nays":60},{"committee":"УИК №2400","vibid":"4164041329500","voters":2079,"total":1825,"voted":1825,"spoiled":5,"yays":1521,"nays":299},{"committee":"УИК №2401","vibid":"4164041329501","voters":1618,"total":1446,"voted":1446,"spoiled":2,"yays":1238,"nays":206},{"committee":"УИК №2402","vibid":"4164041329502","voters":1649,"total":1453,"voted":1453,"spoiled":2,"yays":1277,"nays":174},{"committee":"УИК №2403","vibid":"4164041329503","voters":1477,"total":1325,"voted":1325,"spoiled":5,"yays":1134,"nays":186},{"committee":"УИК №2404","vibid":"4164041329504","voters":1700,"total":1524,"voted":1524,"spoiled":5,"yays":1311,"nays":208},{"committee":"УИК №2405","vibid":"4164041329505","voters":251,"total":239,"voted":239,"spoiled":0,"yays":201,"nays":38},{"committee":"УИК №2406","vibid":"4164041329506","voters":281,"total":267,"voted":267,"spoiled":0,"yays":238,"nays":29},{"committee":"УИК №2407","vibid":"4164041329507","voters":563,"total":537,"voted":537,"spoiled":0,"yays":468,"nays":69},{"committee":"УИК №2408","vibid":"4164041329508","voters":439,"total":418,"voted":418,"spoiled":0,"yays":382,"nays":36},{"committee":"УИК №2409","vibid":"4164041329509","voters":1211,"total":1153,"voted":1153,"spoiled":0,"yays":1005,"nays":148},{"committee":"УИК №2410","vibid":"4164041329510","voters":1120,"total":1068,"voted":1068,"spoiled":6,"yays":943,"nays":119},{"committee":"УИК №2411","vibid":"4164041329511","voters":1133,"total":1024,"voted":1024,"spoiled":10,"yays":937,"nays":77},{"committee":"УИК №2412","vibid":"4164041329512","voters":232,"total":221,"voted":221,"spoiled":0,"yays":202,"nays":19}]