[{"committee":"УИК №348","vibid":"4114021274724","voters":2336,"total":1066,"voted":1066,"spoiled":7,"yays":682,"nays":377},{"committee":"УИК №349","vibid":"4114021274725","voters":1619,"total":706,"voted":706,"spoiled":9,"yays":392,"nays":305},{"committee":"УИК №350","vibid":"4114021274726","voters":1016,"total":589,"voted":589,"spoiled":6,"yays":397,"nays":186},{"committee":"УИК №351","vibid":"4114021274727","voters":966,"total":436,"voted":436,"spoiled":2,"yays":288,"nays":146},{"committee":"УИК №352","vibid":"4114021274728","voters":2093,"total":891,"voted":891,"spoiled":9,"yays":585,"nays":297},{"committee":"УИК №353","vibid":"4114021274729","voters":1825,"total":801,"voted":801,"spoiled":11,"yays":497,"nays":293},{"committee":"УИК №354","vibid":"4114021274730","voters":1714,"total":841,"voted":841,"spoiled":7,"yays":523,"nays":311},{"committee":"УИК №355","vibid":"4114021274731","voters":1776,"total":809,"voted":809,"spoiled":11,"yays":505,"nays":293},{"committee":"УИК №356","vibid":"4114021274732","voters":1488,"total":692,"voted":692,"spoiled":10,"yays":431,"nays":251},{"committee":"УИК №357","vibid":"4114021274733","voters":1832,"total":974,"voted":974,"spoiled":9,"yays":612,"nays":353},{"committee":"УИК №358","vibid":"4114021274734","voters":2190,"total":1033,"voted":1033,"spoiled":10,"yays":626,"nays":397},{"committee":"УИК №359","vibid":"4114021274735","voters":2847,"total":1589,"voted":1588,"spoiled":9,"yays":804,"nays":775},{"committee":"УИК №360","vibid":"4114021274736","voters":909,"total":386,"voted":386,"spoiled":6,"yays":246,"nays":134},{"committee":"УИК №361","vibid":"4114021274737","voters":2283,"total":1147,"voted":1147,"spoiled":18,"yays":729,"nays":400},{"committee":"УИК №362","vibid":"4114021274738","voters":971,"total":454,"voted":454,"spoiled":5,"yays":263,"nays":186},{"committee":"УИК №363","vibid":"4114021274739","voters":1355,"total":710,"voted":710,"spoiled":8,"yays":425,"nays":277},{"committee":"УИК №364","vibid":"4114021274740","voters":1355,"total":692,"voted":692,"spoiled":8,"yays":466,"nays":218},{"committee":"УИК №365","vibid":"4114021274741","voters":1820,"total":1037,"voted":1037,"spoiled":6,"yays":800,"nays":231},{"committee":"УИК №366","vibid":"4114021274742","voters":2017,"total":853,"voted":852,"spoiled":4,"yays":562,"nays":286},{"committee":"УИК №367","vibid":"4114021274743","voters":1451,"total":603,"voted":603,"spoiled":5,"yays":400,"nays":198},{"committee":"УИК №368","vibid":"4114021274744","voters":697,"total":297,"voted":297,"spoiled":5,"yays":189,"nays":103},{"committee":"УИК №369","vibid":"4114021274745","voters":699,"total":494,"voted":494,"spoiled":6,"yays":362,"nays":126},{"committee":"УИК №370","vibid":"4114021274746","voters":269,"total":165,"voted":165,"spoiled":2,"yays":114,"nays":49},{"committee":"УИК №371","vibid":"4114021274747","voters":2038,"total":1415,"voted":1415,"spoiled":21,"yays":894,"nays":500},{"committee":"УИК №372","vibid":"4114021274748","voters":2277,"total":1108,"voted":1108,"spoiled":13,"yays":796,"nays":299},{"committee":"УИК №373","vibid":"4114021274722","voters":867,"total":461,"voted":461,"spoiled":0,"yays":279,"nays":182},{"committee":"УИК №374","vibid":"4114021274749","voters":1147,"total":536,"voted":536,"spoiled":6,"yays":279,"nays":251},{"committee":"УИК №375","vibid":"4114021274750","voters":1658,"total":610,"voted":610,"spoiled":7,"yays":381,"nays":222},{"committee":"УИК №376","vibid":"4114021274751","voters":2347,"total":1061,"voted":1061,"spoiled":12,"yays":683,"nays":366},{"committee":"УИК №377","vibid":"4114021274752","voters":2016,"total":891,"voted":891,"spoiled":11,"yays":579,"nays":301},{"committee":"УИК №378","vibid":"4114021274753","voters":1374,"total":628,"voted":628,"spoiled":10,"yays":378,"nays":240},{"committee":"УИК №379","vibid":"4114021274754","voters":1332,"total":628,"voted":628,"spoiled":8,"yays":422,"nays":198},{"committee":"УИК №380","vibid":"4114021274755","voters":1355,"total":687,"voted":687,"spoiled":8,"yays":416,"nays":263},{"committee":"УИК №381","vibid":"4114021274756","voters":1464,"total":667,"voted":667,"spoiled":5,"yays":374,"nays":288},{"committee":"УИК №382","vibid":"4114021274757","voters":1385,"total":663,"voted":663,"spoiled":6,"yays":429,"nays":228},{"committee":"УИК №383","vibid":"4114021274758","voters":1505,"total":844,"voted":843,"spoiled":7,"yays":506,"nays":330},{"committee":"УИК №384","vibid":"4114021274759","voters":1856,"total":939,"voted":939,"spoiled":0,"yays":593,"nays":346},{"committee":"УИК №385","vibid":"4114021274760","voters":1754,"total":813,"voted":813,"spoiled":3,"yays":533,"nays":277},{"committee":"УИК №386","vibid":"4114021274761","voters":1289,"total":449,"voted":449,"spoiled":3,"yays":294,"nays":152},{"committee":"УИК №387","vibid":"4114021274762","voters":1722,"total":944,"voted":944,"spoiled":14,"yays":541,"nays":389},{"committee":"УИК №388","vibid":"4114021274763","voters":1444,"total":583,"voted":583,"spoiled":5,"yays":379,"nays":199},{"committee":"УИК №389","vibid":"4114021274764","voters":1443,"total":758,"voted":758,"spoiled":3,"yays":419,"nays":336},{"committee":"УИК №390","vibid":"4114021274765","voters":1910,"total":1029,"voted":1029,"spoiled":15,"yays":603,"nays":411},{"committee":"УИК №391","vibid":"4114021274766","voters":1939,"total":850,"voted":850,"spoiled":14,"yays":556,"nays":280},{"committee":"УИК №392","vibid":"4114021274767","voters":626,"total":293,"voted":293,"spoiled":2,"yays":182,"nays":109},{"committee":"УИК №393","vibid":"4114021274768","voters":1141,"total":827,"voted":827,"spoiled":4,"yays":428,"nays":395},{"committee":"УИК №394","vibid":"4114021274769","voters":313,"total":224,"voted":224,"spoiled":2,"yays":187,"nays":35},{"committee":"УИК №395","vibid":"4114021274770","voters":1541,"total":721,"voted":719,"spoiled":11,"yays":475,"nays":233},{"committee":"УИК №396","vibid":"4114021274771","voters":1400,"total":816,"voted":816,"spoiled":7,"yays":579,"nays":230},{"committee":"УИК №397","vibid":"4114021274772","voters":1489,"total":637,"voted":636,"spoiled":6,"yays":410,"nays":220},{"committee":"УИК №398","vibid":"4114021274773","voters":944,"total":479,"voted":479,"spoiled":8,"yays":341,"nays":130},{"committee":"УИК №399","vibid":"4114021274774","voters":841,"total":450,"voted":449,"spoiled":6,"yays":247,"nays":196},{"committee":"УИК №400","vibid":"4114021274775","voters":1904,"total":822,"voted":822,"spoiled":6,"yays":515,"nays":301},{"committee":"УИК №401","vibid":"4114021274776","voters":1450,"total":630,"voted":630,"spoiled":9,"yays":410,"nays":211},{"committee":"УИК №402","vibid":"4114021274777","voters":1492,"total":651,"voted":651,"spoiled":6,"yays":425,"nays":220},{"committee":"УИК №403","vibid":"4114021276517","voters":590,"total":590,"voted":590,"spoiled":7,"yays":348,"nays":235},{"committee":"УИК №404","vibid":"4114021276518","voters":135,"total":135,"voted":135,"spoiled":0,"yays":61,"nays":74},{"committee":"УИК №405","vibid":"4114021276519","voters":70,"total":70,"voted":70,"spoiled":0,"yays":36,"nays":34},{"committee":"УИК №406","vibid":"4114021279810","voters":485,"total":454,"voted":454,"spoiled":1,"yays":228,"nays":225},{"committee":"УИК №673","vibid":"4114021292921","voters":47,"total":45,"voted":45,"spoiled":1,"yays":25,"nays":19}]