[{"committee":"УИК №167","vibid":"4134007219555","voters":182,"total":176,"voted":176,"spoiled":0,"yays":170,"nays":6},{"committee":"УИК №168","vibid":"4134007219556","voters":1091,"total":965,"voted":965,"spoiled":0,"yays":930,"nays":35},{"committee":"УИК №169","vibid":"4134007219557","voters":1943,"total":1251,"voted":1251,"spoiled":6,"yays":813,"nays":432},{"committee":"УИК №170","vibid":"4134007219558","voters":1552,"total":1327,"voted":1327,"spoiled":0,"yays":1115,"nays":212},{"committee":"УИК №171","vibid":"4134007219559","voters":353,"total":342,"voted":342,"spoiled":0,"yays":315,"nays":27},{"committee":"УИК №172","vibid":"4134007219560","voters":179,"total":146,"voted":146,"spoiled":0,"yays":134,"nays":12},{"committee":"УИК №173","vibid":"4134007219561","voters":283,"total":259,"voted":259,"spoiled":0,"yays":247,"nays":12},{"committee":"УИК №174","vibid":"4134007219562","voters":144,"total":131,"voted":131,"spoiled":0,"yays":124,"nays":7},{"committee":"УИК №175","vibid":"4134007219563","voters":199,"total":194,"voted":194,"spoiled":0,"yays":184,"nays":10},{"committee":"УИК №176","vibid":"4134007219564","voters":108,"total":100,"voted":100,"spoiled":0,"yays":90,"nays":10},{"committee":"УИК №177","vibid":"4134007219565","voters":262,"total":248,"voted":248,"spoiled":0,"yays":230,"nays":18},{"committee":"УИК №178","vibid":"4134007219566","voters":490,"total":460,"voted":460,"spoiled":0,"yays":424,"nays":36},{"committee":"УИК №179","vibid":"4134007219567","voters":238,"total":226,"voted":226,"spoiled":0,"yays":215,"nays":11},{"committee":"УИК №180","vibid":"4134007219568","voters":214,"total":204,"voted":204,"spoiled":0,"yays":196,"nays":8},{"committee":"УИК №181","vibid":"4134007219569","voters":286,"total":263,"voted":263,"spoiled":0,"yays":251,"nays":12},{"committee":"УИК №182","vibid":"4134007219570","voters":157,"total":152,"voted":152,"spoiled":0,"yays":143,"nays":9},{"committee":"УИК №183","vibid":"4134007219571","voters":110,"total":103,"voted":103,"spoiled":0,"yays":97,"nays":6},{"committee":"УИК №184","vibid":"4134007219572","voters":245,"total":233,"voted":233,"spoiled":0,"yays":212,"nays":21},{"committee":"УИК №185","vibid":"4134007219573","voters":207,"total":203,"voted":203,"spoiled":0,"yays":199,"nays":4}]