[{"committee":"УИК №98","vibid":"4154007421536","voters":1834,"total":1261,"voted":1261,"spoiled":12,"yays":901,"nays":348},{"committee":"УИК №99","vibid":"4154007421537","voters":835,"total":631,"voted":631,"spoiled":5,"yays":567,"nays":59},{"committee":"УИК №100","vibid":"4154007421538","voters":1208,"total":919,"voted":919,"spoiled":7,"yays":642,"nays":270},{"committee":"УИК №101","vibid":"4154007421539","voters":1816,"total":1428,"voted":1428,"spoiled":12,"yays":1255,"nays":161},{"committee":"УИК №102","vibid":"4154007421540","voters":1631,"total":1209,"voted":1209,"spoiled":3,"yays":1079,"nays":127},{"committee":"УИК №103","vibid":"4154007421541","voters":1027,"total":812,"voted":812,"spoiled":4,"yays":581,"nays":227},{"committee":"УИК №104","vibid":"4154007421542","voters":1606,"total":1203,"voted":1203,"spoiled":17,"yays":873,"nays":313},{"committee":"УИК №105","vibid":"4154007421543","voters":2476,"total":1884,"voted":1884,"spoiled":9,"yays":1649,"nays":226},{"committee":"УИК №106","vibid":"4154007421544","voters":1213,"total":912,"voted":912,"spoiled":8,"yays":821,"nays":83},{"committee":"УИК №107","vibid":"4154007421545","voters":1515,"total":1162,"voted":1162,"spoiled":8,"yays":1031,"nays":123},{"committee":"УИК №108","vibid":"4154007421546","voters":1735,"total":1361,"voted":1361,"spoiled":8,"yays":963,"nays":390},{"committee":"УИК №109","vibid":"4154007421547","voters":1559,"total":1218,"voted":1218,"spoiled":2,"yays":866,"nays":350},{"committee":"УИК №110","vibid":"4154007421548","voters":1941,"total":1442,"voted":1442,"spoiled":7,"yays":1002,"nays":433},{"committee":"УИК №111","vibid":"4154007421549","voters":1114,"total":827,"voted":827,"spoiled":8,"yays":728,"nays":91},{"committee":"УИК №112","vibid":"4154007421550","voters":1181,"total":923,"voted":923,"spoiled":8,"yays":812,"nays":103},{"committee":"УИК №113","vibid":"4154007421551","voters":1657,"total":1235,"voted":1235,"spoiled":1,"yays":1090,"nays":144},{"committee":"УИК №114","vibid":"4154007421552","voters":1615,"total":1274,"voted":1274,"spoiled":12,"yays":911,"nays":351},{"committee":"УИК №115","vibid":"4154007421553","voters":1743,"total":1288,"voted":1288,"spoiled":2,"yays":1196,"nays":90},{"committee":"УИК №116","vibid":"4154007421554","voters":193,"total":155,"voted":155,"spoiled":1,"yays":139,"nays":15},{"committee":"УИК №117","vibid":"4154007421555","voters":1097,"total":845,"voted":845,"spoiled":5,"yays":603,"nays":237},{"committee":"УИК №118","vibid":"4154007421556","voters":274,"total":221,"voted":221,"spoiled":1,"yays":193,"nays":27},{"committee":"УИК №119","vibid":"4154007421557","voters":493,"total":398,"voted":398,"spoiled":2,"yays":286,"nays":110},{"committee":"УИК №120","vibid":"4154007421558","voters":467,"total":355,"voted":355,"spoiled":3,"yays":254,"nays":98},{"committee":"УИК №121","vibid":"4154007421559","voters":466,"total":358,"voted":358,"spoiled":2,"yays":321,"nays":35},{"committee":"УИК №122","vibid":"4154007421560","voters":2354,"total":1749,"voted":1749,"spoiled":12,"yays":1266,"nays":471},{"committee":"УИК №123","vibid":"4154007421561","voters":1469,"total":1135,"voted":1135,"spoiled":2,"yays":990,"nays":143},{"committee":"УИК №124","vibid":"4154007421562","voters":619,"total":479,"voted":479,"spoiled":0,"yays":417,"nays":62},{"committee":"УИК №125","vibid":"4154007421563","voters":247,"total":185,"voted":185,"spoiled":1,"yays":165,"nays":19},{"committee":"УИК №126","vibid":"4154007421564","voters":443,"total":370,"voted":370,"spoiled":2,"yays":265,"nays":103},{"committee":"УИК №127","vibid":"4154007421565","voters":2369,"total":1773,"voted":1773,"spoiled":7,"yays":1422,"nays":344},{"committee":"УИК №128","vibid":"4154007421566","voters":1568,"total":1232,"voted":1232,"spoiled":7,"yays":861,"nays":364},{"committee":"УИК №129","vibid":"4154007421567","voters":1598,"total":1230,"voted":1230,"spoiled":0,"yays":862,"nays":368},{"committee":"УИК №130","vibid":"4154007421568","voters":1257,"total":988,"voted":988,"spoiled":4,"yays":699,"nays":285},{"committee":"УИК №131","vibid":"4154007421569","voters":1595,"total":1245,"voted":1245,"spoiled":1,"yays":869,"nays":375},{"committee":"УИК №132","vibid":"4154007421570","voters":2163,"total":1690,"voted":1690,"spoiled":7,"yays":1495,"nays":188},{"committee":"УИК №133","vibid":"4154007421571","voters":1369,"total":1034,"voted":1034,"spoiled":5,"yays":725,"nays":304},{"committee":"УИК №134","vibid":"4154007421572","voters":965,"total":785,"voted":785,"spoiled":0,"yays":703,"nays":82},{"committee":"УИК №135","vibid":"4154007421573","voters":786,"total":625,"voted":625,"spoiled":4,"yays":442,"nays":179},{"committee":"УИК №136","vibid":"4154007421574","voters":2107,"total":1645,"voted":1645,"spoiled":3,"yays":1598,"nays":44},{"committee":"УИК №137","vibid":"4154007421575","voters":1605,"total":1324,"voted":1324,"spoiled":10,"yays":1257,"nays":57},{"committee":"УИК №138","vibid":"4154007421576","voters":2000,"total":1470,"voted":1470,"spoiled":9,"yays":1360,"nays":101},{"committee":"УИК №139","vibid":"4154007421577","voters":726,"total":542,"voted":542,"spoiled":3,"yays":480,"nays":59},{"committee":"УИК №140","vibid":"4154007421578","voters":1736,"total":1318,"voted":1318,"spoiled":1,"yays":1167,"nays":150},{"committee":"УИК №141","vibid":"4154007421579","voters":553,"total":437,"voted":437,"spoiled":1,"yays":390,"nays":46},{"committee":"УИК №142","vibid":"4154007421580","voters":282,"total":223,"voted":223,"spoiled":1,"yays":198,"nays":24},{"committee":"УИК №143","vibid":"4154007421581","voters":646,"total":497,"voted":497,"spoiled":3,"yays":441,"nays":53},{"committee":"УИК №351","vibid":"4154007423359","voters":113,"total":113,"voted":113,"spoiled":1,"yays":100,"nays":12},{"committee":"УИК №352","vibid":"4154007423360","voters":42,"total":42,"voted":42,"spoiled":1,"yays":37,"nays":4},{"committee":"УИК №353","vibid":"4154007423361","voters":669,"total":669,"voted":669,"spoiled":2,"yays":657,"nays":10}]