[{"committee":"УИК №705","vibid":"4134023211667","voters":1565,"total":1386,"voted":1386,"spoiled":0,"yays":1270,"nays":116},{"committee":"УИК №706","vibid":"4134023211669","voters":1589,"total":1444,"voted":1444,"spoiled":0,"yays":1331,"nays":113},{"committee":"УИК №707","vibid":"4134023211670","voters":101,"total":91,"voted":91,"spoiled":2,"yays":84,"nays":5},{"committee":"УИК №708","vibid":"4134023211671","voters":125,"total":119,"voted":119,"spoiled":0,"yays":109,"nays":10},{"committee":"УИК №709","vibid":"4134023211672","voters":95,"total":91,"voted":91,"spoiled":0,"yays":87,"nays":4},{"committee":"УИК №710","vibid":"4134023211673","voters":1242,"total":1109,"voted":1109,"spoiled":0,"yays":1015,"nays":94},{"committee":"УИК №711","vibid":"4134023211674","voters":440,"total":377,"voted":377,"spoiled":0,"yays":348,"nays":29},{"committee":"УИК №712","vibid":"4134023211675","voters":259,"total":218,"voted":218,"spoiled":0,"yays":195,"nays":23},{"committee":"УИК №713","vibid":"4134023211676","voters":74,"total":67,"voted":67,"spoiled":0,"yays":63,"nays":4},{"committee":"УИК №714","vibid":"4134023211677","voters":113,"total":92,"voted":92,"spoiled":0,"yays":90,"nays":2},{"committee":"УИК №715","vibid":"4134023211678","voters":136,"total":127,"voted":127,"spoiled":4,"yays":114,"nays":9},{"committee":"УИК №716","vibid":"4134023211679","voters":134,"total":118,"voted":118,"spoiled":0,"yays":116,"nays":2},{"committee":"УИК №717","vibid":"4134023211680","voters":253,"total":230,"voted":230,"spoiled":0,"yays":219,"nays":11},{"committee":"УИК №718","vibid":"4134023211681","voters":181,"total":149,"voted":149,"spoiled":0,"yays":144,"nays":5},{"committee":"УИК №719","vibid":"4134023211682","voters":204,"total":171,"voted":171,"spoiled":0,"yays":163,"nays":8},{"committee":"УИК №720","vibid":"4134023211683","voters":95,"total":87,"voted":87,"spoiled":0,"yays":86,"nays":1},{"committee":"УИК №721","vibid":"4134023211684","voters":265,"total":217,"voted":217,"spoiled":0,"yays":203,"nays":14},{"committee":"УИК №722","vibid":"4134023211685","voters":106,"total":93,"voted":93,"spoiled":0,"yays":89,"nays":4},{"committee":"УИК №723","vibid":"4134023211686","voters":180,"total":163,"voted":163,"spoiled":0,"yays":155,"nays":8},{"committee":"УИК №724","vibid":"4134023211687","voters":161,"total":141,"voted":141,"spoiled":0,"yays":133,"nays":8},{"committee":"УИК №725","vibid":"4134023211688","voters":326,"total":262,"voted":262,"spoiled":1,"yays":233,"nays":28}]