[{"committee":"УИК №272","vibid":"4154010365344","voters":627,"total":552,"voted":552,"spoiled":0,"yays":486,"nays":66},{"committee":"УИК №273","vibid":"4154010365346","voters":894,"total":796,"voted":796,"spoiled":0,"yays":708,"nays":88},{"committee":"УИК №274","vibid":"4154010365347","voters":1190,"total":1052,"voted":1052,"spoiled":0,"yays":905,"nays":147},{"committee":"УИК №275","vibid":"4154010365348","voters":1825,"total":1490,"voted":1490,"spoiled":0,"yays":1281,"nays":209},{"committee":"УИК №276","vibid":"4154010365349","voters":2262,"total":2066,"voted":2066,"spoiled":0,"yays":1302,"nays":764},{"committee":"УИК №277","vibid":"4154010365350","voters":1186,"total":901,"voted":901,"spoiled":2,"yays":722,"nays":177},{"committee":"УИК №278","vibid":"4154010365351","voters":1281,"total":1106,"voted":1106,"spoiled":0,"yays":998,"nays":108},{"committee":"УИК №279","vibid":"4154010365352","voters":2681,"total":2233,"voted":2233,"spoiled":0,"yays":1360,"nays":873},{"committee":"УИК №280","vibid":"4154010365353","voters":2639,"total":2099,"voted":2099,"spoiled":0,"yays":1205,"nays":894},{"committee":"УИК №281","vibid":"4154010365354","voters":1083,"total":804,"voted":803,"spoiled":3,"yays":639,"nays":161},{"committee":"УИК №282","vibid":"4154010365355","voters":2046,"total":1710,"voted":1710,"spoiled":0,"yays":1222,"nays":488},{"committee":"УИК №283","vibid":"4154010365356","voters":1869,"total":1583,"voted":1583,"spoiled":0,"yays":1009,"nays":574},{"committee":"УИК №284","vibid":"4154010365357","voters":2232,"total":1696,"voted":1696,"spoiled":8,"yays":1609,"nays":79},{"committee":"УИК №285","vibid":"4154010365358","voters":1287,"total":1145,"voted":1145,"spoiled":0,"yays":1019,"nays":126},{"committee":"УИК №286","vibid":"4154010365359","voters":2457,"total":1868,"voted":1868,"spoiled":11,"yays":1656,"nays":201},{"committee":"УИК №287","vibid":"4154010365360","voters":2341,"total":1944,"voted":1944,"spoiled":0,"yays":1130,"nays":814},{"committee":"УИК №288","vibid":"4154010365361","voters":1862,"total":1568,"voted":1568,"spoiled":0,"yays":796,"nays":772},{"committee":"УИК №289","vibid":"4154010365362","voters":2298,"total":1964,"voted":1964,"spoiled":0,"yays":1107,"nays":857},{"committee":"УИК №290","vibid":"4154010365363","voters":2500,"total":1900,"voted":1900,"spoiled":8,"yays":1580,"nays":312},{"committee":"УИК №291","vibid":"4154010365364","voters":1995,"total":1707,"voted":1707,"spoiled":0,"yays":1046,"nays":661},{"committee":"УИК №292","vibid":"4154010365365","voters":2765,"total":2359,"voted":2359,"spoiled":0,"yays":1270,"nays":1089},{"committee":"УИК №293","vibid":"4154010365366","voters":2304,"total":1751,"voted":1751,"spoiled":12,"yays":1606,"nays":133},{"committee":"УИК №294","vibid":"4154010365367","voters":2591,"total":2177,"voted":2177,"spoiled":0,"yays":1359,"nays":818},{"committee":"УИК №295","vibid":"4154010365368","voters":1568,"total":1192,"voted":1192,"spoiled":3,"yays":960,"nays":229},{"committee":"УИК №296","vibid":"4154010365369","voters":1731,"total":1366,"voted":1366,"spoiled":5,"yays":1311,"nays":50},{"committee":"УИК №297","vibid":"4154010365370","voters":2619,"total":2202,"voted":2202,"spoiled":0,"yays":1282,"nays":920},{"committee":"УИК №298","vibid":"4154010365371","voters":1767,"total":1470,"voted":1470,"spoiled":0,"yays":1264,"nays":206},{"committee":"УИК №299","vibid":"4154010365372","voters":1377,"total":1161,"voted":1161,"spoiled":0,"yays":1022,"nays":139},{"committee":"УИК №300","vibid":"4154010365373","voters":1346,"total":1134,"voted":1134,"spoiled":0,"yays":998,"nays":136},{"committee":"УИК №301","vibid":"4154010365374","voters":2455,"total":1962,"voted":1962,"spoiled":0,"yays":1687,"nays":275},{"committee":"УИК №302","vibid":"4154010365375","voters":1919,"total":1650,"voted":1650,"spoiled":0,"yays":1419,"nays":231},{"committee":"УИК №303","vibid":"4154010365376","voters":1783,"total":1364,"voted":1364,"spoiled":2,"yays":1218,"nays":144},{"committee":"УИК №304","vibid":"4154010365377","voters":1591,"total":1318,"voted":1318,"spoiled":0,"yays":1133,"nays":185},{"committee":"УИК №305","vibid":"4154010365378","voters":1846,"total":1563,"voted":1563,"spoiled":0,"yays":1091,"nays":472},{"committee":"УИК №306","vibid":"4154010365379","voters":2292,"total":1906,"voted":1906,"spoiled":0,"yays":1196,"nays":710},{"committee":"УИК №307","vibid":"4154010365380","voters":2291,"total":1914,"voted":1914,"spoiled":0,"yays":1203,"nays":711},{"committee":"УИК №308","vibid":"4154010365381","voters":1767,"total":1522,"voted":1522,"spoiled":0,"yays":1355,"nays":167},{"committee":"УИК №309","vibid":"4154010365382","voters":2547,"total":1930,"voted":1930,"spoiled":22,"yays":1806,"nays":102},{"committee":"УИК №310","vibid":"4154010365383","voters":1847,"total":1534,"voted":1534,"spoiled":0,"yays":1365,"nays":169},{"committee":"УИК №311","vibid":"4154010365384","voters":2033,"total":1688,"voted":1688,"spoiled":0,"yays":1452,"nays":236},{"committee":"УИК №312","vibid":"4154010365385","voters":2329,"total":1922,"voted":1922,"spoiled":0,"yays":1653,"nays":269},{"committee":"УИК №313","vibid":"4154010365386","voters":1374,"total":1044,"voted":1044,"spoiled":2,"yays":981,"nays":61},{"committee":"УИК №314","vibid":"4154010365387","voters":1750,"total":1363,"voted":1363,"spoiled":5,"yays":1136,"nays":222},{"committee":"УИК №315","vibid":"4154010365388","voters":2317,"total":2022,"voted":2022,"spoiled":0,"yays":1160,"nays":862},{"committee":"УИК №316","vibid":"4154010365389","voters":2485,"total":2007,"voted":2007,"spoiled":0,"yays":1126,"nays":881},{"committee":"УИК №317","vibid":"4154010365390","voters":1332,"total":1028,"voted":1028,"spoiled":4,"yays":819,"nays":205},{"committee":"УИК №318","vibid":"4154010365391","voters":2256,"total":1878,"voted":1878,"spoiled":0,"yays":1671,"nays":207},{"committee":"УИК №319","vibid":"4154010365392","voters":1487,"total":1233,"voted":1233,"spoiled":0,"yays":1097,"nays":136},{"committee":"УИК №320","vibid":"4154010365393","voters":2036,"total":1554,"voted":1554,"spoiled":11,"yays":1322,"nays":221},{"committee":"УИК №321","vibid":"4154010365394","voters":2278,"total":1960,"voted":1960,"spoiled":0,"yays":1803,"nays":157},{"committee":"УИК №322","vibid":"4154010365395","voters":2448,"total":2034,"voted":2034,"spoiled":0,"yays":1810,"nays":224},{"committee":"УИК №323","vibid":"4154010365396","voters":2526,"total":2149,"voted":2149,"spoiled":0,"yays":1956,"nays":193},{"committee":"УИК №324","vibid":"4154010365397","voters":1963,"total":1492,"voted":1492,"spoiled":5,"yays":1336,"nays":151},{"committee":"УИК №325","vibid":"4154010365398","voters":2397,"total":1959,"voted":1959,"spoiled":0,"yays":1724,"nays":235},{"committee":"УИК №326","vibid":"4154010365399","voters":1808,"total":1297,"voted":1297,"spoiled":0,"yays":986,"nays":311},{"committee":"УИК №327","vibid":"4154010365400","voters":2656,"total":2254,"voted":2254,"spoiled":0,"yays":1974,"nays":280},{"committee":"УИК №328","vibid":"4154010365401","voters":2711,"total":2171,"voted":2171,"spoiled":0,"yays":1867,"nays":304},{"committee":"УИК №329","vibid":"4154010365402","voters":2266,"total":1854,"voted":1854,"spoiled":0,"yays":1632,"nays":222},{"committee":"УИК №330","vibid":"4154010365403","voters":2504,"total":2063,"voted":2063,"spoiled":0,"yays":1815,"nays":248},{"committee":"УИК №331","vibid":"4154010365404","voters":2292,"total":1742,"voted":1742,"spoiled":2,"yays":1703,"nays":37},{"committee":"УИК №332","vibid":"4154010365405","voters":2612,"total":2149,"voted":2149,"spoiled":0,"yays":1891,"nays":258},{"committee":"УИК №333","vibid":"4154010365406","voters":2355,"total":1934,"voted":1934,"spoiled":0,"yays":1702,"nays":232},{"committee":"УИК №334","vibid":"4154010365407","voters":2305,"total":1898,"voted":1898,"spoiled":0,"yays":1670,"nays":228},{"committee":"УИК №335","vibid":"4154010365408","voters":1454,"total":1171,"voted":1171,"spoiled":0,"yays":1007,"nays":164},{"committee":"УИК №336","vibid":"4154010365409","voters":1691,"total":1404,"voted":1404,"spoiled":0,"yays":1207,"nays":197},{"committee":"УИК №337","vibid":"4154010365410","voters":1768,"total":1347,"voted":1347,"spoiled":9,"yays":1132,"nays":206},{"committee":"УИК №338","vibid":"4154010365411","voters":1404,"total":1165,"voted":1165,"spoiled":0,"yays":1045,"nays":120},{"committee":"УИК №359","vibid":"4154010366757","voters":60,"total":60,"voted":60,"spoiled":0,"yays":60,"nays":0},{"committee":"УИК №360","vibid":"4154010366758","voters":200,"total":200,"voted":200,"spoiled":0,"yays":200,"nays":0},{"committee":"УИК №361","vibid":"4154010366759","voters":500,"total":500,"voted":500,"spoiled":0,"yays":500,"nays":0},{"committee":"УИК №362","vibid":"4154010366760","voters":300,"total":300,"voted":300,"spoiled":0,"yays":300,"nays":0},{"committee":"УИК №363","vibid":"4154010366761","voters":350,"total":350,"voted":350,"spoiled":0,"yays":350,"nays":0}]