[{"committee":"УИК №586","vibid":"4114014229253","voters":544,"total":359,"voted":359,"spoiled":3,"yays":280,"nays":76},{"committee":"УИК №588","vibid":"4114014229254","voters":550,"total":366,"voted":366,"spoiled":3,"yays":297,"nays":66},{"committee":"УИК №589","vibid":"4114014229255","voters":180,"total":106,"voted":106,"spoiled":0,"yays":75,"nays":31},{"committee":"УИК №590","vibid":"4114014229256","voters":807,"total":457,"voted":457,"spoiled":3,"yays":341,"nays":113},{"committee":"УИК №591","vibid":"4114014229257","voters":414,"total":262,"voted":262,"spoiled":2,"yays":204,"nays":56},{"committee":"УИК №592","vibid":"4114014229258","voters":2035,"total":1211,"voted":1211,"spoiled":10,"yays":873,"nays":328},{"committee":"УИК №593","vibid":"4114014229259","voters":881,"total":556,"voted":556,"spoiled":6,"yays":415,"nays":135},{"committee":"УИК №594","vibid":"4114014229260","voters":720,"total":451,"voted":451,"spoiled":4,"yays":325,"nays":122},{"committee":"УИК №595","vibid":"4114014229261","voters":297,"total":164,"voted":164,"spoiled":3,"yays":118,"nays":43},{"committee":"УИК №596","vibid":"4114014229262","voters":1906,"total":1027,"voted":1027,"spoiled":7,"yays":811,"nays":209},{"committee":"УИК №597","vibid":"4114014229263","voters":492,"total":329,"voted":329,"spoiled":2,"yays":268,"nays":59},{"committee":"УИК №598","vibid":"4114014229264","voters":259,"total":143,"voted":143,"spoiled":1,"yays":117,"nays":25},{"committee":"УИК №599","vibid":"4114014229265","voters":389,"total":253,"voted":253,"spoiled":4,"yays":192,"nays":57},{"committee":"УИК №600","vibid":"4114014229266","voters":201,"total":120,"voted":120,"spoiled":1,"yays":98,"nays":21},{"committee":"УИК №601","vibid":"4114014229267","voters":271,"total":153,"voted":153,"spoiled":1,"yays":109,"nays":43},{"committee":"УИК №602","vibid":"4114014229268","voters":249,"total":117,"voted":117,"spoiled":2,"yays":98,"nays":17},{"committee":"УИК №603","vibid":"4114014229269","voters":591,"total":380,"voted":380,"spoiled":1,"yays":296,"nays":83},{"committee":"УИК №605","vibid":"4114014229270","voters":294,"total":233,"voted":233,"spoiled":0,"yays":185,"nays":48},{"committee":"УИК №606","vibid":"4114014229271","voters":130,"total":96,"voted":96,"spoiled":0,"yays":80,"nays":16},{"committee":"УИК №607","vibid":"4114014229272","voters":142,"total":105,"voted":105,"spoiled":0,"yays":80,"nays":25}]