[{"committee":"УИК №528","vibid":"4164052340388","voters":491,"total":418,"voted":418,"spoiled":6,"yays":327,"nays":85},{"committee":"УИК №529","vibid":"4164052340389","voters":751,"total":666,"voted":666,"spoiled":0,"yays":539,"nays":127},{"committee":"УИК №530","vibid":"4164052340390","voters":2115,"total":1847,"voted":1847,"spoiled":0,"yays":1514,"nays":333},{"committee":"УИК №531","vibid":"4164052340391","voters":2272,"total":2057,"voted":2057,"spoiled":3,"yays":1683,"nays":371},{"committee":"УИК №532","vibid":"4164052340392","voters":2118,"total":1905,"voted":1905,"spoiled":0,"yays":1562,"nays":343},{"committee":"УИК №533","vibid":"4164052340393","voters":276,"total":250,"voted":250,"spoiled":0,"yays":237,"nays":13},{"committee":"УИК №534","vibid":"4164052340394","voters":397,"total":358,"voted":358,"spoiled":0,"yays":347,"nays":11},{"committee":"УИК №535","vibid":"4164052340395","voters":581,"total":498,"voted":498,"spoiled":3,"yays":419,"nays":76},{"committee":"УИК №536","vibid":"4164052340396","voters":399,"total":354,"voted":354,"spoiled":0,"yays":295,"nays":59},{"committee":"УИК №537","vibid":"4164052340397","voters":333,"total":310,"voted":310,"spoiled":0,"yays":299,"nays":11},{"committee":"УИК №538","vibid":"4164052340398","voters":234,"total":220,"voted":220,"spoiled":0,"yays":204,"nays":16},{"committee":"УИК №539","vibid":"4164052340399","voters":591,"total":543,"voted":543,"spoiled":1,"yays":535,"nays":7},{"committee":"УИК №540","vibid":"4164052340400","voters":378,"total":329,"voted":329,"spoiled":8,"yays":270,"nays":51},{"committee":"УИК №541","vibid":"4164052340401","voters":489,"total":431,"voted":431,"spoiled":4,"yays":369,"nays":58},{"committee":"УИК №542","vibid":"4164052340402","voters":373,"total":370,"voted":335,"spoiled":0,"yays":303,"nays":32},{"committee":"УИК №543","vibid":"4164052340403","voters":562,"total":493,"voted":493,"spoiled":0,"yays":442,"nays":51},{"committee":"УИК №544","vibid":"4164052340404","voters":424,"total":378,"voted":378,"spoiled":0,"yays":324,"nays":54},{"committee":"УИК №545","vibid":"4164052340405","voters":515,"total":463,"voted":463,"spoiled":0,"yays":394,"nays":69},{"committee":"УИК №546","vibid":"4164052340406","voters":516,"total":446,"voted":446,"spoiled":0,"yays":379,"nays":67},{"committee":"УИК №547","vibid":"4164052340407","voters":373,"total":306,"voted":306,"spoiled":4,"yays":253,"nays":49},{"committee":"УИК №548","vibid":"4164052340408","voters":238,"total":208,"voted":208,"spoiled":0,"yays":175,"nays":33},{"committee":"УИК №549","vibid":"4164052340409","voters":404,"total":362,"voted":362,"spoiled":5,"yays":339,"nays":18},{"committee":"УИК №550","vibid":"4164052340410","voters":136,"total":129,"voted":129,"spoiled":0,"yays":123,"nays":6},{"committee":"УИК №551","vibid":"4164052340411","voters":422,"total":370,"voted":370,"spoiled":0,"yays":340,"nays":30},{"committee":"УИК №552","vibid":"4164052340412","voters":167,"total":155,"voted":155,"spoiled":0,"yays":135,"nays":20},{"committee":"УИК №553","vibid":"4164052340413","voters":585,"total":442,"voted":442,"spoiled":5,"yays":409,"nays":28},{"committee":"УИК №554","vibid":"4164052340414","voters":211,"total":189,"voted":189,"spoiled":2,"yays":168,"nays":19},{"committee":"УИК №555","vibid":"4164052340415","voters":442,"total":421,"voted":421,"spoiled":0,"yays":360,"nays":61},{"committee":"УИК №556","vibid":"4164052340416","voters":446,"total":425,"voted":425,"spoiled":0,"yays":362,"nays":63},{"committee":"УИК №557","vibid":"4164052340417","voters":176,"total":172,"voted":172,"spoiled":0,"yays":167,"nays":5},{"committee":"УИК №558","vibid":"4164052340418","voters":286,"total":266,"voted":266,"spoiled":0,"yays":225,"nays":41},{"committee":"УИК №559","vibid":"4164052340419","voters":240,"total":214,"voted":214,"spoiled":1,"yays":195,"nays":18},{"committee":"УИК №560","vibid":"4164052340420","voters":1018,"total":921,"voted":921,"spoiled":0,"yays":792,"nays":129},{"committee":"УИК №561","vibid":"4164052340421","voters":461,"total":407,"voted":407,"spoiled":27,"yays":355,"nays":25},{"committee":"УИК №562","vibid":"4164052340422","voters":129,"total":120,"voted":120,"spoiled":0,"yays":118,"nays":2},{"committee":"УИК №563","vibid":"4164052340423","voters":189,"total":172,"voted":172,"spoiled":0,"yays":160,"nays":12},{"committee":"УИК №564","vibid":"4164052340424","voters":565,"total":490,"voted":490,"spoiled":3,"yays":400,"nays":87},{"committee":"УИК №565","vibid":"4164052340425","voters":83,"total":81,"voted":81,"spoiled":0,"yays":79,"nays":2},{"committee":"УИК №566","vibid":"4164052340426","voters":316,"total":290,"voted":290,"spoiled":1,"yays":247,"nays":42},{"committee":"УИК №567","vibid":"4164052340427","voters":127,"total":124,"voted":124,"spoiled":0,"yays":121,"nays":3},{"committee":"УИК №568","vibid":"4164052340428","voters":280,"total":254,"voted":254,"spoiled":0,"yays":223,"nays":31},{"committee":"УИК №569","vibid":"4164052340429","voters":244,"total":215,"voted":215,"spoiled":0,"yays":188,"nays":27}]