[{"committee":"УИК №1734","vibid":"4164031381088","voters":404,"total":400,"voted":400,"spoiled":0,"yays":389,"nays":11},{"committee":"УИК №1735","vibid":"4164031381089","voters":542,"total":531,"voted":531,"spoiled":0,"yays":476,"nays":55},{"committee":"УИК №1736","vibid":"4164031381090","voters":301,"total":287,"voted":287,"spoiled":0,"yays":246,"nays":41},{"committee":"УИК №1737","vibid":"4164031381091","voters":583,"total":571,"voted":571,"spoiled":0,"yays":500,"nays":71},{"committee":"УИК №1738","vibid":"4164031381092","voters":236,"total":226,"voted":226,"spoiled":0,"yays":203,"nays":23},{"committee":"УИК №1739","vibid":"4164031381093","voters":183,"total":178,"voted":178,"spoiled":0,"yays":160,"nays":18},{"committee":"УИК №1740","vibid":"4164031381094","voters":772,"total":742,"voted":742,"spoiled":3,"yays":631,"nays":108},{"committee":"УИК №1741","vibid":"4164031381095","voters":692,"total":671,"voted":671,"spoiled":11,"yays":589,"nays":71},{"committee":"УИК №1742","vibid":"4164031381096","voters":151,"total":148,"voted":148,"spoiled":3,"yays":125,"nays":20},{"committee":"УИК №1743","vibid":"4164031381097","voters":90,"total":85,"voted":85,"spoiled":0,"yays":74,"nays":11},{"committee":"УИК №1744","vibid":"4164031381098","voters":213,"total":208,"voted":208,"spoiled":0,"yays":190,"nays":18},{"committee":"УИК №1745","vibid":"4164031381099","voters":355,"total":349,"voted":349,"spoiled":0,"yays":299,"nays":50},{"committee":"УИК №1746","vibid":"4164031381100","voters":657,"total":610,"voted":610,"spoiled":0,"yays":524,"nays":86},{"committee":"УИК №1747","vibid":"4164031381101","voters":108,"total":106,"voted":106,"spoiled":0,"yays":92,"nays":14},{"committee":"УИК №1748","vibid":"4164031381102","voters":934,"total":730,"voted":730,"spoiled":11,"yays":625,"nays":94},{"committee":"УИК №1749","vibid":"4164031381103","voters":209,"total":190,"voted":190,"spoiled":0,"yays":165,"nays":25},{"committee":"УИК №1750","vibid":"4164031381104","voters":1055,"total":907,"voted":907,"spoiled":0,"yays":725,"nays":182},{"committee":"УИК №1751","vibid":"4164031381105","voters":950,"total":862,"voted":862,"spoiled":2,"yays":733,"nays":127},{"committee":"УИК №1752","vibid":"4164031381106","voters":1302,"total":1126,"voted":1126,"spoiled":0,"yays":957,"nays":169},{"committee":"УИК №1753","vibid":"4164031381107","voters":1356,"total":1153,"voted":1153,"spoiled":0,"yays":1027,"nays":126},{"committee":"УИК №1754","vibid":"4164031381108","voters":1123,"total":1098,"voted":1097,"spoiled":0,"yays":1007,"nays":90},{"committee":"УИК №1755","vibid":"4164031381109","voters":1269,"total":1000,"voted":1000,"spoiled":2,"yays":899,"nays":99},{"committee":"УИК №1756","vibid":"4164031381110","voters":1216,"total":1079,"voted":1079,"spoiled":0,"yays":896,"nays":183},{"committee":"УИК №1757","vibid":"4164031381111","voters":1210,"total":1012,"voted":1012,"spoiled":4,"yays":875,"nays":133},{"committee":"УИК №1758","vibid":"4164031381112","voters":1203,"total":984,"voted":984,"spoiled":1,"yays":743,"nays":240},{"committee":"УИК №1759","vibid":"4164031381113","voters":2048,"total":914,"voted":914,"spoiled":134,"yays":504,"nays":276},{"committee":"УИК №1760","vibid":"4164031381114","voters":1012,"total":912,"voted":912,"spoiled":9,"yays":784,"nays":119},{"committee":"УИК №1761","vibid":"4164031381115","voters":896,"total":856,"voted":856,"spoiled":0,"yays":810,"nays":46},{"committee":"УИК №1762","vibid":"4164031381116","voters":704,"total":650,"voted":650,"spoiled":4,"yays":559,"nays":87},{"committee":"УИК №1763","vibid":"4164031381117","voters":1605,"total":1493,"voted":1493,"spoiled":14,"yays":1332,"nays":147},{"committee":"УИК №1764","vibid":"4164031381118","voters":454,"total":410,"voted":410,"spoiled":4,"yays":348,"nays":58},{"committee":"УИК №1765","vibid":"4164031381119","voters":643,"total":564,"voted":564,"spoiled":3,"yays":493,"nays":68},{"committee":"УИК №1766","vibid":"4164031381120","voters":254,"total":225,"voted":225,"spoiled":3,"yays":200,"nays":22},{"committee":"УИК №1767","vibid":"4164031381121","voters":410,"total":390,"voted":390,"spoiled":0,"yays":335,"nays":55},{"committee":"УИК №1768","vibid":"4164031381122","voters":544,"total":539,"voted":539,"spoiled":0,"yays":533,"nays":6},{"committee":"УИК №1769","vibid":"4164031381123","voters":537,"total":501,"voted":501,"spoiled":0,"yays":435,"nays":66},{"committee":"УИК №1770","vibid":"4164031381124","voters":258,"total":249,"voted":249,"spoiled":0,"yays":214,"nays":35},{"committee":"УИК №1771","vibid":"4164031381125","voters":514,"total":511,"voted":511,"spoiled":0,"yays":454,"nays":57},{"committee":"УИК №1772","vibid":"4164031381126","voters":296,"total":286,"voted":286,"spoiled":0,"yays":246,"nays":40},{"committee":"УИК №1773","vibid":"4164031381127","voters":614,"total":600,"voted":600,"spoiled":0,"yays":519,"nays":81},{"committee":"УИК №1774","vibid":"4164031381128","voters":163,"total":160,"voted":160,"spoiled":0,"yays":139,"nays":21},{"committee":"УИК №1775","vibid":"4164031381129","voters":1120,"total":1079,"voted":1079,"spoiled":2,"yays":1053,"nays":24},{"committee":"УИК №1776","vibid":"4164031381130","voters":233,"total":228,"voted":228,"spoiled":0,"yays":201,"nays":27},{"committee":"УИК №1777","vibid":"4164031381131","voters":101,"total":99,"voted":99,"spoiled":0,"yays":87,"nays":12},{"committee":"УИК №1778","vibid":"4164031381132","voters":548,"total":509,"voted":509,"spoiled":0,"yays":443,"nays":66},{"committee":"УИК №1779","vibid":"4164031381133","voters":653,"total":602,"voted":602,"spoiled":0,"yays":524,"nays":78},{"committee":"УИК №1780","vibid":"4164031381134","voters":819,"total":761,"voted":761,"spoiled":0,"yays":666,"nays":95},{"committee":"УИК №1781","vibid":"4164031381135","voters":1187,"total":1115,"voted":1115,"spoiled":5,"yays":992,"nays":118},{"committee":"УИК №1782","vibid":"4164031381136","voters":586,"total":571,"voted":571,"spoiled":0,"yays":543,"nays":28},{"committee":"УИК №1783","vibid":"4164031381137","voters":904,"total":855,"voted":855,"spoiled":8,"yays":785,"nays":62},{"committee":"УИК №1784","vibid":"4164031381138","voters":988,"total":915,"voted":915,"spoiled":0,"yays":787,"nays":128},{"committee":"УИК №1785","vibid":"4164031381139","voters":767,"total":720,"voted":720,"spoiled":2,"yays":655,"nays":63},{"committee":"УИК №1786","vibid":"4164031381140","voters":668,"total":626,"voted":626,"spoiled":2,"yays":541,"nays":83},{"committee":"УИК №2828","vibid":"4164031381400","voters":23,"total":22,"voted":22,"spoiled":0,"yays":18,"nays":4}]