[{"committee":"УИК №600","vibid":"4144030225050","voters":124,"total":78,"voted":78,"spoiled":0,"yays":43,"nays":35},{"committee":"УИК №601","vibid":"4144030225051","voters":210,"total":148,"voted":148,"spoiled":1,"yays":103,"nays":44},{"committee":"УИК №602","vibid":"4144030225052","voters":85,"total":74,"voted":74,"spoiled":1,"yays":49,"nays":24},{"committee":"УИК №603","vibid":"4144030225053","voters":715,"total":438,"voted":437,"spoiled":5,"yays":232,"nays":200},{"committee":"УИК №604","vibid":"4144030225054","voters":744,"total":386,"voted":386,"spoiled":1,"yays":226,"nays":159},{"committee":"УИК №605","vibid":"4144030225055","voters":648,"total":325,"voted":325,"spoiled":6,"yays":208,"nays":111},{"committee":"УИК №606","vibid":"4144030225056","voters":664,"total":392,"voted":392,"spoiled":2,"yays":217,"nays":173},{"committee":"УИК №607","vibid":"4144030225057","voters":307,"total":188,"voted":188,"spoiled":0,"yays":129,"nays":59},{"committee":"УИК №608","vibid":"4144030225058","voters":1026,"total":515,"voted":515,"spoiled":6,"yays":432,"nays":77},{"committee":"УИК №609","vibid":"4144030225059","voters":407,"total":217,"voted":217,"spoiled":0,"yays":155,"nays":62},{"committee":"УИК №610","vibid":"4144030225060","voters":48,"total":32,"voted":32,"spoiled":0,"yays":21,"nays":11},{"committee":"УИК №611","vibid":"4144030225061","voters":716,"total":463,"voted":463,"spoiled":5,"yays":297,"nays":161},{"committee":"УИК №612","vibid":"4144030225062","voters":233,"total":178,"voted":178,"spoiled":1,"yays":119,"nays":58},{"committee":"УИК №613","vibid":"4144030225063","voters":207,"total":166,"voted":166,"spoiled":0,"yays":138,"nays":28},{"committee":"УИК №614","vibid":"4144030225064","voters":146,"total":109,"voted":109,"spoiled":0,"yays":71,"nays":38}]