[{"committee":"УИК №85","vibid":"4154006175983","voters":1414,"total":1136,"voted":1136,"spoiled":0,"yays":1022,"nays":114},{"committee":"УИК №86","vibid":"4154006175984","voters":1032,"total":836,"voted":836,"spoiled":0,"yays":679,"nays":157},{"committee":"УИК №87","vibid":"4154006175985","voters":978,"total":804,"voted":804,"spoiled":0,"yays":721,"nays":83},{"committee":"УИК №88","vibid":"4154006175986","voters":2104,"total":1788,"voted":1788,"spoiled":0,"yays":1455,"nays":333},{"committee":"УИК №89","vibid":"4154006175987","voters":2279,"total":1960,"voted":1960,"spoiled":3,"yays":1745,"nays":212},{"committee":"УИК №90","vibid":"4154006175988","voters":2109,"total":1780,"voted":1780,"spoiled":13,"yays":1642,"nays":125},{"committee":"УИК №91","vibid":"4154006175989","voters":2190,"total":1841,"voted":1841,"spoiled":0,"yays":1639,"nays":202},{"committee":"УИК №92","vibid":"4154006175990","voters":929,"total":750,"voted":750,"spoiled":0,"yays":664,"nays":86},{"committee":"УИК №93","vibid":"4154006175991","voters":1416,"total":1119,"voted":1119,"spoiled":0,"yays":998,"nays":121},{"committee":"УИК №94","vibid":"4154006175992","voters":1657,"total":1410,"voted":1410,"spoiled":4,"yays":1227,"nays":179},{"committee":"УИК №95","vibid":"4154006175993","voters":1745,"total":1490,"voted":1490,"spoiled":0,"yays":1328,"nays":162},{"committee":"УИК №96","vibid":"4154006175994","voters":725,"total":638,"voted":638,"spoiled":0,"yays":569,"nays":69},{"committee":"УИК №97","vibid":"4154006175995","voters":392,"total":338,"voted":338,"spoiled":0,"yays":292,"nays":46}]