[{"committee":"УИК №391","vibid":"4144020132692","voters":1298,"total":866,"voted":866,"spoiled":7,"yays":692,"nays":167},{"committee":"УИК №392","vibid":"4144020132693","voters":573,"total":318,"voted":318,"spoiled":1,"yays":258,"nays":59},{"committee":"УИК №393","vibid":"4144020132694","voters":552,"total":396,"voted":396,"spoiled":1,"yays":344,"nays":51},{"committee":"УИК №394","vibid":"4144020132695","voters":462,"total":310,"voted":310,"spoiled":1,"yays":262,"nays":47},{"committee":"УИК №395","vibid":"4144020132696","voters":149,"total":107,"voted":107,"spoiled":1,"yays":97,"nays":9}]