[{"committee":"УИК №564","vibid":"4144029293672","voters":1206,"total":658,"voted":658,"spoiled":9,"yays":338,"nays":311},{"committee":"УИК №565","vibid":"4144029293673","voters":863,"total":517,"voted":517,"spoiled":10,"yays":270,"nays":237},{"committee":"УИК №566","vibid":"4144029293674","voters":803,"total":396,"voted":396,"spoiled":5,"yays":207,"nays":184},{"committee":"УИК №567","vibid":"4144029293675","voters":927,"total":535,"voted":535,"spoiled":2,"yays":301,"nays":232},{"committee":"УИК №568","vibid":"4144029293676","voters":543,"total":330,"voted":330,"spoiled":2,"yays":166,"nays":162},{"committee":"УИК №569","vibid":"4144029293677","voters":477,"total":356,"voted":356,"spoiled":3,"yays":206,"nays":147},{"committee":"УИК №570","vibid":"4144029293678","voters":364,"total":257,"voted":257,"spoiled":2,"yays":133,"nays":122},{"committee":"УИК №571","vibid":"4144029293679","voters":61,"total":59,"voted":59,"spoiled":0,"yays":38,"nays":21},{"committee":"УИК №572","vibid":"4144029293680","voters":544,"total":435,"voted":435,"spoiled":1,"yays":290,"nays":144},{"committee":"УИК №573","vibid":"4144029293681","voters":143,"total":122,"voted":122,"spoiled":2,"yays":70,"nays":50},{"committee":"УИК №574","vibid":"4144029293682","voters":553,"total":370,"voted":370,"spoiled":4,"yays":230,"nays":136},{"committee":"УИК №575","vibid":"4144029293683","voters":497,"total":347,"voted":347,"spoiled":1,"yays":184,"nays":162},{"committee":"УИК №576","vibid":"4144029293684","voters":193,"total":150,"voted":150,"spoiled":4,"yays":110,"nays":36},{"committee":"УИК №577","vibid":"4144029293685","voters":163,"total":137,"voted":137,"spoiled":1,"yays":102,"nays":34},{"committee":"УИК №578","vibid":"4144029293686","voters":308,"total":251,"voted":251,"spoiled":1,"yays":189,"nays":61},{"committee":"УИК №579","vibid":"4144029293687","voters":439,"total":317,"voted":317,"spoiled":0,"yays":193,"nays":124},{"committee":"УИК №580","vibid":"4144029293688","voters":221,"total":188,"voted":188,"spoiled":0,"yays":111,"nays":77},{"committee":"УИК №581","vibid":"4144029293689","voters":786,"total":463,"voted":463,"spoiled":8,"yays":209,"nays":246},{"committee":"УИК №582","vibid":"4144029293690","voters":347,"total":236,"voted":236,"spoiled":1,"yays":126,"nays":109},{"committee":"УИК №583","vibid":"4144029293691","voters":90,"total":80,"voted":80,"spoiled":2,"yays":46,"nays":32},{"committee":"УИК №584","vibid":"4144029293692","voters":415,"total":326,"voted":326,"spoiled":1,"yays":244,"nays":81},{"committee":"УИК №585","vibid":"4144029293693","voters":66,"total":62,"voted":62,"spoiled":0,"yays":52,"nays":10},{"committee":"УИК №586","vibid":"4144029293694","voters":85,"total":69,"voted":69,"spoiled":0,"yays":25,"nays":44},{"committee":"УИК №587","vibid":"4144029293695","voters":255,"total":217,"voted":217,"spoiled":0,"yays":127,"nays":90},{"committee":"УИК №588","vibid":"4144029293696","voters":41,"total":38,"voted":38,"spoiled":0,"yays":32,"nays":6},{"committee":"УИК №589","vibid":"4144029293697","voters":756,"total":515,"voted":515,"spoiled":0,"yays":332,"nays":183},{"committee":"УИК №590","vibid":"4144029293698","voters":285,"total":246,"voted":246,"spoiled":0,"yays":138,"nays":108},{"committee":"УИК №591","vibid":"4144029293699","voters":381,"total":307,"voted":307,"spoiled":3,"yays":155,"nays":149},{"committee":"УИК №592","vibid":"4144029293700","voters":355,"total":262,"voted":262,"spoiled":2,"yays":155,"nays":105},{"committee":"УИК №593","vibid":"4144029293701","voters":615,"total":439,"voted":439,"spoiled":3,"yays":279,"nays":157},{"committee":"УИК №594","vibid":"4144029293702","voters":214,"total":167,"voted":167,"spoiled":1,"yays":109,"nays":57},{"committee":"УИК №595","vibid":"4144029293703","voters":188,"total":127,"voted":127,"spoiled":2,"yays":64,"nays":61},{"committee":"УИК №596","vibid":"4144029293704","voters":595,"total":455,"voted":455,"spoiled":2,"yays":278,"nays":175},{"committee":"УИК №597","vibid":"4144029293705","voters":29,"total":22,"voted":22,"spoiled":1,"yays":13,"nays":8},{"committee":"УИК №598","vibid":"4144029293706","voters":313,"total":212,"voted":212,"spoiled":3,"yays":145,"nays":64},{"committee":"УИК №599","vibid":"4144029293707","voters":388,"total":279,"voted":279,"spoiled":4,"yays":156,"nays":119}]