[{"committee":"УИК №292","vibid":"4104008299183","voters":2391,"total":1068,"voted":1068,"spoiled":8,"yays":756,"nays":304},{"committee":"УИК №293","vibid":"4104008299184","voters":1631,"total":741,"voted":740,"spoiled":5,"yays":531,"nays":204},{"committee":"УИК №294","vibid":"4104008299185","voters":1493,"total":768,"voted":768,"spoiled":11,"yays":537,"nays":220},{"committee":"УИК №295","vibid":"4104008299186","voters":1472,"total":595,"voted":595,"spoiled":4,"yays":423,"nays":168},{"committee":"УИК №296","vibid":"4104008299187","voters":1456,"total":725,"voted":725,"spoiled":5,"yays":486,"nays":234},{"committee":"УИК №297","vibid":"4104008299188","voters":1541,"total":743,"voted":743,"spoiled":5,"yays":499,"nays":239},{"committee":"УИК №298","vibid":"4104008299189","voters":1619,"total":716,"voted":716,"spoiled":3,"yays":466,"nays":247},{"committee":"УИК №299","vibid":"4104008299190","voters":2254,"total":972,"voted":972,"spoiled":9,"yays":698,"nays":265},{"committee":"УИК №300","vibid":"4104008299191","voters":1599,"total":546,"voted":546,"spoiled":5,"yays":376,"nays":165},{"committee":"УИК №301","vibid":"4104008299192","voters":454,"total":206,"voted":206,"spoiled":4,"yays":163,"nays":39},{"committee":"УИК №302","vibid":"4104008299193","voters":1690,"total":812,"voted":812,"spoiled":9,"yays":605,"nays":198},{"committee":"УИК №303","vibid":"4104008299194","voters":522,"total":267,"voted":267,"spoiled":2,"yays":205,"nays":60},{"committee":"УИК №304","vibid":"4104008299195","voters":155,"total":108,"voted":108,"spoiled":0,"yays":98,"nays":10},{"committee":"УИК №305","vibid":"4104008299196","voters":330,"total":182,"voted":182,"spoiled":0,"yays":163,"nays":19},{"committee":"УИК №306","vibid":"4104008299197","voters":221,"total":115,"voted":115,"spoiled":0,"yays":109,"nays":6},{"committee":"УИК №307","vibid":"4104008299198","voters":686,"total":282,"voted":282,"spoiled":1,"yays":242,"nays":39},{"committee":"УИК №308","vibid":"4104008299199","voters":230,"total":129,"voted":129,"spoiled":1,"yays":105,"nays":23},{"committee":"УИК №309","vibid":"4104008299200","voters":206,"total":136,"voted":136,"spoiled":0,"yays":97,"nays":39},{"committee":"УИК №310","vibid":"4104008299201","voters":187,"total":131,"voted":131,"spoiled":0,"yays":113,"nays":18},{"committee":"УИК №311","vibid":"4104008299202","voters":797,"total":293,"voted":293,"spoiled":2,"yays":250,"nays":41},{"committee":"УИК №312","vibid":"4104008299203","voters":256,"total":117,"voted":117,"spoiled":0,"yays":101,"nays":16},{"committee":"УИК №313","vibid":"4104008299204","voters":162,"total":103,"voted":103,"spoiled":0,"yays":98,"nays":5},{"committee":"УИК №314","vibid":"4104008299205","voters":1071,"total":598,"voted":598,"spoiled":4,"yays":496,"nays":98},{"committee":"УИК №315","vibid":"4104008299206","voters":1101,"total":586,"voted":586,"spoiled":16,"yays":481,"nays":89},{"committee":"УИК №316","vibid":"4104008299207","voters":214,"total":129,"voted":129,"spoiled":1,"yays":101,"nays":27},{"committee":"УИК №317","vibid":"4104008299208","voters":1197,"total":625,"voted":625,"spoiled":7,"yays":504,"nays":114},{"committee":"УИК №318","vibid":"4104008299209","voters":502,"total":271,"voted":271,"spoiled":3,"yays":245,"nays":23},{"committee":"УИК №319","vibid":"4104008300100","voters":75,"total":74,"voted":74,"spoiled":1,"yays":45,"nays":28},{"committee":"УИК №320","vibid":"4104008301028","voters":33,"total":32,"voted":32,"spoiled":0,"yays":24,"nays":8}]