[{"committee":"УИК №824","vibid":"4164053452363","voters":1401,"total":1232,"voted":1232,"spoiled":12,"yays":976,"nays":244},{"committee":"УИК №825","vibid":"4164053452364","voters":1148,"total":1030,"voted":1030,"spoiled":0,"yays":999,"nays":31},{"committee":"УИК №826","vibid":"4164053452365","voters":445,"total":425,"voted":425,"spoiled":5,"yays":349,"nays":71},{"committee":"УИК №827","vibid":"4164053452366","voters":242,"total":218,"voted":218,"spoiled":4,"yays":192,"nays":22},{"committee":"УИК №828","vibid":"4164053452367","voters":259,"total":234,"voted":234,"spoiled":0,"yays":185,"nays":49},{"committee":"УИК №829","vibid":"4164053452368","voters":246,"total":240,"voted":240,"spoiled":0,"yays":225,"nays":15},{"committee":"УИК №830","vibid":"4164053452369","voters":618,"total":567,"voted":567,"spoiled":4,"yays":520,"nays":43},{"committee":"УИК №831","vibid":"4164053452370","voters":339,"total":310,"voted":310,"spoiled":3,"yays":271,"nays":36},{"committee":"УИК №832","vibid":"4164053452371","voters":116,"total":106,"voted":106,"spoiled":0,"yays":85,"nays":21},{"committee":"УИК №833","vibid":"4164053452372","voters":249,"total":213,"voted":213,"spoiled":3,"yays":191,"nays":19},{"committee":"УИК №834","vibid":"4164053452373","voters":289,"total":267,"voted":267,"spoiled":0,"yays":214,"nays":53},{"committee":"УИК №835","vibid":"4164053452374","voters":602,"total":549,"voted":549,"spoiled":5,"yays":502,"nays":42},{"committee":"УИК №836","vibid":"4164053452375","voters":824,"total":752,"voted":752,"spoiled":0,"yays":672,"nays":80},{"committee":"УИК №837","vibid":"4164053452376","voters":621,"total":569,"voted":569,"spoiled":0,"yays":528,"nays":41},{"committee":"УИК №838","vibid":"4164053452377","voters":390,"total":372,"voted":372,"spoiled":5,"yays":285,"nays":82},{"committee":"УИК №839","vibid":"4164053452378","voters":1443,"total":796,"voted":796,"spoiled":11,"yays":585,"nays":200},{"committee":"УИК №840","vibid":"4164053452379","voters":504,"total":427,"voted":427,"spoiled":5,"yays":396,"nays":26},{"committee":"УИК №841","vibid":"4164053452380","voters":407,"total":367,"voted":367,"spoiled":3,"yays":265,"nays":99},{"committee":"УИК №842","vibid":"4164053452381","voters":129,"total":117,"voted":117,"spoiled":2,"yays":81,"nays":34},{"committee":"УИК №843","vibid":"4164053452382","voters":675,"total":623,"voted":623,"spoiled":20,"yays":432,"nays":171},{"committee":"УИК №844","vibid":"4164053452383","voters":404,"total":346,"voted":346,"spoiled":1,"yays":277,"nays":68},{"committee":"УИК №845","vibid":"4164053452384","voters":395,"total":349,"voted":349,"spoiled":4,"yays":319,"nays":26},{"committee":"УИК №846","vibid":"4164053452385","voters":1426,"total":1382,"voted":1382,"spoiled":13,"yays":1086,"nays":283},{"committee":"УИК №847","vibid":"4164053452386","voters":1643,"total":1426,"voted":1426,"spoiled":28,"yays":922,"nays":476},{"committee":"УИК №848","vibid":"4164053452387","voters":481,"total":478,"voted":478,"spoiled":0,"yays":428,"nays":50},{"committee":"УИК №849","vibid":"4164053452388","voters":555,"total":500,"voted":500,"spoiled":4,"yays":446,"nays":50},{"committee":"УИК №850","vibid":"4164053452389","voters":770,"total":704,"voted":704,"spoiled":6,"yays":630,"nays":68},{"committee":"УИК №851","vibid":"4164053452390","voters":546,"total":499,"voted":499,"spoiled":0,"yays":474,"nays":25},{"committee":"УИК №852","vibid":"4164053452391","voters":572,"total":520,"voted":520,"spoiled":0,"yays":495,"nays":25},{"committee":"УИК №853","vibid":"4164053452392","voters":659,"total":609,"voted":609,"spoiled":5,"yays":530,"nays":74},{"committee":"УИК №854","vibid":"4164053452393","voters":553,"total":519,"voted":519,"spoiled":5,"yays":432,"nays":82},{"committee":"УИК №855","vibid":"4164053452394","voters":158,"total":150,"voted":150,"spoiled":0,"yays":134,"nays":16},{"committee":"УИК №856","vibid":"4164053452395","voters":1129,"total":1033,"voted":1033,"spoiled":3,"yays":878,"nays":152},{"committee":"УИК №857","vibid":"4164053452396","voters":616,"total":561,"voted":561,"spoiled":3,"yays":453,"nays":105},{"committee":"УИК №858","vibid":"4164053452397","voters":770,"total":699,"voted":699,"spoiled":12,"yays":587,"nays":100},{"committee":"УИК №859","vibid":"4164053452398","voters":1630,"total":1418,"voted":1418,"spoiled":5,"yays":1130,"nays":283},{"committee":"УИК №860","vibid":"4164053452399","voters":1443,"total":1201,"voted":1201,"spoiled":2,"yays":1089,"nays":110},{"committee":"УИК №861","vibid":"4164053452400","voters":117,"total":113,"voted":113,"spoiled":1,"yays":105,"nays":7},{"committee":"УИК №862","vibid":"4164053452401","voters":362,"total":349,"voted":349,"spoiled":0,"yays":311,"nays":38},{"committee":"УИК №863","vibid":"4164053452402","voters":508,"total":461,"voted":461,"spoiled":0,"yays":450,"nays":11},{"committee":"УИК №864","vibid":"4164053452403","voters":144,"total":140,"voted":140,"spoiled":0,"yays":135,"nays":5},{"committee":"УИК №865","vibid":"4164053452404","voters":569,"total":501,"voted":501,"spoiled":2,"yays":401,"nays":98},{"committee":"УИК №866","vibid":"4164053452405","voters":201,"total":181,"voted":181,"spoiled":0,"yays":145,"nays":36},{"committee":"УИК №867","vibid":"4164053452406","voters":598,"total":556,"voted":556,"spoiled":0,"yays":483,"nays":73},{"committee":"УИК №868","vibid":"4164053452407","voters":280,"total":275,"voted":275,"spoiled":0,"yays":260,"nays":15},{"committee":"УИК №869","vibid":"4164053452408","voters":226,"total":217,"voted":217,"spoiled":2,"yays":187,"nays":28},{"committee":"УИК №870","vibid":"4164053452409","voters":834,"total":717,"voted":717,"spoiled":4,"yays":574,"nays":139},{"committee":"УИК №871","vibid":"4164053452410","voters":559,"total":494,"voted":494,"spoiled":2,"yays":395,"nays":97},{"committee":"УИК №872","vibid":"4164053452411","voters":243,"total":213,"voted":213,"spoiled":1,"yays":178,"nays":34},{"committee":"УИК №873","vibid":"4164053452412","voters":506,"total":489,"voted":489,"spoiled":32,"yays":391,"nays":66},{"committee":"УИК №874","vibid":"4164053452413","voters":1785,"total":1619,"voted":1614,"spoiled":22,"yays":1188,"nays":404},{"committee":"УИК №875","vibid":"4164053452414","voters":1589,"total":1454,"voted":1450,"spoiled":26,"yays":1323,"nays":101},{"committee":"УИК №876","vibid":"4164053452415","voters":2398,"total":2077,"voted":2077,"spoiled":10,"yays":1806,"nays":261},{"committee":"УИК №877","vibid":"4164053452416","voters":1591,"total":1445,"voted":1444,"spoiled":7,"yays":1160,"nays":277}]