[{"committee":"УИК №371","vibid":"4104013370989","voters":1778,"total":601,"voted":601,"spoiled":13,"yays":443,"nays":145},{"committee":"УИК №373","vibid":"4104013370990","voters":985,"total":470,"voted":470,"spoiled":4,"yays":348,"nays":118},{"committee":"УИК №374","vibid":"4104013370991","voters":548,"total":350,"voted":350,"spoiled":8,"yays":291,"nays":51},{"committee":"УИК №375","vibid":"4104013370992","voters":3210,"total":1342,"voted":1342,"spoiled":14,"yays":897,"nays":431},{"committee":"УИК №376","vibid":"4104013370993","voters":1354,"total":650,"voted":650,"spoiled":5,"yays":509,"nays":136},{"committee":"УИК №377","vibid":"4104013370994","voters":1910,"total":752,"voted":752,"spoiled":5,"yays":512,"nays":235},{"committee":"УИК №378","vibid":"4104013370995","voters":2206,"total":1266,"voted":1266,"spoiled":18,"yays":991,"nays":257},{"committee":"УИК №379","vibid":"4104013370996","voters":1550,"total":785,"voted":784,"spoiled":8,"yays":470,"nays":306},{"committee":"УИК №380","vibid":"4104013370997","voters":2066,"total":1019,"voted":1019,"spoiled":15,"yays":784,"nays":220},{"committee":"УИК №381","vibid":"4104013370998","voters":293,"total":153,"voted":153,"spoiled":2,"yays":111,"nays":40},{"committee":"УИК №382","vibid":"4104013370999","voters":2214,"total":1195,"voted":1195,"spoiled":8,"yays":919,"nays":268},{"committee":"УИК №383","vibid":"4104013371000","voters":931,"total":370,"voted":370,"spoiled":3,"yays":260,"nays":107},{"committee":"УИК №384","vibid":"4104013371001","voters":1944,"total":1119,"voted":1119,"spoiled":14,"yays":880,"nays":225},{"committee":"УИК №385","vibid":"4104013371002","voters":271,"total":184,"voted":184,"spoiled":2,"yays":142,"nays":40},{"committee":"УИК №386","vibid":"4104013371003","voters":617,"total":350,"voted":350,"spoiled":1,"yays":235,"nays":114},{"committee":"УИК №387","vibid":"4104013371004","voters":972,"total":376,"voted":376,"spoiled":1,"yays":296,"nays":79},{"committee":"УИК №388","vibid":"4104013371005","voters":1016,"total":430,"voted":430,"spoiled":3,"yays":347,"nays":80},{"committee":"УИК №389","vibid":"4104013371006","voters":575,"total":272,"voted":272,"spoiled":8,"yays":192,"nays":72}]