[{"committee":"УИК №140","vibid":"4144010294013","voters":490,"total":247,"voted":247,"spoiled":4,"yays":133,"nays":110},{"committee":"УИК №141","vibid":"4144010294014","voters":941,"total":446,"voted":446,"spoiled":6,"yays":278,"nays":162},{"committee":"УИК №142","vibid":"4144010294015","voters":545,"total":440,"voted":440,"spoiled":0,"yays":264,"nays":176},{"committee":"УИК №143","vibid":"4144010294016","voters":691,"total":349,"voted":349,"spoiled":1,"yays":207,"nays":141},{"committee":"УИК №144","vibid":"4144010294017","voters":789,"total":427,"voted":427,"spoiled":1,"yays":233,"nays":193},{"committee":"УИК №145","vibid":"4144010294018","voters":705,"total":354,"voted":354,"spoiled":3,"yays":204,"nays":147},{"committee":"УИК №146","vibid":"4144010294019","voters":788,"total":429,"voted":429,"spoiled":2,"yays":276,"nays":151},{"committee":"УИК №147","vibid":"4144010294020","voters":1003,"total":550,"voted":550,"spoiled":4,"yays":316,"nays":230},{"committee":"УИК №148","vibid":"4144010294021","voters":716,"total":428,"voted":428,"spoiled":1,"yays":256,"nays":171},{"committee":"УИК №149","vibid":"4144010294022","voters":453,"total":341,"voted":341,"spoiled":3,"yays":214,"nays":124},{"committee":"УИК №150","vibid":"4144010294023","voters":650,"total":225,"voted":225,"spoiled":0,"yays":140,"nays":85},{"committee":"УИК №151","vibid":"4144010294024","voters":639,"total":243,"voted":243,"spoiled":5,"yays":158,"nays":80},{"committee":"УИК №152","vibid":"4144010294025","voters":624,"total":263,"voted":263,"spoiled":2,"yays":177,"nays":84},{"committee":"УИК №153","vibid":"4144010294026","voters":369,"total":239,"voted":239,"spoiled":2,"yays":148,"nays":89},{"committee":"УИК №154","vibid":"4144010294027","voters":265,"total":219,"voted":219,"spoiled":0,"yays":153,"nays":66},{"committee":"УИК №155","vibid":"4144010294028","voters":433,"total":317,"voted":317,"spoiled":3,"yays":222,"nays":92},{"committee":"УИК №156","vibid":"4144010294029","voters":366,"total":280,"voted":280,"spoiled":2,"yays":206,"nays":72},{"committee":"УИК №157","vibid":"4144010294030","voters":353,"total":243,"voted":243,"spoiled":1,"yays":181,"nays":61},{"committee":"УИК №158","vibid":"4144010294031","voters":252,"total":198,"voted":198,"spoiled":0,"yays":120,"nays":78},{"committee":"УИК №159","vibid":"4144010294032","voters":265,"total":227,"voted":227,"spoiled":0,"yays":116,"nays":111},{"committee":"УИК №160","vibid":"4144010294033","voters":329,"total":324,"voted":324,"spoiled":2,"yays":269,"nays":53},{"committee":"УИК №161","vibid":"4144010294034","voters":128,"total":118,"voted":118,"spoiled":0,"yays":71,"nays":47},{"committee":"УИК №162","vibid":"4144010294035","voters":417,"total":375,"voted":375,"spoiled":4,"yays":292,"nays":79},{"committee":"УИК №163","vibid":"4144010294036","voters":234,"total":221,"voted":221,"spoiled":0,"yays":165,"nays":56},{"committee":"УИК №164","vibid":"4144010294037","voters":302,"total":253,"voted":253,"spoiled":3,"yays":169,"nays":81},{"committee":"УИК №165","vibid":"4144010294038","voters":332,"total":287,"voted":287,"spoiled":1,"yays":166,"nays":120},{"committee":"УИК №166","vibid":"4144010294039","voters":355,"total":333,"voted":333,"spoiled":3,"yays":215,"nays":115},{"committee":"УИК №167","vibid":"4144010294040","voters":370,"total":311,"voted":311,"spoiled":4,"yays":230,"nays":77},{"committee":"УИК №168","vibid":"4144010294041","voters":315,"total":287,"voted":287,"spoiled":1,"yays":212,"nays":74},{"committee":"УИК №169","vibid":"4144010294042","voters":475,"total":364,"voted":364,"spoiled":4,"yays":251,"nays":109},{"committee":"УИК №170","vibid":"4144010294043","voters":210,"total":201,"voted":201,"spoiled":2,"yays":166,"nays":33},{"committee":"УИК №171","vibid":"4144010294044","voters":419,"total":347,"voted":347,"spoiled":3,"yays":202,"nays":142},{"committee":"УИК №172","vibid":"4144010294045","voters":647,"total":483,"voted":483,"spoiled":4,"yays":305,"nays":174},{"committee":"УИК №173","vibid":"4144010294046","voters":373,"total":324,"voted":324,"spoiled":3,"yays":235,"nays":86}]