[{"committee":"УИК №2668","vibid":"4164048227847","voters":1061,"total":864,"voted":864,"spoiled":3,"yays":759,"nays":102},{"committee":"УИК №2669","vibid":"4164048227848","voters":920,"total":860,"voted":860,"spoiled":0,"yays":795,"nays":65},{"committee":"УИК №2670","vibid":"4164048227849","voters":1086,"total":1063,"voted":1063,"spoiled":3,"yays":993,"nays":67},{"committee":"УИК №2671","vibid":"4164048227850","voters":176,"total":168,"voted":168,"spoiled":0,"yays":152,"nays":16},{"committee":"УИК №2672","vibid":"4164048227851","voters":497,"total":489,"voted":489,"spoiled":0,"yays":442,"nays":47},{"committee":"УИК №2673","vibid":"4164048227852","voters":245,"total":239,"voted":239,"spoiled":0,"yays":212,"nays":27},{"committee":"УИК №2674","vibid":"4164048227853","voters":148,"total":145,"voted":145,"spoiled":0,"yays":136,"nays":9},{"committee":"УИК №2675","vibid":"4164048227854","voters":482,"total":464,"voted":464,"spoiled":0,"yays":414,"nays":50},{"committee":"УИК №2676","vibid":"4164048227855","voters":480,"total":470,"voted":470,"spoiled":0,"yays":425,"nays":45},{"committee":"УИК №2677","vibid":"4164048227856","voters":291,"total":284,"voted":284,"spoiled":0,"yays":254,"nays":30},{"committee":"УИК №2678","vibid":"4164048227857","voters":466,"total":435,"voted":435,"spoiled":0,"yays":389,"nays":46},{"committee":"УИК №2679","vibid":"4164048227858","voters":268,"total":258,"voted":258,"spoiled":0,"yays":230,"nays":28},{"committee":"УИК №2680","vibid":"4164048227859","voters":326,"total":321,"voted":321,"spoiled":0,"yays":290,"nays":31},{"committee":"УИК №2681","vibid":"4164048227860","voters":545,"total":519,"voted":519,"spoiled":0,"yays":460,"nays":59},{"committee":"УИК №2682","vibid":"4164048227861","voters":579,"total":573,"voted":573,"spoiled":0,"yays":518,"nays":55},{"committee":"УИК №2683","vibid":"4164048227862","voters":364,"total":354,"voted":354,"spoiled":0,"yays":319,"nays":35},{"committee":"УИК №2684","vibid":"4164048227863","voters":336,"total":332,"voted":332,"spoiled":0,"yays":300,"nays":32},{"committee":"УИК №2685","vibid":"4164048227864","voters":379,"total":367,"voted":367,"spoiled":0,"yays":334,"nays":33},{"committee":"УИК №2686","vibid":"4164048227865","voters":158,"total":157,"voted":157,"spoiled":0,"yays":143,"nays":14},{"committee":"УИК №2687","vibid":"4164048227866","voters":287,"total":280,"voted":280,"spoiled":0,"yays":250,"nays":30},{"committee":"УИК №2688","vibid":"4164048227867","voters":405,"total":398,"voted":398,"spoiled":0,"yays":362,"nays":36},{"committee":"УИК №2689","vibid":"4164048227868","voters":355,"total":351,"voted":351,"spoiled":0,"yays":323,"nays":28},{"committee":"УИК №2690","vibid":"4164048227869","voters":223,"total":213,"voted":213,"spoiled":0,"yays":199,"nays":14},{"committee":"УИК №2691","vibid":"4164048227870","voters":323,"total":314,"voted":314,"spoiled":0,"yays":287,"nays":27},{"committee":"УИК №2692","vibid":"4164048227871","voters":96,"total":94,"voted":94,"spoiled":0,"yays":88,"nays":6},{"committee":"УИК №2693","vibid":"4164048227872","voters":192,"total":188,"voted":188,"spoiled":0,"yays":175,"nays":13},{"committee":"УИК №2694","vibid":"4164048227873","voters":91,"total":89,"voted":89,"spoiled":0,"yays":85,"nays":4}]