[{"committee":"УИК №2500","vibid":"4164044333137","voters":330,"total":324,"voted":324,"spoiled":0,"yays":298,"nays":26},{"committee":"УИК №2501","vibid":"4164044333138","voters":355,"total":346,"voted":346,"spoiled":0,"yays":339,"nays":7},{"committee":"УИК №2502","vibid":"4164044333139","voters":744,"total":721,"voted":721,"spoiled":0,"yays":654,"nays":67},{"committee":"УИК №2503","vibid":"4164044333140","voters":322,"total":316,"voted":316,"spoiled":0,"yays":303,"nays":13},{"committee":"УИК №2504","vibid":"4164044333141","voters":353,"total":346,"voted":346,"spoiled":0,"yays":331,"nays":15},{"committee":"УИК №2505","vibid":"4164044333142","voters":207,"total":203,"voted":203,"spoiled":0,"yays":198,"nays":5},{"committee":"УИК №2506","vibid":"4164044333143","voters":430,"total":424,"voted":424,"spoiled":0,"yays":403,"nays":21},{"committee":"УИК №2507","vibid":"4164044333144","voters":391,"total":387,"voted":387,"spoiled":0,"yays":366,"nays":21},{"committee":"УИК №2508","vibid":"4164044333145","voters":394,"total":387,"voted":387,"spoiled":0,"yays":364,"nays":23},{"committee":"УИК №2509","vibid":"4164044333146","voters":221,"total":217,"voted":217,"spoiled":0,"yays":204,"nays":13},{"committee":"УИК №2510","vibid":"4164044333147","voters":193,"total":192,"voted":192,"spoiled":0,"yays":183,"nays":9},{"committee":"УИК №2511","vibid":"4164044333148","voters":313,"total":313,"voted":313,"spoiled":0,"yays":299,"nays":14},{"committee":"УИК №2512","vibid":"4164044333149","voters":449,"total":444,"voted":444,"spoiled":0,"yays":417,"nays":27},{"committee":"УИК №2513","vibid":"4164044333150","voters":395,"total":390,"voted":390,"spoiled":0,"yays":376,"nays":14},{"committee":"УИК №2514","vibid":"4164044333151","voters":407,"total":404,"voted":404,"spoiled":0,"yays":384,"nays":20},{"committee":"УИК №2515","vibid":"4164044333152","voters":343,"total":341,"voted":341,"spoiled":0,"yays":319,"nays":22},{"committee":"УИК №2516","vibid":"4164044333153","voters":909,"total":892,"voted":892,"spoiled":0,"yays":841,"nays":51},{"committee":"УИК №2517","vibid":"4164044333154","voters":166,"total":163,"voted":163,"spoiled":0,"yays":155,"nays":8},{"committee":"УИК №2518","vibid":"4164044333155","voters":266,"total":262,"voted":262,"spoiled":0,"yays":245,"nays":17},{"committee":"УИК №2519","vibid":"4164044333156","voters":115,"total":111,"voted":111,"spoiled":0,"yays":105,"nays":6},{"committee":"УИК №2520","vibid":"4164044333157","voters":447,"total":443,"voted":443,"spoiled":0,"yays":410,"nays":33},{"committee":"УИК №2521","vibid":"4164044333158","voters":165,"total":163,"voted":163,"spoiled":0,"yays":157,"nays":6},{"committee":"УИК №2522","vibid":"4164044333159","voters":325,"total":322,"voted":322,"spoiled":0,"yays":303,"nays":19},{"committee":"УИК №2523","vibid":"4164044333160","voters":163,"total":160,"voted":160,"spoiled":0,"yays":150,"nays":10},{"committee":"УИК №2524","vibid":"4164044333161","voters":398,"total":390,"voted":390,"spoiled":0,"yays":367,"nays":23},{"committee":"УИК №2525","vibid":"4164044333162","voters":668,"total":662,"voted":662,"spoiled":0,"yays":625,"nays":37},{"committee":"УИК №2526","vibid":"4164044333163","voters":287,"total":283,"voted":283,"spoiled":0,"yays":274,"nays":9},{"committee":"УИК №2527","vibid":"4164044333164","voters":251,"total":246,"voted":246,"spoiled":0,"yays":231,"nays":15},{"committee":"УИК №2528","vibid":"4164044333165","voters":279,"total":273,"voted":273,"spoiled":0,"yays":256,"nays":17},{"committee":"УИК №2529","vibid":"4164044333166","voters":566,"total":539,"voted":539,"spoiled":0,"yays":486,"nays":53},{"committee":"УИК №2530","vibid":"4164044333167","voters":1374,"total":1311,"voted":1311,"spoiled":0,"yays":1245,"nays":66},{"committee":"УИК №2531","vibid":"4164044333168","voters":1189,"total":1116,"voted":1116,"spoiled":6,"yays":1013,"nays":97},{"committee":"УИК №2532","vibid":"4164044333169","voters":924,"total":878,"voted":878,"spoiled":0,"yays":834,"nays":44},{"committee":"УИК №2533","vibid":"4164044333170","voters":1395,"total":1325,"voted":1325,"spoiled":0,"yays":1249,"nays":76},{"committee":"УИК №2534","vibid":"4164044333171","voters":182,"total":175,"voted":175,"spoiled":0,"yays":169,"nays":6},{"committee":"УИК №2535","vibid":"4164044333172","voters":1387,"total":1274,"voted":1274,"spoiled":0,"yays":1057,"nays":217},{"committee":"УИК №2536","vibid":"4164044333173","voters":1598,"total":1504,"voted":1504,"spoiled":12,"yays":1240,"nays":252},{"committee":"УИК №2537","vibid":"4164044333174","voters":1447,"total":1306,"voted":1306,"spoiled":0,"yays":1201,"nays":105},{"committee":"УИК №2538","vibid":"4164044333175","voters":1428,"total":1310,"voted":1310,"spoiled":4,"yays":1078,"nays":228},{"committee":"УИК №2539","vibid":"4164044333176","voters":707,"total":644,"voted":644,"spoiled":0,"yays":546,"nays":98},{"committee":"УИК №2540","vibid":"4164044333177","voters":1541,"total":1427,"voted":1427,"spoiled":0,"yays":1178,"nays":249},{"committee":"УИК №2541","vibid":"4164044333178","voters":1289,"total":1186,"voted":1186,"spoiled":0,"yays":978,"nays":208},{"committee":"УИК №2542","vibid":"4164044333179","voters":1443,"total":1314,"voted":1314,"spoiled":7,"yays":1106,"nays":201}]