[{"committee":"УИК №396","vibid":"4144021227478","voters":774,"total":358,"voted":358,"spoiled":2,"yays":187,"nays":169},{"committee":"УИК №397","vibid":"4144021227479","voters":838,"total":422,"voted":422,"spoiled":3,"yays":272,"nays":147},{"committee":"УИК №398","vibid":"4144021227480","voters":930,"total":471,"voted":471,"spoiled":2,"yays":255,"nays":214},{"committee":"УИК №399","vibid":"4144021227481","voters":556,"total":295,"voted":295,"spoiled":3,"yays":142,"nays":150},{"committee":"УИК №400","vibid":"4144021227482","voters":853,"total":396,"voted":396,"spoiled":3,"yays":234,"nays":159},{"committee":"УИК №401","vibid":"4144021227483","voters":1103,"total":551,"voted":551,"spoiled":4,"yays":289,"nays":258},{"committee":"УИК №402","vibid":"4144021227484","voters":715,"total":342,"voted":342,"spoiled":2,"yays":161,"nays":179},{"committee":"УИК №403","vibid":"4144021227485","voters":632,"total":355,"voted":355,"spoiled":4,"yays":202,"nays":149},{"committee":"УИК №404","vibid":"4144021227486","voters":517,"total":260,"voted":260,"spoiled":2,"yays":178,"nays":80},{"committee":"УИК №405","vibid":"4144021227487","voters":529,"total":243,"voted":243,"spoiled":0,"yays":120,"nays":123},{"committee":"УИК №406","vibid":"4144021227488","voters":2072,"total":1178,"voted":1178,"spoiled":3,"yays":627,"nays":548},{"committee":"УИК №407","vibid":"4144021227489","voters":88,"total":62,"voted":62,"spoiled":1,"yays":28,"nays":33},{"committee":"УИК №408","vibid":"4144021227490","voters":258,"total":213,"voted":213,"spoiled":1,"yays":134,"nays":78},{"committee":"УИК №409","vibid":"4144021227491","voters":287,"total":242,"voted":242,"spoiled":1,"yays":124,"nays":117},{"committee":"УИК №410","vibid":"4144021227492","voters":671,"total":468,"voted":468,"spoiled":6,"yays":284,"nays":178},{"committee":"УИК №412","vibid":"4144021227493","voters":402,"total":317,"voted":317,"spoiled":1,"yays":202,"nays":114},{"committee":"УИК №413","vibid":"4144021227494","voters":576,"total":446,"voted":446,"spoiled":1,"yays":238,"nays":207},{"committee":"УИК №414","vibid":"4144021227495","voters":258,"total":256,"voted":256,"spoiled":2,"yays":136,"nays":118},{"committee":"УИК №415","vibid":"4144021227496","voters":162,"total":125,"voted":125,"spoiled":0,"yays":85,"nays":40},{"committee":"УИК №416","vibid":"4144021227497","voters":526,"total":365,"voted":365,"spoiled":3,"yays":214,"nays":148},{"committee":"УИК №417","vibid":"4144021227498","voters":520,"total":401,"voted":401,"spoiled":1,"yays":241,"nays":159},{"committee":"УИК №418","vibid":"4144021227499","voters":316,"total":268,"voted":268,"spoiled":4,"yays":166,"nays":98},{"committee":"УИК №420","vibid":"4144021227500","voters":324,"total":271,"voted":271,"spoiled":1,"yays":191,"nays":79},{"committee":"УИК №421","vibid":"4144021227501","voters":100,"total":97,"voted":97,"spoiled":0,"yays":78,"nays":19},{"committee":"УИК №422","vibid":"4144021227502","voters":627,"total":419,"voted":419,"spoiled":0,"yays":217,"nays":202},{"committee":"УИК №423","vibid":"4144021227503","voters":489,"total":351,"voted":351,"spoiled":2,"yays":209,"nays":140},{"committee":"УИК №424","vibid":"4144021227504","voters":337,"total":224,"voted":224,"spoiled":0,"yays":121,"nays":103},{"committee":"УИК №425","vibid":"4144021227505","voters":355,"total":253,"voted":253,"spoiled":0,"yays":144,"nays":109},{"committee":"УИК №426","vibid":"4144021227506","voters":1140,"total":843,"voted":842,"spoiled":8,"yays":462,"nays":372},{"committee":"УИК №427","vibid":"4144021227507","voters":361,"total":247,"voted":247,"spoiled":2,"yays":130,"nays":115},{"committee":"УИК №812","vibid":"4144021227591","voters":887,"total":654,"voted":654,"spoiled":10,"yays":230,"nays":414}]