[{"committee":"УИК №330","vibid":"4124008283559","voters":2568,"total":1158,"voted":1158,"spoiled":5,"yays":694,"nays":459},{"committee":"УИК №331","vibid":"4124008283560","voters":1290,"total":660,"voted":660,"spoiled":5,"yays":495,"nays":160},{"committee":"УИК №332","vibid":"4124008283561","voters":1387,"total":646,"voted":646,"spoiled":0,"yays":517,"nays":129},{"committee":"УИК №333","vibid":"4124008283562","voters":2414,"total":1025,"voted":1025,"spoiled":8,"yays":597,"nays":420},{"committee":"УИК №334","vibid":"4124008283563","voters":1308,"total":647,"voted":647,"spoiled":9,"yays":484,"nays":154},{"committee":"УИК №335","vibid":"4124008283564","voters":1489,"total":777,"voted":777,"spoiled":10,"yays":511,"nays":256},{"committee":"УИК №336","vibid":"4124008283565","voters":2479,"total":1265,"voted":1265,"spoiled":8,"yays":916,"nays":341},{"committee":"УИК №337","vibid":"4124008283566","voters":1443,"total":904,"voted":904,"spoiled":5,"yays":601,"nays":298},{"committee":"УИК №338","vibid":"4124008283567","voters":929,"total":482,"voted":482,"spoiled":0,"yays":366,"nays":116},{"committee":"УИК №339","vibid":"4124008283568","voters":988,"total":632,"voted":632,"spoiled":1,"yays":448,"nays":183},{"committee":"УИК №340","vibid":"4124008283569","voters":1260,"total":972,"voted":972,"spoiled":6,"yays":828,"nays":138},{"committee":"УИК №341","vibid":"4124008283570","voters":632,"total":484,"voted":484,"spoiled":0,"yays":412,"nays":72},{"committee":"УИК №342","vibid":"4124008283571","voters":1085,"total":857,"voted":857,"spoiled":0,"yays":703,"nays":154},{"committee":"УИК №343","vibid":"4124008283572","voters":1456,"total":1242,"voted":1242,"spoiled":0,"yays":1103,"nays":139},{"committee":"УИК №344","vibid":"4124008283573","voters":862,"total":670,"voted":670,"spoiled":6,"yays":508,"nays":156},{"committee":"УИК №345","vibid":"4124008283574","voters":271,"total":168,"voted":168,"spoiled":1,"yays":126,"nays":41},{"committee":"УИК №346","vibid":"4124008283575","voters":223,"total":157,"voted":157,"spoiled":0,"yays":107,"nays":50},{"committee":"УИК №347","vibid":"4124008283576","voters":970,"total":803,"voted":803,"spoiled":0,"yays":728,"nays":75},{"committee":"УИК №348","vibid":"4124008283577","voters":331,"total":284,"voted":284,"spoiled":2,"yays":229,"nays":53},{"committee":"УИК №349","vibid":"4124008283578","voters":2353,"total":1800,"voted":1800,"spoiled":0,"yays":1467,"nays":333},{"committee":"УИК №350","vibid":"4124008283579","voters":510,"total":399,"voted":399,"spoiled":0,"yays":331,"nays":68},{"committee":"УИК №351","vibid":"4124008283580","voters":1368,"total":1097,"voted":1097,"spoiled":8,"yays":891,"nays":198},{"committee":"УИК №352","vibid":"4124008283581","voters":676,"total":475,"voted":475,"spoiled":0,"yays":426,"nays":49},{"committee":"УИК №353","vibid":"4124008283582","voters":221,"total":186,"voted":186,"spoiled":0,"yays":149,"nays":37},{"committee":"УИК №354","vibid":"4124008283583","voters":1418,"total":1148,"voted":1148,"spoiled":10,"yays":938,"nays":200},{"committee":"УИК №355","vibid":"4124008283584","voters":1932,"total":1470,"voted":1470,"spoiled":0,"yays":1177,"nays":293},{"committee":"УИК №356","vibid":"4124008283585","voters":1516,"total":1111,"voted":1111,"spoiled":7,"yays":882,"nays":222},{"committee":"УИК №357","vibid":"4124008283586","voters":1650,"total":873,"voted":873,"spoiled":11,"yays":698,"nays":164},{"committee":"УИК №358","vibid":"4124008283587","voters":842,"total":590,"voted":590,"spoiled":2,"yays":479,"nays":109},{"committee":"УИК №359","vibid":"4124008283588","voters":652,"total":482,"voted":482,"spoiled":2,"yays":413,"nays":67},{"committee":"УИК №360","vibid":"4124008283589","voters":911,"total":695,"voted":695,"spoiled":4,"yays":559,"nays":132},{"committee":"УИК №361","vibid":"4124008283590","voters":369,"total":288,"voted":288,"spoiled":0,"yays":251,"nays":37},{"committee":"УИК №362","vibid":"4124008283591","voters":1240,"total":870,"voted":870,"spoiled":3,"yays":696,"nays":171},{"committee":"УИК №363","vibid":"4124008283592","voters":2148,"total":1640,"voted":1640,"spoiled":4,"yays":1227,"nays":409},{"committee":"УИК №364","vibid":"4124008283593","voters":687,"total":443,"voted":443,"spoiled":0,"yays":390,"nays":53},{"committee":"УИК №365","vibid":"4124008283594","voters":1288,"total":935,"voted":935,"spoiled":7,"yays":738,"nays":190},{"committee":"УИК №366","vibid":"4124008283595","voters":1819,"total":1330,"voted":1330,"spoiled":16,"yays":1083,"nays":231},{"committee":"УИК №367","vibid":"4124008283596","voters":2009,"total":1474,"voted":1474,"spoiled":16,"yays":937,"nays":521},{"committee":"УИК №368","vibid":"4124008283597","voters":1119,"total":839,"voted":839,"spoiled":0,"yays":679,"nays":160},{"committee":"УИК №369","vibid":"4124008283598","voters":203,"total":155,"voted":155,"spoiled":0,"yays":124,"nays":31},{"committee":"УИК №370","vibid":"4124008283599","voters":778,"total":469,"voted":469,"spoiled":13,"yays":358,"nays":98},{"committee":"УИК №371","vibid":"4124008283600","voters":590,"total":447,"voted":447,"spoiled":2,"yays":293,"nays":152},{"committee":"УИК №372","vibid":"4124008283601","voters":296,"total":216,"voted":216,"spoiled":0,"yays":165,"nays":51},{"committee":"УИК №373","vibid":"4124008283602","voters":538,"total":351,"voted":351,"spoiled":2,"yays":284,"nays":65},{"committee":"УИК №374","vibid":"4124008283603","voters":1514,"total":1060,"voted":1060,"spoiled":0,"yays":791,"nays":269},{"committee":"УИК №375","vibid":"4124008283604","voters":313,"total":240,"voted":240,"spoiled":0,"yays":192,"nays":48},{"committee":"УИК №376","vibid":"4124008283605","voters":408,"total":347,"voted":347,"spoiled":2,"yays":284,"nays":61},{"committee":"УИК №377","vibid":"4124008283606","voters":609,"total":470,"voted":470,"spoiled":0,"yays":381,"nays":89},{"committee":"УИК №378","vibid":"4124008283607","voters":1432,"total":1042,"voted":1042,"spoiled":7,"yays":714,"nays":321},{"committee":"УИК №539","vibid":"4124008285558","voters":516,"total":507,"voted":507,"spoiled":7,"yays":435,"nays":65}]