[{"committee":"УИК №255","vibid":"4144015357554","voters":2166,"total":1219,"voted":1219,"spoiled":10,"yays":564,"nays":645},{"committee":"УИК №256","vibid":"4144015357555","voters":1822,"total":983,"voted":983,"spoiled":3,"yays":442,"nays":538},{"committee":"УИК №257","vibid":"4144015357556","voters":1720,"total":1032,"voted":1032,"spoiled":3,"yays":512,"nays":517},{"committee":"УИК №258","vibid":"4144015357557","voters":1772,"total":889,"voted":889,"spoiled":6,"yays":436,"nays":447},{"committee":"УИК №259","vibid":"4144015357558","voters":1582,"total":737,"voted":737,"spoiled":1,"yays":393,"nays":343},{"committee":"УИК №260","vibid":"4144015357559","voters":1791,"total":890,"voted":890,"spoiled":5,"yays":398,"nays":487},{"committee":"УИК №261","vibid":"4144015357560","voters":74,"total":72,"voted":72,"spoiled":0,"yays":41,"nays":31},{"committee":"УИК №262","vibid":"4144015357561","voters":108,"total":106,"voted":106,"spoiled":0,"yays":88,"nays":18},{"committee":"УИК №263","vibid":"4144015357562","voters":210,"total":181,"voted":181,"spoiled":2,"yays":110,"nays":69},{"committee":"УИК №264","vibid":"4144015357563","voters":257,"total":196,"voted":196,"spoiled":0,"yays":77,"nays":119},{"committee":"УИК №265","vibid":"4144015357564","voters":246,"total":195,"voted":195,"spoiled":2,"yays":86,"nays":107},{"committee":"УИК №266","vibid":"4144015357565","voters":327,"total":257,"voted":257,"spoiled":2,"yays":152,"nays":103},{"committee":"УИК №267","vibid":"4144015357566","voters":246,"total":202,"voted":202,"spoiled":2,"yays":149,"nays":51},{"committee":"УИК №268","vibid":"4144015357567","voters":304,"total":274,"voted":274,"spoiled":1,"yays":123,"nays":150},{"committee":"УИК №269","vibid":"4144015357568","voters":287,"total":201,"voted":201,"spoiled":1,"yays":114,"nays":86},{"committee":"УИК №270","vibid":"4144015357569","voters":337,"total":304,"voted":304,"spoiled":0,"yays":206,"nays":98},{"committee":"УИК №271","vibid":"4144015357570","voters":499,"total":422,"voted":422,"spoiled":1,"yays":280,"nays":141},{"committee":"УИК №272","vibid":"4144015357571","voters":322,"total":274,"voted":274,"spoiled":3,"yays":125,"nays":146},{"committee":"УИК №273","vibid":"4144015357572","voters":384,"total":293,"voted":293,"spoiled":16,"yays":132,"nays":145},{"committee":"УИК №274","vibid":"4144015357573","voters":355,"total":262,"voted":262,"spoiled":2,"yays":104,"nays":156},{"committee":"УИК №275","vibid":"4144015357574","voters":357,"total":278,"voted":278,"spoiled":4,"yays":137,"nays":137},{"committee":"УИК №276","vibid":"4144015357575","voters":461,"total":352,"voted":352,"spoiled":3,"yays":166,"nays":183},{"committee":"УИК №277","vibid":"4144015357576","voters":485,"total":380,"voted":380,"spoiled":0,"yays":189,"nays":191},{"committee":"УИК №278","vibid":"4144015357577","voters":468,"total":299,"voted":299,"spoiled":2,"yays":147,"nays":150},{"committee":"УИК №279","vibid":"4144015357578","voters":496,"total":392,"voted":392,"spoiled":2,"yays":230,"nays":160},{"committee":"УИК №280","vibid":"4144015357579","voters":596,"total":420,"voted":420,"spoiled":5,"yays":177,"nays":238},{"committee":"УИК №281","vibid":"4144015357580","voters":644,"total":394,"voted":394,"spoiled":0,"yays":220,"nays":174},{"committee":"УИК №282","vibid":"4144015357581","voters":707,"total":535,"voted":535,"spoiled":5,"yays":283,"nays":247},{"committee":"УИК №283","vibid":"4144015357582","voters":767,"total":545,"voted":545,"spoiled":2,"yays":230,"nays":313},{"committee":"УИК №284","vibid":"4144015357583","voters":681,"total":394,"voted":394,"spoiled":1,"yays":206,"nays":187},{"committee":"УИК №285","vibid":"4144015357584","voters":916,"total":900,"voted":679,"spoiled":3,"yays":342,"nays":334},{"committee":"УИК №286","vibid":"4144015357585","voters":1005,"total":667,"voted":667,"spoiled":3,"yays":359,"nays":305},{"committee":"УИК №287","vibid":"4144015357586","voters":1585,"total":990,"voted":990,"spoiled":3,"yays":452,"nays":535},{"committee":"УИК №288","vibid":"4144015357587","voters":422,"total":292,"voted":292,"spoiled":2,"yays":153,"nays":137}]