[{"committee":"УИК №100","vibid":"4134004213330","voters":1490,"total":1288,"voted":1288,"spoiled":1,"yays":1161,"nays":126},{"committee":"УИК №101","vibid":"4134004213331","voters":1087,"total":903,"voted":903,"spoiled":0,"yays":780,"nays":123},{"committee":"УИК №102","vibid":"4134004213332","voters":991,"total":866,"voted":866,"spoiled":3,"yays":784,"nays":79},{"committee":"УИК №103","vibid":"4134004213333","voters":885,"total":767,"voted":767,"spoiled":0,"yays":716,"nays":51},{"committee":"УИК №104","vibid":"4134004213334","voters":132,"total":121,"voted":121,"spoiled":0,"yays":117,"nays":4},{"committee":"УИК №105","vibid":"4134004213335","voters":170,"total":149,"voted":149,"spoiled":0,"yays":135,"nays":14},{"committee":"УИК №106","vibid":"4134004213336","voters":133,"total":112,"voted":112,"spoiled":0,"yays":104,"nays":8},{"committee":"УИК №107","vibid":"4134004213337","voters":65,"total":55,"voted":55,"spoiled":0,"yays":48,"nays":7},{"committee":"УИК №108","vibid":"4134004213338","voters":87,"total":75,"voted":75,"spoiled":0,"yays":69,"nays":6},{"committee":"УИК №109","vibid":"4134004213339","voters":168,"total":153,"voted":153,"spoiled":0,"yays":137,"nays":16},{"committee":"УИК №110","vibid":"4134004213340","voters":135,"total":120,"voted":120,"spoiled":0,"yays":109,"nays":11},{"committee":"УИК №111","vibid":"4134004213341","voters":184,"total":151,"voted":151,"spoiled":0,"yays":134,"nays":17},{"committee":"УИК №112","vibid":"4134004213342","voters":292,"total":271,"voted":271,"spoiled":0,"yays":246,"nays":25},{"committee":"УИК №113","vibid":"4134004213343","voters":501,"total":426,"voted":426,"spoiled":0,"yays":387,"nays":39},{"committee":"УИК №114","vibid":"4134004213344","voters":279,"total":252,"voted":252,"spoiled":0,"yays":229,"nays":23},{"committee":"УИК №115","vibid":"4134004213345","voters":208,"total":185,"voted":185,"spoiled":0,"yays":169,"nays":16},{"committee":"УИК №116","vibid":"4134004213346","voters":245,"total":216,"voted":216,"spoiled":0,"yays":197,"nays":19},{"committee":"УИК №117","vibid":"4134004213347","voters":372,"total":320,"voted":320,"spoiled":0,"yays":295,"nays":25},{"committee":"УИК №118","vibid":"4134004213348","voters":90,"total":82,"voted":82,"spoiled":0,"yays":78,"nays":4},{"committee":"УИК №119","vibid":"4134004213349","voters":434,"total":379,"voted":379,"spoiled":0,"yays":345,"nays":34},{"committee":"УИК №120","vibid":"4134004213350","voters":256,"total":237,"voted":237,"spoiled":0,"yays":222,"nays":15},{"committee":"УИК №121","vibid":"4134004213351","voters":328,"total":317,"voted":317,"spoiled":0,"yays":312,"nays":5},{"committee":"УИК №122","vibid":"4134004213352","voters":206,"total":179,"voted":179,"spoiled":0,"yays":156,"nays":23},{"committee":"УИК №123","vibid":"4134004213353","voters":70,"total":61,"voted":61,"spoiled":0,"yays":55,"nays":6},{"committee":"УИК №124","vibid":"4134004213354","voters":527,"total":463,"voted":463,"spoiled":0,"yays":423,"nays":40}]