[{"committee":"УИК №1","vibid":"4134001274941","voters":1272,"total":1096,"voted":1096,"spoiled":0,"yays":961,"nays":135},{"committee":"УИК №2","vibid":"4134001274942","voters":1164,"total":1011,"voted":1011,"spoiled":0,"yays":896,"nays":115},{"committee":"УИК №3","vibid":"4134001274943","voters":1360,"total":1160,"voted":1159,"spoiled":2,"yays":1005,"nays":152},{"committee":"УИК №4","vibid":"4134001274944","voters":1331,"total":1137,"voted":1137,"spoiled":4,"yays":1001,"nays":132},{"committee":"УИК №5","vibid":"4134001274945","voters":1430,"total":1227,"voted":1227,"spoiled":5,"yays":1083,"nays":139},{"committee":"УИК №6","vibid":"4134001274946","voters":634,"total":545,"voted":545,"spoiled":0,"yays":476,"nays":69},{"committee":"УИК №7","vibid":"4134001274947","voters":640,"total":560,"voted":560,"spoiled":2,"yays":498,"nays":60},{"committee":"УИК №8","vibid":"4134001274948","voters":1093,"total":931,"voted":931,"spoiled":3,"yays":815,"nays":113},{"committee":"УИК №9","vibid":"4134001274949","voters":1068,"total":900,"voted":900,"spoiled":0,"yays":788,"nays":112},{"committee":"УИК №10","vibid":"4134001274950","voters":437,"total":383,"voted":383,"spoiled":0,"yays":348,"nays":35},{"committee":"УИК №11","vibid":"4134001274951","voters":1259,"total":1103,"voted":1103,"spoiled":1,"yays":982,"nays":120},{"committee":"УИК №12","vibid":"4134001274952","voters":226,"total":187,"voted":187,"spoiled":0,"yays":168,"nays":19},{"committee":"УИК №13","vibid":"4134001274953","voters":226,"total":203,"voted":203,"spoiled":0,"yays":182,"nays":21},{"committee":"УИК №14","vibid":"4134001274954","voters":312,"total":267,"voted":267,"spoiled":0,"yays":239,"nays":28},{"committee":"УИК №15","vibid":"4134001274955","voters":228,"total":204,"voted":204,"spoiled":0,"yays":186,"nays":18},{"committee":"УИК №16","vibid":"4134001274956","voters":73,"total":65,"voted":65,"spoiled":0,"yays":63,"nays":2},{"committee":"УИК №17","vibid":"4134001274957","voters":342,"total":305,"voted":305,"spoiled":0,"yays":275,"nays":30},{"committee":"УИК №18","vibid":"4134001274958","voters":94,"total":87,"voted":87,"spoiled":0,"yays":85,"nays":2},{"committee":"УИК №19","vibid":"4134001274959","voters":73,"total":65,"voted":65,"spoiled":0,"yays":58,"nays":7},{"committee":"УИК №20","vibid":"4134001274960","voters":121,"total":110,"voted":110,"spoiled":0,"yays":105,"nays":5},{"committee":"УИК №21","vibid":"4134001274961","voters":130,"total":116,"voted":116,"spoiled":0,"yays":109,"nays":7},{"committee":"УИК №22","vibid":"4134001274962","voters":125,"total":114,"voted":114,"spoiled":0,"yays":99,"nays":15},{"committee":"УИК №23","vibid":"4134001274963","voters":508,"total":464,"voted":464,"spoiled":0,"yays":428,"nays":36},{"committee":"УИК №24","vibid":"4134001274964","voters":210,"total":193,"voted":193,"spoiled":3,"yays":147,"nays":43},{"committee":"УИК №25","vibid":"4134001274965","voters":174,"total":156,"voted":156,"spoiled":3,"yays":147,"nays":6},{"committee":"УИК №26","vibid":"4134001274966","voters":170,"total":153,"voted":153,"spoiled":0,"yays":139,"nays":14},{"committee":"УИК №27","vibid":"4134001274967","voters":89,"total":81,"voted":81,"spoiled":0,"yays":74,"nays":7},{"committee":"УИК №28","vibid":"4134001274968","voters":117,"total":103,"voted":103,"spoiled":0,"yays":95,"nays":8},{"committee":"УИК №29","vibid":"4134001274969","voters":269,"total":243,"voted":243,"spoiled":0,"yays":228,"nays":15},{"committee":"УИК №30","vibid":"4134001274970","voters":437,"total":394,"voted":394,"spoiled":0,"yays":343,"nays":51},{"committee":"УИК №31","vibid":"4134001274971","voters":614,"total":556,"voted":556,"spoiled":1,"yays":499,"nays":56},{"committee":"УИК №32","vibid":"4134001274972","voters":241,"total":220,"voted":220,"spoiled":2,"yays":196,"nays":22},{"committee":"УИК №33","vibid":"4134001274973","voters":648,"total":566,"voted":566,"spoiled":2,"yays":480,"nays":84},{"committee":"УИК №34","vibid":"4134001274974","voters":128,"total":120,"voted":120,"spoiled":0,"yays":116,"nays":4},{"committee":"УИК №35","vibid":"4134001274975","voters":136,"total":122,"voted":122,"spoiled":0,"yays":108,"nays":14},{"committee":"УИК №36","vibid":"4134001274976","voters":152,"total":138,"voted":138,"spoiled":0,"yays":123,"nays":15},{"committee":"УИК №37","vibid":"4134001274977","voters":188,"total":172,"voted":172,"spoiled":0,"yays":170,"nays":2},{"committee":"УИК №38","vibid":"4134001274978","voters":119,"total":115,"voted":115,"spoiled":0,"yays":107,"nays":8},{"committee":"УИК №39","vibid":"4134001274979","voters":134,"total":122,"voted":122,"spoiled":0,"yays":120,"nays":2},{"committee":"УИК №40","vibid":"4134001274980","voters":498,"total":445,"voted":445,"spoiled":0,"yays":401,"nays":44},{"committee":"УИК №41","vibid":"4134001274981","voters":506,"total":460,"voted":460,"spoiled":0,"yays":418,"nays":42}]