[{"committee":"УИК №755","vibid":"4134025257341","voters":1178,"total":958,"voted":958,"spoiled":2,"yays":852,"nays":104},{"committee":"УИК №756","vibid":"4134025257342","voters":1260,"total":1035,"voted":1035,"spoiled":0,"yays":921,"nays":114},{"committee":"УИК №757","vibid":"4134025257343","voters":1318,"total":1056,"voted":1056,"spoiled":175,"yays":786,"nays":95},{"committee":"УИК №758","vibid":"4134025257344","voters":883,"total":742,"voted":742,"spoiled":0,"yays":660,"nays":82},{"committee":"УИК №759","vibid":"4134025257345","voters":1424,"total":1182,"voted":1182,"spoiled":6,"yays":1064,"nays":112},{"committee":"УИК №760","vibid":"4134025257346","voters":1238,"total":1027,"voted":1027,"spoiled":2,"yays":914,"nays":111},{"committee":"УИК №761","vibid":"4134025257347","voters":503,"total":440,"voted":440,"spoiled":3,"yays":389,"nays":48},{"committee":"УИК №762","vibid":"4134025257348","voters":1252,"total":1042,"voted":1042,"spoiled":0,"yays":927,"nays":115},{"committee":"УИК №763","vibid":"4134025257349","voters":1176,"total":976,"voted":976,"spoiled":0,"yays":869,"nays":107},{"committee":"УИК №764","vibid":"4134025257350","voters":1195,"total":993,"voted":993,"spoiled":10,"yays":881,"nays":102},{"committee":"УИК №765","vibid":"4134025257351","voters":1188,"total":981,"voted":981,"spoiled":4,"yays":879,"nays":98},{"committee":"УИК №766","vibid":"4134025257352","voters":1298,"total":1093,"voted":1093,"spoiled":5,"yays":973,"nays":115},{"committee":"УИК №767","vibid":"4134025257353","voters":504,"total":420,"voted":420,"spoiled":0,"yays":378,"nays":42},{"committee":"УИК №768","vibid":"4134025257354","voters":2414,"total":2007,"voted":2007,"spoiled":0,"yays":1826,"nays":181},{"committee":"УИК №769","vibid":"4134025257355","voters":738,"total":636,"voted":636,"spoiled":3,"yays":572,"nays":61},{"committee":"УИК №770","vibid":"4134025257356","voters":881,"total":815,"voted":815,"spoiled":2,"yays":758,"nays":55},{"committee":"УИК №771","vibid":"4134025257357","voters":614,"total":543,"voted":543,"spoiled":1,"yays":396,"nays":146},{"committee":"УИК №772","vibid":"4134025257358","voters":147,"total":136,"voted":136,"spoiled":0,"yays":125,"nays":11},{"committee":"УИК №773","vibid":"4134025257359","voters":839,"total":772,"voted":771,"spoiled":0,"yays":717,"nays":54},{"committee":"УИК №774","vibid":"4134025257360","voters":297,"total":275,"voted":275,"spoiled":0,"yays":250,"nays":25},{"committee":"УИК №775","vibid":"4134025257361","voters":137,"total":127,"voted":127,"spoiled":0,"yays":119,"nays":8},{"committee":"УИК №776","vibid":"4134025257362","voters":215,"total":202,"voted":202,"spoiled":0,"yays":191,"nays":11},{"committee":"УИК №777","vibid":"4134025257363","voters":227,"total":206,"voted":206,"spoiled":0,"yays":194,"nays":12},{"committee":"УИК №778","vibid":"4134025257364","voters":515,"total":484,"voted":484,"spoiled":2,"yays":450,"nays":32},{"committee":"УИК №779","vibid":"4134025257365","voters":77,"total":74,"voted":74,"spoiled":0,"yays":70,"nays":4},{"committee":"УИК №780","vibid":"4134025257366","voters":355,"total":327,"voted":327,"spoiled":0,"yays":291,"nays":36},{"committee":"УИК №781","vibid":"4134025257367","voters":106,"total":102,"voted":102,"spoiled":0,"yays":101,"nays":1},{"committee":"УИК №782","vibid":"4134025257368","voters":298,"total":266,"voted":266,"spoiled":2,"yays":248,"nays":16},{"committee":"УИК №783","vibid":"4134025257369","voters":564,"total":530,"voted":530,"spoiled":0,"yays":497,"nays":33},{"committee":"УИК №784","vibid":"4134025257370","voters":504,"total":482,"voted":482,"spoiled":0,"yays":471,"nays":11},{"committee":"УИК №785","vibid":"4134025257371","voters":364,"total":317,"voted":317,"spoiled":1,"yays":287,"nays":29}]