[{"committee":"УИК №379","vibid":"4124009247252","voters":2182,"total":1338,"voted":1338,"spoiled":7,"yays":975,"nays":356},{"committee":"УИК №380","vibid":"4124009247253","voters":1769,"total":957,"voted":957,"spoiled":5,"yays":720,"nays":232},{"committee":"УИК №381","vibid":"4124009247254","voters":1307,"total":643,"voted":643,"spoiled":5,"yays":475,"nays":163},{"committee":"УИК №383","vibid":"4124009247256","voters":1807,"total":952,"voted":952,"spoiled":2,"yays":658,"nays":292},{"committee":"УИК №385","vibid":"4124009247257","voters":275,"total":221,"voted":221,"spoiled":0,"yays":201,"nays":20},{"committee":"УИК №386","vibid":"4124009247258","voters":283,"total":244,"voted":244,"spoiled":2,"yays":213,"nays":29},{"committee":"УИК №387","vibid":"4124009247259","voters":592,"total":478,"voted":478,"spoiled":15,"yays":411,"nays":52},{"committee":"УИК №388","vibid":"4124009247260","voters":725,"total":598,"voted":598,"spoiled":3,"yays":498,"nays":97},{"committee":"УИК №389","vibid":"4124009247261","voters":1178,"total":966,"voted":966,"spoiled":5,"yays":713,"nays":248},{"committee":"УИК №390","vibid":"4124009247262","voters":342,"total":292,"voted":292,"spoiled":1,"yays":219,"nays":72},{"committee":"УИК №391","vibid":"4124009247263","voters":722,"total":542,"voted":542,"spoiled":5,"yays":376,"nays":161},{"committee":"УИК №392","vibid":"4124009247264","voters":708,"total":585,"voted":585,"spoiled":0,"yays":423,"nays":162},{"committee":"УИК №393","vibid":"4124009247265","voters":763,"total":543,"voted":543,"spoiled":2,"yays":468,"nays":73},{"committee":"УИК №394","vibid":"4124009247266","voters":844,"total":583,"voted":583,"spoiled":10,"yays":394,"nays":179},{"committee":"УИК №395","vibid":"4124009247267","voters":234,"total":189,"voted":189,"spoiled":0,"yays":163,"nays":26},{"committee":"УИК №396","vibid":"4124009247268","voters":372,"total":309,"voted":309,"spoiled":0,"yays":252,"nays":57},{"committee":"УИК №397","vibid":"4124009247269","voters":453,"total":349,"voted":349,"spoiled":21,"yays":280,"nays":48},{"committee":"УИК №398","vibid":"4124009247270","voters":273,"total":202,"voted":202,"spoiled":2,"yays":162,"nays":38},{"committee":"УИК №399","vibid":"4124009247271","voters":354,"total":265,"voted":265,"spoiled":0,"yays":238,"nays":27},{"committee":"УИК №400","vibid":"4124009247272","voters":358,"total":301,"voted":301,"spoiled":0,"yays":257,"nays":44},{"committee":"УИК №401","vibid":"4124009247273","voters":522,"total":366,"voted":366,"spoiled":1,"yays":259,"nays":106},{"committee":"УИК №402","vibid":"4124009247274","voters":181,"total":134,"voted":134,"spoiled":1,"yays":95,"nays":38},{"committee":"УИК №403","vibid":"4124009247275","voters":523,"total":421,"voted":421,"spoiled":1,"yays":369,"nays":51},{"committee":"УИК №405","vibid":"4124009247277","voters":458,"total":356,"voted":356,"spoiled":0,"yays":301,"nays":55},{"committee":"УИК №406","vibid":"4124009247278","voters":539,"total":361,"voted":361,"spoiled":0,"yays":323,"nays":38},{"committee":"УИК №408","vibid":"4124009247280","voters":280,"total":209,"voted":209,"spoiled":2,"yays":173,"nays":34},{"committee":"УИК №409","vibid":"4124009247281","voters":237,"total":193,"voted":193,"spoiled":0,"yays":139,"nays":54},{"committee":"УИК №410","vibid":"4124009247282","voters":359,"total":304,"voted":304,"spoiled":1,"yays":243,"nays":60}]