[{"committee":"УИК №516","vibid":"4104004310937","voters":325,"total":178,"voted":178,"spoiled":2,"yays":139,"nays":37},{"committee":"УИК №517","vibid":"4104004310938","voters":455,"total":202,"voted":202,"spoiled":0,"yays":128,"nays":74},{"committee":"УИК №518","vibid":"4104004310939","voters":1468,"total":590,"voted":590,"spoiled":7,"yays":403,"nays":180},{"committee":"УИК №519","vibid":"4104004310940","voters":1319,"total":525,"voted":525,"spoiled":5,"yays":373,"nays":147},{"committee":"УИК №520","vibid":"4104004310941","voters":1482,"total":614,"voted":613,"spoiled":4,"yays":426,"nays":183},{"committee":"УИК №521","vibid":"4104004310942","voters":1665,"total":668,"voted":668,"spoiled":6,"yays":450,"nays":212},{"committee":"УИК №522","vibid":"4104004310943","voters":2235,"total":955,"voted":955,"spoiled":6,"yays":639,"nays":310},{"committee":"УИК №523","vibid":"4104004310944","voters":2340,"total":1037,"voted":1037,"spoiled":14,"yays":694,"nays":329},{"committee":"УИК №524","vibid":"4104004310945","voters":1747,"total":762,"voted":762,"spoiled":6,"yays":489,"nays":267},{"committee":"УИК №525","vibid":"4104004310946","voters":1191,"total":460,"voted":460,"spoiled":9,"yays":326,"nays":125},{"committee":"УИК №526","vibid":"4104004310947","voters":1676,"total":765,"voted":765,"spoiled":7,"yays":538,"nays":220},{"committee":"УИК №527","vibid":"4104004310948","voters":1289,"total":577,"voted":575,"spoiled":10,"yays":415,"nays":150},{"committee":"УИК №528","vibid":"4104004310949","voters":1289,"total":543,"voted":543,"spoiled":7,"yays":359,"nays":177},{"committee":"УИК №529","vibid":"4104004310950","voters":941,"total":449,"voted":449,"spoiled":4,"yays":300,"nays":145},{"committee":"УИК №530","vibid":"4104004310951","voters":1088,"total":433,"voted":433,"spoiled":2,"yays":306,"nays":125},{"committee":"УИК №531","vibid":"4104004310952","voters":1001,"total":398,"voted":398,"spoiled":4,"yays":274,"nays":120},{"committee":"УИК №532","vibid":"4104004310953","voters":1399,"total":482,"voted":482,"spoiled":3,"yays":330,"nays":149},{"committee":"УИК №533","vibid":"4104004310954","voters":487,"total":228,"voted":228,"spoiled":2,"yays":172,"nays":54},{"committee":"УИК №534","vibid":"4104004310955","voters":1750,"total":817,"voted":817,"spoiled":13,"yays":649,"nays":155},{"committee":"УИК №535","vibid":"4104004310956","voters":288,"total":126,"voted":126,"spoiled":3,"yays":101,"nays":22},{"committee":"УИК №536","vibid":"4104004310957","voters":510,"total":270,"voted":270,"spoiled":7,"yays":218,"nays":45},{"committee":"УИК №537","vibid":"4104004310958","voters":224,"total":105,"voted":105,"spoiled":0,"yays":85,"nays":20},{"committee":"УИК №538","vibid":"4104004310959","voters":1078,"total":466,"voted":466,"spoiled":3,"yays":390,"nays":73},{"committee":"УИК №539","vibid":"4104004310960","voters":117,"total":60,"voted":60,"spoiled":0,"yays":54,"nays":6},{"committee":"УИК №540","vibid":"4104004310961","voters":192,"total":120,"voted":120,"spoiled":1,"yays":105,"nays":14},{"committee":"УИК №541","vibid":"4104004310962","voters":656,"total":308,"voted":308,"spoiled":1,"yays":277,"nays":30},{"committee":"УИК №542","vibid":"4104004310963","voters":694,"total":396,"voted":396,"spoiled":1,"yays":346,"nays":49},{"committee":"УИК №543","vibid":"4104004310964","voters":154,"total":106,"voted":106,"spoiled":0,"yays":100,"nays":6},{"committee":"УИК №544","vibid":"4104004310965","voters":338,"total":153,"voted":153,"spoiled":1,"yays":129,"nays":23},{"committee":"УИК №545","vibid":"4104004310966","voters":1160,"total":549,"voted":549,"spoiled":9,"yays":426,"nays":114},{"committee":"УИК №546","vibid":"4104004311821","voters":1831,"total":1703,"voted":1698,"spoiled":101,"yays":962,"nays":635}]