[{"committee":"УИК №2296","vibid":"4164039248783","voters":290,"total":285,"voted":285,"spoiled":0,"yays":278,"nays":7},{"committee":"УИК №2297","vibid":"4164039248784","voters":415,"total":408,"voted":408,"spoiled":0,"yays":399,"nays":9},{"committee":"УИК №2298","vibid":"4164039248785","voters":385,"total":372,"voted":372,"spoiled":0,"yays":329,"nays":43},{"committee":"УИК №2299","vibid":"4164039248786","voters":265,"total":256,"voted":256,"spoiled":0,"yays":227,"nays":29},{"committee":"УИК №2300","vibid":"4164039248787","voters":345,"total":335,"voted":335,"spoiled":0,"yays":291,"nays":44},{"committee":"УИК №2301","vibid":"4164039248788","voters":168,"total":163,"voted":163,"spoiled":0,"yays":143,"nays":20},{"committee":"УИК №2302","vibid":"4164039248789","voters":600,"total":578,"voted":578,"spoiled":0,"yays":504,"nays":74},{"committee":"УИК №2303","vibid":"4164039248790","voters":474,"total":464,"voted":464,"spoiled":0,"yays":402,"nays":62},{"committee":"УИК №2304","vibid":"4164039248791","voters":84,"total":82,"voted":82,"spoiled":0,"yays":74,"nays":8},{"committee":"УИК №2305","vibid":"4164039248792","voters":86,"total":84,"voted":84,"spoiled":0,"yays":73,"nays":11},{"committee":"УИК №2306","vibid":"4164039248793","voters":453,"total":448,"voted":448,"spoiled":0,"yays":403,"nays":45},{"committee":"УИК №2307","vibid":"4164039248794","voters":117,"total":116,"voted":116,"spoiled":0,"yays":107,"nays":9},{"committee":"УИК №2308","vibid":"4164039248795","voters":381,"total":343,"voted":343,"spoiled":0,"yays":286,"nays":57},{"committee":"УИК №2309","vibid":"4164039248796","voters":803,"total":723,"voted":723,"spoiled":0,"yays":609,"nays":114},{"committee":"УИК №2310","vibid":"4164039248797","voters":743,"total":669,"voted":669,"spoiled":0,"yays":563,"nays":106},{"committee":"УИК №2311","vibid":"4164039248798","voters":1080,"total":972,"voted":972,"spoiled":0,"yays":818,"nays":154},{"committee":"УИК №2312","vibid":"4164039248799","voters":765,"total":689,"voted":689,"spoiled":0,"yays":594,"nays":95},{"committee":"УИК №2313","vibid":"4164039248800","voters":488,"total":470,"voted":470,"spoiled":0,"yays":434,"nays":36},{"committee":"УИК №2314","vibid":"4164039248801","voters":92,"total":89,"voted":89,"spoiled":0,"yays":78,"nays":11},{"committee":"УИК №2315","vibid":"4164039248802","voters":468,"total":456,"voted":456,"spoiled":1,"yays":405,"nays":50},{"committee":"УИК №2316","vibid":"4164039248803","voters":512,"total":500,"voted":500,"spoiled":0,"yays":437,"nays":63},{"committee":"УИК №2317","vibid":"4164039248804","voters":120,"total":117,"voted":117,"spoiled":0,"yays":104,"nays":13},{"committee":"УИК №2318","vibid":"4164039248805","voters":320,"total":316,"voted":316,"spoiled":0,"yays":287,"nays":29},{"committee":"УИК №2319","vibid":"4164039248806","voters":536,"total":527,"voted":527,"spoiled":0,"yays":473,"nays":54},{"committee":"УИК №2320","vibid":"4164039248807","voters":389,"total":383,"voted":383,"spoiled":0,"yays":343,"nays":40},{"committee":"УИК №2321","vibid":"4164039248808","voters":391,"total":385,"voted":385,"spoiled":0,"yays":344,"nays":41},{"committee":"УИК №2322","vibid":"4164039248809","voters":220,"total":215,"voted":215,"spoiled":0,"yays":204,"nays":11}]