[{"committee":"УИК №135","vibid":"4164024264488","voters":1566,"total":1085,"voted":1085,"spoiled":14,"yays":867,"nays":204},{"committee":"УИК №136","vibid":"4164024264489","voters":1902,"total":1233,"voted":1233,"spoiled":7,"yays":961,"nays":265},{"committee":"УИК №137","vibid":"4164024264490","voters":1824,"total":745,"voted":745,"spoiled":4,"yays":582,"nays":159},{"committee":"УИК №138","vibid":"4164024264491","voters":1855,"total":1266,"voted":1265,"spoiled":8,"yays":1057,"nays":200},{"committee":"УИК №139","vibid":"4164024264492","voters":1993,"total":1255,"voted":1250,"spoiled":19,"yays":958,"nays":273},{"committee":"УИК №140","vibid":"4164024264493","voters":1839,"total":1198,"voted":1192,"spoiled":16,"yays":928,"nays":248},{"committee":"УИК №141","vibid":"4164024264494","voters":2602,"total":1642,"voted":1642,"spoiled":22,"yays":1306,"nays":314},{"committee":"УИК №142","vibid":"4164024264495","voters":1896,"total":1198,"voted":1193,"spoiled":11,"yays":969,"nays":213},{"committee":"УИК №143","vibid":"4164024264496","voters":2242,"total":1421,"voted":1421,"spoiled":8,"yays":1102,"nays":311},{"committee":"УИК №144","vibid":"4164024264497","voters":1366,"total":899,"voted":899,"spoiled":3,"yays":675,"nays":221},{"committee":"УИК №145","vibid":"4164024264498","voters":1470,"total":925,"voted":925,"spoiled":2,"yays":721,"nays":202},{"committee":"УИК №146","vibid":"4164024264499","voters":1409,"total":936,"voted":936,"spoiled":5,"yays":833,"nays":98},{"committee":"УИК №147","vibid":"4164024264500","voters":1546,"total":1063,"voted":1062,"spoiled":1,"yays":829,"nays":232},{"committee":"УИК №148","vibid":"4164024264501","voters":1594,"total":1058,"voted":1058,"spoiled":14,"yays":909,"nays":135},{"committee":"УИК №149","vibid":"4164024264502","voters":1670,"total":1136,"voted":1136,"spoiled":15,"yays":943,"nays":178},{"committee":"УИК №150","vibid":"4164024264503","voters":1937,"total":1273,"voted":1268,"spoiled":9,"yays":1031,"nays":228},{"committee":"УИК №151","vibid":"4164024264504","voters":1390,"total":838,"voted":838,"spoiled":8,"yays":652,"nays":178},{"committee":"УИК №152","vibid":"4164024264505","voters":2167,"total":1355,"voted":1353,"spoiled":8,"yays":1077,"nays":268},{"committee":"УИК №153","vibid":"4164024264506","voters":2066,"total":1282,"voted":1279,"spoiled":3,"yays":997,"nays":279},{"committee":"УИК №154","vibid":"4164024264507","voters":2094,"total":1574,"voted":1562,"spoiled":20,"yays":1187,"nays":355},{"committee":"УИК №155","vibid":"4164024264508","voters":2263,"total":1516,"voted":1516,"spoiled":27,"yays":1282,"nays":207},{"committee":"УИК №156","vibid":"4164024264509","voters":2007,"total":1285,"voted":1285,"spoiled":2,"yays":1148,"nays":135},{"committee":"УИК №157","vibid":"4164024264510","voters":1735,"total":1085,"voted":1084,"spoiled":11,"yays":804,"nays":269},{"committee":"УИК №158","vibid":"4164024264511","voters":1713,"total":1094,"voted":1094,"spoiled":1,"yays":819,"nays":274},{"committee":"УИК №159","vibid":"4164024264512","voters":2825,"total":1693,"voted":1691,"spoiled":14,"yays":1321,"nays":356},{"committee":"УИК №160","vibid":"4164024264513","voters":1668,"total":1107,"voted":1107,"spoiled":2,"yays":867,"nays":238},{"committee":"УИК №161","vibid":"4164024264514","voters":1578,"total":1031,"voted":1030,"spoiled":6,"yays":803,"nays":221},{"committee":"УИК №162","vibid":"4164024264515","voters":1906,"total":1201,"voted":1201,"spoiled":10,"yays":930,"nays":261},{"committee":"УИК №163","vibid":"4164024264516","voters":2444,"total":1510,"voted":1500,"spoiled":18,"yays":1111,"nays":371},{"committee":"УИК №164","vibid":"4164024264517","voters":2503,"total":1590,"voted":1590,"spoiled":34,"yays":1227,"nays":329},{"committee":"УИК №165","vibid":"4164024264518","voters":1994,"total":777,"voted":777,"spoiled":7,"yays":624,"nays":146},{"committee":"УИК №166","vibid":"4164024264519","voters":2162,"total":1412,"voted":1412,"spoiled":13,"yays":1025,"nays":374},{"committee":"УИК №167","vibid":"4164024264520","voters":2638,"total":1740,"voted":1738,"spoiled":11,"yays":1251,"nays":476},{"committee":"УИК №168","vibid":"4164024264521","voters":1827,"total":1181,"voted":1181,"spoiled":5,"yays":1005,"nays":171},{"committee":"УИК №169","vibid":"4164024264522","voters":1918,"total":1214,"voted":1214,"spoiled":4,"yays":876,"nays":334},{"committee":"УИК №170","vibid":"4164024264523","voters":2022,"total":1251,"voted":1250,"spoiled":12,"yays":1017,"nays":221},{"committee":"УИК №171","vibid":"4164024264524","voters":2474,"total":1534,"voted":1533,"spoiled":17,"yays":1242,"nays":274},{"committee":"УИК №172","vibid":"4164024264525","voters":2219,"total":1400,"voted":1400,"spoiled":10,"yays":1112,"nays":278},{"committee":"УИК №173","vibid":"4164024264526","voters":2259,"total":1386,"voted":1386,"spoiled":20,"yays":1243,"nays":123},{"committee":"УИК №174","vibid":"4164024264527","voters":1933,"total":1223,"voted":1222,"spoiled":23,"yays":991,"nays":208},{"committee":"УИК №175","vibid":"4164024264528","voters":1612,"total":1014,"voted":1013,"spoiled":17,"yays":773,"nays":223},{"committee":"УИК №176","vibid":"4164024264529","voters":2364,"total":1423,"voted":1421,"spoiled":25,"yays":1089,"nays":307},{"committee":"УИК №177","vibid":"4164024264530","voters":2716,"total":1662,"voted":1660,"spoiled":5,"yays":1290,"nays":365},{"committee":"УИК №178","vibid":"4164024264531","voters":2324,"total":1502,"voted":1502,"spoiled":10,"yays":1172,"nays":320},{"committee":"УИК №179","vibid":"4164024264532","voters":2068,"total":1333,"voted":1332,"spoiled":6,"yays":1039,"nays":287},{"committee":"УИК №180","vibid":"4164024264533","voters":2269,"total":1580,"voted":1579,"spoiled":18,"yays":1184,"nays":377},{"committee":"УИК №181","vibid":"4164024264534","voters":433,"total":329,"voted":329,"spoiled":5,"yays":261,"nays":63},{"committee":"УИК №182","vibid":"4164024265002","voters":46,"total":46,"voted":46,"spoiled":0,"yays":43,"nays":3},{"committee":"УИК №184","vibid":"4164024265003","voters":59,"total":59,"voted":59,"spoiled":0,"yays":54,"nays":5},{"committee":"УИК №185","vibid":"4164024265004","voters":19,"total":19,"voted":19,"spoiled":0,"yays":17,"nays":2}]