[{"committee":"УИК №413","vibid":"4124010181803","voters":601,"total":416,"voted":416,"spoiled":0,"yays":345,"nays":71},{"committee":"УИК №414","vibid":"4124010181804","voters":1467,"total":930,"voted":930,"spoiled":4,"yays":709,"nays":217},{"committee":"УИК №415","vibid":"4124010181805","voters":1173,"total":740,"voted":740,"spoiled":18,"yays":543,"nays":179},{"committee":"УИК №416","vibid":"4124010181806","voters":1138,"total":680,"voted":680,"spoiled":6,"yays":523,"nays":151},{"committee":"УИК №417","vibid":"4124010181807","voters":691,"total":496,"voted":496,"spoiled":0,"yays":364,"nays":132},{"committee":"УИК №418","vibid":"4124010181808","voters":493,"total":409,"voted":409,"spoiled":0,"yays":377,"nays":32},{"committee":"УИК №419","vibid":"4124010181809","voters":322,"total":294,"voted":294,"spoiled":0,"yays":281,"nays":13},{"committee":"УИК №420","vibid":"4124010181810","voters":277,"total":240,"voted":240,"spoiled":0,"yays":228,"nays":12},{"committee":"УИК №421","vibid":"4124010181811","voters":556,"total":456,"voted":456,"spoiled":0,"yays":419,"nays":37},{"committee":"УИК №422","vibid":"4124010181812","voters":184,"total":159,"voted":159,"spoiled":0,"yays":146,"nays":13},{"committee":"УИК №423","vibid":"4124010181813","voters":835,"total":687,"voted":687,"spoiled":0,"yays":613,"nays":74},{"committee":"УИК №424","vibid":"4124010181814","voters":381,"total":282,"voted":282,"spoiled":9,"yays":240,"nays":33},{"committee":"УИК №425","vibid":"4124010181815","voters":831,"total":730,"voted":730,"spoiled":0,"yays":698,"nays":32},{"committee":"УИК №426","vibid":"4124010181816","voters":705,"total":616,"voted":616,"spoiled":0,"yays":592,"nays":24},{"committee":"УИК №427","vibid":"4124010181817","voters":337,"total":290,"voted":290,"spoiled":0,"yays":276,"nays":14},{"committee":"УИК №428","vibid":"4124010181818","voters":783,"total":632,"voted":632,"spoiled":0,"yays":576,"nays":56},{"committee":"УИК №429","vibid":"4124010181819","voters":245,"total":203,"voted":203,"spoiled":0,"yays":180,"nays":23},{"committee":"УИК №430","vibid":"4124010181820","voters":485,"total":434,"voted":434,"spoiled":0,"yays":396,"nays":38},{"committee":"УИК №431","vibid":"4124010181821","voters":541,"total":494,"voted":494,"spoiled":1,"yays":488,"nays":5}]