[{"committee":"УИК №523","vibid":"4134018295683","voters":2087,"total":1626,"voted":1626,"spoiled":0,"yays":1252,"nays":374},{"committee":"УИК №524","vibid":"4134018295684","voters":2295,"total":1564,"voted":1564,"spoiled":14,"yays":1059,"nays":491},{"committee":"УИК №525","vibid":"4134018295685","voters":2623,"total":1781,"voted":1781,"spoiled":13,"yays":1252,"nays":516},{"committee":"УИК №526","vibid":"4134018295686","voters":1548,"total":1043,"voted":1043,"spoiled":7,"yays":749,"nays":287},{"committee":"УИК №527","vibid":"4134018295687","voters":1857,"total":1096,"voted":1085,"spoiled":9,"yays":825,"nays":251},{"committee":"УИК №528","vibid":"4134018295688","voters":2818,"total":1884,"voted":1884,"spoiled":25,"yays":1392,"nays":467},{"committee":"УИК №529","vibid":"4134018295689","voters":2356,"total":1530,"voted":1527,"spoiled":13,"yays":1172,"nays":342},{"committee":"УИК №530","vibid":"4134018295690","voters":2519,"total":1640,"voted":1638,"spoiled":18,"yays":1134,"nays":486},{"committee":"УИК №531","vibid":"4134018295691","voters":2830,"total":2109,"voted":2109,"spoiled":11,"yays":1764,"nays":334},{"committee":"УИК №532","vibid":"4134018295692","voters":2648,"total":1821,"voted":1821,"spoiled":10,"yays":1392,"nays":419},{"committee":"УИК №533","vibid":"4134018295693","voters":2505,"total":1765,"voted":1765,"spoiled":13,"yays":1494,"nays":258},{"committee":"УИК №534","vibid":"4134018295694","voters":1330,"total":1024,"voted":1024,"spoiled":0,"yays":954,"nays":70},{"committee":"УИК №535","vibid":"4134018295695","voters":2106,"total":1497,"voted":1497,"spoiled":0,"yays":1155,"nays":342},{"committee":"УИК №536","vibid":"4134018295696","voters":2109,"total":1426,"voted":1426,"spoiled":17,"yays":1099,"nays":310},{"committee":"УИК №537","vibid":"4134018295697","voters":2482,"total":1576,"voted":1576,"spoiled":29,"yays":1260,"nays":287},{"committee":"УИК №538","vibid":"4134018295698","voters":2647,"total":1354,"voted":1353,"spoiled":9,"yays":907,"nays":437},{"committee":"УИК №539","vibid":"4134018295699","voters":2327,"total":1588,"voted":1587,"spoiled":31,"yays":1260,"nays":296},{"committee":"УИК №540","vibid":"4134018295700","voters":2320,"total":1354,"voted":1354,"spoiled":11,"yays":961,"nays":382},{"committee":"УИК №541","vibid":"4134018295701","voters":1423,"total":817,"voted":817,"spoiled":12,"yays":581,"nays":224},{"committee":"УИК №542","vibid":"4134018295702","voters":1712,"total":1056,"voted":1056,"spoiled":6,"yays":791,"nays":259},{"committee":"УИК №543","vibid":"4134018295703","voters":1763,"total":1207,"voted":1207,"spoiled":6,"yays":919,"nays":282},{"committee":"УИК №544","vibid":"4134018295704","voters":2041,"total":1266,"voted":1266,"spoiled":15,"yays":876,"nays":375},{"committee":"УИК №545","vibid":"4134018295705","voters":1212,"total":743,"voted":743,"spoiled":7,"yays":539,"nays":197},{"committee":"УИК №546","vibid":"4134018295706","voters":1051,"total":788,"voted":788,"spoiled":7,"yays":610,"nays":171},{"committee":"УИК №547","vibid":"4134018295707","voters":1304,"total":913,"voted":913,"spoiled":0,"yays":703,"nays":210},{"committee":"УИК №548","vibid":"4134018295708","voters":973,"total":637,"voted":637,"spoiled":4,"yays":524,"nays":109},{"committee":"УИК №549","vibid":"4134018295709","voters":1953,"total":1173,"voted":1172,"spoiled":9,"yays":928,"nays":235},{"committee":"УИК №550","vibid":"4134018295710","voters":1439,"total":948,"voted":948,"spoiled":9,"yays":719,"nays":220},{"committee":"УИК №551","vibid":"4134018295711","voters":1272,"total":824,"voted":824,"spoiled":16,"yays":608,"nays":200},{"committee":"УИК №552","vibid":"4134018295712","voters":2434,"total":1589,"voted":1589,"spoiled":16,"yays":1259,"nays":314},{"committee":"УИК №553","vibid":"4134018295713","voters":1305,"total":983,"voted":983,"spoiled":0,"yays":819,"nays":164},{"committee":"УИК №554","vibid":"4134018295714","voters":2238,"total":1792,"voted":1791,"spoiled":15,"yays":1516,"nays":260},{"committee":"УИК №555","vibid":"4134018295715","voters":1406,"total":888,"voted":888,"spoiled":2,"yays":640,"nays":246},{"committee":"УИК №556","vibid":"4134018295716","voters":2819,"total":1850,"voted":1850,"spoiled":0,"yays":1505,"nays":345},{"committee":"УИК №557","vibid":"4134018295717","voters":1317,"total":931,"voted":931,"spoiled":141,"yays":661,"nays":129},{"committee":"УИК №558","vibid":"4134018295718","voters":1170,"total":866,"voted":866,"spoiled":3,"yays":811,"nays":52},{"committee":"УИК №559","vibid":"4134018295719","voters":2118,"total":1434,"voted":1434,"spoiled":0,"yays":1148,"nays":286},{"committee":"УИК №560","vibid":"4134018295720","voters":1637,"total":1063,"voted":1062,"spoiled":5,"yays":755,"nays":302},{"committee":"УИК №561","vibid":"4134018295721","voters":491,"total":400,"voted":400,"spoiled":0,"yays":282,"nays":118},{"committee":"УИК №562","vibid":"4134018295722","voters":1882,"total":1371,"voted":1371,"spoiled":0,"yays":1073,"nays":298},{"committee":"УИК №563","vibid":"4134018295723","voters":1878,"total":1335,"voted":1335,"spoiled":13,"yays":1042,"nays":280}]