[{"committee":"УИК №186","vibid":"4164025318973","voters":1926,"total":1241,"voted":1238,"spoiled":12,"yays":959,"nays":267},{"committee":"УИК №187","vibid":"4164025318974","voters":1581,"total":1023,"voted":1019,"spoiled":4,"yays":797,"nays":218},{"committee":"УИК №188","vibid":"4164025318975","voters":1786,"total":1155,"voted":1154,"spoiled":7,"yays":900,"nays":247},{"committee":"УИК №189","vibid":"4164025318976","voters":1860,"total":1201,"voted":1196,"spoiled":35,"yays":931,"nays":230},{"committee":"УИК №190","vibid":"4164025318977","voters":1938,"total":1254,"voted":1250,"spoiled":30,"yays":972,"nays":248},{"committee":"УИК №191","vibid":"4164025318978","voters":2305,"total":1484,"voted":1481,"spoiled":19,"yays":1139,"nays":323},{"committee":"УИК №192","vibid":"4164025318979","voters":1610,"total":1075,"voted":1074,"spoiled":30,"yays":837,"nays":207},{"committee":"УИК №193","vibid":"4164025318980","voters":1334,"total":860,"voted":850,"spoiled":10,"yays":655,"nays":185},{"committee":"УИК №194","vibid":"4164025318981","voters":1892,"total":1218,"voted":1215,"spoiled":10,"yays":944,"nays":261},{"committee":"УИК №195","vibid":"4164025318982","voters":2022,"total":1309,"voted":1306,"spoiled":11,"yays":1025,"nays":270},{"committee":"УИК №196","vibid":"4164025318983","voters":1807,"total":1207,"voted":1205,"spoiled":8,"yays":929,"nays":268},{"committee":"УИК №197","vibid":"4164025318984","voters":1999,"total":1290,"voted":1287,"spoiled":7,"yays":1002,"nays":278},{"committee":"УИК №198","vibid":"4164025318985","voters":2046,"total":1330,"voted":1328,"spoiled":7,"yays":1042,"nays":279},{"committee":"УИК №199","vibid":"4164025318986","voters":2180,"total":1416,"voted":1401,"spoiled":11,"yays":1198,"nays":192},{"committee":"УИК №200","vibid":"4164025318987","voters":2062,"total":1370,"voted":1368,"spoiled":10,"yays":1061,"nays":297},{"committee":"УИК №201","vibid":"4164025318988","voters":1744,"total":1125,"voted":1123,"spoiled":3,"yays":872,"nays":248},{"committee":"УИК №202","vibid":"4164025318989","voters":1860,"total":1198,"voted":1197,"spoiled":2,"yays":936,"nays":259},{"committee":"УИК №203","vibid":"4164025318990","voters":2074,"total":1341,"voted":1336,"spoiled":5,"yays":1044,"nays":287},{"committee":"УИК №204","vibid":"4164025318991","voters":2014,"total":1304,"voted":1301,"spoiled":8,"yays":1015,"nays":278},{"committee":"УИК №205","vibid":"4164025318992","voters":2227,"total":1439,"voted":1434,"spoiled":10,"yays":1118,"nays":306},{"committee":"УИК №206","vibid":"4164025318993","voters":2203,"total":1422,"voted":1419,"spoiled":47,"yays":1107,"nays":265},{"committee":"УИК №207","vibid":"4164025318994","voters":2164,"total":1396,"voted":1393,"spoiled":8,"yays":1089,"nays":296},{"committee":"УИК №208","vibid":"4164025318995","voters":2480,"total":1599,"voted":1596,"spoiled":9,"yays":1248,"nays":339},{"committee":"УИК №209","vibid":"4164025318996","voters":2100,"total":1359,"voted":1357,"spoiled":6,"yays":1061,"nays":290},{"committee":"УИК №210","vibid":"4164025318997","voters":2270,"total":1458,"voted":1456,"spoiled":12,"yays":1136,"nays":308},{"committee":"УИК №211","vibid":"4164025318998","voters":2425,"total":1561,"voted":1559,"spoiled":10,"yays":1220,"nays":329},{"committee":"УИК №212","vibid":"4164025318999","voters":2433,"total":1574,"voted":1570,"spoiled":14,"yays":1232,"nays":324},{"committee":"УИК №213","vibid":"4164025319000","voters":2225,"total":1621,"voted":1621,"spoiled":12,"yays":1168,"nays":441},{"committee":"УИК №214","vibid":"4164025319001","voters":2097,"total":1356,"voted":1352,"spoiled":19,"yays":1058,"nays":275},{"committee":"УИК №215","vibid":"4164025319002","voters":2272,"total":1464,"voted":1460,"spoiled":10,"yays":1154,"nays":296},{"committee":"УИК №216","vibid":"4164025319003","voters":2206,"total":1427,"voted":1422,"spoiled":30,"yays":1116,"nays":276},{"committee":"УИК №217","vibid":"4164025319004","voters":2081,"total":1338,"voted":1334,"spoiled":9,"yays":1070,"nays":255},{"committee":"УИК №218","vibid":"4164025319005","voters":1606,"total":1036,"voted":1033,"spoiled":20,"yays":806,"nays":207},{"committee":"УИК №219","vibid":"4164025319006","voters":2771,"total":1787,"voted":1783,"spoiled":10,"yays":1426,"nays":347},{"committee":"УИК №220","vibid":"4164025319007","voters":2381,"total":1525,"voted":1520,"spoiled":28,"yays":1187,"nays":305},{"committee":"УИК №221","vibid":"4164025319008","voters":2486,"total":1629,"voted":1625,"spoiled":10,"yays":1267,"nays":348},{"committee":"УИК №222","vibid":"4164025319009","voters":2113,"total":1363,"voted":1360,"spoiled":10,"yays":1063,"nays":287},{"committee":"УИК №223","vibid":"4164025319010","voters":2200,"total":1423,"voted":1422,"spoiled":3,"yays":1115,"nays":304},{"committee":"УИК №224","vibid":"4164025319011","voters":2166,"total":1401,"voted":1399,"spoiled":1,"yays":1098,"nays":300},{"committee":"УИК №225","vibid":"4164025319012","voters":2293,"total":1478,"voted":1474,"spoiled":6,"yays":1182,"nays":286},{"committee":"УИК №226","vibid":"4164025319013","voters":2006,"total":1294,"voted":1291,"spoiled":8,"yays":1033,"nays":250},{"committee":"УИК №227","vibid":"4164025319014","voters":2696,"total":1739,"voted":1734,"spoiled":15,"yays":1356,"nays":363},{"committee":"УИК №228","vibid":"4164025319015","voters":1976,"total":1267,"voted":1266,"spoiled":20,"yays":988,"nays":258},{"committee":"УИК №229","vibid":"4164025319016","voters":2166,"total":1399,"voted":1396,"spoiled":15,"yays":1094,"nays":287},{"committee":"УИК №230","vibid":"4164025319017","voters":1998,"total":1294,"voted":1289,"spoiled":56,"yays":1009,"nays":224},{"committee":"УИК №231","vibid":"4164025319018","voters":2097,"total":1356,"voted":1353,"spoiled":6,"yays":1058,"nays":289},{"committee":"УИК №232","vibid":"4164025319019","voters":2040,"total":1316,"voted":1314,"spoiled":10,"yays":1031,"nays":273},{"committee":"УИК №233","vibid":"4164025319020","voters":1946,"total":1257,"voted":1252,"spoiled":10,"yays":977,"nays":265},{"committee":"УИК №234","vibid":"4164025319021","voters":2512,"total":1623,"voted":1621,"spoiled":5,"yays":1268,"nays":348},{"committee":"УИК №235","vibid":"4164025319022","voters":2566,"total":1657,"voted":1653,"spoiled":15,"yays":1283,"nays":355},{"committee":"УИК №236","vibid":"4164025319023","voters":2302,"total":1499,"voted":1497,"spoiled":12,"yays":1161,"nays":324},{"committee":"УИК №237","vibid":"4164025319024","voters":2509,"total":1615,"voted":1610,"spoiled":10,"yays":1249,"nays":351},{"committee":"УИК №238","vibid":"4164025319025","voters":2330,"total":1503,"voted":1501,"spoiled":18,"yays":1159,"nays":324},{"committee":"УИК №239","vibid":"4164025319026","voters":2097,"total":1356,"voted":1353,"spoiled":6,"yays":1056,"nays":291},{"committee":"УИК №240","vibid":"4164025319027","voters":2540,"total":1825,"voted":1825,"spoiled":39,"yays":1376,"nays":410},{"committee":"УИК №241","vibid":"4164025319028","voters":2462,"total":1581,"voted":1577,"spoiled":10,"yays":1273,"nays":294},{"committee":"УИК №242","vibid":"4164025319029","voters":2417,"total":1561,"voted":1558,"spoiled":12,"yays":1252,"nays":294},{"committee":"УИК №243","vibid":"4164025319030","voters":2214,"total":1428,"voted":1423,"spoiled":10,"yays":1157,"nays":256},{"committee":"УИК №244","vibid":"4164025319031","voters":2542,"total":1633,"voted":1630,"spoiled":6,"yays":1274,"nays":350},{"committee":"УИК №245","vibid":"4164025319032","voters":2566,"total":1650,"voted":1647,"spoiled":11,"yays":1292,"nays":344},{"committee":"УИК №246","vibid":"4164025319033","voters":2615,"total":1681,"voted":1677,"spoiled":12,"yays":1312,"nays":353},{"committee":"УИК №247","vibid":"4164025319034","voters":2566,"total":1655,"voted":1652,"spoiled":3,"yays":1290,"nays":359},{"committee":"УИК №248","vibid":"4164025319035","voters":1555,"total":1006,"voted":1003,"spoiled":10,"yays":782,"nays":211},{"committee":"УИК №249","vibid":"4164025319036","voters":2402,"total":1550,"voted":1548,"spoiled":3,"yays":1227,"nays":318},{"committee":"УИК №250","vibid":"4164025319037","voters":2738,"total":1756,"voted":1753,"spoiled":14,"yays":1366,"nays":373},{"committee":"УИК №251","vibid":"4164025319038","voters":1966,"total":1268,"voted":1263,"spoiled":20,"yays":991,"nays":252},{"committee":"УИК №252","vibid":"4164025319039","voters":2788,"total":1793,"voted":1785,"spoiled":5,"yays":1428,"nays":352},{"committee":"УИК №253","vibid":"4164025319040","voters":2790,"total":1798,"voted":1794,"spoiled":4,"yays":1432,"nays":358},{"committee":"УИК №254","vibid":"4164025319041","voters":2357,"total":1513,"voted":1500,"spoiled":25,"yays":1169,"nays":306},{"committee":"УИК №255","vibid":"4164025319042","voters":2708,"total":1752,"voted":1749,"spoiled":8,"yays":1364,"nays":377},{"committee":"УИК №256","vibid":"4164025319043","voters":2001,"total":1292,"voted":1290,"spoiled":10,"yays":1038,"nays":242},{"committee":"УИК №257","vibid":"4164025319044","voters":2355,"total":1512,"voted":1509,"spoiled":12,"yays":1179,"nays":318},{"committee":"УИК №258","vibid":"4164025319045","voters":1610,"total":1039,"voted":1033,"spoiled":46,"yays":808,"nays":179},{"committee":"УИК №259","vibid":"4164025319046","voters":2593,"total":830,"voted":827,"spoiled":7,"yays":420,"nays":400},{"committee":"УИК №260","vibid":"4164025319047","voters":2707,"total":906,"voted":891,"spoiled":1,"yays":399,"nays":491},{"committee":"УИК №2759","vibid":"4164025319504","voters":121,"total":115,"voted":115,"spoiled":4,"yays":80,"nays":31},{"committee":"УИК №2760","vibid":"4164025319505","voters":94,"total":93,"voted":93,"spoiled":2,"yays":41,"nays":50}]