[{"committee":"УИК №77","vibid":"4164026504625","voters":120,"total":120,"voted":120,"spoiled":0,"yays":93,"nays":27},{"committee":"УИК №262","vibid":"4164026503247","voters":772,"total":453,"voted":453,"spoiled":4,"yays":377,"nays":72},{"committee":"УИК №263","vibid":"4164026503248","voters":2233,"total":1417,"voted":1417,"spoiled":10,"yays":1097,"nays":310},{"committee":"УИК №268","vibid":"4164026503253","voters":2387,"total":1507,"voted":1507,"spoiled":11,"yays":1163,"nays":333},{"committee":"УИК №274","vibid":"4164026503259","voters":2682,"total":1672,"voted":1672,"spoiled":4,"yays":1305,"nays":363},{"committee":"УИК №275","vibid":"4164026503260","voters":2186,"total":1377,"voted":1377,"spoiled":30,"yays":1060,"nays":287},{"committee":"УИК №276","vibid":"4164026503261","voters":1600,"total":1008,"voted":1006,"spoiled":25,"yays":777,"nays":204},{"committee":"УИК №278","vibid":"4164026503263","voters":1089,"total":686,"voted":685,"spoiled":2,"yays":526,"nays":157},{"committee":"УИК №280","vibid":"4164026503265","voters":2291,"total":1446,"voted":1446,"spoiled":5,"yays":1113,"nays":328},{"committee":"УИК №281","vibid":"4164026503266","voters":1865,"total":1175,"voted":1175,"spoiled":5,"yays":905,"nays":265},{"committee":"УИК №282","vibid":"4164026503267","voters":1488,"total":937,"voted":937,"spoiled":6,"yays":728,"nays":203},{"committee":"УИК №287","vibid":"4164026503272","voters":2074,"total":1309,"voted":1309,"spoiled":3,"yays":1009,"nays":297},{"committee":"УИК №288","vibid":"4164026503273","voters":1428,"total":902,"voted":901,"spoiled":1,"yays":698,"nays":202},{"committee":"УИК №290","vibid":"4164026503275","voters":2078,"total":1310,"voted":1309,"spoiled":9,"yays":1013,"nays":287},{"committee":"УИК №291","vibid":"4164026503276","voters":3762,"total":2370,"voted":2370,"spoiled":7,"yays":1821,"nays":542},{"committee":"УИК №292","vibid":"4164026503277","voters":2762,"total":1808,"voted":1805,"spoiled":37,"yays":1360,"nays":408},{"committee":"УИК №300","vibid":"4164026503285","voters":2521,"total":1590,"voted":1589,"spoiled":13,"yays":1229,"nays":347},{"committee":"УИК №301","vibid":"4164026503286","voters":2431,"total":1531,"voted":1529,"spoiled":7,"yays":1184,"nays":338},{"committee":"УИК №303","vibid":"4164026503288","voters":1645,"total":1009,"voted":1009,"spoiled":5,"yays":764,"nays":240},{"committee":"УИК №304","vibid":"4164026503289","voters":2002,"total":1274,"voted":1274,"spoiled":6,"yays":980,"nays":288},{"committee":"УИК №305","vibid":"4164026503290","voters":2075,"total":1322,"voted":1322,"spoiled":4,"yays":1020,"nays":298},{"committee":"УИК №307","vibid":"4164026503292","voters":2206,"total":1512,"voted":1512,"spoiled":29,"yays":1189,"nays":294},{"committee":"УИК №309","vibid":"4164026503294","voters":2249,"total":1432,"voted":1428,"spoiled":10,"yays":1102,"nays":316},{"committee":"УИК №310","vibid":"4164026503295","voters":2077,"total":1306,"voted":1306,"spoiled":25,"yays":928,"nays":353},{"committee":"УИК №314","vibid":"4164026503299","voters":2187,"total":1382,"voted":1380,"spoiled":6,"yays":1067,"nays":307},{"committee":"УИК №315","vibid":"4164026503300","voters":2726,"total":1717,"voted":1712,"spoiled":14,"yays":1320,"nays":378},{"committee":"УИК №316","vibid":"4164026503301","voters":2641,"total":1659,"voted":1656,"spoiled":23,"yays":1286,"nays":347},{"committee":"УИК №317","vibid":"4164026503302","voters":2784,"total":1753,"voted":1752,"spoiled":4,"yays":1349,"nays":399},{"committee":"УИК №319","vibid":"4164026503304","voters":2531,"total":1594,"voted":1593,"spoiled":2,"yays":1226,"nays":365},{"committee":"УИК №320","vibid":"4164026503305","voters":2633,"total":1668,"voted":1668,"spoiled":10,"yays":1284,"nays":374},{"committee":"УИК №321","vibid":"4164026503306","voters":2722,"total":1727,"voted":1726,"spoiled":0,"yays":1338,"nays":388},{"committee":"УИК №326","vibid":"4164026503311","voters":1815,"total":1147,"voted":1145,"spoiled":14,"yays":883,"nays":248},{"committee":"УИК №327","vibid":"4164026503312","voters":2161,"total":1372,"voted":1371,"spoiled":22,"yays":1061,"nays":288},{"committee":"УИК №329","vibid":"4164026503314","voters":2342,"total":1483,"voted":1482,"spoiled":33,"yays":1147,"nays":302},{"committee":"УИК №330","vibid":"4164026503315","voters":2767,"total":1752,"voted":1751,"spoiled":15,"yays":1354,"nays":382},{"committee":"УИК №332","vibid":"4164026503317","voters":2783,"total":1762,"voted":1761,"spoiled":32,"yays":1365,"nays":364},{"committee":"УИК №333","vibid":"4164026503318","voters":2931,"total":1851,"voted":1851,"spoiled":13,"yays":1416,"nays":422},{"committee":"УИК №337","vibid":"4164026503322","voters":2701,"total":1704,"voted":1702,"spoiled":3,"yays":1313,"nays":386},{"committee":"УИК №338","vibid":"4164026503323","voters":2809,"total":1769,"voted":1769,"spoiled":18,"yays":1369,"nays":382},{"committee":"УИК №339","vibid":"4164026503324","voters":3183,"total":2008,"voted":2008,"spoiled":14,"yays":1546,"nays":448},{"committee":"УИК №342","vibid":"4164026504626","voters":473,"total":446,"voted":446,"spoiled":1,"yays":347,"nays":98},{"committee":"УИК №344","vibid":"4164026504627","voters":58,"total":58,"voted":58,"spoiled":0,"yays":49,"nays":9},{"committee":"УИК №347","vibid":"4164026504630","voters":320,"total":320,"voted":320,"spoiled":0,"yays":247,"nays":73},{"committee":"УИК №453","vibid":"4164026503334","voters":1945,"total":1227,"voted":1227,"spoiled":8,"yays":937,"nays":282}]