[{"committee":"УИК №308","vibid":"4124007185880","voters":886,"total":641,"voted":641,"spoiled":7,"yays":517,"nays":117},{"committee":"УИК №309","vibid":"4124007185881","voters":1380,"total":898,"voted":898,"spoiled":0,"yays":781,"nays":117},{"committee":"УИК №311","vibid":"4124007185882","voters":853,"total":688,"voted":688,"spoiled":0,"yays":572,"nays":116},{"committee":"УИК №312","vibid":"4124007185883","voters":1027,"total":643,"voted":643,"spoiled":12,"yays":482,"nays":149},{"committee":"УИК №313","vibid":"4124007185884","voters":955,"total":669,"voted":669,"spoiled":6,"yays":561,"nays":102},{"committee":"УИК №314","vibid":"4124007185885","voters":688,"total":560,"voted":560,"spoiled":4,"yays":506,"nays":50},{"committee":"УИК №315","vibid":"4124007185886","voters":771,"total":622,"voted":622,"spoiled":0,"yays":498,"nays":124},{"committee":"УИК №316","vibid":"4124007185887","voters":848,"total":620,"voted":620,"spoiled":10,"yays":517,"nays":93},{"committee":"УИК №317","vibid":"4124007185888","voters":1041,"total":862,"voted":862,"spoiled":0,"yays":711,"nays":151},{"committee":"УИК №318","vibid":"4124007185889","voters":580,"total":416,"voted":416,"spoiled":3,"yays":278,"nays":135},{"committee":"УИК №319","vibid":"4124007185890","voters":496,"total":350,"voted":350,"spoiled":9,"yays":280,"nays":61},{"committee":"УИК №320","vibid":"4124007185891","voters":1311,"total":989,"voted":989,"spoiled":6,"yays":891,"nays":92},{"committee":"УИК №321","vibid":"4124007185892","voters":919,"total":802,"voted":802,"spoiled":3,"yays":728,"nays":71},{"committee":"УИК №322","vibid":"4124007185893","voters":813,"total":606,"voted":606,"spoiled":1,"yays":536,"nays":69},{"committee":"УИК №323","vibid":"4124007185894","voters":707,"total":520,"voted":520,"spoiled":0,"yays":418,"nays":102},{"committee":"УИК №324","vibid":"4124007185895","voters":293,"total":222,"voted":222,"spoiled":0,"yays":171,"nays":51},{"committee":"УИК №325","vibid":"4124007185896","voters":449,"total":400,"voted":400,"spoiled":2,"yays":330,"nays":68},{"committee":"УИК №326","vibid":"4124007185897","voters":1036,"total":761,"voted":761,"spoiled":36,"yays":621,"nays":104},{"committee":"УИК №328","vibid":"4124007185898","voters":491,"total":395,"voted":395,"spoiled":0,"yays":338,"nays":57},{"committee":"УИК №329","vibid":"4124007185899","voters":1454,"total":1217,"voted":1217,"spoiled":5,"yays":1051,"nays":161}]