[{"committee":"УИК №2797","vibid":"4164051224079","voters":604,"total":592,"voted":592,"spoiled":5,"yays":568,"nays":19},{"committee":"УИК №2798","vibid":"4164051224080","voters":336,"total":327,"voted":327,"spoiled":0,"yays":310,"nays":17},{"committee":"УИК №2799","vibid":"4164051224081","voters":392,"total":384,"voted":384,"spoiled":0,"yays":361,"nays":23},{"committee":"УИК №2800","vibid":"4164051224082","voters":235,"total":232,"voted":232,"spoiled":0,"yays":220,"nays":12},{"committee":"УИК №2801","vibid":"4164051224083","voters":230,"total":227,"voted":227,"spoiled":7,"yays":216,"nays":4},{"committee":"УИК №2802","vibid":"4164051224084","voters":950,"total":925,"voted":925,"spoiled":0,"yays":881,"nays":44},{"committee":"УИК №2803","vibid":"4164051224085","voters":323,"total":317,"voted":317,"spoiled":0,"yays":302,"nays":15},{"committee":"УИК №2804","vibid":"4164051224086","voters":318,"total":309,"voted":309,"spoiled":0,"yays":298,"nays":11},{"committee":"УИК №2805","vibid":"4164051224087","voters":670,"total":646,"voted":646,"spoiled":0,"yays":620,"nays":26},{"committee":"УИК №2806","vibid":"4164051224088","voters":145,"total":144,"voted":144,"spoiled":1,"yays":138,"nays":5},{"committee":"УИК №2807","vibid":"4164051224089","voters":507,"total":495,"voted":495,"spoiled":7,"yays":469,"nays":19},{"committee":"УИК №2808","vibid":"4164051224090","voters":576,"total":559,"voted":559,"spoiled":4,"yays":530,"nays":25},{"committee":"УИК №2809","vibid":"4164051224091","voters":433,"total":423,"voted":423,"spoiled":0,"yays":403,"nays":20},{"committee":"УИК №2810","vibid":"4164051224092","voters":482,"total":465,"voted":465,"spoiled":0,"yays":438,"nays":27},{"committee":"УИК №2811","vibid":"4164051224093","voters":1141,"total":1117,"voted":1117,"spoiled":8,"yays":1055,"nays":54},{"committee":"УИК №2812","vibid":"4164051224094","voters":563,"total":550,"voted":550,"spoiled":1,"yays":525,"nays":24},{"committee":"УИК №2813","vibid":"4164051224095","voters":111,"total":109,"voted":109,"spoiled":0,"yays":102,"nays":7},{"committee":"УИК №2814","vibid":"4164051224096","voters":1257,"total":1146,"voted":1146,"spoiled":12,"yays":1043,"nays":91},{"committee":"УИК №2815","vibid":"4164051224097","voters":934,"total":886,"voted":886,"spoiled":6,"yays":812,"nays":68},{"committee":"УИК №2816","vibid":"4164051224098","voters":1025,"total":944,"voted":944,"spoiled":0,"yays":874,"nays":70},{"committee":"УИК №2817","vibid":"4164051224099","voters":815,"total":757,"voted":757,"spoiled":5,"yays":689,"nays":63},{"committee":"УИК №2818","vibid":"4164051224100","voters":890,"total":832,"voted":832,"spoiled":0,"yays":770,"nays":62},{"committee":"УИК №2819","vibid":"4164051224101","voters":1259,"total":1161,"voted":1161,"spoiled":21,"yays":1070,"nays":70},{"committee":"УИК №2820","vibid":"4164051224102","voters":841,"total":780,"voted":780,"spoiled":17,"yays":716,"nays":47},{"committee":"УИК №2821","vibid":"4164051224103","voters":1518,"total":1403,"voted":1403,"spoiled":33,"yays":1269,"nays":101}]