[{"committee":"УИК №289","vibid":"4144016336936","voters":1230,"total":317,"voted":317,"spoiled":3,"yays":254,"nays":60},{"committee":"УИК №290","vibid":"4144016336937","voters":1297,"total":366,"voted":366,"spoiled":6,"yays":241,"nays":119},{"committee":"УИК №291","vibid":"4144016336938","voters":739,"total":135,"voted":135,"spoiled":1,"yays":78,"nays":56},{"committee":"УИК №292","vibid":"4144016336939","voters":1998,"total":727,"voted":727,"spoiled":6,"yays":364,"nays":357},{"committee":"УИК №293","vibid":"4144016336940","voters":2239,"total":710,"voted":710,"spoiled":8,"yays":386,"nays":316},{"committee":"УИК №294","vibid":"4144016336941","voters":887,"total":253,"voted":253,"spoiled":0,"yays":181,"nays":72},{"committee":"УИК №295","vibid":"4144016336942","voters":1401,"total":530,"voted":530,"spoiled":2,"yays":419,"nays":109},{"committee":"УИК №296","vibid":"4144016336943","voters":1708,"total":553,"voted":553,"spoiled":8,"yays":283,"nays":262},{"committee":"УИК №297","vibid":"4144016336944","voters":588,"total":263,"voted":263,"spoiled":2,"yays":124,"nays":137},{"committee":"УИК №298","vibid":"4144016336945","voters":1608,"total":552,"voted":551,"spoiled":6,"yays":312,"nays":233},{"committee":"УИК №299","vibid":"4144016336946","voters":2350,"total":757,"voted":754,"spoiled":8,"yays":480,"nays":266},{"committee":"УИК №300","vibid":"4144016336947","voters":2045,"total":779,"voted":779,"spoiled":7,"yays":413,"nays":359},{"committee":"УИК №301","vibid":"4144016336948","voters":2018,"total":804,"voted":804,"spoiled":13,"yays":446,"nays":345},{"committee":"УИК №302","vibid":"4144016336949","voters":2366,"total":974,"voted":974,"spoiled":9,"yays":693,"nays":272},{"committee":"УИК №303","vibid":"4144016336950","voters":2319,"total":993,"voted":993,"spoiled":1,"yays":529,"nays":463},{"committee":"УИК №304","vibid":"4144016336951","voters":909,"total":296,"voted":296,"spoiled":2,"yays":158,"nays":136},{"committee":"УИК №305","vibid":"4144016336952","voters":1076,"total":408,"voted":408,"spoiled":4,"yays":173,"nays":231},{"committee":"УИК №306","vibid":"4144016336953","voters":169,"total":76,"voted":76,"spoiled":0,"yays":52,"nays":24},{"committee":"УИК №307","vibid":"4144016336954","voters":310,"total":246,"voted":246,"spoiled":4,"yays":171,"nays":71},{"committee":"УИК №308","vibid":"4144016336955","voters":867,"total":693,"voted":693,"spoiled":5,"yays":321,"nays":367},{"committee":"УИК №309","vibid":"4144016336956","voters":1126,"total":542,"voted":542,"spoiled":10,"yays":253,"nays":279},{"committee":"УИК №310","vibid":"4144016336957","voters":1855,"total":752,"voted":752,"spoiled":6,"yays":453,"nays":293},{"committee":"УИК №311","vibid":"4144016336958","voters":1078,"total":400,"voted":400,"spoiled":9,"yays":210,"nays":181},{"committee":"УИК №312","vibid":"4144016336959","voters":1631,"total":589,"voted":589,"spoiled":14,"yays":340,"nays":235},{"committee":"УИК №313","vibid":"4144016336960","voters":2094,"total":1075,"voted":1075,"spoiled":21,"yays":653,"nays":401},{"committee":"УИК №314","vibid":"4144016336961","voters":2370,"total":1327,"voted":1327,"spoiled":17,"yays":862,"nays":448},{"committee":"УИК №315","vibid":"4144016336962","voters":2390,"total":1345,"voted":1345,"spoiled":20,"yays":830,"nays":495},{"committee":"УИК №316","vibid":"4144016336963","voters":1942,"total":1067,"voted":1067,"spoiled":13,"yays":589,"nays":465},{"committee":"УИК №317","vibid":"4144016336964","voters":408,"total":206,"voted":206,"spoiled":3,"yays":111,"nays":92},{"committee":"УИК №318","vibid":"4144016336965","voters":631,"total":264,"voted":264,"spoiled":10,"yays":183,"nays":71},{"committee":"УИК №319","vibid":"4144016336966","voters":1919,"total":919,"voted":919,"spoiled":70,"yays":511,"nays":338},{"committee":"УИК №320","vibid":"4144016336967","voters":2336,"total":1146,"voted":1146,"spoiled":13,"yays":991,"nays":142},{"committee":"УИК №321","vibid":"4144016336968","voters":2249,"total":1081,"voted":1081,"spoiled":19,"yays":910,"nays":152},{"committee":"УИК №322","vibid":"4144016336969","voters":1665,"total":856,"voted":856,"spoiled":44,"yays":459,"nays":353},{"committee":"УИК №808","vibid":"4144016337375","voters":1909,"total":1875,"voted":1871,"spoiled":29,"yays":1598,"nays":244}]