[{"committee":"УИК №183","vibid":"4164027446225","voters":4076,"total":2634,"voted":2634,"spoiled":8,"yays":2057,"nays":569},{"committee":"УИК №349","vibid":"4164027446226","voters":2312,"total":1489,"voted":1489,"spoiled":10,"yays":1177,"nays":302},{"committee":"УИК №350","vibid":"4164027446227","voters":2151,"total":1352,"voted":1352,"spoiled":10,"yays":1061,"nays":281},{"committee":"УИК №351","vibid":"4164027446228","voters":2964,"total":1889,"voted":1889,"spoiled":14,"yays":1463,"nays":412},{"committee":"УИК №352","vibid":"4164027446229","voters":2024,"total":1283,"voted":1283,"spoiled":6,"yays":1013,"nays":264},{"committee":"УИК №353","vibid":"4164027446230","voters":2527,"total":1604,"voted":1601,"spoiled":13,"yays":1237,"nays":351},{"committee":"УИК №354","vibid":"4164027446231","voters":1560,"total":990,"voted":988,"spoiled":3,"yays":781,"nays":204},{"committee":"УИК №355","vibid":"4164027446232","voters":2124,"total":1375,"voted":1375,"spoiled":0,"yays":1059,"nays":316},{"committee":"УИК №356","vibid":"4164027446233","voters":2657,"total":1645,"voted":1645,"spoiled":41,"yays":1274,"nays":330},{"committee":"УИК №357","vibid":"4164027446234","voters":2707,"total":1729,"voted":1728,"spoiled":29,"yays":1330,"nays":369},{"committee":"УИК №358","vibid":"4164027446235","voters":2814,"total":1758,"voted":1757,"spoiled":35,"yays":1373,"nays":349},{"committee":"УИК №359","vibid":"4164027446236","voters":2218,"total":1422,"voted":1422,"spoiled":6,"yays":1117,"nays":299},{"committee":"УИК №360","vibid":"4164027446237","voters":2891,"total":1885,"voted":1882,"spoiled":0,"yays":1450,"nays":432},{"committee":"УИК №361","vibid":"4164027446238","voters":2100,"total":1384,"voted":1384,"spoiled":8,"yays":1100,"nays":276},{"committee":"УИК №362","vibid":"4164027446239","voters":2833,"total":1924,"voted":1923,"spoiled":17,"yays":1376,"nays":530},{"committee":"УИК №363","vibid":"4164027446240","voters":1779,"total":1156,"voted":1156,"spoiled":0,"yays":891,"nays":265},{"committee":"УИК №364","vibid":"4164027446241","voters":3078,"total":2002,"voted":2001,"spoiled":21,"yays":1541,"nays":439},{"committee":"УИК №365","vibid":"4164027446242","voters":1987,"total":1289,"voted":1289,"spoiled":5,"yays":994,"nays":290},{"committee":"УИК №366","vibid":"4164027446243","voters":2950,"total":1908,"voted":1908,"spoiled":10,"yays":1646,"nays":252},{"committee":"УИК №367","vibid":"4164027446244","voters":774,"total":566,"voted":559,"spoiled":3,"yays":431,"nays":125},{"committee":"УИК №368","vibid":"4164027446245","voters":2030,"total":1243,"voted":1243,"spoiled":0,"yays":988,"nays":255},{"committee":"УИК №369","vibid":"4164027446246","voters":812,"total":514,"voted":514,"spoiled":4,"yays":401,"nays":109},{"committee":"УИК №370","vibid":"4164027446247","voters":2791,"total":1773,"voted":1773,"spoiled":9,"yays":1375,"nays":389},{"committee":"УИК №371","vibid":"4164027446248","voters":2913,"total":1855,"voted":1852,"spoiled":27,"yays":1438,"nays":387},{"committee":"УИК №372","vibid":"4164027446249","voters":2364,"total":1515,"voted":1515,"spoiled":10,"yays":1170,"nays":335},{"committee":"УИК №373","vibid":"4164027446250","voters":2947,"total":1944,"voted":1944,"spoiled":2,"yays":1505,"nays":437},{"committee":"УИК №374","vibid":"4164027446251","voters":2391,"total":1528,"voted":1526,"spoiled":14,"yays":1177,"nays":335},{"committee":"УИК №375","vibid":"4164027446252","voters":2149,"total":1382,"voted":1378,"spoiled":5,"yays":1065,"nays":308},{"committee":"УИК №376","vibid":"4164027446253","voters":2254,"total":1441,"voted":1440,"spoiled":15,"yays":1124,"nays":301},{"committee":"УИК №377","vibid":"4164027446254","voters":2288,"total":1451,"voted":1451,"spoiled":25,"yays":1122,"nays":304},{"committee":"УИК №378","vibid":"4164027446255","voters":2283,"total":1448,"voted":1448,"spoiled":14,"yays":1131,"nays":303},{"committee":"УИК №379","vibid":"4164027446256","voters":2409,"total":1740,"voted":1738,"spoiled":6,"yays":1421,"nays":311},{"committee":"УИК №380","vibid":"4164027446257","voters":2617,"total":1674,"voted":1674,"spoiled":44,"yays":1289,"nays":341},{"committee":"УИК №381","vibid":"4164027446258","voters":2363,"total":1515,"voted":1515,"spoiled":10,"yays":1168,"nays":337},{"committee":"УИК №382","vibid":"4164027446259","voters":2300,"total":1469,"voted":1469,"spoiled":20,"yays":1145,"nays":304},{"committee":"УИК №383","vibid":"4164027446260","voters":2061,"total":1318,"voted":1316,"spoiled":8,"yays":1015,"nays":293},{"committee":"УИК №384","vibid":"4164027446261","voters":2597,"total":1673,"voted":1673,"spoiled":23,"yays":1305,"nays":345},{"committee":"УИК №385","vibid":"4164027446262","voters":2039,"total":1289,"voted":1289,"spoiled":3,"yays":993,"nays":293},{"committee":"УИК №386","vibid":"4164027446263","voters":1842,"total":1187,"voted":1187,"spoiled":72,"yays":914,"nays":201},{"committee":"УИК №387","vibid":"4164027446264","voters":580,"total":374,"voted":374,"spoiled":3,"yays":290,"nays":81},{"committee":"УИК №388","vibid":"4164027446265","voters":2998,"total":2167,"voted":2167,"spoiled":14,"yays":1860,"nays":293},{"committee":"УИК №389","vibid":"4164027446266","voters":2871,"total":1863,"voted":1863,"spoiled":4,"yays":1465,"nays":394},{"committee":"УИК №390","vibid":"4164027446267","voters":1869,"total":1173,"voted":1171,"spoiled":3,"yays":914,"nays":254},{"committee":"УИК №391","vibid":"4164027446268","voters":2295,"total":1455,"voted":1453,"spoiled":4,"yays":1125,"nays":324},{"committee":"УИК №392","vibid":"4164027446269","voters":1804,"total":1142,"voted":1142,"spoiled":8,"yays":882,"nays":252},{"committee":"УИК №393","vibid":"4164027446270","voters":2394,"total":1525,"voted":1525,"spoiled":0,"yays":1190,"nays":335},{"committee":"УИК №394","vibid":"4164027446271","voters":2009,"total":1278,"voted":1278,"spoiled":3,"yays":986,"nays":289},{"committee":"УИК №395","vibid":"4164027446272","voters":2022,"total":1304,"voted":1304,"spoiled":2,"yays":1007,"nays":295},{"committee":"УИК №396","vibid":"4164027446273","voters":2430,"total":1559,"voted":1559,"spoiled":10,"yays":1211,"nays":338},{"committee":"УИК №397","vibid":"4164027446274","voters":1984,"total":1434,"voted":1434,"spoiled":20,"yays":1217,"nays":197},{"committee":"УИК №398","vibid":"4164027446275","voters":2722,"total":1705,"voted":1705,"spoiled":4,"yays":1315,"nays":386},{"committee":"УИК №399","vibid":"4164027446276","voters":2272,"total":1435,"voted":1435,"spoiled":0,"yays":1110,"nays":325},{"committee":"УИК №400","vibid":"4164027446277","voters":2179,"total":1372,"voted":1372,"spoiled":2,"yays":1060,"nays":310},{"committee":"УИК №401","vibid":"4164027446278","voters":2024,"total":1275,"voted":1275,"spoiled":0,"yays":987,"nays":288},{"committee":"УИК №402","vibid":"4164027446279","voters":1915,"total":1202,"voted":1202,"spoiled":0,"yays":929,"nays":273},{"committee":"УИК №403","vibid":"4164027446280","voters":2114,"total":1349,"voted":1349,"spoiled":4,"yays":1043,"nays":302},{"committee":"УИК №404","vibid":"4164027446281","voters":1385,"total":886,"voted":885,"spoiled":14,"yays":697,"nays":174},{"committee":"УИК №405","vibid":"4164027446282","voters":2464,"total":1582,"voted":1582,"spoiled":0,"yays":1234,"nays":348},{"committee":"УИК №406","vibid":"4164027446283","voters":2060,"total":1310,"voted":1309,"spoiled":17,"yays":1012,"nays":280},{"committee":"УИК №407","vibid":"4164027446284","voters":2614,"total":1645,"voted":1643,"spoiled":41,"yays":1274,"nays":328},{"committee":"УИК №408","vibid":"4164027446285","voters":2550,"total":1611,"voted":1609,"spoiled":32,"yays":1256,"nays":321},{"committee":"УИК №409","vibid":"4164027446286","voters":2317,"total":1494,"voted":1494,"spoiled":0,"yays":1154,"nays":340},{"committee":"УИК №410","vibid":"4164027446287","voters":2295,"total":1487,"voted":1485,"spoiled":23,"yays":1145,"nays":317},{"committee":"УИК №411","vibid":"4164027446288","voters":2163,"total":1410,"voted":1410,"spoiled":46,"yays":1089,"nays":275},{"committee":"УИК №412","vibid":"4164027446289","voters":2305,"total":1496,"voted":1496,"spoiled":0,"yays":1152,"nays":344},{"committee":"УИК №413","vibid":"4164027446290","voters":2066,"total":1342,"voted":1340,"spoiled":7,"yays":1037,"nays":296},{"committee":"УИК №414","vibid":"4164027446291","voters":2437,"total":1571,"voted":1569,"spoiled":17,"yays":1214,"nays":338},{"committee":"УИК №415","vibid":"4164027446292","voters":1973,"total":1261,"voted":1261,"spoiled":16,"yays":971,"nays":274},{"committee":"УИК №416","vibid":"4164027446293","voters":2111,"total":1370,"voted":1370,"spoiled":9,"yays":1057,"nays":304},{"committee":"УИК №417","vibid":"4164027446294","voters":2509,"total":1628,"voted":1628,"spoiled":29,"yays":1260,"nays":339},{"committee":"УИК №418","vibid":"4164027446295","voters":2618,"total":1688,"voted":1688,"spoiled":14,"yays":1300,"nays":374},{"committee":"УИК №419","vibid":"4164027446296","voters":2222,"total":1441,"voted":1440,"spoiled":9,"yays":1109,"nays":322},{"committee":"УИК №420","vibid":"4164027446297","voters":2553,"total":1654,"voted":1653,"spoiled":15,"yays":1274,"nays":364},{"committee":"УИК №421","vibid":"4164027446298","voters":2411,"total":1559,"voted":1559,"spoiled":112,"yays":1206,"nays":241},{"committee":"УИК №422","vibid":"4164027446299","voters":2824,"total":1833,"voted":1831,"spoiled":4,"yays":1430,"nays":397},{"committee":"УИК №423","vibid":"4164027446300","voters":3025,"total":1968,"voted":1963,"spoiled":85,"yays":1521,"nays":357},{"committee":"УИК №424","vibid":"4164027446301","voters":2475,"total":1608,"voted":1606,"spoiled":12,"yays":1242,"nays":352},{"committee":"УИК №425","vibid":"4164027446302","voters":2435,"total":1581,"voted":1581,"spoiled":7,"yays":1223,"nays":351},{"committee":"УИК №426","vibid":"4164027446303","voters":2480,"total":1599,"voted":1599,"spoiled":0,"yays":1233,"nays":366},{"committee":"УИК №427","vibid":"4164027446304","voters":2360,"total":1531,"voted":1522,"spoiled":12,"yays":1178,"nays":332},{"committee":"УИК №428","vibid":"4164027446305","voters":2504,"total":1626,"voted":1626,"spoiled":44,"yays":1267,"nays":315},{"committee":"УИК №429","vibid":"4164027446306","voters":2436,"total":1579,"voted":1576,"spoiled":7,"yays":1218,"nays":351},{"committee":"УИК №430","vibid":"4164027446307","voters":2327,"total":1511,"voted":1501,"spoiled":15,"yays":1163,"nays":323},{"committee":"УИК №431","vibid":"4164027446308","voters":2745,"total":1783,"voted":1781,"spoiled":13,"yays":1367,"nays":401},{"committee":"УИК №432","vibid":"4164027446309","voters":2636,"total":1710,"voted":1710,"spoiled":23,"yays":1323,"nays":364},{"committee":"УИК №433","vibid":"4164027446310","voters":2448,"total":1580,"voted":1580,"spoiled":0,"yays":1220,"nays":360},{"committee":"УИК №434","vibid":"4164027446311","voters":2704,"total":1752,"voted":1750,"spoiled":9,"yays":1353,"nays":388},{"committee":"УИК №435","vibid":"4164027446312","voters":2704,"total":1757,"voted":1750,"spoiled":10,"yays":1360,"nays":380},{"committee":"УИК №436","vibid":"4164027446313","voters":2556,"total":1659,"voted":1658,"spoiled":8,"yays":1286,"nays":364},{"committee":"УИК №437","vibid":"4164027446314","voters":1950,"total":1267,"voted":1266,"spoiled":3,"yays":985,"nays":278},{"committee":"УИК №438","vibid":"4164027446315","voters":2100,"total":1354,"voted":1352,"spoiled":16,"yays":1045,"nays":291},{"committee":"УИК №439","vibid":"4164027446316","voters":2455,"total":1589,"voted":1589,"spoiled":4,"yays":1228,"nays":357},{"committee":"УИК №440","vibid":"4164027446317","voters":2653,"total":1723,"voted":1720,"spoiled":5,"yays":1331,"nays":384},{"committee":"УИК №441","vibid":"4164027446318","voters":2924,"total":1896,"voted":1896,"spoiled":15,"yays":1465,"nays":416},{"committee":"УИК №442","vibid":"4164027446319","voters":2834,"total":1834,"voted":1834,"spoiled":6,"yays":1417,"nays":411},{"committee":"УИК №443","vibid":"4164027447519","voters":106,"total":86,"voted":86,"spoiled":0,"yays":59,"nays":27},{"committee":"УИК №444","vibid":"4164027447520","voters":143,"total":143,"voted":143,"spoiled":0,"yays":97,"nays":46},{"committee":"УИК №445","vibid":"4164027447521","voters":84,"total":83,"voted":83,"spoiled":0,"yays":57,"nays":26},{"committee":"УИК №446","vibid":"4164027447522","voters":265,"total":263,"voted":263,"spoiled":0,"yays":179,"nays":84},{"committee":"УИК №447","vibid":"4164027447523","voters":68,"total":68,"voted":68,"spoiled":3,"yays":47,"nays":18},{"committee":"УИК №448","vibid":"4164027447524","voters":261,"total":261,"voted":261,"spoiled":0,"yays":237,"nays":24},{"committee":"УИК №449","vibid":"4164027447525","voters":666,"total":666,"voted":666,"spoiled":0,"yays":605,"nays":61},{"committee":"УИК №450","vibid":"4164027447526","voters":96,"total":96,"voted":96,"spoiled":0,"yays":66,"nays":30},{"committee":"УИК №451","vibid":"4164027446328","voters":1983,"total":1281,"voted":1281,"spoiled":11,"yays":993,"nays":277},{"committee":"УИК №452","vibid":"4164027446329","voters":2586,"total":1680,"voted":1680,"spoiled":13,"yays":1302,"nays":365},{"committee":"УИК №454","vibid":"4164027446330","voters":3290,"total":2125,"voted":2125,"spoiled":12,"yays":1649,"nays":464},{"committee":"УИК №455","vibid":"4164027446331","voters":3195,"total":2058,"voted":2058,"spoiled":0,"yays":1610,"nays":448},{"committee":"УИК №456","vibid":"4164027446332","voters":1377,"total":899,"voted":899,"spoiled":2,"yays":695,"nays":202},{"committee":"УИК №457","vibid":"4164027446333","voters":2979,"total":1936,"voted":1936,"spoiled":7,"yays":1495,"nays":434},{"committee":"УИК №458","vibid":"4164027446334","voters":517,"total":325,"voted":325,"spoiled":0,"yays":229,"nays":96}]