[{"committee":"УИК №143","vibid":"4134006219968","voters":514,"total":483,"voted":483,"spoiled":0,"yays":467,"nays":16},{"committee":"УИК №144","vibid":"4134006219969","voters":284,"total":266,"voted":266,"spoiled":0,"yays":242,"nays":24},{"committee":"УИК №145","vibid":"4134006219970","voters":390,"total":367,"voted":367,"spoiled":0,"yays":330,"nays":37},{"committee":"УИК №146","vibid":"4134006219971","voters":1507,"total":1371,"voted":1371,"spoiled":0,"yays":1248,"nays":123},{"committee":"УИК №147","vibid":"4134006219972","voters":1335,"total":1211,"voted":1210,"spoiled":4,"yays":1106,"nays":100},{"committee":"УИК №148","vibid":"4134006219973","voters":312,"total":295,"voted":295,"spoiled":0,"yays":276,"nays":19},{"committee":"УИК №149","vibid":"4134006219974","voters":421,"total":387,"voted":387,"spoiled":0,"yays":331,"nays":56},{"committee":"УИК №150","vibid":"4134006219975","voters":171,"total":154,"voted":154,"spoiled":0,"yays":141,"nays":13},{"committee":"УИК №151","vibid":"4134006219976","voters":64,"total":59,"voted":59,"spoiled":0,"yays":58,"nays":1},{"committee":"УИК №152","vibid":"4134006219977","voters":163,"total":151,"voted":151,"spoiled":0,"yays":140,"nays":11},{"committee":"УИК №153","vibid":"4134006219978","voters":440,"total":412,"voted":412,"spoiled":0,"yays":375,"nays":37},{"committee":"УИК №154","vibid":"4134006219979","voters":336,"total":316,"voted":316,"spoiled":0,"yays":293,"nays":23},{"committee":"УИК №155","vibid":"4134006219980","voters":288,"total":267,"voted":267,"spoiled":0,"yays":263,"nays":4},{"committee":"УИК №157","vibid":"4134006219981","voters":316,"total":297,"voted":297,"spoiled":0,"yays":281,"nays":16},{"committee":"УИК №158","vibid":"4134006219982","voters":308,"total":293,"voted":293,"spoiled":0,"yays":276,"nays":17},{"committee":"УИК №159","vibid":"4134006219983","voters":303,"total":285,"voted":285,"spoiled":0,"yays":259,"nays":26},{"committee":"УИК №160","vibid":"4134006219984","voters":687,"total":650,"voted":650,"spoiled":0,"yays":615,"nays":35},{"committee":"УИК №161","vibid":"4134006219985","voters":727,"total":690,"voted":690,"spoiled":0,"yays":651,"nays":39},{"committee":"УИК №162","vibid":"4134006219986","voters":232,"total":218,"voted":218,"spoiled":0,"yays":205,"nays":13},{"committee":"УИК №163","vibid":"4134006219987","voters":111,"total":105,"voted":105,"spoiled":0,"yays":97,"nays":8},{"committee":"УИК №164","vibid":"4134006219988","voters":467,"total":423,"voted":423,"spoiled":0,"yays":423,"nays":0},{"committee":"УИК №165","vibid":"4134006219989","voters":282,"total":263,"voted":263,"spoiled":0,"yays":238,"nays":25},{"committee":"УИК №166","vibid":"4134006219990","voters":384,"total":354,"voted":354,"spoiled":0,"yays":325,"nays":29}]