[{"committee":"УИК №226","vibid":"4124002270643","voters":502,"total":352,"voted":352,"spoiled":1,"yays":266,"nays":85},{"committee":"УИК №227","vibid":"4124002270644","voters":727,"total":524,"voted":524,"spoiled":0,"yays":411,"nays":113},{"committee":"УИК №228","vibid":"4124002270645","voters":607,"total":473,"voted":473,"spoiled":0,"yays":440,"nays":33},{"committee":"УИК №229","vibid":"4124002270646","voters":653,"total":483,"voted":483,"spoiled":2,"yays":378,"nays":103},{"committee":"УИК №230","vibid":"4124002270647","voters":856,"total":488,"voted":488,"spoiled":4,"yays":322,"nays":162},{"committee":"УИК №231","vibid":"4124002270648","voters":962,"total":543,"voted":543,"spoiled":0,"yays":422,"nays":121},{"committee":"УИК №232","vibid":"4124002270649","voters":1036,"total":609,"voted":609,"spoiled":5,"yays":462,"nays":142},{"committee":"УИК №233","vibid":"4124002270650","voters":927,"total":540,"voted":540,"spoiled":3,"yays":395,"nays":142},{"committee":"УИК №234","vibid":"4124002270651","voters":821,"total":490,"voted":490,"spoiled":0,"yays":394,"nays":96},{"committee":"УИК №235","vibid":"4124002270652","voters":1139,"total":651,"voted":651,"spoiled":6,"yays":489,"nays":156},{"committee":"УИК №236","vibid":"4124002270653","voters":1348,"total":943,"voted":943,"spoiled":0,"yays":865,"nays":78},{"committee":"УИК №237","vibid":"4124002270654","voters":283,"total":217,"voted":217,"spoiled":7,"yays":173,"nays":37},{"committee":"УИК №238","vibid":"4124002270655","voters":345,"total":248,"voted":248,"spoiled":5,"yays":185,"nays":58},{"committee":"УИК №239","vibid":"4124002270656","voters":344,"total":301,"voted":301,"spoiled":0,"yays":265,"nays":36},{"committee":"УИК №240","vibid":"4124002270657","voters":1319,"total":938,"voted":938,"spoiled":6,"yays":710,"nays":222},{"committee":"УИК №241","vibid":"4124002270658","voters":1246,"total":1013,"voted":1013,"spoiled":31,"yays":808,"nays":174},{"committee":"УИК №242","vibid":"4124002270659","voters":749,"total":536,"voted":536,"spoiled":6,"yays":373,"nays":157},{"committee":"УИК №243","vibid":"4124002270660","voters":1047,"total":738,"voted":738,"spoiled":3,"yays":497,"nays":238},{"committee":"УИК №244","vibid":"4124002270661","voters":1195,"total":813,"voted":813,"spoiled":9,"yays":501,"nays":303},{"committee":"УИК №245","vibid":"4124002270662","voters":990,"total":573,"voted":573,"spoiled":8,"yays":419,"nays":146},{"committee":"УИК №246","vibid":"4124002270663","voters":392,"total":283,"voted":283,"spoiled":2,"yays":182,"nays":99},{"committee":"УИК №247","vibid":"4124002270664","voters":1430,"total":801,"voted":801,"spoiled":13,"yays":550,"nays":238},{"committee":"УИК №248","vibid":"4124002270665","voters":1052,"total":823,"voted":823,"spoiled":2,"yays":584,"nays":237},{"committee":"УИК №249","vibid":"4124002270666","voters":1492,"total":954,"voted":954,"spoiled":0,"yays":590,"nays":364},{"committee":"УИК №250","vibid":"4124002270667","voters":839,"total":581,"voted":581,"spoiled":2,"yays":460,"nays":119},{"committee":"УИК №251","vibid":"4124002270668","voters":538,"total":390,"voted":390,"spoiled":0,"yays":324,"nays":66},{"committee":"УИК №252","vibid":"4124002270669","voters":818,"total":575,"voted":575,"spoiled":2,"yays":415,"nays":158},{"committee":"УИК №253","vibid":"4124002270670","voters":536,"total":417,"voted":417,"spoiled":0,"yays":311,"nays":106},{"committee":"УИК №254","vibid":"4124002270671","voters":490,"total":353,"voted":353,"spoiled":0,"yays":261,"nays":92},{"committee":"УИК №255","vibid":"4124002270672","voters":497,"total":336,"voted":336,"spoiled":0,"yays":260,"nays":76},{"committee":"УИК №256","vibid":"4124002270673","voters":541,"total":414,"voted":414,"spoiled":0,"yays":275,"nays":139},{"committee":"УИК №257","vibid":"4124002270674","voters":790,"total":570,"voted":570,"spoiled":3,"yays":404,"nays":163},{"committee":"УИК №258","vibid":"4124002270675","voters":449,"total":297,"voted":297,"spoiled":6,"yays":204,"nays":87},{"committee":"УИК №260","vibid":"4124002270676","voters":570,"total":427,"voted":427,"spoiled":0,"yays":303,"nays":124},{"committee":"УИК №261","vibid":"4124002270677","voters":580,"total":416,"voted":416,"spoiled":0,"yays":334,"nays":82},{"committee":"УИК №262","vibid":"4124002270678","voters":645,"total":444,"voted":444,"spoiled":0,"yays":305,"nays":139},{"committee":"УИК №263","vibid":"4124002270679","voters":174,"total":135,"voted":135,"spoiled":0,"yays":91,"nays":44},{"committee":"УИК №264","vibid":"4124002270680","voters":195,"total":164,"voted":164,"spoiled":0,"yays":148,"nays":16},{"committee":"УИК №265","vibid":"4124002270681","voters":342,"total":230,"voted":230,"spoiled":0,"yays":158,"nays":72},{"committee":"УИК №266","vibid":"4124002270682","voters":841,"total":584,"voted":584,"spoiled":4,"yays":482,"nays":98},{"committee":"УИК №267","vibid":"4124002270683","voters":516,"total":370,"voted":370,"spoiled":2,"yays":273,"nays":95},{"committee":"УИК №269","vibid":"4124002270684","voters":146,"total":100,"voted":100,"spoiled":0,"yays":82,"nays":18},{"committee":"УИК №270","vibid":"4124002270685","voters":971,"total":607,"voted":607,"spoiled":0,"yays":486,"nays":121},{"committee":"УИК №271","vibid":"4124002270686","voters":1126,"total":785,"voted":785,"spoiled":4,"yays":620,"nays":161},{"committee":"УИК №272","vibid":"4124002270687","voters":414,"total":320,"voted":320,"spoiled":0,"yays":220,"nays":100}]