[{"committee":"УИК №235","vibid":"4134009195835","voters":1417,"total":1270,"voted":1270,"spoiled":0,"yays":1120,"nays":150},{"committee":"УИК №236","vibid":"4134009195836","voters":1258,"total":1149,"voted":1149,"spoiled":6,"yays":1034,"nays":109},{"committee":"УИК №237","vibid":"4134009195837","voters":976,"total":889,"voted":889,"spoiled":1,"yays":801,"nays":87},{"committee":"УИК №238","vibid":"4134009195838","voters":1236,"total":1110,"voted":1110,"spoiled":8,"yays":879,"nays":223},{"committee":"УИК №239","vibid":"4134009195839","voters":828,"total":750,"voted":750,"spoiled":0,"yays":660,"nays":90},{"committee":"УИК №240","vibid":"4134009195840","voters":682,"total":614,"voted":614,"spoiled":5,"yays":533,"nays":76},{"committee":"УИК №241","vibid":"4134009195841","voters":242,"total":224,"voted":224,"spoiled":0,"yays":217,"nays":7},{"committee":"УИК №242","vibid":"4134009195842","voters":328,"total":305,"voted":305,"spoiled":0,"yays":290,"nays":15},{"committee":"УИК №243","vibid":"4134009195843","voters":107,"total":100,"voted":100,"spoiled":0,"yays":95,"nays":5},{"committee":"УИК №244","vibid":"4134009195844","voters":177,"total":167,"voted":167,"spoiled":0,"yays":156,"nays":11},{"committee":"УИК №245","vibid":"4134009195845","voters":321,"total":297,"voted":297,"spoiled":0,"yays":285,"nays":12},{"committee":"УИК №246","vibid":"4134009195846","voters":213,"total":196,"voted":196,"spoiled":0,"yays":187,"nays":9},{"committee":"УИК №247","vibid":"4134009195847","voters":209,"total":196,"voted":196,"spoiled":0,"yays":186,"nays":10},{"committee":"УИК №248","vibid":"4134009195848","voters":217,"total":210,"voted":210,"spoiled":0,"yays":200,"nays":10},{"committee":"УИК №249","vibid":"4134009195849","voters":307,"total":292,"voted":292,"spoiled":0,"yays":279,"nays":13},{"committee":"УИК №250","vibid":"4134009195850","voters":96,"total":91,"voted":91,"spoiled":0,"yays":87,"nays":4},{"committee":"УИК №251","vibid":"4134009195851","voters":353,"total":331,"voted":331,"spoiled":0,"yays":317,"nays":14},{"committee":"УИК №252","vibid":"4134009195852","voters":133,"total":130,"voted":130,"spoiled":0,"yays":124,"nays":6},{"committee":"УИК №253","vibid":"4134009195853","voters":184,"total":180,"voted":180,"spoiled":0,"yays":175,"nays":5},{"committee":"УИК №254","vibid":"4134009195854","voters":185,"total":177,"voted":177,"spoiled":2,"yays":170,"nays":5},{"committee":"УИК №255","vibid":"4134009195855","voters":255,"total":239,"voted":239,"spoiled":0,"yays":229,"nays":10},{"committee":"УИК №256","vibid":"4134009195856","voters":218,"total":208,"voted":208,"spoiled":0,"yays":203,"nays":5},{"committee":"УИК №257","vibid":"4134009195857","voters":161,"total":155,"voted":155,"spoiled":0,"yays":148,"nays":7},{"committee":"УИК №258","vibid":"4134009195858","voters":164,"total":154,"voted":154,"spoiled":0,"yays":146,"nays":8}]