[{"committee":"УИК №1985","vibid":"4164036241388","voters":1258,"total":1227,"voted":1227,"spoiled":1,"yays":883,"nays":343},{"committee":"УИК №1986","vibid":"4164036241389","voters":1218,"total":1158,"voted":1158,"spoiled":2,"yays":880,"nays":276},{"committee":"УИК №1987","vibid":"4164036241390","voters":1199,"total":1101,"voted":1101,"spoiled":0,"yays":815,"nays":286},{"committee":"УИК №1988","vibid":"4164036241391","voters":1267,"total":1196,"voted":1196,"spoiled":0,"yays":897,"nays":299},{"committee":"УИК №1989","vibid":"4164036241392","voters":1566,"total":1382,"voted":1382,"spoiled":0,"yays":1023,"nays":359},{"committee":"УИК №1990","vibid":"4164036241393","voters":363,"total":337,"voted":337,"spoiled":0,"yays":310,"nays":27},{"committee":"УИК №1991","vibid":"4164036241394","voters":222,"total":211,"voted":211,"spoiled":1,"yays":194,"nays":16},{"committee":"УИК №1992","vibid":"4164036241395","voters":279,"total":266,"voted":266,"spoiled":0,"yays":250,"nays":16},{"committee":"УИК №1993","vibid":"4164036241396","voters":453,"total":424,"voted":424,"spoiled":0,"yays":394,"nays":30},{"committee":"УИК №1994","vibid":"4164036241397","voters":358,"total":339,"voted":339,"spoiled":0,"yays":315,"nays":24},{"committee":"УИК №1995","vibid":"4164036241398","voters":201,"total":194,"voted":194,"spoiled":0,"yays":182,"nays":12},{"committee":"УИК №1996","vibid":"4164036241399","voters":273,"total":261,"voted":261,"spoiled":0,"yays":248,"nays":13},{"committee":"УИК №1997","vibid":"4164036241400","voters":452,"total":430,"voted":430,"spoiled":0,"yays":404,"nays":26},{"committee":"УИК №1998","vibid":"4164036241401","voters":369,"total":344,"voted":344,"spoiled":0,"yays":323,"nays":21},{"committee":"УИК №1999","vibid":"4164036241402","voters":333,"total":308,"voted":308,"spoiled":3,"yays":290,"nays":15},{"committee":"УИК №2000","vibid":"4164036241403","voters":511,"total":472,"voted":472,"spoiled":1,"yays":430,"nays":41},{"committee":"УИК №2001","vibid":"4164036241404","voters":519,"total":476,"voted":476,"spoiled":0,"yays":452,"nays":24},{"committee":"УИК №2002","vibid":"4164036241405","voters":378,"total":366,"voted":366,"spoiled":4,"yays":340,"nays":22},{"committee":"УИК №2003","vibid":"4164036241406","voters":466,"total":456,"voted":456,"spoiled":0,"yays":418,"nays":38},{"committee":"УИК №2004","vibid":"4164036241407","voters":257,"total":237,"voted":237,"spoiled":0,"yays":229,"nays":8},{"committee":"УИК №2005","vibid":"4164036241408","voters":450,"total":442,"voted":442,"spoiled":0,"yays":420,"nays":22},{"committee":"УИК №2006","vibid":"4164036241409","voters":315,"total":302,"voted":302,"spoiled":0,"yays":284,"nays":18},{"committee":"УИК №2007","vibid":"4164036241410","voters":345,"total":320,"voted":320,"spoiled":1,"yays":297,"nays":22},{"committee":"УИК №2008","vibid":"4164036241411","voters":264,"total":249,"voted":249,"spoiled":0,"yays":232,"nays":17},{"committee":"УИК №2009","vibid":"4164036241412","voters":191,"total":188,"voted":188,"spoiled":0,"yays":173,"nays":15},{"committee":"УИК №2010","vibid":"4164036241413","voters":742,"total":716,"voted":716,"spoiled":2,"yays":659,"nays":55},{"committee":"УИК №2011","vibid":"4164036241414","voters":587,"total":577,"voted":577,"spoiled":0,"yays":542,"nays":35},{"committee":"УИК №2012","vibid":"4164036241415","voters":285,"total":275,"voted":275,"spoiled":0,"yays":259,"nays":16},{"committee":"УИК №2013","vibid":"4164036241416","voters":287,"total":282,"voted":282,"spoiled":0,"yays":263,"nays":19},{"committee":"УИК №2014","vibid":"4164036241417","voters":460,"total":424,"voted":424,"spoiled":0,"yays":382,"nays":42}]