[{"committee":"УИК №147","vibid":"4124005181338","voters":1079,"total":669,"voted":669,"spoiled":9,"yays":379,"nays":281},{"committee":"УИК №148","vibid":"4124005181340","voters":1285,"total":625,"voted":625,"spoiled":6,"yays":417,"nays":202},{"committee":"УИК №149","vibid":"4124005181342","voters":1068,"total":884,"voted":884,"spoiled":0,"yays":689,"nays":195},{"committee":"УИК №150","vibid":"4124005181344","voters":1176,"total":700,"voted":700,"spoiled":14,"yays":509,"nays":177},{"committee":"УИК №151","vibid":"4124005181346","voters":1205,"total":866,"voted":866,"spoiled":17,"yays":515,"nays":334},{"committee":"УИК №152","vibid":"4124005181348","voters":1010,"total":636,"voted":636,"spoiled":5,"yays":497,"nays":134},{"committee":"УИК №153","vibid":"4124005181350","voters":1064,"total":710,"voted":709,"spoiled":3,"yays":570,"nays":136},{"committee":"УИК №154","vibid":"4124005181352","voters":1206,"total":810,"voted":809,"spoiled":10,"yays":622,"nays":177},{"committee":"УИК №155","vibid":"4124005181354","voters":1118,"total":716,"voted":716,"spoiled":5,"yays":466,"nays":245},{"committee":"УИК №156","vibid":"4124005181356","voters":1140,"total":693,"voted":693,"spoiled":3,"yays":482,"nays":208},{"committee":"УИК №157","vibid":"4124005181358","voters":857,"total":624,"voted":624,"spoiled":5,"yays":488,"nays":131},{"committee":"УИК №158","vibid":"4124005181360","voters":399,"total":285,"voted":285,"spoiled":1,"yays":217,"nays":67},{"committee":"УИК №159","vibid":"4124005181362","voters":1082,"total":777,"voted":777,"spoiled":3,"yays":624,"nays":150},{"committee":"УИК №160","vibid":"4124005181364","voters":1136,"total":687,"voted":687,"spoiled":6,"yays":486,"nays":195},{"committee":"УИК №161","vibid":"4124005181366","voters":1055,"total":734,"voted":734,"spoiled":15,"yays":509,"nays":210},{"committee":"УИК №162","vibid":"4124005181368","voters":1024,"total":686,"voted":686,"spoiled":5,"yays":545,"nays":136}]