[{"committee":"УИК №64","vibid":"4134003295469","voters":1520,"total":1368,"voted":1368,"spoiled":1,"yays":1189,"nays":178},{"committee":"УИК №65","vibid":"4134003295470","voters":2487,"total":2142,"voted":2142,"spoiled":0,"yays":1843,"nays":299},{"committee":"УИК №66","vibid":"4134003295471","voters":787,"total":726,"voted":726,"spoiled":2,"yays":641,"nays":83},{"committee":"УИК №67","vibid":"4134003295472","voters":884,"total":838,"voted":838,"spoiled":0,"yays":718,"nays":120},{"committee":"УИК №68","vibid":"4134003295473","voters":877,"total":845,"voted":845,"spoiled":0,"yays":724,"nays":121},{"committee":"УИК №69","vibid":"4134003295474","voters":242,"total":233,"voted":233,"spoiled":1,"yays":211,"nays":21},{"committee":"УИК №70","vibid":"4134003295475","voters":604,"total":576,"voted":576,"spoiled":0,"yays":510,"nays":66},{"committee":"УИК №71","vibid":"4134003295476","voters":246,"total":233,"voted":233,"spoiled":0,"yays":203,"nays":30},{"committee":"УИК №72","vibid":"4134003295477","voters":509,"total":439,"voted":439,"spoiled":0,"yays":375,"nays":64},{"committee":"УИК №73","vibid":"4134003295478","voters":237,"total":217,"voted":217,"spoiled":0,"yays":187,"nays":30},{"committee":"УИК №74","vibid":"4134003295479","voters":261,"total":248,"voted":248,"spoiled":0,"yays":211,"nays":37},{"committee":"УИК №75","vibid":"4134003295480","voters":126,"total":117,"voted":117,"spoiled":0,"yays":109,"nays":8},{"committee":"УИК №76","vibid":"4134003295481","voters":146,"total":140,"voted":140,"spoiled":0,"yays":136,"nays":4},{"committee":"УИК №77","vibid":"4134003295482","voters":127,"total":119,"voted":119,"spoiled":0,"yays":109,"nays":10},{"committee":"УИК №78","vibid":"4134003295483","voters":398,"total":378,"voted":378,"spoiled":0,"yays":351,"nays":27},{"committee":"УИК №79","vibid":"4134003295484","voters":102,"total":92,"voted":92,"spoiled":0,"yays":88,"nays":4},{"committee":"УИК №80","vibid":"4134003295485","voters":320,"total":308,"voted":308,"spoiled":0,"yays":271,"nays":37},{"committee":"УИК №81","vibid":"4134003295486","voters":180,"total":173,"voted":173,"spoiled":0,"yays":153,"nays":20},{"committee":"УИК №82","vibid":"4134003295487","voters":260,"total":247,"voted":247,"spoiled":0,"yays":222,"nays":25},{"committee":"УИК №83","vibid":"4134003295488","voters":456,"total":413,"voted":413,"spoiled":0,"yays":359,"nays":54},{"committee":"УИК №84","vibid":"4134003295489","voters":252,"total":214,"voted":214,"spoiled":0,"yays":193,"nays":21},{"committee":"УИК №85","vibid":"4134003295490","voters":282,"total":268,"voted":268,"spoiled":0,"yays":248,"nays":20},{"committee":"УИК №86","vibid":"4134003295491","voters":460,"total":419,"voted":419,"spoiled":0,"yays":394,"nays":25},{"committee":"УИК №87","vibid":"4134003295492","voters":103,"total":90,"voted":90,"spoiled":0,"yays":88,"nays":2},{"committee":"УИК №88","vibid":"4134003295493","voters":171,"total":164,"voted":164,"spoiled":0,"yays":150,"nays":14},{"committee":"УИК №89","vibid":"4134003295494","voters":198,"total":191,"voted":191,"spoiled":0,"yays":180,"nays":11},{"committee":"УИК №90","vibid":"4134003295495","voters":182,"total":170,"voted":170,"spoiled":0,"yays":147,"nays":23},{"committee":"УИК №91","vibid":"4134003295496","voters":320,"total":305,"voted":305,"spoiled":0,"yays":274,"nays":31},{"committee":"УИК №92","vibid":"4134003295497","voters":308,"total":295,"voted":295,"spoiled":0,"yays":252,"nays":43},{"committee":"УИК №93","vibid":"4134003295498","voters":354,"total":343,"voted":343,"spoiled":0,"yays":300,"nays":43},{"committee":"УИК №94","vibid":"4134003295499","voters":124,"total":118,"voted":118,"spoiled":0,"yays":105,"nays":13},{"committee":"УИК №95","vibid":"4134003295500","voters":377,"total":361,"voted":361,"spoiled":0,"yays":311,"nays":50},{"committee":"УИК №96","vibid":"4134003295501","voters":178,"total":168,"voted":168,"spoiled":0,"yays":151,"nays":17},{"committee":"УИК №97","vibid":"4134003295502","voters":132,"total":127,"voted":127,"spoiled":1,"yays":115,"nays":11},{"committee":"УИК №98","vibid":"4134003295503","voters":152,"total":143,"voted":143,"spoiled":0,"yays":134,"nays":9},{"committee":"УИК №99","vibid":"4134003295504","voters":470,"total":448,"voted":448,"spoiled":0,"yays":389,"nays":59}]