[{"committee":"УИК №2543","vibid":"4164045297593","voters":659,"total":584,"voted":584,"spoiled":0,"yays":479,"nays":105},{"committee":"УИК №2544","vibid":"4164045297594","voters":701,"total":596,"voted":596,"spoiled":0,"yays":507,"nays":89},{"committee":"УИК №2545","vibid":"4164045297595","voters":687,"total":618,"voted":618,"spoiled":1,"yays":507,"nays":110},{"committee":"УИК №2546","vibid":"4164045297596","voters":740,"total":648,"voted":648,"spoiled":0,"yays":588,"nays":60},{"committee":"УИК №2547","vibid":"4164045297597","voters":674,"total":597,"voted":597,"spoiled":0,"yays":490,"nays":107},{"committee":"УИК №2548","vibid":"4164045297598","voters":511,"total":485,"voted":485,"spoiled":0,"yays":398,"nays":87},{"committee":"УИК №2549","vibid":"4164045297599","voters":780,"total":687,"voted":687,"spoiled":0,"yays":585,"nays":102},{"committee":"УИК №2550","vibid":"4164045297600","voters":724,"total":642,"voted":642,"spoiled":0,"yays":527,"nays":115},{"committee":"УИК №2551","vibid":"4164045297601","voters":772,"total":672,"voted":672,"spoiled":0,"yays":551,"nays":121},{"committee":"УИК №2552","vibid":"4164045297602","voters":672,"total":591,"voted":591,"spoiled":0,"yays":488,"nays":103},{"committee":"УИК №2554","vibid":"4164045297603","voters":367,"total":356,"voted":356,"spoiled":0,"yays":332,"nays":24},{"committee":"УИК №2555","vibid":"4164045297604","voters":100,"total":97,"voted":97,"spoiled":0,"yays":91,"nays":6},{"committee":"УИК №2556","vibid":"4164045297605","voters":343,"total":326,"voted":326,"spoiled":0,"yays":306,"nays":20},{"committee":"УИК №2557","vibid":"4164045297606","voters":210,"total":200,"voted":200,"spoiled":0,"yays":153,"nays":47},{"committee":"УИК №2558","vibid":"4164045297607","voters":181,"total":176,"voted":176,"spoiled":0,"yays":164,"nays":12},{"committee":"УИК №2559","vibid":"4164045297608","voters":240,"total":217,"voted":217,"spoiled":0,"yays":168,"nays":49},{"committee":"УИК №2560","vibid":"4164045297609","voters":133,"total":120,"voted":120,"spoiled":0,"yays":99,"nays":21},{"committee":"УИК №2561","vibid":"4164045297610","voters":496,"total":477,"voted":477,"spoiled":0,"yays":444,"nays":33},{"committee":"УИК №2562","vibid":"4164045297611","voters":536,"total":509,"voted":509,"spoiled":0,"yays":472,"nays":37},{"committee":"УИК №2563","vibid":"4164045297612","voters":74,"total":72,"voted":72,"spoiled":0,"yays":69,"nays":3},{"committee":"УИК №2564","vibid":"4164045297613","voters":88,"total":86,"voted":86,"spoiled":0,"yays":82,"nays":4},{"committee":"УИК №2565","vibid":"4164045297614","voters":281,"total":268,"voted":268,"spoiled":2,"yays":252,"nays":14},{"committee":"УИК №2566","vibid":"4164045297615","voters":112,"total":108,"voted":108,"spoiled":0,"yays":102,"nays":6},{"committee":"УИК №2567","vibid":"4164045297616","voters":518,"total":497,"voted":497,"spoiled":0,"yays":463,"nays":34},{"committee":"УИК №2568","vibid":"4164045297617","voters":189,"total":181,"voted":181,"spoiled":0,"yays":169,"nays":12},{"committee":"УИК №2569","vibid":"4164045297618","voters":441,"total":419,"voted":419,"spoiled":0,"yays":390,"nays":29},{"committee":"УИК №2570","vibid":"4164045297619","voters":143,"total":139,"voted":139,"spoiled":0,"yays":137,"nays":2},{"committee":"УИК №2571","vibid":"4164045297620","voters":204,"total":189,"voted":189,"spoiled":0,"yays":165,"nays":24},{"committee":"УИК №2572","vibid":"4164045297621","voters":202,"total":197,"voted":197,"spoiled":0,"yays":194,"nays":3},{"committee":"УИК №2573","vibid":"4164045297622","voters":211,"total":201,"voted":201,"spoiled":0,"yays":187,"nays":14},{"committee":"УИК №2574","vibid":"4164045297623","voters":170,"total":162,"voted":162,"spoiled":0,"yays":151,"nays":11},{"committee":"УИК №2575","vibid":"4164045297624","voters":230,"total":220,"voted":220,"spoiled":0,"yays":209,"nays":11},{"committee":"УИК №2576","vibid":"4164045297625","voters":273,"total":260,"voted":260,"spoiled":0,"yays":247,"nays":13},{"committee":"УИК №2577","vibid":"4164045297626","voters":338,"total":327,"voted":327,"spoiled":3,"yays":304,"nays":20},{"committee":"УИК №2578","vibid":"4164045297627","voters":334,"total":325,"voted":325,"spoiled":0,"yays":306,"nays":19},{"committee":"УИК №2579","vibid":"4164045297628","voters":287,"total":279,"voted":279,"spoiled":0,"yays":268,"nays":11},{"committee":"УИК №2580","vibid":"4164045297629","voters":88,"total":88,"voted":88,"spoiled":0,"yays":82,"nays":6},{"committee":"УИК №2581","vibid":"4164045297630","voters":229,"total":220,"voted":220,"spoiled":0,"yays":205,"nays":15},{"committee":"УИК №2582","vibid":"4164045297631","voters":88,"total":86,"voted":86,"spoiled":0,"yays":78,"nays":8},{"committee":"УИК №2583","vibid":"4164045297632","voters":170,"total":157,"voted":157,"spoiled":0,"yays":148,"nays":9},{"committee":"УИК №2584","vibid":"4164045297633","voters":530,"total":505,"voted":505,"spoiled":3,"yays":473,"nays":29}]