[{"committee":"УИК №241","vibid":"4104006256873","voters":1316,"total":507,"voted":507,"spoiled":4,"yays":369,"nays":134},{"committee":"УИК №242","vibid":"4104006256874","voters":1220,"total":484,"voted":484,"spoiled":7,"yays":328,"nays":149},{"committee":"УИК №243","vibid":"4104006256875","voters":1109,"total":539,"voted":539,"spoiled":9,"yays":407,"nays":123},{"committee":"УИК №244","vibid":"4104006256876","voters":356,"total":173,"voted":173,"spoiled":1,"yays":123,"nays":49},{"committee":"УИК №245","vibid":"4104006256877","voters":728,"total":330,"voted":330,"spoiled":0,"yays":225,"nays":105},{"committee":"УИК №246","vibid":"4104006256878","voters":600,"total":217,"voted":217,"spoiled":5,"yays":161,"nays":51},{"committee":"УИК №247","vibid":"4104006256879","voters":847,"total":408,"voted":408,"spoiled":3,"yays":294,"nays":111},{"committee":"УИК №248","vibid":"4104006256880","voters":445,"total":237,"voted":237,"spoiled":3,"yays":170,"nays":64},{"committee":"УИК №249","vibid":"4104006256881","voters":125,"total":102,"voted":102,"spoiled":0,"yays":80,"nays":22},{"committee":"УИК №250","vibid":"4104006256882","voters":631,"total":353,"voted":353,"spoiled":5,"yays":259,"nays":89},{"committee":"УИК №251","vibid":"4104006256883","voters":204,"total":151,"voted":151,"spoiled":1,"yays":121,"nays":29},{"committee":"УИК №252","vibid":"4104006256884","voters":545,"total":298,"voted":298,"spoiled":4,"yays":204,"nays":90},{"committee":"УИК №253","vibid":"4104006256885","voters":207,"total":107,"voted":107,"spoiled":0,"yays":74,"nays":33},{"committee":"УИК №254","vibid":"4104006256886","voters":177,"total":110,"voted":110,"spoiled":0,"yays":99,"nays":11},{"committee":"УИК №255","vibid":"4104006256887","voters":88,"total":62,"voted":62,"spoiled":0,"yays":50,"nays":12},{"committee":"УИК №256","vibid":"4104006256888","voters":801,"total":413,"voted":413,"spoiled":5,"yays":319,"nays":89},{"committee":"УИК №257","vibid":"4104006256889","voters":255,"total":140,"voted":140,"spoiled":3,"yays":87,"nays":50},{"committee":"УИК №259","vibid":"4104006256890","voters":126,"total":82,"voted":82,"spoiled":1,"yays":64,"nays":17},{"committee":"УИК №260","vibid":"4104006256891","voters":77,"total":50,"voted":50,"spoiled":0,"yays":44,"nays":6},{"committee":"УИК №261","vibid":"4104006256892","voters":671,"total":369,"voted":369,"spoiled":5,"yays":260,"nays":104},{"committee":"УИК №262","vibid":"4104006256893","voters":303,"total":156,"voted":156,"spoiled":1,"yays":130,"nays":25},{"committee":"УИК №263","vibid":"4104006256894","voters":132,"total":71,"voted":71,"spoiled":1,"yays":51,"nays":19},{"committee":"УИК №264","vibid":"4104006256895","voters":397,"total":228,"voted":228,"spoiled":3,"yays":175,"nays":50}]