[{"committee":"УИК №1","vibid":"4164022212869","voters":2343,"total":1499,"voted":1496,"spoiled":2,"yays":1166,"nays":328},{"committee":"УИК №2","vibid":"4164022212870","voters":2590,"total":1658,"voted":1653,"spoiled":5,"yays":1293,"nays":355},{"committee":"УИК №3","vibid":"4164022212871","voters":2196,"total":1403,"voted":1400,"spoiled":11,"yays":1083,"nays":306},{"committee":"УИК №4","vibid":"4164022212872","voters":2990,"total":1907,"voted":1905,"spoiled":49,"yays":1468,"nays":388},{"committee":"УИК №5","vibid":"4164022212873","voters":2323,"total":1477,"voted":1474,"spoiled":21,"yays":1179,"nays":274},{"committee":"УИК №6","vibid":"4164022212874","voters":2612,"total":1659,"voted":1657,"spoiled":12,"yays":1326,"nays":319},{"committee":"УИК №7","vibid":"4164022212875","voters":2217,"total":1419,"voted":1417,"spoiled":2,"yays":1105,"nays":310},{"committee":"УИК №8","vibid":"4164022212876","voters":2485,"total":1585,"voted":1583,"spoiled":8,"yays":1228,"nays":347},{"committee":"УИК №9","vibid":"4164022212877","voters":2165,"total":1375,"voted":1373,"spoiled":3,"yays":1062,"nays":308},{"committee":"УИК №10","vibid":"4164022212878","voters":2470,"total":1570,"voted":1567,"spoiled":8,"yays":1223,"nays":336},{"committee":"УИК №11","vibid":"4164022212879","voters":2754,"total":1763,"voted":1758,"spoiled":23,"yays":1354,"nays":381},{"committee":"УИК №12","vibid":"4164022212880","voters":2058,"total":1307,"voted":1305,"spoiled":1,"yays":1017,"nays":287},{"committee":"УИК №13","vibid":"4164022212881","voters":2031,"total":1296,"voted":1295,"spoiled":20,"yays":1009,"nays":266},{"committee":"УИК №14","vibid":"4164022212882","voters":2388,"total":1517,"voted":1516,"spoiled":11,"yays":1175,"nays":330},{"committee":"УИК №15","vibid":"4164022212883","voters":1533,"total":973,"voted":971,"spoiled":2,"yays":788,"nays":181},{"committee":"УИК №16","vibid":"4164022212884","voters":2655,"total":1929,"voted":1925,"spoiled":26,"yays":1457,"nays":442},{"committee":"УИК №17","vibid":"4164022212885","voters":2105,"total":1343,"voted":1341,"spoiled":32,"yays":1035,"nays":274},{"committee":"УИК №18","vibid":"4164022212886","voters":2517,"total":1608,"voted":1606,"spoiled":4,"yays":1245,"nays":357},{"committee":"УИК №19","vibid":"4164022212887","voters":2439,"total":1563,"voted":1561,"spoiled":8,"yays":1242,"nays":311},{"committee":"УИК №20","vibid":"4164022212888","voters":2636,"total":1687,"voted":1683,"spoiled":8,"yays":1380,"nays":295},{"committee":"УИК №21","vibid":"4164022212889","voters":1526,"total":973,"voted":971,"spoiled":3,"yays":844,"nays":124},{"committee":"УИК №22","vibid":"4164022212890","voters":1905,"total":1210,"voted":1208,"spoiled":12,"yays":932,"nays":264},{"committee":"УИК №23","vibid":"4164022212891","voters":1848,"total":1182,"voted":1178,"spoiled":6,"yays":908,"nays":264},{"committee":"УИК №24","vibid":"4164022212892","voters":2035,"total":1299,"voted":1296,"spoiled":6,"yays":1033,"nays":257},{"committee":"УИК №25","vibid":"4164022212893","voters":1796,"total":1148,"voted":1146,"spoiled":22,"yays":893,"nays":231},{"committee":"УИК №26","vibid":"4164022212894","voters":2704,"total":1717,"voted":1715,"spoiled":7,"yays":1325,"nays":383},{"committee":"УИК №27","vibid":"4164022212895","voters":2577,"total":1651,"voted":1649,"spoiled":15,"yays":1274,"nays":360},{"committee":"УИК №28","vibid":"4164022212896","voters":2757,"total":1976,"voted":1973,"spoiled":26,"yays":1553,"nays":394},{"committee":"УИК №29","vibid":"4164022212897","voters":1953,"total":1245,"voted":1243,"spoiled":19,"yays":958,"nays":266},{"committee":"УИК №30","vibid":"4164022212898","voters":2901,"total":1853,"voted":1852,"spoiled":25,"yays":1721,"nays":106},{"committee":"УИК №31","vibid":"4164022212899","voters":2215,"total":1226,"voted":1224,"spoiled":13,"yays":970,"nays":241},{"committee":"УИК №32","vibid":"4164022212900","voters":2271,"total":1528,"voted":1523,"spoiled":12,"yays":1187,"nays":324},{"committee":"УИК №33","vibid":"4164022213537","voters":22,"total":22,"voted":22,"spoiled":0,"yays":19,"nays":3},{"committee":"УИК №34","vibid":"4164022212901","voters":2392,"total":1533,"voted":1530,"spoiled":4,"yays":1205,"nays":321},{"committee":"УИК №35","vibid":"4164022212902","voters":2025,"total":1294,"voted":1291,"spoiled":7,"yays":998,"nays":286},{"committee":"УИК №36","vibid":"4164022212903","voters":2484,"total":1589,"voted":1585,"spoiled":21,"yays":1236,"nays":328},{"committee":"УИК №37","vibid":"4164022212904","voters":1876,"total":1197,"voted":1196,"spoiled":3,"yays":927,"nays":266},{"committee":"УИК №38","vibid":"4164022212905","voters":386,"total":265,"voted":263,"spoiled":3,"yays":207,"nays":53},{"committee":"УИК №39","vibid":"4164022212906","voters":2136,"total":1363,"voted":1358,"spoiled":9,"yays":1053,"nays":296},{"committee":"УИК №40","vibid":"4164022212907","voters":2636,"total":1686,"voted":1684,"spoiled":10,"yays":1298,"nays":376},{"committee":"УИК №41","vibid":"4164022212908","voters":1836,"total":1176,"voted":1172,"spoiled":10,"yays":911,"nays":251},{"committee":"УИК №2758","vibid":"4164022213538","voters":84,"total":84,"voted":84,"spoiled":3,"yays":49,"nays":32}]