[{"committee":"УИК №220","vibid":"4144014236172","voters":1490,"total":664,"voted":664,"spoiled":2,"yays":335,"nays":327},{"committee":"УИК №221","vibid":"4144014236173","voters":1390,"total":719,"voted":719,"spoiled":9,"yays":330,"nays":380},{"committee":"УИК №222","vibid":"4144014236174","voters":534,"total":180,"voted":180,"spoiled":2,"yays":91,"nays":87},{"committee":"УИК №223","vibid":"4144014236175","voters":1060,"total":310,"voted":310,"spoiled":2,"yays":185,"nays":123},{"committee":"УИК №224","vibid":"4144014236176","voters":1161,"total":449,"voted":449,"spoiled":5,"yays":279,"nays":165},{"committee":"УИК №225","vibid":"4144014236177","voters":702,"total":448,"voted":448,"spoiled":3,"yays":237,"nays":208},{"committee":"УИК №226","vibid":"4144014236178","voters":704,"total":302,"voted":302,"spoiled":3,"yays":188,"nays":111},{"committee":"УИК №227","vibid":"4144014236179","voters":1110,"total":478,"voted":478,"spoiled":3,"yays":247,"nays":228},{"committee":"УИК №228","vibid":"4144014236180","voters":1142,"total":546,"voted":546,"spoiled":3,"yays":292,"nays":251},{"committee":"УИК №229","vibid":"4144014236181","voters":1580,"total":541,"voted":538,"spoiled":1,"yays":328,"nays":209},{"committee":"УИК №230","vibid":"4144014236182","voters":885,"total":247,"voted":247,"spoiled":2,"yays":139,"nays":106},{"committee":"УИК №231","vibid":"4144014236183","voters":1365,"total":704,"voted":704,"spoiled":4,"yays":341,"nays":359},{"committee":"УИК №232","vibid":"4144014236184","voters":1334,"total":318,"voted":318,"spoiled":1,"yays":168,"nays":149},{"committee":"УИК №233","vibid":"4144014236185","voters":1130,"total":341,"voted":341,"spoiled":3,"yays":218,"nays":120},{"committee":"УИК №234","vibid":"4144014236186","voters":625,"total":335,"voted":335,"spoiled":3,"yays":183,"nays":149},{"committee":"УИК №235","vibid":"4144014236187","voters":838,"total":175,"voted":175,"spoiled":2,"yays":109,"nays":64},{"committee":"УИК №236","vibid":"4144014236188","voters":1180,"total":584,"voted":584,"spoiled":8,"yays":318,"nays":258},{"committee":"УИК №237","vibid":"4144014236189","voters":883,"total":244,"voted":244,"spoiled":2,"yays":175,"nays":67},{"committee":"УИК №238","vibid":"4144014236190","voters":440,"total":159,"voted":158,"spoiled":1,"yays":114,"nays":43},{"committee":"УИК №239","vibid":"4144014236191","voters":326,"total":156,"voted":156,"spoiled":0,"yays":113,"nays":43},{"committee":"УИК №240","vibid":"4144014236192","voters":1381,"total":537,"voted":537,"spoiled":2,"yays":347,"nays":188},{"committee":"УИК №241","vibid":"4144014236193","voters":1511,"total":424,"voted":424,"spoiled":9,"yays":280,"nays":135},{"committee":"УИК №242","vibid":"4144014236194","voters":494,"total":346,"voted":346,"spoiled":1,"yays":225,"nays":120},{"committee":"УИК №243","vibid":"4144014236195","voters":136,"total":109,"voted":109,"spoiled":0,"yays":61,"nays":48},{"committee":"УИК №244","vibid":"4144014236196","voters":103,"total":72,"voted":72,"spoiled":0,"yays":60,"nays":12},{"committee":"УИК №245","vibid":"4144014236197","voters":227,"total":171,"voted":171,"spoiled":1,"yays":115,"nays":55},{"committee":"УИК №246","vibid":"4144014236198","voters":703,"total":473,"voted":473,"spoiled":3,"yays":369,"nays":101},{"committee":"УИК №247","vibid":"4144014236199","voters":119,"total":90,"voted":90,"spoiled":0,"yays":67,"nays":23},{"committee":"УИК №248","vibid":"4144014236200","voters":244,"total":188,"voted":188,"spoiled":0,"yays":134,"nays":54},{"committee":"УИК №249","vibid":"4144014236201","voters":278,"total":198,"voted":198,"spoiled":2,"yays":110,"nays":86},{"committee":"УИК №250","vibid":"4144014236202","voters":105,"total":75,"voted":75,"spoiled":0,"yays":30,"nays":45},{"committee":"УИК №251","vibid":"4144014236203","voters":197,"total":173,"voted":173,"spoiled":1,"yays":90,"nays":82},{"committee":"УИК №252","vibid":"4144014236204","voters":292,"total":180,"voted":180,"spoiled":0,"yays":114,"nays":66},{"committee":"УИК №253","vibid":"4144014236205","voters":67,"total":48,"voted":48,"spoiled":0,"yays":26,"nays":22},{"committee":"УИК №254","vibid":"4144014236206","voters":171,"total":87,"voted":87,"spoiled":1,"yays":74,"nays":12},{"committee":"УИК №807","vibid":"4144014236814","voters":2010,"total":2010,"voted":2010,"spoiled":15,"yays":857,"nays":1138}]