[{"committee":"УИК №2625","vibid":"4164047356247","voters":820,"total":792,"voted":792,"spoiled":3,"yays":686,"nays":103},{"committee":"УИК №2626","vibid":"4164047356248","voters":846,"total":798,"voted":798,"spoiled":3,"yays":694,"nays":101},{"committee":"УИК №2627","vibid":"4164047356249","voters":1248,"total":1190,"voted":1190,"spoiled":4,"yays":954,"nays":232},{"committee":"УИК №2628","vibid":"4164047356250","voters":1433,"total":1391,"voted":1391,"spoiled":3,"yays":1099,"nays":289},{"committee":"УИК №2629","vibid":"4164047356251","voters":220,"total":218,"voted":218,"spoiled":1,"yays":215,"nays":2},{"committee":"УИК №2630","vibid":"4164047356252","voters":348,"total":322,"voted":322,"spoiled":4,"yays":271,"nays":47},{"committee":"УИК №2631","vibid":"4164047356253","voters":1228,"total":1140,"voted":1140,"spoiled":3,"yays":1045,"nays":92},{"committee":"УИК №2632","vibid":"4164047356254","voters":536,"total":510,"voted":510,"spoiled":1,"yays":470,"nays":39},{"committee":"УИК №2633","vibid":"4164047356255","voters":500,"total":495,"voted":495,"spoiled":1,"yays":491,"nays":3},{"committee":"УИК №2634","vibid":"4164047356256","voters":144,"total":142,"voted":142,"spoiled":0,"yays":140,"nays":2},{"committee":"УИК №2635","vibid":"4164047356257","voters":476,"total":465,"voted":465,"spoiled":1,"yays":442,"nays":22},{"committee":"УИК №2636","vibid":"4164047356258","voters":1120,"total":1043,"voted":1043,"spoiled":3,"yays":901,"nays":139},{"committee":"УИК №2637","vibid":"4164047356259","voters":437,"total":405,"voted":405,"spoiled":1,"yays":356,"nays":48},{"committee":"УИК №2638","vibid":"4164047356260","voters":123,"total":118,"voted":118,"spoiled":0,"yays":112,"nays":6},{"committee":"УИК №2639","vibid":"4164047356261","voters":1105,"total":1071,"voted":1071,"spoiled":3,"yays":924,"nays":144},{"committee":"УИК №2640","vibid":"4164047356262","voters":1121,"total":1081,"voted":1081,"spoiled":2,"yays":879,"nays":200},{"committee":"УИК №2641","vibid":"4164047356263","voters":995,"total":981,"voted":981,"spoiled":1,"yays":844,"nays":136},{"committee":"УИК №2642","vibid":"4164047356264","voters":691,"total":677,"voted":677,"spoiled":1,"yays":620,"nays":56},{"committee":"УИК №2643","vibid":"4164047356265","voters":1327,"total":1273,"voted":1273,"spoiled":2,"yays":1158,"nays":113},{"committee":"УИК №2644","vibid":"4164047356266","voters":1140,"total":1087,"voted":1087,"spoiled":3,"yays":945,"nays":139},{"committee":"УИК №2645","vibid":"4164047356267","voters":685,"total":671,"voted":671,"spoiled":1,"yays":576,"nays":94},{"committee":"УИК №2646","vibid":"4164047356268","voters":193,"total":193,"voted":186,"spoiled":0,"yays":180,"nays":6},{"committee":"УИК №2647","vibid":"4164047356269","voters":1563,"total":1188,"voted":1188,"spoiled":12,"yays":963,"nays":213},{"committee":"УИК №2648","vibid":"4164047356270","voters":1763,"total":1362,"voted":1362,"spoiled":3,"yays":1159,"nays":200},{"committee":"УИК №2649","vibid":"4164047356271","voters":445,"total":391,"voted":391,"spoiled":1,"yays":325,"nays":65},{"committee":"УИК №2650","vibid":"4164047356272","voters":414,"total":342,"voted":342,"spoiled":1,"yays":278,"nays":63},{"committee":"УИК №2651","vibid":"4164047356273","voters":864,"total":825,"voted":825,"spoiled":2,"yays":738,"nays":85},{"committee":"УИК №2652","vibid":"4164047356274","voters":1519,"total":1467,"voted":1467,"spoiled":3,"yays":1203,"nays":261},{"committee":"УИК №2653","vibid":"4164047356275","voters":738,"total":725,"voted":725,"spoiled":1,"yays":651,"nays":73},{"committee":"УИК №2654","vibid":"4164047356276","voters":1997,"total":1915,"voted":1915,"spoiled":4,"yays":1589,"nays":322},{"committee":"УИК №2655","vibid":"4164047356277","voters":258,"total":238,"voted":238,"spoiled":0,"yays":220,"nays":18},{"committee":"УИК №2656","vibid":"4164047356278","voters":969,"total":926,"voted":926,"spoiled":3,"yays":827,"nays":96},{"committee":"УИК №2657","vibid":"4164047356279","voters":535,"total":519,"voted":519,"spoiled":1,"yays":462,"nays":56},{"committee":"УИК №2658","vibid":"4164047356280","voters":277,"total":256,"voted":256,"spoiled":0,"yays":212,"nays":44},{"committee":"УИК №2659","vibid":"4164047356281","voters":333,"total":321,"voted":321,"spoiled":1,"yays":302,"nays":18},{"committee":"УИК №2660","vibid":"4164047356282","voters":150,"total":146,"voted":146,"spoiled":0,"yays":141,"nays":5},{"committee":"УИК №2661","vibid":"4164047356283","voters":434,"total":429,"voted":429,"spoiled":1,"yays":407,"nays":21},{"committee":"УИК №2662","vibid":"4164047356284","voters":225,"total":218,"voted":218,"spoiled":0,"yays":182,"nays":36},{"committee":"УИК №2663","vibid":"4164047356285","voters":460,"total":452,"voted":452,"spoiled":1,"yays":430,"nays":21},{"committee":"УИК №2664","vibid":"4164047356286","voters":919,"total":869,"voted":869,"spoiled":2,"yays":735,"nays":132},{"committee":"УИК №2665","vibid":"4164047356287","voters":353,"total":347,"voted":347,"spoiled":0,"yays":332,"nays":15},{"committee":"УИК №2666","vibid":"4164047356288","voters":914,"total":902,"voted":902,"spoiled":3,"yays":828,"nays":71},{"committee":"УИК №2667","vibid":"4164047356289","voters":443,"total":442,"voted":442,"spoiled":1,"yays":409,"nays":32},{"committee":"УИК №2827","vibid":"4164047356290","voters":725,"total":692,"voted":692,"spoiled":2,"yays":602,"nays":88}]