[{"committee":"УИК №174","vibid":"4144011243774","voters":328,"total":328,"voted":328,"spoiled":0,"yays":201,"nays":127},{"committee":"УИК №175","vibid":"4144011243775","voters":1352,"total":841,"voted":841,"spoiled":3,"yays":468,"nays":370},{"committee":"УИК №176","vibid":"4144011243776","voters":1428,"total":855,"voted":855,"spoiled":8,"yays":441,"nays":406},{"committee":"УИК №177","vibid":"4144011243777","voters":1607,"total":943,"voted":943,"spoiled":18,"yays":464,"nays":461},{"committee":"УИК №178","vibid":"4144011243778","voters":374,"total":334,"voted":334,"spoiled":1,"yays":197,"nays":136},{"committee":"УИК №179","vibid":"4144011243779","voters":306,"total":276,"voted":276,"spoiled":1,"yays":175,"nays":100},{"committee":"УИК №180","vibid":"4144011243780","voters":292,"total":286,"voted":286,"spoiled":1,"yays":228,"nays":57},{"committee":"УИК №181","vibid":"4144011243781","voters":388,"total":327,"voted":327,"spoiled":2,"yays":243,"nays":82},{"committee":"УИК №182","vibid":"4144011243782","voters":500,"total":427,"voted":427,"spoiled":0,"yays":317,"nays":110},{"committee":"УИК №183","vibid":"4144011243783","voters":270,"total":270,"voted":270,"spoiled":2,"yays":165,"nays":103},{"committee":"УИК №184","vibid":"4144011243784","voters":288,"total":288,"voted":288,"spoiled":1,"yays":194,"nays":93}]