[{"committee":"УИК №676","vibid":"4134022227267","voters":1006,"total":885,"voted":885,"spoiled":5,"yays":778,"nays":102},{"committee":"УИК №677","vibid":"4134022227268","voters":1417,"total":1187,"voted":1187,"spoiled":2,"yays":1021,"nays":164},{"committee":"УИК №678","vibid":"4134022227269","voters":957,"total":818,"voted":818,"spoiled":0,"yays":705,"nays":113},{"committee":"УИК №679","vibid":"4134022227270","voters":805,"total":707,"voted":707,"spoiled":4,"yays":625,"nays":78},{"committee":"УИК №680","vibid":"4134022227271","voters":1407,"total":1168,"voted":1168,"spoiled":4,"yays":1007,"nays":157},{"committee":"УИК №681","vibid":"4134022227272","voters":347,"total":324,"voted":324,"spoiled":0,"yays":308,"nays":16},{"committee":"УИК №682","vibid":"4134022227273","voters":297,"total":280,"voted":280,"spoiled":0,"yays":263,"nays":17},{"committee":"УИК №683","vibid":"4134022227274","voters":140,"total":133,"voted":133,"spoiled":0,"yays":127,"nays":6},{"committee":"УИК №684","vibid":"4134022227275","voters":126,"total":119,"voted":119,"spoiled":0,"yays":112,"nays":7},{"committee":"УИК №685","vibid":"4134022227276","voters":97,"total":90,"voted":90,"spoiled":0,"yays":85,"nays":5},{"committee":"УИК №686","vibid":"4134022227277","voters":506,"total":472,"voted":472,"spoiled":0,"yays":432,"nays":40},{"committee":"УИК №687","vibid":"4134022227278","voters":390,"total":368,"voted":368,"spoiled":0,"yays":351,"nays":17},{"committee":"УИК №688","vibid":"4134022227279","voters":620,"total":573,"voted":573,"spoiled":2,"yays":532,"nays":39},{"committee":"УИК №689","vibid":"4134022227280","voters":185,"total":174,"voted":174,"spoiled":0,"yays":161,"nays":13},{"committee":"УИК №690","vibid":"4134022227281","voters":202,"total":189,"voted":189,"spoiled":3,"yays":165,"nays":21},{"committee":"УИК №691","vibid":"4134022227282","voters":218,"total":204,"voted":204,"spoiled":0,"yays":191,"nays":13},{"committee":"УИК №692","vibid":"4134022227283","voters":145,"total":140,"voted":140,"spoiled":0,"yays":133,"nays":7},{"committee":"УИК №693","vibid":"4134022227284","voters":264,"total":250,"voted":250,"spoiled":0,"yays":241,"nays":9},{"committee":"УИК №694","vibid":"4134022227285","voters":105,"total":100,"voted":100,"spoiled":0,"yays":94,"nays":6},{"committee":"УИК №695","vibid":"4134022227286","voters":523,"total":477,"voted":477,"spoiled":0,"yays":450,"nays":27},{"committee":"УИК №696","vibid":"4134022227287","voters":235,"total":221,"voted":221,"spoiled":0,"yays":209,"nays":12},{"committee":"УИК №697","vibid":"4134022227288","voters":192,"total":181,"voted":181,"spoiled":0,"yays":167,"nays":14},{"committee":"УИК №698","vibid":"4134022227289","voters":169,"total":160,"voted":160,"spoiled":0,"yays":159,"nays":1},{"committee":"УИК №699","vibid":"4134022227290","voters":68,"total":65,"voted":65,"spoiled":0,"yays":62,"nays":3},{"committee":"УИК №700","vibid":"4134022227291","voters":253,"total":236,"voted":236,"spoiled":0,"yays":221,"nays":15},{"committee":"УИК №701","vibid":"4134022227292","voters":280,"total":261,"voted":261,"spoiled":0,"yays":245,"nays":16},{"committee":"УИК №702","vibid":"4134022227293","voters":104,"total":98,"voted":98,"spoiled":0,"yays":94,"nays":4},{"committee":"УИК №703","vibid":"4134022227294","voters":242,"total":226,"voted":226,"spoiled":0,"yays":211,"nays":15},{"committee":"УИК №704","vibid":"4134022227295","voters":453,"total":421,"voted":421,"spoiled":0,"yays":415,"nays":6}]