[{"committee":"УИК №51","vibid":"4154004176635","voters":1396,"total":1295,"voted":1295,"spoiled":0,"yays":680,"nays":615},{"committee":"УИК №52","vibid":"4154004176636","voters":1833,"total":1531,"voted":1531,"spoiled":0,"yays":1376,"nays":155},{"committee":"УИК №53","vibid":"4154004176637","voters":1556,"total":1323,"voted":1323,"spoiled":0,"yays":872,"nays":451},{"committee":"УИК №54","vibid":"4154004176638","voters":1187,"total":1017,"voted":1017,"spoiled":0,"yays":661,"nays":356},{"committee":"УИК №55","vibid":"4154004176639","voters":1595,"total":1352,"voted":1352,"spoiled":0,"yays":949,"nays":403},{"committee":"УИК №56","vibid":"4154004176640","voters":1050,"total":984,"voted":984,"spoiled":0,"yays":859,"nays":125},{"committee":"УИК №57","vibid":"4154004176641","voters":802,"total":736,"voted":736,"spoiled":2,"yays":638,"nays":96},{"committee":"УИК №58","vibid":"4154004176642","voters":828,"total":747,"voted":747,"spoiled":4,"yays":598,"nays":145},{"committee":"УИК №59","vibid":"4154004176643","voters":845,"total":761,"voted":761,"spoiled":3,"yays":602,"nays":156},{"committee":"УИК №60","vibid":"4154004176644","voters":1663,"total":1377,"voted":1377,"spoiled":0,"yays":1241,"nays":136},{"committee":"УИК №61","vibid":"4154004176645","voters":511,"total":455,"voted":455,"spoiled":0,"yays":390,"nays":65},{"committee":"УИК №62","vibid":"4154004176646","voters":1242,"total":1158,"voted":1158,"spoiled":0,"yays":1029,"nays":129},{"committee":"УИК №349","vibid":"4154004177384","voters":64,"total":64,"voted":64,"spoiled":0,"yays":60,"nays":4}]