[{"committee":"УИК №169","vibid":"4154009287415","voters":1946,"total":1703,"voted":1703,"spoiled":0,"yays":1433,"nays":270},{"committee":"УИК №170","vibid":"4154009287416","voters":2150,"total":1847,"voted":1847,"spoiled":0,"yays":1550,"nays":297},{"committee":"УИК №171","vibid":"4154009287417","voters":2268,"total":1938,"voted":1938,"spoiled":0,"yays":1627,"nays":311},{"committee":"УИК №172","vibid":"4154009287418","voters":804,"total":696,"voted":696,"spoiled":0,"yays":585,"nays":111},{"committee":"УИК №173","vibid":"4154009287419","voters":160,"total":143,"voted":143,"spoiled":0,"yays":120,"nays":23},{"committee":"УИК №174","vibid":"4154009287420","voters":838,"total":713,"voted":713,"spoiled":0,"yays":598,"nays":115},{"committee":"УИК №175","vibid":"4154009287421","voters":1566,"total":1330,"voted":1330,"spoiled":2,"yays":1258,"nays":70},{"committee":"УИК №176","vibid":"4154009287422","voters":1976,"total":1661,"voted":1661,"spoiled":3,"yays":1403,"nays":255},{"committee":"УИК №177","vibid":"4154009287423","voters":2157,"total":1863,"voted":1863,"spoiled":0,"yays":1555,"nays":308},{"committee":"УИК №178","vibid":"4154009287424","voters":2292,"total":1972,"voted":1972,"spoiled":0,"yays":1655,"nays":317},{"committee":"УИК №179","vibid":"4154009287425","voters":2233,"total":1945,"voted":1945,"spoiled":0,"yays":1630,"nays":315},{"committee":"УИК №180","vibid":"4154009287426","voters":2019,"total":1691,"voted":1691,"spoiled":0,"yays":1412,"nays":279},{"committee":"УИК №181","vibid":"4154009287427","voters":1627,"total":1388,"voted":1388,"spoiled":0,"yays":1154,"nays":234},{"committee":"УИК №182","vibid":"4154009287428","voters":2185,"total":1898,"voted":1898,"spoiled":0,"yays":1388,"nays":510},{"committee":"УИК №183","vibid":"4154009287429","voters":1907,"total":1650,"voted":1650,"spoiled":0,"yays":1191,"nays":459},{"committee":"УИК №184","vibid":"4154009287430","voters":2113,"total":1803,"voted":1803,"spoiled":0,"yays":1289,"nays":514},{"committee":"УИК №185","vibid":"4154009287431","voters":1823,"total":1581,"voted":1581,"spoiled":0,"yays":1122,"nays":459},{"committee":"УИК №186","vibid":"4154009287432","voters":1256,"total":1079,"voted":1079,"spoiled":0,"yays":905,"nays":174},{"committee":"УИК №187","vibid":"4154009287433","voters":2095,"total":1769,"voted":1769,"spoiled":3,"yays":1440,"nays":326},{"committee":"УИК №188","vibid":"4154009287434","voters":1166,"total":987,"voted":987,"spoiled":0,"yays":802,"nays":185},{"committee":"УИК №189","vibid":"4154009287435","voters":1605,"total":1395,"voted":1395,"spoiled":0,"yays":1172,"nays":223},{"committee":"УИК №190","vibid":"4154009287436","voters":2404,"total":2064,"voted":2064,"spoiled":0,"yays":1732,"nays":332},{"committee":"УИК №191","vibid":"4154009287437","voters":2447,"total":2097,"voted":2097,"spoiled":0,"yays":1755,"nays":342},{"committee":"УИК №192","vibid":"4154009287438","voters":1962,"total":1669,"voted":1669,"spoiled":0,"yays":1394,"nays":275},{"committee":"УИК №193","vibid":"4154009287439","voters":1022,"total":884,"voted":884,"spoiled":0,"yays":738,"nays":146},{"committee":"УИК №194","vibid":"4154009287440","voters":2027,"total":1732,"voted":1732,"spoiled":0,"yays":1438,"nays":294},{"committee":"УИК №195","vibid":"4154009287441","voters":2197,"total":1886,"voted":1886,"spoiled":0,"yays":1572,"nays":314},{"committee":"УИК №196","vibid":"4154009287442","voters":1868,"total":1617,"voted":1617,"spoiled":0,"yays":1341,"nays":276},{"committee":"УИК №197","vibid":"4154009287443","voters":2388,"total":1995,"voted":1995,"spoiled":0,"yays":1461,"nays":534},{"committee":"УИК №198","vibid":"4154009287444","voters":2279,"total":1924,"voted":1924,"spoiled":0,"yays":1404,"nays":520},{"committee":"УИК №199","vibid":"4154009287445","voters":2181,"total":1846,"voted":1846,"spoiled":0,"yays":1339,"nays":507},{"committee":"УИК №200","vibid":"4154009287446","voters":2531,"total":2124,"voted":2124,"spoiled":0,"yays":1563,"nays":561},{"committee":"УИК №201","vibid":"4154009287447","voters":2740,"total":2380,"voted":2380,"spoiled":0,"yays":1955,"nays":425},{"committee":"УИК №202","vibid":"4154009287448","voters":2617,"total":2276,"voted":2276,"spoiled":0,"yays":1871,"nays":405},{"committee":"УИК №203","vibid":"4154009287449","voters":934,"total":818,"voted":818,"spoiled":0,"yays":669,"nays":149},{"committee":"УИК №204","vibid":"4154009287450","voters":1023,"total":886,"voted":886,"spoiled":0,"yays":749,"nays":137},{"committee":"УИК №205","vibid":"4154009287451","voters":275,"total":236,"voted":236,"spoiled":0,"yays":207,"nays":29},{"committee":"УИК №206","vibid":"4154009287452","voters":272,"total":233,"voted":233,"spoiled":0,"yays":201,"nays":32},{"committee":"УИК №207","vibid":"4154009287453","voters":149,"total":131,"voted":131,"spoiled":0,"yays":113,"nays":18},{"committee":"УИК №208","vibid":"4154009287454","voters":2887,"total":2383,"voted":2383,"spoiled":1,"yays":1985,"nays":397},{"committee":"УИК №209","vibid":"4154009287455","voters":1673,"total":1429,"voted":1429,"spoiled":0,"yays":1186,"nays":243},{"committee":"УИК №210","vibid":"4154009287456","voters":1824,"total":1552,"voted":1552,"spoiled":5,"yays":1269,"nays":278},{"committee":"УИК №211","vibid":"4154009287457","voters":827,"total":728,"voted":728,"spoiled":0,"yays":609,"nays":119},{"committee":"УИК №358","vibid":"4154009288151","voters":86,"total":86,"voted":86,"spoiled":0,"yays":72,"nays":14}]