[{"committee":"УИК №715","vibid":"4164006284683","voters":912,"total":804,"voted":804,"spoiled":0,"yays":631,"nays":173},{"committee":"УИК №716","vibid":"4164006284684","voters":913,"total":803,"voted":803,"spoiled":0,"yays":626,"nays":177},{"committee":"УИК №717","vibid":"4164006284685","voters":866,"total":763,"voted":763,"spoiled":0,"yays":595,"nays":168},{"committee":"УИК №718","vibid":"4164006284686","voters":486,"total":426,"voted":426,"spoiled":0,"yays":332,"nays":94},{"committee":"УИК №719","vibid":"4164006284687","voters":939,"total":826,"voted":826,"spoiled":0,"yays":645,"nays":181},{"committee":"УИК №720","vibid":"4164006284688","voters":102,"total":99,"voted":99,"spoiled":0,"yays":93,"nays":6},{"committee":"УИК №721","vibid":"4164006284689","voters":401,"total":395,"voted":395,"spoiled":0,"yays":381,"nays":14},{"committee":"УИК №722","vibid":"4164006284690","voters":228,"total":212,"voted":212,"spoiled":0,"yays":207,"nays":5},{"committee":"УИК №723","vibid":"4164006284691","voters":286,"total":280,"voted":280,"spoiled":0,"yays":263,"nays":17},{"committee":"УИК №724","vibid":"4164006284692","voters":174,"total":170,"voted":170,"spoiled":0,"yays":160,"nays":10},{"committee":"УИК №725","vibid":"4164006284693","voters":203,"total":197,"voted":197,"spoiled":2,"yays":189,"nays":6},{"committee":"УИК №726","vibid":"4164006284694","voters":124,"total":121,"voted":121,"spoiled":0,"yays":114,"nays":7},{"committee":"УИК №727","vibid":"4164006284695","voters":137,"total":133,"voted":133,"spoiled":0,"yays":125,"nays":8},{"committee":"УИК №728","vibid":"4164006284696","voters":271,"total":265,"voted":265,"spoiled":0,"yays":249,"nays":16},{"committee":"УИК №729","vibid":"4164006284697","voters":131,"total":127,"voted":127,"spoiled":0,"yays":124,"nays":3},{"committee":"УИК №730","vibid":"4164006284698","voters":134,"total":128,"voted":128,"spoiled":0,"yays":125,"nays":3},{"committee":"УИК №731","vibid":"4164006284699","voters":631,"total":593,"voted":593,"spoiled":0,"yays":581,"nays":12},{"committee":"УИК №732","vibid":"4164006284700","voters":191,"total":185,"voted":185,"spoiled":2,"yays":174,"nays":9},{"committee":"УИК №733","vibid":"4164006284701","voters":96,"total":90,"voted":90,"spoiled":0,"yays":87,"nays":3},{"committee":"УИК №734","vibid":"4164006284702","voters":132,"total":129,"voted":129,"spoiled":0,"yays":121,"nays":8},{"committee":"УИК №735","vibid":"4164006284703","voters":232,"total":228,"voted":228,"spoiled":0,"yays":217,"nays":11},{"committee":"УИК №736","vibid":"4164006284704","voters":57,"total":55,"voted":55,"spoiled":0,"yays":53,"nays":2},{"committee":"УИК №737","vibid":"4164006284705","voters":137,"total":133,"voted":133,"spoiled":0,"yays":126,"nays":7},{"committee":"УИК №738","vibid":"4164006284706","voters":365,"total":358,"voted":358,"spoiled":0,"yays":336,"nays":22},{"committee":"УИК №739","vibid":"4164006284707","voters":339,"total":332,"voted":332,"spoiled":0,"yays":312,"nays":20},{"committee":"УИК №740","vibid":"4164006284708","voters":161,"total":158,"voted":158,"spoiled":0,"yays":148,"nays":10},{"committee":"УИК №741","vibid":"4164006284709","voters":275,"total":257,"voted":257,"spoiled":0,"yays":250,"nays":7},{"committee":"УИК №742","vibid":"4164006284710","voters":331,"total":322,"voted":322,"spoiled":0,"yays":304,"nays":18},{"committee":"УИК №743","vibid":"4164006284711","voters":207,"total":196,"voted":196,"spoiled":1,"yays":183,"nays":12},{"committee":"УИК №744","vibid":"4164006284712","voters":53,"total":51,"voted":51,"spoiled":0,"yays":50,"nays":1},{"committee":"УИК №745","vibid":"4164006284713","voters":151,"total":147,"voted":147,"spoiled":0,"yays":139,"nays":8},{"committee":"УИК №746","vibid":"4164006284714","voters":295,"total":283,"voted":283,"spoiled":0,"yays":261,"nays":22},{"committee":"УИК №747","vibid":"4164006284715","voters":60,"total":58,"voted":58,"spoiled":0,"yays":55,"nays":3},{"committee":"УИК №748","vibid":"4164006284716","voters":102,"total":99,"voted":99,"spoiled":0,"yays":96,"nays":3},{"committee":"УИК №749","vibid":"4164006284717","voters":295,"total":286,"voted":286,"spoiled":0,"yays":264,"nays":22},{"committee":"УИК №750","vibid":"4164006284718","voters":237,"total":233,"voted":233,"spoiled":0,"yays":219,"nays":14},{"committee":"УИК №751","vibid":"4164006284719","voters":175,"total":171,"voted":171,"spoiled":0,"yays":153,"nays":18},{"committee":"УИК №752","vibid":"4164006284720","voters":179,"total":174,"voted":174,"spoiled":0,"yays":162,"nays":12},{"committee":"УИК №753","vibid":"4164006284721","voters":227,"total":217,"voted":217,"spoiled":0,"yays":201,"nays":16},{"committee":"УИК №754","vibid":"4164006284722","voters":555,"total":544,"voted":544,"spoiled":0,"yays":511,"nays":33},{"committee":"УИК №755","vibid":"4164006284723","voters":309,"total":296,"voted":296,"spoiled":0,"yays":269,"nays":27},{"committee":"УИК №756","vibid":"4164006284724","voters":194,"total":191,"voted":191,"spoiled":0,"yays":181,"nays":10},{"committee":"УИК №757","vibid":"4164006284725","voters":244,"total":239,"voted":239,"spoiled":0,"yays":225,"nays":14},{"committee":"УИК №758","vibid":"4164006284726","voters":547,"total":486,"voted":486,"spoiled":2,"yays":377,"nays":107},{"committee":"УИК №759","vibid":"4164006284727","voters":551,"total":535,"voted":535,"spoiled":0,"yays":503,"nays":32},{"committee":"УИК №760","vibid":"4164006284728","voters":200,"total":196,"voted":196,"spoiled":0,"yays":184,"nays":12},{"committee":"УИК №761","vibid":"4164006284729","voters":224,"total":218,"voted":218,"spoiled":0,"yays":207,"nays":11},{"committee":"УИК №762","vibid":"4164006284730","voters":237,"total":232,"voted":232,"spoiled":0,"yays":218,"nays":14},{"committee":"УИК №763","vibid":"4164006284731","voters":319,"total":313,"voted":313,"spoiled":0,"yays":294,"nays":19}]