[{"committee":"УИК №1","vibid":"4104011416652","voters":1124,"total":410,"voted":410,"spoiled":3,"yays":293,"nays":114},{"committee":"УИК №2","vibid":"4104011416653","voters":1451,"total":589,"voted":589,"spoiled":3,"yays":370,"nays":216},{"committee":"УИК №3","vibid":"4104011416654","voters":2640,"total":1121,"voted":1119,"spoiled":12,"yays":720,"nays":387},{"committee":"УИК №4","vibid":"4104011416655","voters":2520,"total":933,"voted":933,"spoiled":11,"yays":598,"nays":324},{"committee":"УИК №5","vibid":"4104011416656","voters":1451,"total":568,"voted":568,"spoiled":4,"yays":408,"nays":156},{"committee":"УИК №6","vibid":"4104011416657","voters":2075,"total":754,"voted":754,"spoiled":8,"yays":489,"nays":257},{"committee":"УИК №7","vibid":"4104011416658","voters":1779,"total":607,"voted":607,"spoiled":6,"yays":382,"nays":219},{"committee":"УИК №8","vibid":"4104011416659","voters":2505,"total":1066,"voted":1066,"spoiled":16,"yays":694,"nays":356},{"committee":"УИК №9","vibid":"4104011416660","voters":2789,"total":1016,"voted":1015,"spoiled":7,"yays":613,"nays":395},{"committee":"УИК №10","vibid":"4104011416661","voters":1732,"total":803,"voted":803,"spoiled":9,"yays":524,"nays":270},{"committee":"УИК №11","vibid":"4104011416662","voters":1346,"total":539,"voted":539,"spoiled":5,"yays":359,"nays":175},{"committee":"УИК №12","vibid":"4104011416663","voters":2233,"total":1023,"voted":1023,"spoiled":4,"yays":628,"nays":391},{"committee":"УИК №13","vibid":"4104011416664","voters":2375,"total":1045,"voted":1044,"spoiled":12,"yays":645,"nays":387},{"committee":"УИК №14","vibid":"4104011416665","voters":2001,"total":875,"voted":875,"spoiled":8,"yays":563,"nays":304},{"committee":"УИК №15","vibid":"4104011416666","voters":2017,"total":1026,"voted":1026,"spoiled":12,"yays":640,"nays":374},{"committee":"УИК №16","vibid":"4104011416667","voters":2328,"total":1011,"voted":1011,"spoiled":10,"yays":622,"nays":379},{"committee":"УИК №17","vibid":"4104011416668","voters":1390,"total":643,"voted":643,"spoiled":4,"yays":426,"nays":213},{"committee":"УИК №18","vibid":"4104011416669","voters":1375,"total":683,"voted":683,"spoiled":12,"yays":454,"nays":217},{"committee":"УИК №19","vibid":"4104011416670","voters":1671,"total":786,"voted":786,"spoiled":4,"yays":536,"nays":246},{"committee":"УИК №20","vibid":"4104011416671","voters":1547,"total":610,"voted":610,"spoiled":4,"yays":406,"nays":200},{"committee":"УИК №21","vibid":"4104011416672","voters":2602,"total":1217,"voted":1217,"spoiled":8,"yays":790,"nays":419},{"committee":"УИК №22","vibid":"4104011416673","voters":1543,"total":689,"voted":689,"spoiled":4,"yays":491,"nays":194},{"committee":"УИК №23","vibid":"4104011416674","voters":1507,"total":676,"voted":676,"spoiled":8,"yays":476,"nays":192},{"committee":"УИК №24","vibid":"4104011416675","voters":1508,"total":696,"voted":689,"spoiled":7,"yays":464,"nays":218},{"committee":"УИК №25","vibid":"4104011416676","voters":1945,"total":898,"voted":898,"spoiled":7,"yays":582,"nays":309},{"committee":"УИК №26","vibid":"4104011416677","voters":1781,"total":798,"voted":798,"spoiled":4,"yays":530,"nays":264},{"committee":"УИК №27","vibid":"4104011416678","voters":1399,"total":628,"voted":628,"spoiled":4,"yays":428,"nays":196},{"committee":"УИК №28","vibid":"4104011416679","voters":1351,"total":603,"voted":603,"spoiled":4,"yays":411,"nays":188},{"committee":"УИК №29","vibid":"4104011416680","voters":1290,"total":562,"voted":561,"spoiled":4,"yays":397,"nays":160},{"committee":"УИК №30","vibid":"4104011416681","voters":1988,"total":978,"voted":978,"spoiled":5,"yays":604,"nays":369},{"committee":"УИК №31","vibid":"4104011416682","voters":1217,"total":538,"voted":538,"spoiled":3,"yays":385,"nays":150},{"committee":"УИК №32","vibid":"4104011416683","voters":1313,"total":560,"voted":560,"spoiled":4,"yays":375,"nays":181},{"committee":"УИК №33","vibid":"4104011416684","voters":2188,"total":940,"voted":939,"spoiled":6,"yays":493,"nays":440},{"committee":"УИК №34","vibid":"4104011416685","voters":1868,"total":900,"voted":900,"spoiled":8,"yays":605,"nays":287},{"committee":"УИК №35","vibid":"4104011416686","voters":1824,"total":652,"voted":652,"spoiled":4,"yays":476,"nays":172},{"committee":"УИК №36","vibid":"4104011416687","voters":1932,"total":766,"voted":766,"spoiled":12,"yays":526,"nays":228},{"committee":"УИК №37","vibid":"4104011416688","voters":2567,"total":1189,"voted":1188,"spoiled":5,"yays":737,"nays":446},{"committee":"УИК №38","vibid":"4104011416689","voters":1566,"total":538,"voted":538,"spoiled":6,"yays":383,"nays":149},{"committee":"УИК №39","vibid":"4104011416690","voters":1484,"total":511,"voted":511,"spoiled":2,"yays":357,"nays":152},{"committee":"УИК №40","vibid":"4104011416691","voters":1189,"total":548,"voted":548,"spoiled":2,"yays":332,"nays":214},{"committee":"УИК №41","vibid":"4104011416692","voters":2036,"total":795,"voted":795,"spoiled":9,"yays":516,"nays":270},{"committee":"УИК №42","vibid":"4104011416693","voters":1649,"total":730,"voted":730,"spoiled":8,"yays":469,"nays":253},{"committee":"УИК №43","vibid":"4104011416694","voters":1243,"total":517,"voted":516,"spoiled":7,"yays":361,"nays":148},{"committee":"УИК №44","vibid":"4104011416695","voters":2093,"total":890,"voted":887,"spoiled":8,"yays":583,"nays":296},{"committee":"УИК №45","vibid":"4104011416696","voters":1984,"total":919,"voted":918,"spoiled":6,"yays":623,"nays":289},{"committee":"УИК №46","vibid":"4104011416697","voters":1161,"total":448,"voted":448,"spoiled":6,"yays":303,"nays":139},{"committee":"УИК №47","vibid":"4104011416698","voters":2040,"total":824,"voted":823,"spoiled":5,"yays":529,"nays":289},{"committee":"УИК №48","vibid":"4104011416699","voters":1982,"total":913,"voted":913,"spoiled":7,"yays":584,"nays":322},{"committee":"УИК №49","vibid":"4104011416700","voters":1617,"total":725,"voted":725,"spoiled":8,"yays":438,"nays":279},{"committee":"УИК №50","vibid":"4104011416701","voters":1477,"total":584,"voted":584,"spoiled":6,"yays":392,"nays":186},{"committee":"УИК №51","vibid":"4104011416702","voters":992,"total":409,"voted":409,"spoiled":4,"yays":266,"nays":139},{"committee":"УИК №52","vibid":"4104011416703","voters":1252,"total":551,"voted":550,"spoiled":7,"yays":368,"nays":175},{"committee":"УИК №53","vibid":"4104011416704","voters":1402,"total":599,"voted":599,"spoiled":3,"yays":386,"nays":210},{"committee":"УИК №54","vibid":"4104011416705","voters":1281,"total":574,"voted":571,"spoiled":10,"yays":354,"nays":207},{"committee":"УИК №55","vibid":"4104011416706","voters":1525,"total":691,"voted":691,"spoiled":7,"yays":460,"nays":224},{"committee":"УИК №56","vibid":"4104011416707","voters":1835,"total":830,"voted":830,"spoiled":6,"yays":528,"nays":296},{"committee":"УИК №57","vibid":"4104011416708","voters":1230,"total":544,"voted":544,"spoiled":5,"yays":362,"nays":177},{"committee":"УИК №58","vibid":"4104011416710","voters":1370,"total":571,"voted":571,"spoiled":3,"yays":388,"nays":180},{"committee":"УИК №59","vibid":"4104011419886","voters":165,"total":148,"voted":148,"spoiled":0,"yays":80,"nays":68},{"committee":"УИК №60","vibid":"4104011419887","voters":195,"total":193,"voted":193,"spoiled":1,"yays":113,"nays":79},{"committee":"УИК №61","vibid":"4104011416711","voters":3106,"total":1244,"voted":1244,"spoiled":14,"yays":767,"nays":463},{"committee":"УИК №62","vibid":"4104011416712","voters":1994,"total":948,"voted":948,"spoiled":6,"yays":503,"nays":439}]