[{"committee":"УИК №547","vibid":"4144028176165","voters":697,"total":238,"voted":238,"spoiled":5,"yays":143,"nays":90},{"committee":"УИК №548","vibid":"4144028176166","voters":748,"total":273,"voted":273,"spoiled":4,"yays":165,"nays":104},{"committee":"УИК №549","vibid":"4144028176167","voters":971,"total":469,"voted":469,"spoiled":7,"yays":268,"nays":194},{"committee":"УИК №550","vibid":"4144028176168","voters":1698,"total":776,"voted":776,"spoiled":15,"yays":441,"nays":320},{"committee":"УИК №551","vibid":"4144028176169","voters":964,"total":366,"voted":366,"spoiled":2,"yays":214,"nays":150},{"committee":"УИК №552","vibid":"4144028176170","voters":187,"total":107,"voted":107,"spoiled":0,"yays":79,"nays":28},{"committee":"УИК №553","vibid":"4144028176171","voters":88,"total":61,"voted":61,"spoiled":0,"yays":46,"nays":15},{"committee":"УИК №554","vibid":"4144028176172","voters":368,"total":260,"voted":260,"spoiled":0,"yays":106,"nays":154},{"committee":"УИК №555","vibid":"4144028176173","voters":496,"total":272,"voted":272,"spoiled":6,"yays":115,"nays":151},{"committee":"УИК №556","vibid":"4144028176174","voters":106,"total":68,"voted":68,"spoiled":2,"yays":35,"nays":31},{"committee":"УИК №557","vibid":"4144028178291","voters":771,"total":443,"voted":443,"spoiled":4,"yays":165,"nays":274},{"committee":"УИК №558","vibid":"4144028176175","voters":582,"total":380,"voted":380,"spoiled":4,"yays":274,"nays":102},{"committee":"УИК №559","vibid":"4144028176176","voters":746,"total":421,"voted":421,"spoiled":1,"yays":216,"nays":204},{"committee":"УИК №560","vibid":"4144028176177","voters":1030,"total":661,"voted":661,"spoiled":2,"yays":290,"nays":369},{"committee":"УИК №561","vibid":"4144028176178","voters":119,"total":85,"voted":85,"spoiled":0,"yays":47,"nays":38},{"committee":"УИК №562","vibid":"4144028176179","voters":93,"total":61,"voted":61,"spoiled":0,"yays":22,"nays":39},{"committee":"УИК №563","vibid":"4144028176180","voters":94,"total":74,"voted":74,"spoiled":0,"yays":46,"nays":28}]