[{"committee":"УИК №1","vibid":"4144001149197","voters":332,"total":225,"voted":225,"spoiled":0,"yays":125,"nays":100},{"committee":"УИК №2","vibid":"4144001149198","voters":1503,"total":700,"voted":700,"spoiled":5,"yays":453,"nays":242},{"committee":"УИК №3","vibid":"4144001149199","voters":374,"total":264,"voted":264,"spoiled":1,"yays":172,"nays":91},{"committee":"УИК №4","vibid":"4144001149200","voters":300,"total":207,"voted":207,"spoiled":1,"yays":153,"nays":53},{"committee":"УИК №5","vibid":"4144001149201","voters":39,"total":29,"voted":29,"spoiled":0,"yays":18,"nays":11},{"committee":"УИК №6","vibid":"4144001149202","voters":153,"total":94,"voted":94,"spoiled":0,"yays":75,"nays":19},{"committee":"УИК №7","vibid":"4144001149203","voters":302,"total":213,"voted":213,"spoiled":1,"yays":123,"nays":89}]