[{"committee":"УИК №623","vibid":"4114009338358","voters":161,"total":136,"voted":136,"spoiled":5,"yays":106,"nays":25},{"committee":"УИК №624","vibid":"4114009338359","voters":163,"total":134,"voted":134,"spoiled":0,"yays":106,"nays":28},{"committee":"УИК №625","vibid":"4114009338360","voters":266,"total":228,"voted":228,"spoiled":0,"yays":187,"nays":41},{"committee":"УИК №626","vibid":"4114009338361","voters":98,"total":83,"voted":83,"spoiled":0,"yays":74,"nays":9},{"committee":"УИК №628","vibid":"4114009338362","voters":753,"total":586,"voted":586,"spoiled":1,"yays":462,"nays":123},{"committee":"УИК №629","vibid":"4114009338363","voters":131,"total":105,"voted":105,"spoiled":0,"yays":80,"nays":25},{"committee":"УИК №630","vibid":"4114009338364","voters":265,"total":146,"voted":146,"spoiled":3,"yays":120,"nays":23},{"committee":"УИК №631","vibid":"4114009338365","voters":312,"total":247,"voted":247,"spoiled":2,"yays":200,"nays":45},{"committee":"УИК №632","vibid":"4114009338366","voters":348,"total":266,"voted":266,"spoiled":6,"yays":183,"nays":77},{"committee":"УИК №633","vibid":"4114009338367","voters":301,"total":229,"voted":229,"spoiled":0,"yays":190,"nays":39},{"committee":"УИК №634","vibid":"4114009338368","voters":377,"total":185,"voted":185,"spoiled":2,"yays":135,"nays":48},{"committee":"УИК №635","vibid":"4114009338369","voters":1005,"total":621,"voted":621,"spoiled":4,"yays":407,"nays":210},{"committee":"УИК №636","vibid":"4114009338370","voters":1434,"total":690,"voted":690,"spoiled":3,"yays":475,"nays":212},{"committee":"УИК №637","vibid":"4114009338371","voters":1339,"total":867,"voted":867,"spoiled":28,"yays":614,"nays":225},{"committee":"УИК №638","vibid":"4114009338372","voters":1637,"total":842,"voted":842,"spoiled":18,"yays":563,"nays":261},{"committee":"УИК №639","vibid":"4114009338373","voters":568,"total":336,"voted":336,"spoiled":0,"yays":227,"nays":109},{"committee":"УИК №641","vibid":"4114009338374","voters":265,"total":194,"voted":194,"spoiled":1,"yays":144,"nays":49},{"committee":"УИК №642","vibid":"4114009338375","voters":303,"total":248,"voted":248,"spoiled":1,"yays":222,"nays":25},{"committee":"УИК №644","vibid":"4114009338376","voters":240,"total":181,"voted":181,"spoiled":0,"yays":164,"nays":17},{"committee":"УИК №645","vibid":"4114009338377","voters":431,"total":313,"voted":313,"spoiled":3,"yays":242,"nays":68},{"committee":"УИК №646","vibid":"4114009338378","voters":778,"total":566,"voted":566,"spoiled":1,"yays":455,"nays":110},{"committee":"УИК №648","vibid":"4114009338379","voters":589,"total":328,"voted":328,"spoiled":0,"yays":288,"nays":40},{"committee":"УИК №653","vibid":"4114009338380","voters":1502,"total":864,"voted":864,"spoiled":5,"yays":673,"nays":186},{"committee":"УИК №654","vibid":"4114009338381","voters":915,"total":678,"voted":678,"spoiled":13,"yays":513,"nays":152},{"committee":"УИК №655","vibid":"4114009338382","voters":391,"total":267,"voted":267,"spoiled":1,"yays":221,"nays":45},{"committee":"УИК №656","vibid":"4114009338383","voters":371,"total":328,"voted":328,"spoiled":6,"yays":254,"nays":68},{"committee":"УИК №657","vibid":"4114009338384","voters":231,"total":185,"voted":185,"spoiled":2,"yays":110,"nays":73},{"committee":"УИК №658","vibid":"4114009338385","voters":248,"total":180,"voted":180,"spoiled":3,"yays":144,"nays":33},{"committee":"УИК №659","vibid":"4114009338386","voters":275,"total":159,"voted":159,"spoiled":2,"yays":133,"nays":24},{"committee":"УИК №661","vibid":"4114009338387","voters":574,"total":448,"voted":448,"spoiled":3,"yays":369,"nays":76},{"committee":"УИК №662","vibid":"4114009338388","voters":224,"total":150,"voted":150,"spoiled":1,"yays":123,"nays":26},{"committee":"УИК №663","vibid":"4114009338389","voters":172,"total":150,"voted":150,"spoiled":0,"yays":135,"nays":15},{"committee":"УИК №664","vibid":"4114009338390","voters":178,"total":145,"voted":145,"spoiled":1,"yays":131,"nays":13}]