[{"committee":"УИК №1173","vibid":"4164014165983","voters":1170,"total":1009,"voted":1009,"spoiled":0,"yays":850,"nays":159},{"committee":"УИК №1174","vibid":"4164014165984","voters":1081,"total":926,"voted":926,"spoiled":2,"yays":780,"nays":144},{"committee":"УИК №1175","vibid":"4164014165985","voters":1354,"total":1155,"voted":1155,"spoiled":0,"yays":980,"nays":175},{"committee":"УИК №1176","vibid":"4164014165986","voters":1077,"total":930,"voted":930,"spoiled":0,"yays":790,"nays":140},{"committee":"УИК №1177","vibid":"4164014165987","voters":1032,"total":895,"voted":895,"spoiled":0,"yays":765,"nays":130},{"committee":"УИК №1178","vibid":"4164014165988","voters":1103,"total":945,"voted":945,"spoiled":0,"yays":803,"nays":142},{"committee":"УИК №1179","vibid":"4164014165989","voters":1032,"total":895,"voted":895,"spoiled":6,"yays":750,"nays":139},{"committee":"УИК №1180","vibid":"4164014165990","voters":1053,"total":905,"voted":905,"spoiled":1,"yays":760,"nays":144},{"committee":"УИК №1181","vibid":"4164014165991","voters":991,"total":855,"voted":855,"spoiled":0,"yays":725,"nays":130},{"committee":"УИК №1182","vibid":"4164014165992","voters":1060,"total":915,"voted":915,"spoiled":0,"yays":760,"nays":155},{"committee":"УИК №1183","vibid":"4164014165993","voters":1069,"total":914,"voted":914,"spoiled":0,"yays":768,"nays":146},{"committee":"УИК №1184","vibid":"4164014165994","voters":1142,"total":990,"voted":990,"spoiled":0,"yays":841,"nays":149},{"committee":"УИК №1185","vibid":"4164014165995","voters":1074,"total":920,"voted":920,"spoiled":0,"yays":781,"nays":139},{"committee":"УИК №1186","vibid":"4164014165996","voters":1027,"total":884,"voted":884,"spoiled":0,"yays":748,"nays":136},{"committee":"УИК №1187","vibid":"4164014165997","voters":1051,"total":900,"voted":900,"spoiled":0,"yays":756,"nays":144}]