[{"committee":"УИК №2015","vibid":"4164065208191","voters":821,"total":689,"voted":689,"spoiled":4,"yays":555,"nays":130},{"committee":"УИК №2016","vibid":"4164065208192","voters":2527,"total":2052,"voted":2052,"spoiled":2,"yays":1601,"nays":449},{"committee":"УИК №2017","vibid":"4164065208193","voters":2249,"total":1781,"voted":1781,"spoiled":2,"yays":1405,"nays":374},{"committee":"УИК №2018","vibid":"4164065208194","voters":1702,"total":1438,"voted":1438,"spoiled":4,"yays":1156,"nays":278},{"committee":"УИК №2019","vibid":"4164065208195","voters":1953,"total":1562,"voted":1561,"spoiled":17,"yays":1185,"nays":359},{"committee":"УИК №2020","vibid":"4164065208196","voters":2760,"total":2255,"voted":2255,"spoiled":21,"yays":1935,"nays":299},{"committee":"УИК №2021","vibid":"4164065208197","voters":2784,"total":2279,"voted":2279,"spoiled":12,"yays":1892,"nays":375},{"committee":"УИК №2022","vibid":"4164065208198","voters":2887,"total":2367,"voted":2367,"spoiled":17,"yays":1974,"nays":376},{"committee":"УИК №2023","vibid":"4164065208199","voters":2442,"total":1952,"voted":1952,"spoiled":20,"yays":1610,"nays":322},{"committee":"УИК №2024","vibid":"4164065208200","voters":2590,"total":2071,"voted":2071,"spoiled":11,"yays":1710,"nays":350},{"committee":"УИК №2025","vibid":"4164065208201","voters":2821,"total":2280,"voted":2279,"spoiled":10,"yays":1906,"nays":363},{"committee":"УИК №2026","vibid":"4164065208202","voters":2607,"total":2088,"voted":2086,"spoiled":7,"yays":1681,"nays":398},{"committee":"УИК №2027","vibid":"4164065208203","voters":2635,"total":2121,"voted":2119,"spoiled":11,"yays":1863,"nays":245},{"committee":"УИК №2028","vibid":"4164065208204","voters":2492,"total":2104,"voted":2104,"spoiled":17,"yays":1732,"nays":355},{"committee":"УИК №2029","vibid":"4164065208205","voters":1772,"total":1418,"voted":1418,"spoiled":7,"yays":1185,"nays":226},{"committee":"УИК №2030","vibid":"4164065208206","voters":1852,"total":1519,"voted":1519,"spoiled":6,"yays":1368,"nays":145},{"committee":"УИК №2031","vibid":"4164065208207","voters":2641,"total":2082,"voted":2082,"spoiled":32,"yays":1681,"nays":369},{"committee":"УИК №2032","vibid":"4164065208208","voters":2249,"total":1788,"voted":1787,"spoiled":18,"yays":1540,"nays":229},{"committee":"УИК №2033","vibid":"4164065208209","voters":2194,"total":1786,"voted":1786,"spoiled":15,"yays":1417,"nays":354},{"committee":"УИК №2034","vibid":"4164065208210","voters":2391,"total":1932,"voted":1932,"spoiled":18,"yays":1531,"nays":383},{"committee":"УИК №2035","vibid":"4164065208211","voters":2790,"total":2260,"voted":2260,"spoiled":13,"yays":1932,"nays":315},{"committee":"УИК №2036","vibid":"4164065208212","voters":2624,"total":2113,"voted":2113,"spoiled":21,"yays":1779,"nays":313},{"committee":"УИК №2037","vibid":"4164065208213","voters":2498,"total":1999,"voted":1999,"spoiled":24,"yays":1607,"nays":368},{"committee":"УИК №2038","vibid":"4164065208214","voters":2291,"total":1805,"voted":1805,"spoiled":15,"yays":1563,"nays":227},{"committee":"УИК №2039","vibid":"4164065208215","voters":2803,"total":2339,"voted":2339,"spoiled":21,"yays":1823,"nays":495},{"committee":"УИК №2040","vibid":"4164065208216","voters":2405,"total":2011,"voted":2011,"spoiled":15,"yays":1558,"nays":438},{"committee":"УИК №2041","vibid":"4164065208217","voters":2731,"total":2210,"voted":2210,"spoiled":7,"yays":1806,"nays":397},{"committee":"УИК №2042","vibid":"4164065208218","voters":2661,"total":2107,"voted":2107,"spoiled":24,"yays":1581,"nays":502},{"committee":"УИК №2043","vibid":"4164065208219","voters":2742,"total":2205,"voted":2205,"spoiled":38,"yays":1756,"nays":411},{"committee":"УИК №2044","vibid":"4164065208220","voters":2370,"total":1907,"voted":1907,"spoiled":16,"yays":1605,"nays":286},{"committee":"УИК №2045","vibid":"4164065208221","voters":2465,"total":2036,"voted":2036,"spoiled":3,"yays":1628,"nays":405},{"committee":"УИК №2046","vibid":"4164065208222","voters":2106,"total":1677,"voted":1677,"spoiled":27,"yays":1383,"nays":267},{"committee":"УИК №2047","vibid":"4164065208223","voters":2099,"total":1712,"voted":1711,"spoiled":7,"yays":1312,"nays":392},{"committee":"УИК №2048","vibid":"4164065208224","voters":2137,"total":1732,"voted":1731,"spoiled":17,"yays":1363,"nays":351},{"committee":"УИК №2049","vibid":"4164065208225","voters":2611,"total":2125,"voted":2124,"spoiled":32,"yays":1631,"nays":461},{"committee":"УИК №2050","vibid":"4164065208226","voters":876,"total":704,"voted":704,"spoiled":2,"yays":576,"nays":126},{"committee":"УИК №2051","vibid":"4164065208227","voters":1283,"total":1040,"voted":1040,"spoiled":2,"yays":896,"nays":142},{"committee":"УИК №2052","vibid":"4164065208228","voters":2729,"total":2211,"voted":2211,"spoiled":24,"yays":1771,"nays":416},{"committee":"УИК №2053","vibid":"4164065208229","voters":2864,"total":2322,"voted":2322,"spoiled":23,"yays":1863,"nays":436},{"committee":"УИК №2054","vibid":"4164065208230","voters":1259,"total":1068,"voted":1068,"spoiled":28,"yays":833,"nays":207},{"committee":"УИК №2055","vibid":"4164065208231","voters":2415,"total":1932,"voted":1932,"spoiled":12,"yays":1593,"nays":327},{"committee":"УИК №2056","vibid":"4164065208232","voters":2322,"total":1858,"voted":1858,"spoiled":9,"yays":1529,"nays":320},{"committee":"УИК №2057","vibid":"4164065208233","voters":1348,"total":1077,"voted":1076,"spoiled":4,"yays":834,"nays":238},{"committee":"УИК №2058","vibid":"4164065208234","voters":2762,"total":2243,"voted":2242,"spoiled":4,"yays":1801,"nays":437},{"committee":"УИК №2059","vibid":"4164065208235","voters":2646,"total":2175,"voted":2173,"spoiled":1,"yays":1744,"nays":428},{"committee":"УИК №2824","vibid":"4164065208236","voters":2553,"total":2046,"voted":2046,"spoiled":15,"yays":1595,"nays":436},{"committee":"УИК №2825","vibid":"4164065208237","voters":2004,"total":1663,"voted":1663,"spoiled":3,"yays":1364,"nays":296},{"committee":"УИК №2826","vibid":"4164065208238","voters":820,"total":665,"voted":665,"spoiled":2,"yays":539,"nays":124},{"committee":"УИК №2833","vibid":"4164065208239","voters":1726,"total":1402,"voted":1401,"spoiled":17,"yays":1121,"nays":263}]