[{"committee":"УИК №61","vibid":"4144005131771","voters":589,"total":549,"voted":549,"spoiled":2,"yays":328,"nays":219},{"committee":"УИК №62","vibid":"4144005131767","voters":679,"total":569,"voted":569,"spoiled":5,"yays":379,"nays":185},{"committee":"УИК №63","vibid":"4144005131768","voters":44,"total":38,"voted":38,"spoiled":0,"yays":23,"nays":15},{"committee":"УИК №64","vibid":"4144005131769","voters":528,"total":349,"voted":349,"spoiled":4,"yays":224,"nays":121},{"committee":"УИК №814","vibid":"4144005133264","voters":749,"total":748,"voted":748,"spoiled":106,"yays":338,"nays":304}]