[{"committee":"УИК №653","vibid":"4134021249684","voters":509,"total":469,"voted":469,"spoiled":1,"yays":444,"nays":24},{"committee":"УИК №654","vibid":"4134021249685","voters":173,"total":158,"voted":158,"spoiled":5,"yays":139,"nays":14},{"committee":"УИК №655","vibid":"4134021249686","voters":176,"total":165,"voted":165,"spoiled":0,"yays":144,"nays":21},{"committee":"УИК №656","vibid":"4134021249687","voters":214,"total":198,"voted":198,"spoiled":2,"yays":181,"nays":15},{"committee":"УИК №657","vibid":"4134021249688","voters":364,"total":322,"voted":322,"spoiled":0,"yays":298,"nays":24},{"committee":"УИК №658","vibid":"4134021249689","voters":241,"total":217,"voted":217,"spoiled":0,"yays":192,"nays":25},{"committee":"УИК №659","vibid":"4134021249690","voters":641,"total":579,"voted":579,"spoiled":3,"yays":538,"nays":38},{"committee":"УИК №660","vibid":"4134021249691","voters":654,"total":554,"voted":554,"spoiled":3,"yays":510,"nays":41},{"committee":"УИК №661","vibid":"4134021249692","voters":149,"total":132,"voted":132,"spoiled":0,"yays":122,"nays":10},{"committee":"УИК №662","vibid":"4134021249693","voters":384,"total":346,"voted":346,"spoiled":1,"yays":321,"nays":24},{"committee":"УИК №663","vibid":"4134021249694","voters":349,"total":320,"voted":320,"spoiled":0,"yays":295,"nays":25},{"committee":"УИК №664","vibid":"4134021249695","voters":260,"total":242,"voted":242,"spoiled":0,"yays":237,"nays":5},{"committee":"УИК №665","vibid":"4134021249696","voters":151,"total":145,"voted":145,"spoiled":0,"yays":138,"nays":7},{"committee":"УИК №666","vibid":"4134021249697","voters":581,"total":535,"voted":535,"spoiled":0,"yays":494,"nays":41},{"committee":"УИК №667","vibid":"4134021249698","voters":249,"total":237,"voted":237,"spoiled":4,"yays":231,"nays":2},{"committee":"УИК №668","vibid":"4134021249699","voters":483,"total":445,"voted":445,"spoiled":0,"yays":419,"nays":26},{"committee":"УИК №669","vibid":"4134021249700","voters":708,"total":651,"voted":651,"spoiled":33,"yays":605,"nays":13},{"committee":"УИК №670","vibid":"4134021249701","voters":714,"total":678,"voted":678,"spoiled":0,"yays":641,"nays":37},{"committee":"УИК №671","vibid":"4134021249702","voters":582,"total":574,"voted":574,"spoiled":0,"yays":530,"nays":44},{"committee":"УИК №672","vibid":"4134021249703","voters":631,"total":584,"voted":584,"spoiled":10,"yays":520,"nays":54},{"committee":"УИК №673","vibid":"4134021249704","voters":648,"total":604,"voted":604,"spoiled":2,"yays":554,"nays":48},{"committee":"УИК №674","vibid":"4134021249705","voters":237,"total":208,"voted":208,"spoiled":0,"yays":176,"nays":32},{"committee":"УИК №675","vibid":"4134021249706","voters":211,"total":174,"voted":174,"spoiled":7,"yays":146,"nays":21}]