[{"committee":"УИК №2730","vibid":"4164050218561","voters":2468,"total":2002,"voted":2002,"spoiled":7,"yays":1662,"nays":333},{"committee":"УИК №2731","vibid":"4164050218562","voters":2613,"total":2044,"voted":2044,"spoiled":12,"yays":1893,"nays":139},{"committee":"УИК №2732","vibid":"4164050218563","voters":2374,"total":2026,"voted":2026,"spoiled":8,"yays":1655,"nays":363},{"committee":"УИК №2733","vibid":"4164050218564","voters":2364,"total":1963,"voted":1963,"spoiled":4,"yays":1669,"nays":290},{"committee":"УИК №2734","vibid":"4164050218565","voters":2155,"total":1902,"voted":1902,"spoiled":17,"yays":1654,"nays":231},{"committee":"УИК №2735","vibid":"4164050218566","voters":2367,"total":1914,"voted":1914,"spoiled":6,"yays":1563,"nays":345},{"committee":"УИК №2736","vibid":"4164050218567","voters":2566,"total":2077,"voted":2077,"spoiled":9,"yays":1878,"nays":190},{"committee":"УИК №2737","vibid":"4164050218568","voters":1510,"total":1281,"voted":1281,"spoiled":9,"yays":1070,"nays":202},{"committee":"УИК №2738","vibid":"4164050218569","voters":910,"total":804,"voted":804,"spoiled":5,"yays":667,"nays":132},{"committee":"УИК №2739","vibid":"4164050218570","voters":2085,"total":1731,"voted":1731,"spoiled":13,"yays":1430,"nays":288},{"committee":"УИК №2740","vibid":"4164050218571","voters":2049,"total":1709,"voted":1709,"spoiled":8,"yays":1379,"nays":322},{"committee":"УИК №2741","vibid":"4164050218572","voters":2039,"total":1743,"voted":1743,"spoiled":0,"yays":1440,"nays":303},{"committee":"УИК №2742","vibid":"4164050218573","voters":2468,"total":2007,"voted":2007,"spoiled":18,"yays":1630,"nays":359},{"committee":"УИК №2743","vibid":"4164050218574","voters":2268,"total":1945,"voted":1945,"spoiled":2,"yays":1634,"nays":309},{"committee":"УИК №2744","vibid":"4164050218575","voters":2131,"total":1808,"voted":1808,"spoiled":0,"yays":1650,"nays":158},{"committee":"УИК №2745","vibid":"4164050218576","voters":2127,"total":1765,"voted":1765,"spoiled":14,"yays":1429,"nays":322},{"committee":"УИК №2746","vibid":"4164050218577","voters":1311,"total":1162,"voted":1162,"spoiled":4,"yays":953,"nays":205},{"committee":"УИК №2747","vibid":"4164050218578","voters":2130,"total":1747,"voted":1747,"spoiled":2,"yays":1433,"nays":312},{"committee":"УИК №2748","vibid":"4164050218579","voters":731,"total":616,"voted":616,"spoiled":4,"yays":518,"nays":94},{"committee":"УИК №2749","vibid":"4164050218580","voters":2554,"total":2042,"voted":2042,"spoiled":15,"yays":1765,"nays":262},{"committee":"УИК №2750","vibid":"4164050218581","voters":2097,"total":1911,"voted":1911,"spoiled":8,"yays":1567,"nays":336},{"committee":"УИК №2751","vibid":"4164050218582","voters":2354,"total":1906,"voted":1906,"spoiled":0,"yays":1544,"nays":362},{"committee":"УИК №2752","vibid":"4164050218583","voters":500,"total":435,"voted":435,"spoiled":1,"yays":370,"nays":64},{"committee":"УИК №2753","vibid":"4164050219111","voters":72,"total":72,"voted":72,"spoiled":0,"yays":70,"nays":2},{"committee":"УИК №2754","vibid":"4164050219112","voters":614,"total":614,"voted":614,"spoiled":7,"yays":576,"nays":31}]